$ Generated by COMSOL 6.2.0.290
$ Jul 8 2026, 16:40
BEGIN BULK
$ Grid data section
GRID           1         2.20000-0.000190.006389
GRID           2         2.200000.000908-0.00242
GRID           3         2.200000.0496540.004896
GRID           4        -1.09983 1.905350.006389
GRID           5        -1.10079 1.90480-0.00242
GRID           6        -1.05686 1.93016-0.00435
GRID           7         2.20000-0.04980-0.00435
GRID           8         2.165340.0256830.000407
GRID           9         2.157320.0176490.011657
GRID          10         2.16403-0.022990.001784
GRID          11         2.15632-0.01536-0.00508
GRID          12         2.149200.0610930.012376
GRID          13        -1.14300 1.880430.004896
GRID          14        -1.10491 1.862400.000407
GRID          15        -1.09394 1.859470.011657
GRID          16        -1.06210 1.885600.001784
GRID          17        -1.06485 1.87511-0.00508
GRID          18        -1.02151 1.89199-0.01171
GRID          19         2.14926-0.06133-0.01171
GRID          20         2.121200.0258770.001609
GRID          21         2.114630.0324730.017698
GRID          22         2.11218-0.017840.003715
GRID          23         2.10404-0.02287-0.00854
GRID          24         2.093910.0733820.020618
GRID          25        -1.12751 1.830720.012376
GRID          26        -1.08301 1.824070.001609
GRID          27        -1.08544 1.815090.017698
GRID          28        -1.04064 1.838130.003715
GRID          29        -1.03222 1.83359-0.00854
GRID          30        -0.98317 1.85037-0.01982
GRID          31         2.09406-0.07372-0.01982
GRID          32         2.056380.0281940.003273
GRID          33         2.056400.0211900.019088
GRID          34         2.04213-0.03526-0.00267
GRID          35         2.04341-0.03399-0.01390
GRID          36         2.003050.001963-0.00451
GRID          37         2.00346-0.002370.012690
GRID          38         2.032930.0865380.029961
GRID          39        -1.11051 1.776690.020618
GRID          40        -1.05261 1.766780.003273
GRID          41        -1.04655 1.770300.019088
GRID          42        -0.99052 1.78617-0.00267
GRID          43        -0.99226 1.78664-0.01390
GRID          44        -1.00323 1.73371-0.00451
GRID          45        -0.99967 1.736240.012690
GRID          46        -0.94124 1.80427-0.02902
GRID          47         2.03317-0.08699-0.02903
GRID          48         1.993000.0529820.012553
GRID          49         1.994000.0471600.031549
GRID          50         1.98198-0.04787-0.00876
GRID          51         1.98078-0.04437-0.01998
GRID          52         1.947820.008351-0.00276
GRID          53         1.948390.0025540.016944
GRID          54         1.965640.1003030.040733
GRID          55        -1.09141 1.717300.029959
GRID          56        -1.04238 1.699500.012553
GRID          57        -1.03784 1.703280.031549
GRID          58        -0.94952 1.74038-0.00876
GRID          59        -0.95195 1.73759-0.01998
GRID          60        -0.98114 1.68269-0.00276
GRID          61        -0.97640 1.686080.016944
GRID          62        -0.89562 1.75304-0.03965
GRID          63         1.96599-0.10088-0.03965
GRID          64         1.922860.0581940.016633
GRID          65         1.922890.0523710.039217
GRID          66         1.91696-0.05563-0.01329
GRID          67         1.91654-0.05248-0.02600
GRID          68         1.876240.007652-0.00334
GRID          69         1.877080.0006140.018593
GRID          70         1.891340.1143460.053168
GRID          71        -1.06968 1.652140.040733
GRID          72        -1.01183 1.636150.016633
GRID          73        -1.00680 1.639080.039217
GRID          74        -0.91029 1.68795-0.01329
GRID          75        -0.91281 1.68602-0.02600
GRID          76        -0.94475 1.62105-0.00334
GRID          77        -0.93907 1.625290.018593
GRID          78        -0.84625 1.69591-0.05193
GRID          79         1.89183-0.11508-0.05193
GRID          80         1.842200.0688530.023908
GRID          81         1.843680.0573300.047596
GRID          82         1.83923-0.06155-0.01744
GRID          83         1.83996-0.05873-0.03231
GRID          84         1.792090.007293-0.00378
GRID          85         1.79422-0.002940.019306
GRID          86         1.809240.1282930.067242
GRID          87        -1.04470 1.580770.053168
GRID          88        -0.98073 1.560970.023908
GRID          89        -0.97149 1.568010.047596
GRID          90        -0.86630 1.62360-0.01744
GRID          91        -0.86911 1.62282-0.03231
GRID          92        -0.90236 1.54835-0.00378
GRID          93        -0.89455 1.555310.019306
GRID          94        -0.79305 1.63201-0.06584
GRID          95         1.80988-0.12920-0.06584
GRID          96         1.754320.0736970.029391
GRID          97         1.754050.0621190.056801
GRID          98         1.75125-0.07038-0.02437
GRID          99         1.75253-0.06396-0.03891
GRID         100         1.701520.007225-0.00400
GRID         101         1.70026-0.006530.019688
GRID         102         1.718420.1415880.082759
GRID         103        -1.01572 1.502700.067242
GRID         104        -0.94098 1.482440.029391
GRID         105        -0.93082 1.488000.056801
GRID         106        -0.81467 1.55182-0.02437
GRID         107        -0.82086 1.54972-0.03891
GRID         108        -0.85701 1.46995-0.00400
GRID         109        -0.84447 1.475740.019688
GRID         110        -0.73605 1.56027-0.08121
GRID         111         1.71926-0.14269-0.08121
GRID         112         1.658790.0820100.037524
GRID         113         1.655890.0652380.065760
GRID         114         1.65678-0.07932-0.03259
GRID         115         1.65693-0.07079-0.04696
GRID         116         1.603130.007295-0.00406
GRID         117         1.60052-0.010100.019518
GRID         118         1.617860.1534110.099261
GRID         119        -0.98183 1.417400.082759
GRID         120        -0.90042 1.395550.037524
GRID         121        -0.88444 1.401420.065760
GRID         122        -0.75969 1.47448-0.03259
GRID         123        -0.76715 1.47034-0.04696
GRID         124        -0.80788 1.38470-0.00406
GRID         125        -0.79150 1.391150.019518
GRID         126        -0.67545 1.47938-0.09759
GRID         127         1.61891-0.15473-0.09759
GRID         128         1.551210.0701150.075985
GRID         129         1.548740.0880380.045612
GRID         130         1.55186-0.08575-0.04022
GRID         131         1.55207-0.07643-0.05517
GRID         132         1.489940.007555-0.00393
GRID         133         1.49032-0.010650.021211
GRID         134         1.506390.1625640.115874
GRID         135        -0.83632 1.308330.075985
GRID         136        -0.94178 1.324400.099261
GRID         137        -0.85061 1.297230.045612
GRID         138        -0.70165 1.38683-0.04022
GRID         139        -0.70983 1.38235-0.05517
GRID         140        -0.75151 1.28655-0.00393
GRID         141        -0.73593 1.295990.021211
GRID         142        -0.61171 1.38776-0.11412
GRID         143         1.50770-0.16412-0.11412
GRID         144         1.433700.0721270.085056
GRID         145         1.428610.0928830.053941
GRID         146         1.43763-0.08914-0.04654
GRID         147         1.43540-0.07965-0.06272
GRID         148         1.365120.007406-0.00411
GRID         149         1.36420-0.011190.022704
GRID         150         1.382810.1673240.131083
GRID         151        -0.77931 1.205560.085056
GRID         152        -0.89398 1.223290.115874
GRID         153        -0.79474 1.190770.053941
GRID         154        -0.64161 1.28960-0.04654
GRID         155        -0.64872 1.28292-0.06272
GRID         156        -0.68897 1.17852-0.00411
GRID         157        -0.67240 1.187030.022704
GRID         158        -0.54573 1.28349-0.12932
GRID         159         1.38440-0.16912-0.12932
GRID         160         1.301530.0705570.091789
GRID         161         1.299070.0958470.061865
GRID         162         1.30962-0.08751-0.04948
GRID         163         1.30926-0.07963-0.06869
GRID         164         1.234710.007231-0.00459
GRID         165         1.23378-0.010440.024921
GRID         166         1.247510.1653300.142336
GRID         167        -0.71186 1.091880.091789
GRID         168        -0.83631 1.113880.131083
GRID         169        -0.73254 1.077110.061865
GRID         170        -0.57902 1.17792-0.04948
GRID         171        -0.58566 1.17367-0.06869
GRID         172        -0.62361 1.06567-0.00459
GRID         173        -0.60784 1.073710.024921
GRID         174        -0.47975 1.16567-0.14067
GRID         175         1.24938-0.16735-0.14067
GRID         176         1.167550.0641130.093542
GRID         177         1.162350.0903810.063639
GRID         178         1.17500-0.08171-0.04902
GRID         179         1.17552-0.07510-0.07174
GRID         180         1.102700.008428-0.00445
GRID         181         1.10920-0.011950.024369
GRID         182         1.104890.1542020.146217
GRID         183        -0.639300.9790740.093542
GRID         184        -0.766930.9977140.142336
GRID         185        -0.659440.9614380.063639
GRID         186        -0.51673 1.05844-0.04902
GRID         187        -0.52271 1.05558-0.07174
GRID         188        -0.558650.950754-0.00445
GRID         189        -0.544250.9665750.024369
GRID         190        -0.41801 1.03677-0.14481
GRID         191         1.04609-0.06653-0.07130
GRID         192         1.10688-0.15637-0.14481
GRID         193         1.038770.0554790.091501
GRID         194         1.034830.0839340.063781
GRID         195         1.04168-0.08037-0.05462
GRID         196        0.9815080.0157560.000955
GRID         197        0.989346-0.010630.026313
GRID         198        0.9679980.1339570.140384
GRID         199        -0.567430.8718640.091501
GRID         200        -0.685980.8797610.146217
GRID         201        -0.465420.939204-0.07130
GRID         202        -0.590100.8542230.063781
GRID         203        -0.451230.942306-0.05462
GRID         204        -0.504390.8421330.000955
GRID         205        -0.485460.8621170.026313
GRID         206        -0.367040.907972-0.13933
GRID         207        0.923795-0.05200-0.06501
GRID         208        0.969851-0.13611-0.13933
GRID         209        0.9182700.0484810.088959
GRID         210        0.9107290.0758430.062360
GRID         211        0.916959-0.06687-0.04596
GRID         212        0.8884990.011367-0.00426
GRID         213        0.889343-0.009860.027157
GRID         214        0.8454080.1092370.127603
GRID         215        -0.501120.7710050.088959
GRID         216        -0.600000.7713320.140384
GRID         217        -0.416850.826034-0.06501
GRID         218        -0.521040.7507930.062360
GRID         219        -0.400560.827546-0.04596
GRID         220        -0.454090.763779-0.00426
GRID         221        -0.436120.7751260.027157
GRID         222        -0.327260.789245-0.12687
GRID         223        0.812328-0.03284-0.05126
GRID         224        0.847137-0.11120-0.12687
GRID         225        0.8115170.0295520.072199
GRID         226        0.7928900.0496140.040468
GRID         227        0.798617-0.04420-0.02336
GRID         228        0.7346370.0860110.113384
GRID         229        -0.431350.6880180.072199
GRID         230        -0.517300.6775260.127603
GRID         231        -0.377720.719917-0.05126
GRID         232        -0.439410.6618550.040468
GRID         233        -0.361020.713728-0.02336
GRID         234        -0.292150.681485-0.11288
GRID         235        0.716261-0.01969-0.03796
GRID         236        0.736259-0.08773-0.11288
GRID         237        0.7140240.0136380.052832
GRID         238        0.6740030.0349790.033221
GRID         239        0.678797-0.03634-0.02607
GRID         240        0.6335100.0677750.101119
GRID         241        -0.368820.6115430.052832
GRID         242        -0.441800.5932090.113384
GRID         243        -0.341070.630150-0.03796
GRID         244        -0.367290.5662140.033221
GRID         245        -0.307920.606028-0.02607
GRID         246        -0.257510.584589-0.10073
GRID         247        0.609208-0.01927-0.03231
GRID         248        0.635027-0.06927-0.10073
GRID         249        0.6100750.0107190.042108
GRID         250        0.5758880.0242180.031539
GRID         251        0.578693-0.02623-0.02619
GRID         252        0.5408000.0557840.092375
GRID         253        -0.314320.5229800.042108
GRID         254        -0.375450.5147480.101119
GRID         255        -0.287900.537228-0.03231
GRID         256        -0.308910.4866240.031539
GRID         257        -0.266630.514278-0.02619
GRID         258        -0.221630.498127-0.09203
GRID         259        0.510415-0.01822-0.02808
GRID         260        0.542206-0.05712-0.09203
GRID         261        0.5084460.0090370.035141
GRID         262        0.4833400.0229020.032504
GRID         263        0.480507-0.02226-0.02357
GRID         264        0.4561140.0492430.087219
GRID         265        -0.262050.4358080.035141
GRID         266        -0.318710.4404550.092375
GRID         267        -0.239420.451146-0.02808
GRID         268        -0.261500.4071330.032504
GRID         269        -0.220960.427265-0.02357
GRID         270        -0.185020.421237-0.08689
GRID         271        0.412519-0.00272-0.02704
GRID         272        0.457315-0.05038-0.08689
GRID         273        0.410186-0.001220.038601
GRID         274        0.3603750.031744-0.00146
GRID         275        0.3988890.0369120.035846
GRID         276        0.405392-0.03523-0.03047
GRID         277        0.363961-0.031370.010607
GRID         278        0.3791540.0469780.085186
GRID         279        0.3326790.0542890.040829
GRID         280        -0.204030.3558440.038601
GRID         281        -0.270700.3703840.087219
GRID         282        -0.231410.3269920.035846
GRID         283        -0.203890.358615-0.02704
GRID         284        -0.172180.368697-0.03047
GRID         285        -0.148550.352974-0.08491
GRID         286        0.3206150.045304-0.00779
GRID         287        0.331261-0.01919-0.01910
GRID         288        0.3358410.005490-0.05248
GRID         289        0.379963-0.04783-0.08491
GRID         290        0.2817900.0677370.012577
GRID         291        0.307282-4.10E-50.015374
GRID         292        0.337422-0.010240.056541
GRID         293        0.339651-0.05173-0.03313
GRID         294        0.326681-0.043870.014289
GRID         295        0.2860490.0256830.061302
GRID         296        0.3094610.0472380.085058
GRID         297        0.2787780.0665250.052767
GRID         298        0.2715270.0180900.087973
GRID         299        -0.125020.320015-0.03313
GRID         300        -0.207670.296222-0.00146
GRID         301        -0.154810.3308870.010607
GRID         302        -0.125340.3048530.014289
GRID         303        -0.159830.2973410.056541
GRID         304        -0.230260.3048680.085186
GRID         305        -0.086060.281534-0.00774
GRID         306         0.000000.2500000.039238
GRID         307        -0.213350.2609640.040829
GRID         308        -0.149000.296477-0.01910
GRID         309        -0.086260.279123-0.05036
GRID         310        -0.113480.292125-0.08488
GRID         311        -0.172670.288102-0.05248
GRID         312        -0.199540.255008-0.00779
GRID         313         0.000000.250000-0.04820
GRID         314        0.2905040.006835-0.02760
GRID         315        0.2849360.046117-0.03772
GRID         316        0.2220970.114774-0.00172
GRID         317        0.296072-0.03244-0.01749
GRID         318        0.2449050.050217-0.06135
GRID         319        0.2295870.098943-0.05423
GRID         320        0.284735-0.00169-0.07729
GRID         321        0.309728-0.04778-0.08488
GRID         322        0.284861-0.06485-0.05036
GRID         323        0.2444390.052436-0.10109
GRID         324        0.250000 0.00000-0.08725
GRID         325        0.2469670.038825-0.00047
GRID         326        0.2361760.081980-0.01547
GRID         327        0.1805730.172898-0.03744
GRID         328        0.2475880.0346440.049749
GRID         329        0.2365080.0810170.040590
GRID         330        0.2000000.0960630.027767
GRID         331        0.1994350.1507510.075965
GRID         332        0.2309850.0956350.087606
GRID         333        0.250000 0.000000.030122
GRID         334        0.293319-0.015150.069836
GRID         335        0.293950-0.045380.038547
GRID         336        0.286847-0.06623-0.00774
GRID         337        0.2452160.0486720.085825
GRID         338        0.250000 0.000000.089288
GRID         339        -0.119930.272629-0.01749
GRID         340        -0.107660.2772610.038547
GRID         341        -0.133530.2616010.069836
GRID         342        -0.153600.2661350.015374
GRID         343        -0.151170.248166-0.02760
GRID         344        -0.086360.2346070.004191
GRID         345        -0.046540.2456290.017230
GRID         346        0.1086520.2251550.057168
GRID         347        0.1462530.2027560.150000
GRID         348        -0.078450.2373690.063887
GRID         349        -0.165260.2348830.061302
GRID         350        -0.195640.2443820.085058
GRID         351        -0.151430.2261040.087973
GRID         352        -0.197000.2081660.052767
GRID         353        -0.125000.2165060.089288
GRID         354         0.000000.2500000.150000
GRID         355        -0.082320.2360560.112760
GRID         356        -0.091850.232512-0.04524
GRID         357        -0.048010.245346-0.03952
GRID         358        -0.080220.236777-0.08575
GRID         359        -0.040500.246697-0.08712
GRID         360        -0.016830.221222-0.02786
GRID         361        0.0838610.235515-0.03278
GRID         362        0.0268990.2020140.046780
GRID         363        -0.024400.2168480.048729
GRID         364        -0.061430.195472-0.01357
GRID         365        0.0711870.132032-0.06278
GRID         366        0.0096980.207732-0.07424
GRID         367        0.1328340.211790-0.15000
GRID         368        0.0559710.243654-0.09446
GRID         369        -0.199550.2101690.012577
GRID         370        -0.125000.216506-0.02802
GRID         371        -0.140890.247436-0.07729
GRID         372        -0.182400.223704-0.03772
GRID         373         0.000000.250000-0.15000
GRID         374        -0.072370.239294-0.11215
GRID         375        -0.125000.216506-0.08725
GRID         376        0.250000 0.00000-0.02802
GRID         377        0.246360-0.042500.004191
GRID         378        0.2000000.087178-0.04892
GRID         379        0.2000000.007279-0.03799
GRID         380        0.247291-0.03670-0.04524
GRID         381        0.2000000.025190-0.09678
GRID         382        0.1700950.097133-0.09561
GRID         383        0.223792-0.01952-0.09431
GRID         384        0.2267840.105208-0.15000
GRID         385        0.1078340.104268-0.15000
GRID         386        0.236482-0.08109-0.03952
GRID         387        0.245169-0.04890-0.08575
GRID         388        0.250000 0.00000-0.15000
GRID         389        0.247218-0.03719-0.11825
GRID         390        0.200000-0.009680.031347
GRID         391        0.0908180.1193810.039133
GRID         392        0.2000000.0436000.009814
GRID         393        0.1278080.078518-0.05046
GRID         394        0.2000000.0500000.086600
GRID         395        0.1094200.1026030.150000
GRID         396        0.2305590.0966550.150000
GRID         397        0.200000-0.024960.096846
GRID         398        0.244797-0.050730.063887
GRID         399        0.235994-0.082500.017230
GRID         400        0.200000-0.086970.049289
GRID         401        0.250000 0.000000.150000
GRID         402        0.243419-0.056980.100773
GRID         403        0.218952-0.12066-0.00898
GRID         404        -0.125000.2165060.030122
GRID         405        -0.157100.194467-0.00047
GRID         406        -0.153790.1970950.049749
GRID         407        -0.090880.1784700.033781
GRID         408         0.000000.1500000.150000
GRID         409        -0.078130.1858300.096771
GRID         410        -0.061760.2012890.114856
GRID         411        -0.188410.1643140.040590
GRID         412        -0.143300.1482050.086600
GRID         413        -0.164760.1880270.085825
GRID         414        -0.119740.2194560.150000
GRID         415        -0.107750.168728-0.03487
GRID         416        -0.056690.198205-0.08660
GRID         417         0.000000.150000-0.00258
GRID         418        -0.071190.1609310.028963
GRID         419         0.000000.150000-0.15000
GRID         420        -0.189080.163544-0.01547
GRID         421        -0.165940.186985-0.06135
GRID         422        -0.121980.160514-0.09673
GRID         423        -0.110020.224486-0.15000
GRID         424        -0.152380.198188-0.10821
GRID         425        0.200000-0.04456-0.01464
GRID         426        0.150000 0.00000-0.05019
GRID         427        0.200000-0.09612-0.02753
GRID         428        0.200000-0.05000-0.08660
GRID         429        0.150000 0.00000-0.15000
GRID         430        0.215022-0.12753-0.07498
GRID         431        0.230225-0.09744-0.15000
GRID         432        0.150000 0.000000.050613
GRID         433        0.150000 0.000000.150000
GRID         434        0.189619-0.078250.109757
GRID         435        0.172110-0.104420.036105
GRID         436        0.220592-0.117630.071507
GRID         437        0.227193-0.104320.150000
GRID         438        0.154210-0.19677-0.00473
GRID         439        -0.137500.1515500.012486
GRID         440        -0.183130.1252060.027992
GRID         441        -0.225390.108152-0.00049
GRID         442        -0.218590.1213030.088592
GRID         443        -0.106030.1060930.063715
GRID         444        -0.174880.0990300.086593
GRID         445        -0.106060.1060660.150000
GRID         446        -0.236190.0819180.045809
GRID         447        -0.202040.1472300.150000
GRID         448        -0.175680.129511-0.04854
GRID         449        -0.105810.106318-0.06481
GRID         450        -0.104570.107541-0.15000
GRID         451        -0.225830.107236-0.06202
GRID         452        -0.198380.152136-0.15000
GRID         453        0.117990-0.09261-0.05312
GRID         454        0.109281-0.10275-0.15000
GRID         455        0.145993-0.20294-0.15000
GRID         456        0.108476-0.103600.075025
GRID         457        0.107961-0.104130.150000
GRID         458        0.057553-0.187060.080766
GRID         459        0.133371-0.211450.150000
GRID         460        0.076029-0.23815-0.06888
GRID         461        0.063395-0.24182-0.00459
GRID         462        0.069121-0.240250.077768
GRID         463        -0.15000 0.000001.30E-18
GRID         464        -0.25000 0.000001.30E-18
GRID         465        -0.25000 0.000000.150000
GRID         466        -0.15000 0.000000.150000
GRID         467        -0.15867-0.087740.038996
GRID         468        -0.10455-0.107550.150000
GRID         469        -0.19827-0.152260.150000
GRID         470         0.00000-0.150000.002666
GRID         471        -0.07167-0.16066-0.03029
GRID         472        -0.10600-0.10612-0.06370
GRID         473        -0.15000 0.00000-0.15000
GRID         474        -0.25000 0.00000-0.15000
GRID         475         0.00000-0.15000-0.15000
GRID         476        -0.10606-0.10606-0.15000
GRID         477         0.00000-0.25000-0.15000
GRID         478        -0.16679-0.11016-0.08227
GRID         479        -0.23529-0.08448-0.07778
GRID         480        -0.10569-0.106430.065101
GRID         481        -0.02920-0.190100.068693
GRID         482        0.012204-0.219010.061226
GRID         483         0.00000-0.150000.150000
GRID         484         0.00000-0.250000.150000
GRID         485        -0.07801-0.18589-0.09673
GRID         486        -0.06631-0.24104-0.10075
GRID         487        -0.02431-0.21689-0.04854
GRID         488         0.00000-0.25000-0.03887
GRID         489        -0.01686-0.221200.027992
GRID         490         0.00000-0.250000.048362
GRID         491        -0.18316-0.12518-0.02786
GRID         492        -0.22084-0.11717-0.01207
GRID         493        -0.22767-0.103250.069033
GRID         494        -0.13867-0.15087-0.01493
GRID         495        -0.17559-0.129560.048729
GRID         496        -0.16004-0.126070.091706
GRID         497        -0.19093-0.161380.076802
GRID         498        -0.12186-0.160580.096771
GRID         499        -0.11000-0.224490.150000
GRID         500        -0.16082-0.191400.099447
GRID         501        -0.09350-0.17695-0.03812
GRID         502        -0.06209-0.195080.009912
GRID         503        -0.10845-0.168320.031379
GRID         504        -0.14330-0.14820-0.08660
GRID         505        -0.20240-0.14673-0.15000
GRID         506        -0.12016-0.21922-0.15000
GRID         507        -0.20512-0.14291-0.07380
GRID         508        -0.05669-0.198200.086600
GRID         509        -0.04213-0.246420.088803
GRID         510        -0.07244-0.239270.112514
GRID         511        -0.18847-0.16425-0.03952
GRID         512        -0.15543-0.19580-0.04524
GRID         513        -0.12500-0.21650-0.08725
GRID         514        -0.12500-0.21650-0.02802
GRID         515        -0.07896-0.23720-0.06135
GRID         516        -0.04709-0.24552-0.01547
GRID         517        -0.04809-0.245330.040590
GRID         518        -0.09379-0.231730.049749
GRID         519        -0.18944-0.163120.017230
GRID         520        -0.15999-0.192100.004191
GRID         521        -0.16633-0.186630.063887
GRID         522        -0.12500-0.216500.089288
GRID         523        -0.08985-0.23329-0.00047
GRID         524        -0.12500-0.216500.030122
GRID         525        -0.16494-0.18786-0.08575
GRID         526        -0.08045-0.236700.085825
GRID         527        -0.12009-0.244190.087973
GRID         528        -0.20078-0.21529-0.00774
GRID         529        -0.19859-0.21427-0.05036
GRID         530        -0.17613-0.24018-0.01749
GRID         531        -0.14383-0.24573-0.07729
GRID         532        -0.13933-0.25500-0.02760
GRID         533        -0.10253-0.26982-0.03772
GRID         534        -0.08223-0.277900.012577
GRID         535        -0.08177-0.274690.052767
GRID         536        -0.12078-0.260560.061302
GRID         537        -0.18628-0.231870.038547
GRID         538        -0.15978-0.246440.069836
GRID         539        -0.12107-0.30031-0.00779
GRID         540        -0.15367-0.266090.015374
GRID         541        -0.20134-0.260970.014289
GRID         542        -0.19624-0.24434-0.08488
GRID         543        -0.11382-0.291620.085058
GRID         544        -0.21463-0.26827-0.03313
GRID         545        -0.18225-0.27728-0.01910
GRID         546        -0.16316-0.29359-0.05248
GRID         547        -0.11932-0.315250.040829
GRID         548        -0.17758-0.287090.056541
GRID         549        -0.15269-0.32796-0.00146
GRID         550        -0.20915-0.299510.010607
GRID         551        -0.23140-0.30514-0.08491
GRID         552        -0.14889-0.351840.085186
GRID         553        -0.23321-0.33346-0.03047
GRID         554        -0.20862-0.35588-0.02704
GRID         555        -0.16747-0.363900.035846
GRID         556        -0.20615-0.354620.038601
GRID         557        -0.27228-0.37085-0.08689
GRID         558        -0.18541-0.419620.087219
GRID         559        -0.25953-0.40499-0.02357
GRID         560        -0.27099-0.43291-0.02808
GRID         561        -0.22183-0.430030.032504
GRID         562        -0.24639-0.444840.035141
GRID         563        -0.32057-0.44100-0.09203
GRID         564        -0.22209-0.496230.092375
GRID         565        -0.31206-0.48804-0.02619
GRID         566        -0.32129-0.51795-0.03231
GRID         567        -0.26697-0.510840.031539
GRID         568        -0.29575-0.533700.042108
GRID         569        -0.37751-0.51531-0.10073
GRID         570        -0.25805-0.582520.101119
GRID         571        -0.37087-0.56968-0.02607
GRID         572        -0.37519-0.61045-0.03796
GRID         573        -0.30670-0.601190.033221
GRID         574        -0.34520-0.625180.052832
GRID         575        -0.44410-0.59375-0.11288
GRID         576        -0.29283-0.679220.113384
GRID         577        -0.43759-0.66951-0.02336
GRID         578        -0.43460-0.68707-0.05126
GRID         579        -0.35347-0.711470.040468
GRID         580        -0.38016-0.717570.072199
GRID         581        -0.43440-0.77514-0.00426
GRID         582        -0.45321-0.765260.027157
GRID         583        -0.51987-0.67803-0.12687
GRID         584        -0.32810-0.786760.127603
GRID         585        -0.51639-0.76067-0.04596
GRID         586        -0.50693-0.77402-0.06501
GRID         587        -0.38968-0.826630.062360
GRID         588        -0.41714-0.819480.088959
GRID         589        -0.47710-0.857880.000955
GRID         590        -0.50388-0.851480.026313
GRID         591        -0.60280-0.77185-0.13933
GRID         592        -0.36798-0.905280.140384
GRID         593        -0.59044-0.86193-0.05462
GRID         594        -0.58066-0.87267-0.07130
GRID         595        -0.44472-0.938150.063781
GRID         596        -0.47134-0.927340.091501
GRID         597        -0.54405-0.95918-0.00445
GRID         598        -0.56495-0.954620.024369
GRID         599        -0.68886-0.88039-0.14481
GRID         600        -0.41890-1.033960.146217
GRID         601        -0.65826-0.97672-0.04902
GRID         602        -0.65280-0.98047-0.07174
GRID         603        -0.50290-1.051820.063639
GRID         604        -0.52825-1.043190.093542
GRID         605        -0.61109-1.07290-0.00459
GRID         606        -0.62593-1.063270.024921
GRID         607        -0.76962-0.99831-0.14067
GRID         608        -0.48057-1.163040.142336
GRID         609        -0.73059-1.09041-0.04948
GRID         610        -0.72359-1.09403-0.06869
GRID         611        -0.56653-1.172960.061865
GRID         612        -0.58965-1.162430.091789
GRID         613        -0.67614-1.18593-0.00411
GRID         614        -0.69180-1.175830.022704
GRID         615        -0.83866-1.11436-0.12932
GRID         616        -0.54649-1.281210.131083
GRID         617        -0.79601-1.20045-0.04654
GRID         618        -0.78668-1.20327-0.06272
GRID         619        -0.63386-1.283650.053941
GRID         620        -0.65438-1.277680.085056
GRID         621        -0.73842-1.29410-0.00393
GRID         622        -0.75439-1.285330.021211
GRID         623        -0.89598-1.22364-0.11412
GRID         624        -0.61241-1.385860.115874
GRID         625        -0.85019-1.30107-0.04022
GRID         626        -0.84223-1.30591-0.05517
GRID         627        -0.69812-1.385270.045612
GRID         628        -0.71488-1.378450.075985
GRID         629        -0.79524-1.39200-0.00406
GRID         630        -0.80901-1.381040.019518
GRID         631        -0.94345-1.32465-0.09759
GRID         632        -0.67607-1.477810.099261
GRID         633        -0.89708-1.39516-0.03259
GRID         634        -0.88977-1.39955-0.04696
GRID         635        -0.75837-1.477560.037524
GRID         636        -0.77144-1.466660.065760
GRID         637        -0.84450-1.47717-0.00400
GRID         638        -0.85578-1.469200.019688
GRID         639        -0.98320-1.41757-0.08121
GRID         640        -0.73659-1.558990.082759
GRID         641        -0.93166-1.48575-0.03891
GRID         642        -0.93658-1.48144-0.02437
GRID         643        -0.81333-1.556130.029391
GRID         644        -0.82323-1.550120.056801
GRID         645        -0.88973-1.55564-0.00378
GRID         646        -0.89966-1.552370.019306
GRID         647        -1.01683-1.50281-0.06584
GRID         648        -0.79351-1.630990.067242
GRID         649        -0.97084-1.56409-0.03231
GRID         650        -0.97292-1.56204-0.01744
GRID         651        -0.86147-1.629820.023908
GRID         652        -0.87219-1.625340.047596
GRID         653        -0.93149-1.62870-0.00334
GRID         654        -0.93800-1.625910.018593
GRID         655        -1.04558-1.58083-0.05193
GRID         656        -0.84664-1.695120.053168
GRID         657        -1.00372-1.63353-0.02600
GRID         658        -1.00666-1.63232-0.01329
GRID         659        -0.91103-1.694350.016633
GRID         660        -0.97198-1.688630.016944
GRID         661        -0.91608-1.691450.039217
GRID         662        -0.96667-1.69104-0.00276
GRID         663        -1.07037-1.65215-0.03965
GRID         664        -0.89595-1.752440.040733
GRID         665        -1.02882-1.69322-0.01998
GRID         666        -1.03245-1.69250-0.00876
GRID         667        -1.00379-1.733860.012690
GRID         668        -0.95061-1.752480.012553
GRID         669        -0.95615-1.750440.031549
GRID         670        -0.99982-1.73567-0.00451
GRID         671        -1.09192-1.71728-0.02902
GRID         672        -0.94151-1.803840.029959
GRID         673        -1.05114-1.75265-0.01390
GRID         674        -1.05161-1.75091-0.00267
GRID         675        -1.00985-1.791490.019088
GRID         676        -1.00377-1.794970.003273
GRID         677        -1.11088-1.77664-0.01982
GRID         678        -1.02919-1.847560.017698
GRID         679        -0.98340-1.850070.020618
GRID         680        -1.07183-1.81072-0.00854
GRID         681        -1.07155-1.820280.003715
GRID         682        -1.03819-1.849950.001609
GRID         683        -1.12775-1.83065-0.01171
GRID         684        -1.06337-1.877120.011657
GRID         685        -1.02169-1.891810.012376
GRID         686        -1.09146-1.85974-0.00508
GRID         687        -1.10193-1.862600.001784
GRID         688        -1.06043-1.888080.000407
GRID         689        -1.10017-1.905160.006389
GRID         690        -1.14314-1.88035-0.00435
GRID         691        -1.05700-1.930080.004896
GRID         692        -1.09921-1.90571-0.00242
GRID         693        -1.12180-1.892670.001788
GRID         694        -1.07829-1.917790.008852
GRID         695        -1.12117-1.89303-0.00347
GRID         696        -1.07727-1.91838-0.00096
GRID         697        -0.18050-0.21615-0.08524
GRID         698        -0.21364-0.27484-0.08473
GRID         699        -0.25151-0.33821-0.08560
GRID         700        -0.29600-0.40624-0.08909
GRID         701        -0.34857-0.47855-0.09603
GRID         702        -0.41039-0.55491-0.10658
GRID         703        -0.48185-0.63599-0.11998
GRID         704        -0.56165-0.72459-0.13374
GRID         705        -0.64676-0.82532-0.14333
GRID         706        -0.73027-0.93869-0.14387
GRID         707        -0.80503-1.05589-0.13578
GRID         708        -0.86801-1.16871-0.12219
GRID         709        -0.92022-1.27395-0.10611
GRID         710        -0.96370-1.37097-0.08952
GRID         711        -1.00029-1.46009-0.07355
GRID         712        -1.03140-1.54174-0.05886
GRID         713        -1.05812-1.61643-0.04573
GRID         714        -1.08125-1.68467-0.03426
GRID         715        -1.10146-1.74693-0.02438
GRID         716        -1.11934-1.80363-0.01575
GRID         717        -1.13545-1.85550-0.00803
GRID         718        -1.07883 1.91748-0.00347
GRID         719        -1.12273 1.89213-0.00096
GRID         720        -1.07820 1.917840.001788
GRID         721        -1.12171 1.892720.008852
GRID         722        -1.13526 1.855570.008630
GRID         723        -1.11904 1.803690.016477
GRID         724        -1.10102 1.746970.025246
GRID         725        -1.08065 1.684670.035274
GRID         726        -1.05733 1.616400.046892
GRID         727        -1.03041 1.541660.060179
GRID         728        -0.99904 1.459950.075030
GRID         729        -0.96218 1.370760.091131
GRID         730        -0.91839 1.273650.107833
GRID         731        -0.86583 1.168290.123967
GRID         732        -0.80250 1.055350.137513
GRID         733        -0.727470.9380770.145426
GRID         734        -0.643900.8247560.144571
GRID         735        -0.558950.7240810.134630
GRID         736        -0.479410.6354740.120590
GRID         737        -0.408220.5543590.107014
GRID         738        -0.346610.4779970.096394
GRID         739        -0.294270.4057430.089426
GRID         740        -0.250140.3378440.085906
GRID         741        -0.212760.2747330.084961
GRID         742        -0.180110.2162520.085368
GRID         743        -0.09722-0.264100.085368
GRID         744        -0.13154-0.321620.084961
GRID         745        -0.16750-0.385550.085906
GRID         746        -0.20424-0.457720.089426
GRID         747        -0.24065-0.539170.096394
GRID         748        -0.27597-0.630710.107014
GRID         749        -0.31062-0.732920.120590
GRID         750        -0.34759-0.846110.134630
GRID         751        -0.39230-0.970020.144571
GRID         752        -0.44866-1.099050.145426
GRID         753        -0.51270-1.222670.137513
GRID         754        -0.57885-1.333980.123967
GRID         755        -0.64381-1.432180.107833
GRID         756        -0.70602-1.518660.091131
GRID         757        -0.76482-1.595180.075030
GRID         758        -0.81991-1.663190.060179
GRID         759        -0.87117-1.723880.046892
GRID         760        -0.91864-1.778210.035274
GRID         761        -0.96241-1.827000.025246
GRID         762        -1.00252-1.870960.016477
GRID         763        -1.03934-1.910950.008630
GRID         764        -1.03918 1.91108-0.00803
GRID         765        -1.00232 1.87120-0.01575
GRID         766        -0.96215 1.82736-0.02438
GRID         767        -0.91834 1.77872-0.03426
GRID         768        -0.87081 1.72457-0.04573
GRID         769        -0.81948 1.66409-0.05886
GRID         770        -0.76432 1.59632-0.07355
GRID         771        -0.70544 1.52008-0.08952
GRID         772        -0.64315 1.43392-0.10611
GRID         773        -0.57812 1.33607-0.12219
GRID         774        -0.51191 1.22512-0.13578
GRID         775        -0.44779 1.10178-0.14387
GRID         776        -0.391370.972776-0.14333
GRID         777        -0.346680.848699-0.13374
GRID         778        -0.309860.735300-0.11998
GRID         779        -0.275370.632872-0.10658
GRID         780        -0.240140.541154-0.09603
GRID         781        -0.203810.459475-0.08909
GRID         782        -0.167140.386928-0.08560
GRID         783        -0.131200.322442-0.08473
GRID         784        -0.096930.264400-0.08524
GRID         785        -0.23780-0.07712-0.15000
GRID         786        -0.06201-0.24218-0.15000
GRID         787        -0.16530-0.18754-0.15000
GRID         788        -0.056470.243538-0.15000
GRID         789        -0.158390.193423-0.15000
GRID         790        -0.236740.080327-0.15000
GRID         791        -0.23671-0.080400.150000
GRID         792        -0.05645-0.243540.150000
GRID         793        -0.15831-0.193480.150000
GRID         794        -0.061790.2422430.150000
GRID         795        -0.164890.1879040.150000
GRID         796        -0.237710.0774210.150000
GRID         797        -0.15410-0.16804-0.08616
GRID         798        -0.19211-0.15998-0.01126
GRID         799        -0.18052-0.172940.042816
GRID         800        -0.14766-0.201720.079669
GRID         801        -0.17924-0.17427-0.06484
GRID         802        -0.10296-0.227810.091184
GRID         803        -0.10117-0.22861-0.07714
GRID         804        -0.06012-0.24266-0.04064
GRID         805        -0.04285-0.246290.012634
GRID         806        -0.14577-0.20310-0.09000
GRID         807        -0.06116-0.242400.065770
GRID         808        -0.154010.1681230.086201
GRID         809        -0.103000.227795-0.09000
GRID         810        -0.179340.1741710.065770
GRID         811        -0.191870.1602640.012634
GRID         812        -0.180080.173404-0.04064
GRID         813        -0.147390.201929-0.07714
GRID         814        -0.059510.2428130.042816
GRID         815        -0.100870.2287470.079669
GRID         816        -0.042490.246362-0.01126
GRID         817        -0.061290.242368-0.06484
GRID         818        -0.145800.2030770.091184
GRID         819        -0.13858-0.05740-0.15000
GRID         820        -0.05740-0.13858-0.15000
GRID         821        -0.056430.138980-0.15000
GRID         822        -0.138170.058371-0.15000
GRID         823        -0.13817-0.058380.150000
GRID         824        -0.05642-0.138980.150000
GRID         825        -0.057400.1385820.150000
GRID         826        -0.138580.0574020.150000
GRID         827        -0.18605-0.123520.011314
GRID         828        -0.15299-0.142610.079101
GRID         829        -0.16815-0.13385-0.06168
GRID         830        -0.08842-0.179880.099087
GRID         831        -0.04689-0.20386-0.07899
GRID         832        -0.01393-0.22289-0.01114
GRID         833        -0.11151-0.16655-0.09909
GRID         834        -0.03187-0.212530.061740
GRID         835        -0.088480.179855-0.09909
GRID         836        -0.168120.1338740.061740
GRID         837        -0.153100.142543-0.07899
GRID         838        -0.186070.123513-0.01114
GRID         839        -0.013940.2228880.011314
GRID         840        -0.047010.2037990.079101
GRID         841        -0.111570.1665210.099087
GRID         842        -0.031840.212556-0.06168
GRID         843        -0.06858-0.217440.086201
GRID         844        -0.068470.217484-0.08616
GRID         845        0.245006-0.04971-0.15000
GRID         846        0.195365-0.15598-0.15000
GRID         847        0.076694-0.23794-0.15000
GRID         848        0.244231-0.053390.150000
GRID         849        0.188071-0.164700.150000
GRID         850        0.069415-0.240170.150000
GRID         851        0.139449-0.05526-0.15000
GRID         852        0.059529-0.13768-0.15000
GRID         853        0.139094-0.056150.150000
GRID         854        0.058649-0.138050.150000
GRID         855        0.0585650.138094-0.15000
GRID         856        0.1390590.056235-0.15000
GRID         857        0.0596210.1376410.150000
GRID         858        0.1394860.0551680.150000
GRID         859        0.0691100.240257-0.15000
GRID         860        0.1875400.165313-0.15000
GRID         861        0.2441270.053869-0.15000
GRID         862        0.0768460.2378960.150000
GRID         863        0.1957320.1555270.150000
GRID         864        0.2450910.0492950.150000
GRID         865        0.2000000.0135130.099066
GRID         866        0.200000-0.060810.079387
GRID         867        0.200000-0.099310.011803
GRID         868        0.200000-0.07880-0.06155
GRID         869        0.2000000.099347-0.01147
GRID         870        0.2000000.061075-0.07918
GRID         871        0.2000000.0787340.061648
GRID         872        0.200000-0.01339-0.09908
GRID         873        0.222584-0.04943-0.08616
GRID         874        0.2226070.0493210.086201
GRID         875        0.248777-0.02469-0.09000
GRID         876        0.240547-0.06809-0.06484
GRID         877        0.248536-0.027010.079669
GRID         878        0.240040-0.069860.042815
GRID         879        0.234602-0.08638-0.01126
GRID         880         2.17463-0.05558-0.00803
GRID         881         2.12166-0.06756-0.01575
GRID         882         2.06362-0.08042-0.02438
GRID         883         1.99959-0.09405-0.03427
GRID         884         1.92893-0.10813-0.04573
GRID         885         1.85089-0.12235-0.05886
GRID         886         1.76462-0.13623-0.07355
GRID         887         1.66915-0.14910-0.08952
GRID         888         1.56339-0.15996-0.10611
GRID         889         1.44614-0.16736-0.12219
GRID         890         1.31694-0.16923-0.13578
GRID         891         1.17807-0.16308-0.14387
GRID         892         1.03814-0.14744-0.14333
GRID         893        0.908338-0.12410-0.13374
GRID         894        0.791720-0.09930-0.11998
GRID         895        0.685769-0.07795-0.10658
GRID         896        0.588728-0.06260-0.09603
GRID         897        0.499825-0.05322-0.08909
GRID         898        0.418660-0.04871-0.08560
GRID         899        0.344845-0.04759-0.08473
GRID         900        0.277446-0.04824-0.08524
GRID         901        0.2485720.026681-0.07714
GRID         902        0.2402150.069258-0.04064
GRID         903        0.2347290.0860350.012634
GRID         904        0.2405090.0682310.065770
GRID         905        0.2487730.0247340.091184
GRID         906         2.174600.0553820.008630
GRID         907         2.121560.0672680.016477
GRID         908         2.063430.0800260.025246
GRID         909         1.999300.0935310.035280
GRID         910         1.928510.1074810.046892
GRID         911         1.850320.1215310.060179
GRID         912         1.763880.1352280.075030
GRID         913         1.668210.1478920.091131
GRID         914         1.562210.1585260.107833
GRID         915         1.444690.1656850.123967
GRID         916         1.315210.1673170.137513
GRID         917         1.176140.1609760.145426
GRID         918         1.036210.1452640.144571
GRID         919        0.9065500.1220290.134630
GRID         920        0.7900460.0974510.120590
GRID         921        0.6842000.0763500.107014
GRID         922        0.5872660.0611800.096394
GRID         923        0.4985210.0519770.089426
GRID         924        0.4176540.0477100.085906
GRID         925        0.3443070.0468900.084961
GRID         926        0.2773360.0478560.085368
GRID         927         2.200000.0250690.008852
GRID         928         2.20000-0.025170.001788
GRID         929         2.200000.026243-0.00096
GRID         930         2.20000-0.02444-0.00347
GRID         931        -0.25000 0.000000.075000
GRID         932        -0.25000 0.00000-0.07500
GRID         933        -0.15000 0.000000.075000
GRID         934        -0.15000 0.00000-0.07500
GRID         935         0.00000-0.25000-0.09443
GRID         936         0.00000-0.250000.004745
GRID         937         0.00000-0.250000.099181
GRID         938         0.00000-0.15000-0.07366
GRID         939         0.00000-0.150000.076333
GRID         940         0.000000.1500000.073707
GRID         941         0.000000.150000-0.07629
GRID         942         0.000000.250000-0.00448
GRID         943         0.000000.2500000.094619
GRID         944         0.000000.250000-0.09910
GRID         945        0.150000 0.00000-0.10009
GRID         946        0.150000 0.000000.000210
GRID         947        0.150000 0.000000.100307
GRID         948        0.250000 0.00000-0.11862
GRID         949        0.250000 0.000000.059705
GRID         950        0.250000 0.00000-0.05764
GRID         951        0.250000 0.000000.001046
GRID         952        0.250000 0.000000.119644
GRID         953        -1.09969-1.905430.001982
GRID         954        -0.10071-0.240190.089414
GRID         955        -0.12227-0.230510.088702
GRID         956        -0.19515-0.189180.004183
GRID         957        -0.19670-0.18857-0.02286
GRID         958        -0.19310-0.18950-0.04522
GRID         959        -0.18528-0.19903-0.06937
GRID         960        -0.20153-0.21372-0.02947
GRID         961        -0.17682-0.208950.051112
GRID         962        -0.18836-0.197200.029394
GRID         963        -0.19574-0.222310.016513
GRID         964        -0.14342-0.230880.080695
GRID         965        -0.16246-0.216880.067528
GRID         966        -0.17421-0.238470.055859
GRID         967        -0.14099-0.244700.081391
GRID         968        -0.19418-0.246200.026261
GRID         969        -0.20168-0.237770.004046
GRID         970        -0.19790-0.22917-0.06777
GRID         971        -0.11641-0.268220.086801
GRID         972        -0.13679-0.269030.082662
GRID         973        -0.20749-0.24076-0.04134
GRID         974        -0.20953-0.25394-0.06030
GRID         975        -0.20727-0.24203-0.02120
GRID         976        -0.20953-0.26373-0.00957
GRID         977        -0.16878-0.266710.063091
GRID         978        -0.18162-0.259650.048528
GRID         979        -0.19093-0.273180.037306
GRID         980        -0.14838-0.287810.078429
GRID         981        -0.20503-0.280360.012374
GRID         982        -0.21359-0.28291-0.01045
GRID         983        -0.19520-0.292240.034630
GRID         984        -0.22231-0.28709-0.05898
GRID         985        -0.16317-0.319500.073724
GRID         986        -0.23483-0.31784-0.05801
GRID         987        -0.22345-0.30113-0.03170
GRID         988        -0.22132-0.31640-0.01058
GRID         989        -0.20738-0.327210.025194
GRID         990        -0.22159-0.342930.005192
GRID         991        -0.19166-0.320970.046917
GRID         992        -0.18098-0.351230.067518
GRID         993        -0.25113-0.35309-0.05889
GRID         994        -0.19747-0.386140.064645
GRID         995        -0.24532-0.36983-0.02716
GRID         996        -0.26665-0.38720-0.05468
GRID         997        -0.23243-0.379980.007305
GRID         998        -0.25319-0.424820.005903
GRID         999        -0.22491-0.400510.035060
GRID        1000        -0.21866-0.430640.064487
GRID        1001        -0.28945-0.42338-0.05813
GRID        1002        -0.23768-0.468550.066024
GRID        1003        -0.28439-0.44733-0.02520
GRID        1004        -0.31667-0.46431-0.05910
GRID        1005        -0.27850-0.466880.004010
GRID        1006        -0.30458-0.510460.008394
GRID        1007        -0.27067-0.489500.037716
GRID        1008        -0.26023-0.514210.070346
GRID        1009        -0.34528-0.50133-0.06315
GRID        1010        -0.28069-0.555920.075161
GRID        1011        -0.34137-0.52891-0.02606
GRID        1012        -0.37494-0.54195-0.06294
GRID        1013        -0.33248-0.552170.010260
GRID        1014        -0.32099-0.579140.047516
GRID        1015        -0.36019-0.596180.013353
GRID        1016        -0.30228-0.603470.081818
GRID        1017        -0.40799-0.58137-0.06915
GRID        1018        -0.32280-0.650010.087803
GRID        1019        -0.44391-0.62986-0.06953
GRID        1020        -0.40470-0.61933-0.02473
GRID        1021        -0.39034-0.647960.017751
GRID        1022        -0.36343-0.670940.062434
GRID        1023        -0.41107-0.692280.025662
GRID        1024        -0.33706-0.698060.098318
GRID        1025        -0.41602-0.741800.051301
GRID        1026        -0.44737-0.716250.001138
GRID        1027        -0.47857-0.67387-0.07337
GRID        1028        -0.35780-0.750040.104728
GRID        1029        -0.47657-0.71533-0.03416
GRID        1030        -0.52099-0.71770-0.08751
GRID        1031        -0.48485-0.76293-0.00853
GRID        1032        -0.43655-0.791570.058675
GRID        1033        -0.39905-0.768290.080703
GRID        1034        -0.37336-0.802690.114055
GRID        1035        -0.47852-0.808380.026891
GRID        1036        -0.51213-0.80492-0.01016
GRID        1037        -0.46013-0.835700.059495
GRID        1038        -0.55916-0.76651-0.09136
GRID        1039        -0.39602-0.860390.119771
GRID        1040        -0.55360-0.81119-0.05057
GRID        1041        -0.59905-0.81549-0.09737
GRID        1042        -0.54681-0.85690-0.01325
GRID        1043        -0.48905-0.888580.059562
GRID        1044        -0.44383-0.873650.090852
GRID        1045        -0.42100-0.915540.122462
GRID        1046        -0.53432-0.903100.025472
GRID        1047        -0.57914-0.90744-0.01483
GRID        1048        -0.51806-0.941020.059190
GRID        1049        -0.63937-0.87132-0.09888
GRID        1050        -0.44861-0.978630.125248
GRID        1051        -0.62489-0.91901-0.05225
GRID        1052        -0.67531-0.92754-0.09622
GRID        1053        -0.61136-0.96581-0.01196
GRID        1054        -0.54790-0.998150.060096
GRID        1055        -0.49941-0.985480.093117
GRID        1056        -0.47561-1.037400.126240
GRID        1057        -0.64286-1.01955-0.01131
GRID        1058        -0.59543-1.008950.024743
GRID        1059        -0.57742-1.053040.060014
GRID        1060        -0.71406-0.98745-0.09449
GRID        1061        -0.50724-1.101480.125199
GRID        1062        -0.69479-1.03336-0.04963
GRID        1063        -0.75108-1.04380-0.09375
GRID        1064        -0.67832-1.07681-0.01239
GRID        1065        -0.60877-1.112290.060047
GRID        1066        -0.55856-1.103030.093234
GRID        1067        -0.53744-1.161400.123123
GRID        1068        -0.65885-1.119560.023872
GRID        1069        -0.71157-1.13290-0.01227
GRID        1070        -0.64144-1.168720.057724
GRID        1071        -0.78519-1.10206-0.08959
GRID        1072        -0.57000-1.220710.118974
GRID        1073        -0.76365-1.14523-0.04832
GRID        1074        -0.81781-1.15713-0.08633
GRID        1075        -0.74434-1.18789-0.01240
GRID        1076        -0.67366-1.226430.056045
GRID        1077        -0.62165-1.220270.088867
GRID        1078        -0.60277-1.278100.113776
GRID        1079        -0.72310-1.230570.022015
GRID        1080        -0.77528-1.24285-0.01126
GRID        1081        -0.70535-1.280940.053401
GRID        1082        -0.84686-1.21155-0.08082
GRID        1083        -0.63459-1.331080.107806
GRID        1084        -0.82337-1.25060-0.04354
GRID        1085        -0.87327-1.26225-0.07554
GRID        1086        -0.80296-1.29281-0.01006
GRID        1087        -0.68437-1.328210.080781
GRID        1088        -0.73485-1.331760.050852
GRID        1089        -0.66583-1.380890.101280
GRID        1090        -0.78172-1.333170.020400
GRID        1091        -0.82946-1.34113-0.00888
GRID        1092        -0.76303-1.379120.047947
GRID        1093        -0.89790-1.31224-0.06961
GRID        1094        -0.69606-1.427790.094583
GRID        1095        -0.87383-1.34800-0.03645
GRID        1096        -0.92028-1.35989-0.06350
GRID        1097        -0.85386-1.38763-0.00716
GRID        1098        -0.74299-1.422650.070993
GRID        1099        -0.79017-1.423880.044834
GRID        1100        -0.72571-1.471100.087544
GRID        1101        -0.83237-1.425140.019716
GRID        1102        -0.87616-1.43234-0.00497
GRID        1103        -0.81465-1.467330.042832
GRID        1104        -0.94135-1.40567-0.05769
GRID        1105        -0.75408-1.512780.080789
GRID        1106        -0.91694-1.43823-0.02842
GRID        1107        -0.95981-1.44955-0.05130
GRID        1108        -0.89708-1.47480-0.00295
GRID        1109        -0.83921-1.509830.040410
GRID        1110        -0.79715-1.508490.061420
GRID        1111        -0.78155-1.553610.074244
GRID        1112        -0.91770-1.51714-0.00104
GRID        1113        -0.87767-1.510810.019618
GRID        1114        -0.86246-1.550650.038163
GRID        1115        -0.97802-1.49136-0.04594
GRID        1116        -0.80806-1.590730.067729
GRID        1117        -0.95483-1.52169-0.02084
GRID        1118        -0.99471-1.53252-0.04023
GRID        1119        -0.93722-1.556660.000379
GRID        1120        -0.88548-1.589110.035411
GRID        1121        -0.84757-1.587810.052268
GRID        1122        -0.83422-1.627370.061329
GRID        1123        -0.95500-1.594240.001956
GRID        1124        -0.91876-1.589180.019071
GRID        1125        -0.90599-1.625110.033255
GRID        1126        -1.01057-1.57067-0.03547
GRID        1127        -0.85886-1.660550.055292
GRID        1128        -0.98990-1.59711-0.01537
GRID        1129        -1.02592-1.60669-0.03142
GRID        1130        -0.97332-1.628540.002174
GRID        1131        -0.95495-1.657300.017838
GRID        1132        -0.98887-1.660740.003086
GRID        1133        -0.94477-1.689620.028333
GRID        1134        -0.92649-1.659000.030630
GRID        1135        -0.89402-1.658460.043446
GRID        1136        -0.88246-1.692650.049585
GRID        1137        -1.03978-1.64150-0.02721
GRID        1138        -0.90527-1.722380.044129
GRID        1139        -1.01958-1.66240-0.01095
GRID        1140        -1.05131-1.67239-0.02331
GRID        1141        -1.00313-1.690040.003736
GRID        1142        -0.98801-1.711170.014704
GRID        1143        -1.01783-1.713350.002749
GRID        1144        -0.98045-1.741870.022743
GRID        1145        -0.96338-1.719930.025831
GRID        1146        -0.93602-1.721000.035399
GRID        1147        -0.92690-1.750950.039044
GRID        1148        -1.06356-1.70410-0.01973
GRID        1149        -0.94795-1.777650.034207
GRID        1150        -1.04188-1.72179-0.00547
GRID        1151        -1.07177-1.73409-0.01508
GRID        1152        -1.02846-1.741940.004566
GRID        1153        -1.00620-1.763030.016670
GRID        1154        -1.03054-1.771310.009325
GRID        1155        -0.98372-1.770540.024963
GRID        1156        -0.97680-1.797010.028126
GRID        1157        -1.08283-1.76286-0.01222
GRID        1158        -1.00679-1.848530.021402
GRID        1159        -1.01896-1.819850.018930
GRID        1160        -0.99537-1.821500.024292
GRID        1161        -1.09085-1.79867-0.00678
GRID        1162        -1.06113-1.785850.001043
GRID        1163        -1.04219-1.805020.010638
GRID        1164        -1.05051-1.833840.011694
GRID        1165        -1.10112-1.82461-0.00468
GRID        1166        -1.04668-1.862110.014491
GRID        1167        -1.06638-1.849320.009070
GRID        1168        -1.02432-1.870330.017662
GRID        1169        -1.04270-1.884370.014623
GRID        1170        -1.08711-1.841230.002442
GRID        1171        -1.11455-1.84679-0.00419
GRID        1172        -1.08299-1.869670.007070
GRID        1173        -1.10116-1.883830.004605
GRID        1174        -1.08178-1.891080.008776
GRID        1175        -1.12361-1.87086-0.00195
GRID        1176        -1.05836-1.904650.011460
GRID        1177        -0.13429-0.23119-0.08234
GRID        1178        -0.11182-0.24122-0.07149
GRID        1179        -0.15315-0.21751-0.08745
GRID        1180        -0.09034-0.25374-0.04946
GRID        1181        -0.07399-0.25814-0.02809
GRID        1182        -0.12128-0.25887-0.06117
GRID        1183        -0.06458-0.26176-0.00081
GRID        1184        -0.06325-0.262710.025920
GRID        1185        -0.08971-0.27540-0.01367
GRID        1186        -0.08020-0.277330.033104
GRID        1187        -0.06534-0.259770.047000
GRID        1188        -0.07744-0.257810.070560
GRID        1189        -0.11130-0.28535-0.02251
GRID        1190        -0.10091-0.289530.001636
GRID        1191        -0.16990-0.24510-0.08204
GRID        1192        -0.09694-0.283640.070341
GRID        1193        -0.14055-0.29785-0.03233
GRID        1194        -0.13337-0.28140-0.04612
GRID        1195        -0.15259-0.27019-0.06554
GRID        1196        -0.17835-0.26974-0.07489
GRID        1197        -0.09985-0.295370.046463
GRID        1198        -0.10130-0.296270.027655
GRID        1199        -0.11856-0.308720.016868
GRID        1200        -0.11191-0.306120.064064
GRID        1201        -0.13711-0.31400-0.00451
GRID        1202        -0.15601-0.31188-0.02810
GRID        1203        -0.13402-0.322750.018878
GRID        1204        -0.19777-0.29867-0.06794
GRID        1205        -0.13328-0.334020.064354
GRID        1206        -0.18103-0.34171-0.01486
GRID        1207        -0.18600-0.32467-0.03901
GRID        1208        -0.21852-0.33137-0.05954
GRID        1209        -0.16020-0.345860.017937
GRID        1210        -0.14357-0.339470.038103
GRID        1211        -0.18660-0.360720.003452
GRID        1212        -0.15360-0.360520.060676
GRID        1213        -0.24155-0.36273-0.05567
GRID        1214        -0.17556-0.392260.061621
GRID        1215        -0.27153-0.40197-0.05759
GRID        1216        -0.24144-0.39344-0.02560
GRID        1217        -0.24663-0.431340.002672
GRID        1218        -0.21647-0.392230.003861
GRID        1219        -0.19598-0.396190.034347
GRID        1220        -0.19959-0.427150.059061
GRID        1221        -0.29584-0.43692-0.06001
GRID        1222        -0.21980-0.464380.060737
GRID        1223        -0.32248-0.47858-0.06187
GRID        1224        -0.29662-0.47515-0.02938
GRID        1225        -0.29414-0.51439-0.00038
GRID        1226        -0.27016-0.471220.002658
GRID        1227        -0.24558-0.469750.032358
GRID        1228        -0.24072-0.505740.061267
GRID        1229        -0.34895-0.51693-0.06691
GRID        1230        -0.25914-0.548630.063676
GRID        1231        -0.34780-0.56445-0.03541
GRID        1232        -0.37725-0.56240-0.06859
GRID        1233        -0.33930-0.60677-0.00177
GRID        1234        -0.31547-0.55872-0.00117
GRID        1235        -0.28700-0.555920.032246
GRID        1236        -0.27747-0.594690.066851
GRID        1237        -0.40885-0.60256-0.07559
GRID        1238        -0.29607-0.642340.070330
GRID        1239        -0.40429-0.64911-0.04462
GRID        1240        -0.44142-0.63922-0.08399
GRID        1241        -0.39262-0.70009-0.00553
GRID        1242        -0.36607-0.65995-0.00094
GRID        1243        -0.32998-0.656390.036524
GRID        1244        -0.31651-0.699180.076695
GRID        1245        -0.43569-0.73042-0.02881
GRID        1246        -0.39188-0.744490.018903
GRID        1247        -0.47614-0.68319-0.08894
GRID        1248        -0.33654-0.751560.080953
GRID        1249        -0.47036-0.73078-0.05822
GRID        1250        -0.51519-0.72500-0.09772
GRID        1251        -0.46984-0.77506-0.03443
GRID        1252        -0.41225-0.800770.028606
GRID        1253        -0.37204-0.768780.051086
GRID        1254        -0.35191-0.810720.094216
GRID        1255        -0.45584-0.81646-0.00173
GRID        1256        -0.49308-0.81534-0.03273
GRID        1257        -0.43163-0.843280.032098
GRID        1258        -0.55386-0.77352-0.10186
GRID        1259        -0.37418-0.868650.098379
GRID        1260        -0.54406-0.82319-0.06853
GRID        1261        -0.59315-0.82144-0.10643
GRID        1262        -0.52778-0.86591-0.03491
GRID        1263        -0.46165-0.897590.032026
GRID        1264        -0.41669-0.882680.063553
GRID        1265        -0.39874-0.926120.100137
GRID        1266        -0.56313-0.91547-0.03798
GRID        1267        -0.51044-0.90861-0.00166
GRID        1268        -0.49324-0.949320.029614
GRID        1269        -0.63400-0.87697-0.10803
GRID        1270        -0.42640-0.989180.101714
GRID        1271        -0.67154-0.93002-0.10840
GRID        1272        -0.61719-0.92630-0.07196
GRID        1273        -0.59786-0.97015-0.03824
GRID        1274        -0.52406-1.005160.029583
GRID        1275        -0.47337-0.995230.064187
GRID        1276        -0.45367-1.047060.101596
GRID        1277        -0.63243-1.02641-0.03777
GRID        1278        -0.57760-1.01602-0.00450
GRID        1279        -0.55641-1.062690.028981
GRID        1280        -0.71085-0.98960-0.10674
GRID        1281        -0.48578-1.110870.099861
GRID        1282        -0.74675-1.04609-0.10419
GRID        1283        -0.68865-1.03699-0.07062
GRID        1284        -0.66728-1.08350-0.03722
GRID        1285        -0.58904-1.122790.029029
GRID        1286        -0.53427-1.112640.063227
GRID        1287        -0.51693-1.171820.097953
GRID        1288        -0.70000-1.13990-0.03565
GRID        1289        -0.64364-1.12940-0.00432
GRID        1290        -0.62131-1.179460.027937
GRID        1291        -0.78123-1.10414-0.10000
GRID        1292        -0.55031-1.230660.093621
GRID        1293        -0.81246-1.15894-0.09525
GRID        1294        -0.75550-1.14844-0.06599
GRID        1295        -0.73176-1.19439-0.03430
GRID        1296        -0.65484-1.234880.025590
GRID        1297        -0.59980-1.228530.058172
GRID        1298        -0.58421-1.285870.087818
GRID        1299        -0.76237-1.24879-0.03235
GRID        1300        -0.70728-1.24001-0.00400
GRID        1301        -0.68649-1.288680.023894
GRID        1302        -0.84180-1.21318-0.08968
GRID        1303        -0.61698-1.338310.082170
GRID        1304        -0.86868-1.26502-0.08380
GRID        1305        -0.81473-1.25443-0.05912
GRID        1306        -0.79094-1.29965-0.03055
GRID        1307        -0.71782-1.339950.021630
GRID        1308        -0.66569-1.334630.049936
GRID        1309        -0.65005-1.388570.075860
GRID        1310        -0.81831-1.34920-0.02858
GRID        1311        -0.76682-1.34305-0.00399
GRID        1312        -0.74724-1.388310.019638
GRID        1313        -0.89357-1.31486-0.07774
GRID        1314        -0.68130-1.434890.069794
GRID        1315        -0.91608-1.36240-0.07148
GRID        1316        -0.86618-1.35262-0.05115
GRID        1317        -0.84324-1.39535-0.02650
GRID        1318        -0.77613-1.435170.017577
GRID        1319        -0.72801-1.431550.041656
GRID        1320        -0.71279-1.480240.063549
GRID        1321        -0.86658-1.43868-0.02454
GRID        1322        -0.81985-1.43459-0.00403
GRID        1323        -0.80202-1.477030.015768
GRID        1324        -0.93740-1.40803-0.06547
GRID        1325        -0.74223-1.521310.057589
GRID        1326        -0.95684-1.45200-0.05935
GRID        1327        -0.91084-1.44258-0.04296
GRID        1328        -0.88892-1.48098-0.02247
GRID        1329        -0.82810-1.517120.013524
GRID        1330        -0.78572-1.516930.033444
GRID        1331        -0.77123-1.559710.051433
GRID        1332        -0.91005-1.52107-0.02052
GRID        1333        -0.86708-1.51642-0.00389
GRID        1334        -0.85212-1.555550.011926
GRID        1335        -0.97527-1.49368-0.05370
GRID        1336        -0.79869-1.596290.045931
GRID        1337        -0.99323-1.53379-0.04848
GRID        1338        -0.95138-1.52484-0.03566
GRID        1339        -0.93121-1.55933-0.01905
GRID        1340        -0.87464-1.593290.010875
GRID        1341        -0.83720-1.593090.026714
GRID        1342        -0.82445-1.632160.041382
GRID        1343        -0.95044-1.59681-0.01707
GRID        1344        -0.91056-1.59220-0.00355
GRID        1345        -0.89709-1.628910.009451
GRID        1346        -1.00926-1.57185-0.04330
GRID        1347        -0.85001-1.664810.036372
GRID        1348        -1.02410-1.60750-0.03853
GRID        1349        -0.98736-1.59876-0.02916
GRID        1350        -0.96848-1.63061-0.01555
GRID        1351        -0.92032-1.662070.007354
GRID        1352        -0.88622-1.662100.020162
GRID        1353        -0.87642-1.696120.030930
GRID        1354        -0.98447-1.66271-0.01376
GRID        1355        -0.94902-1.65991-0.00303
GRID        1356        -0.93930-1.692430.006373
GRID        1357        -1.03815-1.64220-0.03391
GRID        1358        -0.89998-1.725420.026633
GRID        1359        -1.04921-1.67290-0.02960
GRID        1360        -1.01625-1.66339-0.02292
GRID        1361        -0.99850-1.69169-0.01207
GRID        1362        -0.95764-1.722340.005564
GRID        1363        -0.93068-1.723500.014616
GRID        1364        -0.92138-1.753560.023221
GRID        1365        -1.01384-1.71472-0.01188
GRID        1366        -0.98338-1.71328-0.00377
GRID        1367        -0.97542-1.743960.003666
GRID        1368        -1.06170-1.70448-0.02561
GRID        1369        -0.94315-1.779840.019484
GRID        1370        -1.07123-1.73514-0.02134
GRID        1371        -1.03986-1.72301-0.01680
GRID        1372        -1.02627-1.74371-0.00984
GRID        1373        -1.00096-1.76581-5.35E-5
GRID        1374        -1.02695-1.77410-0.00515
GRID        1375        -0.97775-1.773400.007349
GRID        1376        -0.97126-1.800200.012942
GRID        1377        -1.08248-1.76380-0.01797
GRID        1378        -0.99064-1.824220.010251
GRID        1379        -1.09101-1.79388-0.01404
GRID        1380        -1.06126-1.78182-0.01104
GRID        1381        -1.03929-1.80199-0.00387
GRID        1382        -1.05438-1.83070-0.00320
GRID        1383        -1.02082-1.822550.002519
GRID        1384        -1.01003-1.850460.007872
GRID        1385        -1.10132-1.81980-0.01122
GRID        1386        -1.02783-1.872100.005441
GRID        1387        -1.10934-1.84535-0.00830
GRID        1388        -1.08148-1.83533-0.00669
GRID        1389        -1.06591-1.85422-0.00262
GRID        1390        -1.07595-1.87391-0.00231
GRID        1391        -1.04916-1.869110.001105
GRID        1392        -1.04035-1.890360.003934
GRID        1393        -1.11894-1.86910-0.00585
GRID        1394        -1.05691-1.910120.001607
GRID        1395        -1.09534-1.88271-0.00342
GRID        1396        -1.07977-1.89693-0.00147
GRID        1397        -1.10031 1.905080.001982
GRID        1398        -1.12576 1.870380.001607
GRID        1399        -1.10290 1.88358-0.00147
GRID        1400        -1.08280 1.88995-0.00342
GRID        1401        -1.05922 1.90358-0.00585
GRID        1402        -1.08488 1.86876-0.00231
GRID        1403        -1.04345 1.88339-0.00830
GRID        1404        -1.11692 1.846150.003934
GRID        1405        -1.09412 1.843150.001105
GRID        1406        -1.10737 1.826180.005441
GRID        1407        -1.07284 1.85022-0.00262
GRID        1408        -1.04870 1.85425-0.00669
GRID        1409        -1.02533 1.86367-0.01122
GRID        1410        -1.05824 1.82847-0.00320
GRID        1411        -1.00804 1.84178-0.01404
GRID        1412        -1.09753 1.799940.007872
GRID        1413        -1.08450 1.770040.010251
GRID        1414        -1.06797 1.795330.002519
GRID        1415        -1.04092 1.80104-0.00387
GRID        1416        -1.01247 1.80999-0.01104
GRID        1417        -0.98625 1.81936-0.01797
GRID        1418        -1.02294 1.77642-0.00515
GRID        1419        -1.02875 1.74976-5.35E-5
GRID        1420        -0.99696 1.76063-0.00984
GRID        1421        -0.96706 1.79528-0.02134
GRID        1422        -1.07339 1.741240.012942
GRID        1423        -1.06982 1.706710.019484
GRID        1424        -1.04693 1.733460.007349
GRID        1425        -1.02261 1.716720.003666
GRID        1426        -0.97223 1.76205-0.01680
GRID        1427        -0.94527 1.77170-0.02561
GRID        1428        -0.97807 1.73537-0.01188
GRID        1429        -0.99205 1.70828-0.00377
GRID        1430        -1.01277 1.690510.005564
GRID        1431        -0.96579 1.71058-0.01207
GRID        1432        -0.92417 1.74510-0.02960
GRID        1433        -1.05794 1.674720.023221
GRID        1434        -1.04426 1.642120.026633
GRID        1435        -1.02725 1.667740.014616
GRID        1436        -0.99604 1.659680.006373
GRID        1437        -0.93240 1.71179-0.02292
GRID        1438        -0.90311 1.72017-0.03391
GRID        1439        -0.94771 1.68393-0.01376
GRID        1440        -0.96300 1.65183-0.00303
GRID        1441        -0.92790 1.65404-0.01555
GRID        1442        -0.97922 1.628060.007354
GRID        1443        -0.88008 1.69065-0.03853
GRID        1444        -1.03067 1.607070.030930
GRID        1445        -1.01676 1.568530.036372
GRID        1446        -0.99630 1.598550.020162
GRID        1447        -0.96213 1.591360.009451
GRID        1448        -0.89089 1.65446-0.02916
GRID        1449        -0.85663 1.65997-0.04330
GRID        1450        -0.90765 1.62152-0.01707
GRID        1451        -0.92360 1.58467-0.00355
GRID        1452        -0.88481 1.58612-0.01905
GRID        1453        -0.94250 1.554110.010875
GRID        1454        -0.83168 1.62707-0.04848
GRID        1455        -1.00127 1.530080.041382
GRID        1456        -0.98308 1.489840.045931
GRID        1457        -0.96105 1.521590.026714
GRID        1458        -0.92108 1.515730.011926
GRID        1459        -0.84485 1.58635-0.03566
GRID        1460        -0.80592 1.59146-0.05370
GRID        1461        -0.86225 1.54867-0.02052
GRID        1462        -0.87971 1.50913-0.00389
GRID        1463        -0.83810 1.51032-0.02247
GRID        1464        -0.89981 1.475720.013524
GRID        1465        -0.77904 1.55465-0.05935
GRID        1466        -0.96513 1.447770.051433
GRID        1467        -0.94637 1.403450.057589
GRID        1468        -0.92083 1.438920.033444
GRID        1469        -0.87813 1.433090.015768
GRID        1470        -0.79388 1.51010-0.04296
GRID        1471        -0.75069 1.51583-0.06547
GRID        1472        -0.81264 1.46982-0.02454
GRID        1473        -0.83246 1.42731-0.00403
GRID        1474        -0.78678 1.42794-0.02650
GRID        1475        -0.85483 1.389730.017577
GRID        1476        -0.72183 1.47455-0.07148
GRID        1477        -0.92553 1.357420.063549
GRID        1478        -0.90200 1.307470.069794
GRID        1479        -0.87575 1.346260.041656
GRID        1480        -0.82869 1.341290.019638
GRID        1481        -0.73830 1.42645-0.05115
GRID        1482        -0.69191 1.43129-0.07774
GRID        1483        -0.75928 1.38328-0.02858
GRID        1484        -0.77970 1.33562-0.00399
GRID        1485        -0.73005 1.33480-0.03055
GRID        1486        -0.80151 1.291630.021630
GRID        1487        -0.66119 1.38481-0.08380
GRID        1488        -0.87751 1.257250.075860
GRID        1489        -0.82297 1.243830.049936
GRID        1490        -0.85051 1.203480.082170
GRID        1491        -0.77278 1.238860.023894
GRID        1492        -0.67899 1.33279-0.05912
GRID        1493        -0.62974 1.33562-0.08968
GRID        1494        -0.70029 1.28463-0.03235
GRID        1495        -0.72024 1.23254-0.00400
GRID        1496        -0.66849 1.23093-0.03430
GRID        1497        -0.74201 1.184560.025590
GRID        1498        -0.59744 1.28308-0.09525
GRID        1499        -0.82148 1.148880.087818
GRID        1500        -0.76403 1.133710.058172
GRID        1501        -0.79063 1.091910.093621
GRID        1502        -0.71078 1.127800.027937
GRID        1503        -0.61682 1.22851-0.06599
GRID        1504        -0.56559 1.22864-0.10000
GRID        1505        -0.63718 1.17617-0.03565
GRID        1506        -0.65626 1.12211-0.00432
GRID        1507        -0.60469 1.11964-0.03722
GRID        1508        -0.67784 1.071520.029029
GRID        1509        -0.53256 1.16975-0.10419
GRID        1510        -0.75635 1.033590.097953
GRID        1511        -0.69644 1.019020.063227
GRID        1512        -0.719150.9761360.099861
GRID        1513        -0.64211 1.013220.028981
GRID        1514        -0.55373 1.11489-0.07062
GRID        1515        -0.50159 1.11042-0.10674
GRID        1516        -0.57268 1.06090-0.03777
GRID        1517        -0.54124 1.00284-0.03824
GRID        1518        -0.59109 1.00823-0.00450
GRID        1519        -0.608460.9564320.029583
GRID        1520        -0.46965 1.04658-0.10840
GRID        1521        -0.679940.9164270.101596
GRID        1522        -0.511250.945429-0.03798
GRID        1523        -0.493610.997656-0.07196
GRID        1524        -0.442480.987548-0.10803
GRID        1525        -0.625210.9075770.064187
GRID        1526        -0.643450.8638690.101714
GRID        1527        -0.575510.9018300.029614
GRID        1528        -0.531660.896363-0.00166
GRID        1529        -0.486010.890033-0.03491
GRID        1530        -0.546510.8486030.032026
GRID        1531        -0.414810.924409-0.10643
GRID        1532        -0.602670.8083800.100137
GRID        1533        -0.459570.834694-0.03273
GRID        1534        -0.440870.882774-0.06853
GRID        1535        -0.392950.866423-0.10186
GRID        1536        -0.565180.7583750.098379
GRID        1537        -0.556080.8022150.063553
GRID        1538        -0.514480.7954450.032098
GRID        1539        -0.479160.803004-0.00173
GRID        1540        -0.436300.794431-0.03443
GRID        1541        -0.487360.7574080.028606
GRID        1542        -0.370270.808671-0.09772
GRID        1543        -0.526150.7101320.094216
GRID        1544        -0.414720.742533-0.02881
GRID        1545        -0.397690.772743-0.05822
GRID        1546        -0.353580.753949-0.08894
GRID        1547        -0.482600.6672410.080953
GRID        1548        -0.479760.7065930.051086
GRID        1549        -0.448810.7116290.018903
GRID        1550        -0.409980.690066-0.00553
GRID        1551        -0.332860.701897-0.08399
GRID        1552        -0.447250.6236960.076695
GRID        1553        -0.360000.674686-0.04462
GRID        1554        -0.388500.647008-0.00094
GRID        1555        -0.317400.655357-0.07559
GRID        1556        -0.408250.5775760.070330
GRID        1557        -0.403460.6139750.036524
GRID        1558        -0.355820.597232-0.00177
GRID        1559        -0.298430.607786-0.06851
GRID        1560        -0.376280.5376470.066851
GRID        1561        -0.326120.552572-0.00117
GRID        1562        -0.314930.583437-0.03541
GRID        1563        -0.273160.560627-0.06692
GRID        1564        -0.337940.5265140.032246
GRID        1565        -0.345550.4987380.063676
GRID        1566        -0.298400.511932-0.00038
GRID        1567        -0.253220.518568-0.06187
GRID        1568        -0.317620.4613400.061267
GRID        1569        -0.273010.4695820.002658
GRID        1570        -0.263180.494460-0.02938
GRID        1571        -0.230460.474674-0.06001
GRID        1572        -0.292260.4225470.060737
GRID        1573        -0.284020.4475580.032358
GRID        1574        -0.250230.4292690.002672
GRID        1575        -0.212350.436140-0.05759
GRID        1576        -0.270130.3864330.059061
GRID        1577        -0.251930.3481800.061621
GRID        1578        -0.245120.3678260.034347
GRID        1579        -0.231450.3835900.003861
GRID        1580        -0.220010.405822-0.02560
GRID        1581        -0.193360.390559-0.05567
GRID        1582        -0.219090.3419710.003452
GRID        1583        -0.177720.354932-0.05954
GRID        1584        -0.219420.3116750.017937
GRID        1585        -0.205410.327632-0.01486
GRID        1586        -0.235410.3132840.060676
GRID        1587        -0.212500.2774450.018878
GRID        1588        -0.222200.2940780.038103
GRID        1589        -0.222630.2824400.064354
GRID        1590        -0.192090.291054-0.02810
GRID        1591        -0.188160.323423-0.03901
GRID        1592        -0.159770.320609-0.06794
GRID        1593        -0.144430.289332-0.07489
GRID        1594        -0.208080.2570410.016868
GRID        1595        -0.203370.275749-0.00451
GRID        1596        -0.187670.270650-0.03233
GRID        1597        -0.209150.2499840.064064
GRID        1598        -0.197170.2257830.070341
GRID        1599        -0.205870.2341620.046463
GRID        1600        -0.200070.2081280.033104
GRID        1601        -0.205920.2358700.027655
GRID        1602        -0.200280.2321620.001636
GRID        1603        -0.157690.267242-0.06554
GRID        1604        -0.127310.269694-0.08204
GRID        1605        -0.111790.241396-0.08745
GRID        1606        -0.191470.239069-0.02251
GRID        1607        -0.193650.215395-0.01367
GRID        1608        -0.177010.256207-0.04612
GRID        1609        -0.163550.234471-0.06117
GRID        1610        -0.133070.231899-0.08234
GRID        1611        -0.192290.1864770.047000
GRID        1612        -0.195890.1861420.025920
GRID        1613        -0.184550.1959770.070560
GRID        1614        -0.194400.186810-0.00081
GRID        1615        -0.186560.193153-0.02809
GRID        1616        -0.174570.205114-0.04946
GRID        1617        -0.152990.217456-0.07149
GRID        1618        -1.09683 1.882390.008776
GRID        1619        -1.12029 1.868900.011460
GRID        1620        -1.05841 1.90850-0.00195
GRID        1621        -1.08086 1.895550.004605
GRID        1622        -1.07768 1.872730.007070
GRID        1623        -1.04209 1.88863-0.00419
GRID        1624        -1.11056 1.845190.014623
GRID        1625        -1.10760 1.822250.017662
GRID        1626        -1.08930 1.837500.014491
GRID        1627        -1.05099 1.862080.002442
GRID        1628        -1.02960 1.86591-0.00468
GRID        1629        -1.06836 1.848180.009070
GRID        1630        -1.06290 1.826690.011694
GRID        1631        -1.01227 1.84404-0.00678
GRID        1632        -1.09748 1.796170.021402
GRID        1633        -1.06655 1.792370.018930
GRID        1634        -1.07978 1.772770.024292
GRID        1635        -1.04210 1.805070.010638
GRID        1636        -0.98526 1.81919-0.01222
GRID        1637        -1.01603 1.811890.001043
GRID        1638        -1.01873 1.778120.009325
GRID        1639        -0.99433 1.761650.004566
GRID        1640        -1.02373 1.752910.016670
GRID        1641        -0.96588 1.79522-0.01508
GRID        1642        -1.06786 1.744450.028126
GRID        1643        -1.04147 1.737210.024963
GRID        1644        -1.06551 1.709780.034207
GRID        1645        -1.01828 1.720030.022743
GRID        1646        -0.97017 1.76319-0.00547
GRID        1647        -0.94401 1.77312-0.01973
GRID        1648        -0.97488 1.738140.002749
GRID        1649        -0.98791 1.711230.014704
GRID        1650        -0.96205 1.713760.003736
GRID        1651        -1.00782 1.694280.025831
GRID        1652        -0.92267 1.74665-0.02331
GRID        1653        -1.05292 1.678200.039044
GRID        1654        -1.03899 1.645180.044129
GRID        1655        -1.02242 1.671130.035399
GRID        1656        -0.99086 1.663010.028333
GRID        1657        -0.92988 1.71418-0.01095
GRID        1658        -0.90169 1.72123-0.02721
GRID        1659        -0.94380 1.686750.003086
GRID        1660        -0.95778 1.655660.017838
GRID        1661        -0.92368 1.657200.002174
GRID        1662        -0.97348 1.631870.030630
GRID        1663        -0.87847 1.69182-0.03142
GRID        1664        -1.02465 1.610560.049585
GRID        1665        -1.00865 1.574070.055292
GRID        1666        -0.98926 1.603480.043446
GRID        1667        -0.95438 1.597170.033255
GRID        1668        -0.88818 1.65584-0.01537
GRID        1669        -0.85495 1.66052-0.03547
GRID        1670        -0.90315 1.624180.001956
GRID        1671        -0.87949 1.590000.000379
GRID        1672        -0.91688 1.590260.019071
GRID        1673        -0.93347 1.561400.035411
GRID        1674        -0.82984 1.62770-0.04023
GRID        1675        -0.99223 1.536150.061329
GRID        1676        -0.97358 1.495170.067729
GRID        1677        -0.95129 1.527920.052268
GRID        1678        -0.91167 1.522240.038163
GRID        1679        -0.84040 1.58776-0.02084
GRID        1680        -0.80254 1.59268-0.04594
GRID        1681        -0.85502 1.55333-0.00104
GRID        1682        -0.82867 1.51430-0.00295
GRID        1683        -0.86956 1.515500.019618
GRID        1684        -0.88793 1.481700.040410
GRID        1685        -0.77544 1.55600-0.05130
GRID        1686        -0.95468 1.453650.074244
GRID        1687        -0.90781 1.444600.061420
GRID        1688        -0.93306 1.409450.080789
GRID        1689        -0.86341 1.439180.042832
GRID        1690        -0.78707 1.51321-0.02842
GRID        1691        -0.74666 1.51807-0.05769
GRID        1692        -0.80235 1.47495-0.00497
GRID        1693        -0.81801 1.433430.019716
GRID        1694        -0.77479 1.43328-0.00716
GRID        1695        -0.83802 1.396250.044834
GRID        1696        -0.71756 1.47694-0.06350
GRID        1697        -0.86055 1.354780.070993
GRID        1698        -0.81283 1.350360.047947
GRID        1699        -0.91115 1.364040.087544
GRID        1700        -0.88847 1.316700.094583
GRID        1701        -0.73048 1.43076-0.03645
GRID        1702        -0.68747 1.43373-0.06961
GRID        1703        -0.74672 1.38891-0.00888
GRID        1704        -0.76370 1.343580.020400
GRID        1705        -0.71812 1.34179-0.01006
GRID        1706        -0.78591 1.302280.050852
GRID        1707        -0.65650 1.38740-0.07554
GRID        1708        -0.80808 1.256790.080781
GRID        1709        -0.75665 1.251330.053401
GRID        1710        -0.86296 1.267080.101280
GRID        1711        -0.83545 1.215110.107806
GRID        1712        -0.67136 1.33837-0.04354
GRID        1713        -0.62580 1.33918-0.08082
GRID        1714        -0.68869 1.29284-0.01126
GRID        1715        -0.70415 1.241520.022015
GRID        1716        -0.65657 1.23857-0.01240
GRID        1717        -0.72529 1.196620.056045
GRID        1718        -0.59319 1.28682-0.08633
GRID        1719        -0.69141 1.139870.057724
GRID        1720        -0.74595 1.148510.088867
GRID        1721        -0.80547 1.161070.113776
GRID        1722        -0.77215 1.104000.118974
GRID        1723        -0.60996 1.23396-0.04832
GRID        1724        -0.56182 1.23103-0.08959
GRID        1725        -0.62533 1.18269-0.01227
GRID        1726        -0.64013 1.130360.023872
GRID        1727        -0.59338 1.12585-0.01239
GRID        1728        -0.65887 1.083360.060047
GRID        1729        -0.52841 1.17236-0.09375
GRID        1730        -0.62324 1.026580.060014
GRID        1731        -0.67597 1.035250.093234
GRID        1732        -0.73707 1.046140.123123
GRID        1733        -0.700280.9900300.125199
GRID        1734        -0.54751 1.11838-0.04963
GRID        1735        -0.49812 1.11212-0.09449
GRID        1736        -0.56152 1.06651-0.01131
GRID        1737        -0.53073 1.01236-0.01196
GRID        1738        -0.57605 1.020140.024743
GRID        1739        -0.590470.9735760.060096
GRID        1740        -0.46562 1.04861-0.09622
GRID        1741        -0.555920.9191740.059190
GRID        1742        -0.603750.9252460.093117
GRID        1743        -0.660600.9305950.126240
GRID        1744        -0.623210.8778310.125248
GRID        1745        -0.434900.989378-0.09888
GRID        1746        -0.48344 1.00068-0.05225
GRID        1747        -0.496290.955274-0.01483
GRID        1748        -0.468690.902009-0.01325
GRID        1749        -0.514940.9142910.025472
GRID        1750        -0.525000.8678210.059562
GRID        1751        -0.406710.926541-0.09737
GRID        1752        -0.493670.8163390.059495
GRID        1753        -0.534680.8211970.090852
GRID        1754        -0.582370.8223720.122462
GRID        1755        -0.547100.7731650.119771
GRID        1756        -0.425710.885033-0.05057
GRID        1757        -0.384240.867508-0.09136
GRID        1758        -0.441010.845986-0.01016
GRID        1759        -0.418290.801364-0.00853
GRID        1760        -0.460810.8186070.026891
GRID        1761        -0.467240.7738610.058675
GRID        1762        -0.361050.810046-0.08751
GRID        1763        -0.434400.7311890.051301
GRID        1764        -0.465830.7297420.080703
GRID        1765        -0.508470.7246920.114055
GRID        1766        -0.470650.6848940.104728
GRID        1767        -0.381200.770397-0.03416
GRID        1768        -0.344300.751395-0.07337
GRID        1769        -0.396610.7455620.001138
GRID        1770        -0.393990.7021370.025662
GRID        1771        -0.323520.699377-0.06953
GRID        1772        -0.399340.6502130.062434
GRID        1773        -0.365970.6620280.017751
GRID        1774        -0.436010.6409420.098318
GRID        1775        -0.401520.6045640.087803
GRID        1776        -0.299480.644020-0.06915
GRID        1777        -0.334000.660150-0.02473
GRID        1778        -0.336210.6100320.013353
GRID        1779        -0.281860.595672-0.06293
GRID        1780        -0.341050.5675630.047516
GRID        1781        -0.311950.5640230.010260
GRID        1782        -0.371480.5635240.081818
GRID        1783        -0.341090.5210520.075161
GRID        1784        -0.287360.560102-0.02606
GRID        1785        -0.261510.549684-0.06316
GRID        1786        -0.289780.5190120.008394
GRID        1787        -0.243770.506408-0.05910
GRID        1788        -0.265070.4746380.004010
GRID        1789        -0.288580.4791600.037716
GRID        1790        -0.315200.4824760.070346
GRID        1791        -0.286940.4401160.066024
GRID        1792        -0.245200.469955-0.02520
GRID        1793        -0.221920.462360-0.05814
GRID        1794        -0.241300.4316880.005903
GRID        1795        -0.202080.424776-0.05481
GRID        1796        -0.212850.3912880.007305
GRID        1797        -0.234390.3950340.035060
GRID        1798        -0.263610.4046890.064487
GRID        1799        -0.235670.3640920.064645
GRID        1800        -0.197620.397371-0.02716
GRID        1801        -0.180220.394031-0.05889
GRID        1802        -0.186190.3633740.005192
GRID        1803        -0.157840.362293-0.05801
GRID        1804        -0.137350.335933-0.05912
GRID        1805        -0.149050.344088-0.03170
GRID        1806        -0.163340.349875-0.01058
GRID        1807        -0.179680.3432110.025194
GRID        1808        -0.138210.326432-0.01045
GRID        1809        -0.123630.313327-0.00957
GRID        1810        -0.140280.3177500.012374
GRID        1811        -0.155480.3151740.034630
GRID        1812        -0.182130.3264720.046917
GRID        1813        -0.141110.3019460.037306
GRID        1814        -0.213680.3323550.067518
GRID        1815        -0.195110.3010650.073724
GRID        1816        -0.105080.2935510.004046
GRID        1817        -0.105960.300526-0.02120
GRID        1818        -0.104750.300079-0.04134
GRID        1819        -0.084320.281392-0.02947
GRID        1820        -0.115150.308431-0.06030
GRID        1821        -0.099510.285977-0.06777
GRID        1822        -0.116130.2912720.026261
GRID        1823        -0.134050.2871240.048528
GRID        1824        -0.094650.2806740.016513
GRID        1825        -0.119420.2701130.055859
GRID        1826        -0.146580.2795240.063091
GRID        1827        -0.066260.2636050.004183
GRID        1828        -0.076600.2617360.029394
GRID        1829        -0.092540.2576140.051112
GRID        1830        -0.106590.2491380.067528
GRID        1831        -0.175060.2724060.078429
GRID        1832        -0.164590.2529870.082662
GRID        1833        -0.141420.2444630.081391
GRID        1834        -0.174070.2349290.086801
GRID        1835        -0.138490.2211440.088702
GRID        1836        -0.128240.2396460.080695
GRID        1837        -0.067560.261989-0.04522
GRID        1838        -0.064950.264642-0.02286
GRID        1839        -0.079720.259981-0.06937
GRID        1840        -0.157660.2073170.089414
GRID        1841        -0.24629-0.04287-0.03889
GRID        1842        -0.24629-0.04287-0.11389
GRID        1843        -0.03345-0.24775-0.12537
GRID        1844        -0.03345-0.24775-0.06981
GRID        1845        -0.22865-0.10108-0.04492
GRID        1846        -0.24260-0.06037-0.00603
GRID        1847        -0.24435-0.052820.109517
GRID        1848        -0.24435-0.052820.034516
GRID        1849        -0.21438-0.128600.109517
GRID        1850        -0.22436-0.110260.028478
GRID        1851        -0.19466-0.156860.113401
GRID        1852        -0.21131-0.133580.072917
GRID        1853        -0.13641-0.209490.124724
GRID        1854        -0.18061-0.172850.124724
GRID        1855        -0.17651-0.177030.088125
GRID        1856        -0.22105-0.11677-0.11389
GRID        1857        -0.09387-0.23170-0.12537
GRID        1858        -0.22213-0.11469-0.07579
GRID        1859        -0.20377-0.14483-0.11190
GRID        1860        -0.21337-0.13028-0.04294
GRID        1861        -0.02114-0.249100.068582
GRID        1862        -0.02114-0.249100.119402
GRID        1863        -0.03661-0.247300.131257
GRID        1864        -0.09152-0.232640.131257
GRID        1865        -0.05739-0.243320.100659
GRID        1866        -0.20600-0.14163-0.02580
GRID        1867        -0.19708-0.15381-0.05666
GRID        1868        -0.12258-0.21788-0.11862
GRID        1869        -0.09643-0.23065-0.09400
GRID        1870        -0.07266-0.23920-0.08105
GRID        1871        -0.03999-0.24678-0.05011
GRID        1872        -0.02365-0.24887-0.02717
GRID        1873        -0.02365-0.248870.016444
GRID        1874        -0.02415-0.248830.044476
GRID        1875        -0.04511-0.245890.064696
GRID        1876        -0.20642-0.141020.002576
GRID        1877        -0.21070-0.134550.043132
GRID        1878        -0.19019-0.162250.047016
GRID        1879        -0.16359-0.189030.081667
GRID        1880        -0.17908-0.174440.070344
GRID        1881        -0.14346-0.204740.094367
GRID        1882        -0.11756-0.220630.119644
GRID        1883        -0.09937-0.229400.100901
GRID        1884        -0.18482-0.16834-0.11787
GRID        1885        -0.14341-0.20477-0.11787
GRID        1886        -0.18639-0.16660-0.07977
GRID        1887        -0.07645-0.238020.099169
GRID        1888        -0.06148-0.242320.087314
GRID        1889        -0.023370.2489050.028234
GRID        1890        -0.023370.248905-0.01548
GRID        1891        -0.039730.2468220.051562
GRID        1892        -0.039730.2468220.106944
GRID        1893        -0.080390.2367210.088323
GRID        1894        -0.104120.2272850.101024
GRID        1895        -0.041740.2464890.131380
GRID        1896        -0.024110.248834-0.04386
GRID        1897        -0.060560.242552-0.08644
GRID        1898        -0.044260.246050-0.06332
GRID        1899        -0.020310.249173-0.06766
GRID        1900        -0.020310.249173-0.11856
GRID        1901        -0.076310.238068-0.09895
GRID        1902        -0.056560.243518-0.09964
GRID        1903        -0.036580.247309-0.13108
GRID        1904        -0.099340.229414-0.09970
GRID        1905        -0.101370.2285230.131380
GRID        1906        -0.122380.2179970.119644
GRID        1907        -0.143110.2049810.117913
GRID        1908        -0.091500.232653-0.13108
GRID        1909        -0.117580.220623-0.11862
GRID        1910        -0.159260.192706-0.08478
GRID        1911        -0.138990.207799-0.09773
GRID        1912        -0.131860.212395-0.12911
GRID        1913        -0.209080.137056-0.00798
GRID        1914        -0.208800.1374820.020046
GRID        1915        -0.204640.1436030.064591
GRID        1916        -0.194560.1569900.087208
GRID        1917        -0.228250.1019910.067201
GRID        1918        -0.216260.1254130.043200
GRID        1919        -0.231160.0951880.022656
GRID        1920        -0.184530.1686620.117913
GRID        1921        -0.210720.1345210.119296
GRID        1922        -0.209360.136632-0.03874
GRID        1923        -0.199900.150128-0.06168
GRID        1924        -0.225610.107695-0.03126
GRID        1925        -0.176880.176665-0.12911
GRID        1926        -0.182990.170334-0.10567
GRID        1927        -0.213290.130410-0.10601
GRID        1928        -0.246520.0415360.022904
GRID        1929        -0.243770.055458-0.00024
GRID        1930        -0.243880.054963-0.03101
GRID        1931        -0.242020.0626500.119296
GRID        1932        -0.246520.0415360.097904
GRID        1933        -0.243880.054963-0.10601
GRID        1934        0.1203340.158029-0.15000
GRID        1935        0.1673090.104738-0.15000
GRID        1936         0.000000.200000-0.15000
GRID        1937        0.0664170.180895-0.15000
GRID        1938        -0.055010.187243-0.15000
GRID        1939        0.200000 0.00000-0.15000
GRID        1940        0.1883920.052604-0.15000
GRID        1941        0.190113-0.04872-0.15000
GRID        1942        -0.107290.166013-0.15000
GRID        1943        -0.151470.129838-0.15000
GRID        1944        0.169753-0.10009-0.15000
GRID        1945        0.127637-0.15284-0.15000
GRID        1946        -0.174190.076067-0.15000
GRID        1947        -0.20000 0.00000-0.15000
GRID        1948        0.072996-0.17647-0.15000
GRID        1949         0.00000-0.20000-0.15000
GRID        1950        -0.17620-0.07336-0.15000
GRID        1951        -0.15423-0.12640-0.15000
GRID        1952        -0.11311-0.16264-0.15000
GRID        1953        -0.06008-0.18461-0.15000
GRID        1954        0.1699890.0996290.150000
GRID        1955        0.1278360.1526800.150000
GRID        1956        0.0731260.1763780.150000
GRID        1957         0.000000.2000000.150000
GRID        1958        -0.059870.1847280.150000
GRID        1959        0.1902800.0483270.150000
GRID        1960        0.200000 0.000000.150000
GRID        1961        0.188596-0.052160.150000
GRID        1962        -0.112900.1627610.150000
GRID        1963        -0.154050.1266480.150000
GRID        1964        0.167577-0.104230.150000
GRID        1965        0.120666-0.157790.150000
GRID        1966        -0.20000 0.000000.150000
GRID        1967        -0.176020.0736150.150000
GRID        1968        -0.15141-0.129910.150000
GRID        1969        -0.17413-0.076130.150000
GRID        1970        0.066685-0.180720.150000
GRID        1971         0.00000-0.200000.150000
GRID        1972        -0.10727-0.166020.150000
GRID        1973        -0.05500-0.187240.150000
GRID        1974        -0.18572-0.14473-0.03367
GRID        1975        -0.17128-0.15310-0.06572
GRID        1976        -0.18942-0.14235-0.00437
GRID        1977        -0.18329-0.145890.032800
GRID        1978        -0.14612-0.172730.082669
GRID        1979        -0.17154-0.158060.057089
GRID        1980        -0.09202-0.206670.094165
GRID        1981        -0.12325-0.188520.092843
GRID        1982        -0.13272-0.18318-0.09367
GRID        1983        -0.10158-0.20101-0.09177
GRID        1984        -0.07618-0.21287-0.08133
GRID        1985        -0.05135-0.22721-0.05616
GRID        1986        -0.03495-0.23164-0.03178
GRID        1987        -0.02880-0.235190.005256
GRID        1988        -0.03255-0.233180.034255
GRID        1989        -0.04693-0.224920.066122
GRID        1990        -0.14059-0.20671-0.06624
GRID        1991        -0.14059-0.20671-0.03663
GRID        1992        -0.12500-0.21650-0.05764
GRID        1993        -0.10250-0.22801-0.04468
GRID        1994        -0.15772-0.19396-0.02052
GRID        1995        -0.14301-0.20505-0.01191
GRID        1996        -0.17267-0.18078-0.04238
GRID        1997        -0.17478-0.17874-0.01766
GRID        1998        -0.17531-0.178220.010711
GRID        1999        -0.16318-0.189390.034039
GRID        2000        -0.06874-0.24036-0.00797
GRID        2001        -0.08443-0.23531-0.03091
GRID        2002        -0.10775-0.22558-0.01425
GRID        2003        -0.06923-0.240220.020058
GRID        2004        -0.09182-0.232520.024637
GRID        2005        -0.07126-0.239620.045169
GRID        2006        -0.10775-0.225580.014824
GRID        2007        -0.12500-0.216500.001046
GRID        2008        -0.14301-0.205050.017157
GRID        2009        -0.14643-0.202620.047005
GRID        2010        -0.10966-0.224660.039935
GRID        2011        -0.10966-0.224660.069518
GRID        2012        -0.12500-0.216500.059705
GRID        2013        -0.16023-0.19189-0.06549
GRID        2014        -0.08715-0.234310.067787
GRID        2015        -0.171320.1531050.066122
GRID        2016        -0.092270.206530-0.09367
GRID        2017        -0.123290.188484-0.09177
GRID        2018        -0.146260.172419-0.08133
GRID        2019        -0.185660.1447870.034255
GRID        2020        -0.189280.1425440.005256
GRID        2021        -0.171090.158082-0.05616
GRID        2022        -0.183120.146097-0.03178
GRID        2023        -0.032480.233216-0.03367
GRID        2024        -0.028560.235227-0.00437
GRID        2025        -0.034700.2316870.032800
GRID        2026        -0.051120.2275290.057187
GRID        2027        -0.076040.2128980.082539
GRID        2028        -0.101640.2010090.092843
GRID        2029        -0.132970.1830330.094165
GRID        2030        -0.046950.224896-0.06572
GRID        2031        -0.066680.2409420.010711
GRID        2032        -0.082420.2360210.034039
GRID        2033        -0.089120.233576-0.02052
GRID        2034        -0.070220.239933-0.04238
GRID        2035        -0.067400.240742-0.01766
GRID        2036        -0.086070.234716-0.06549
GRID        2037        -0.108720.225120-0.03663
GRID        2038        -0.106070.226382-0.01191
GRID        2039        -0.108720.225120-0.06624
GRID        2040        -0.125000.216506-0.05764
GRID        2041        -0.125000.2165060.059705
GRID        2042        -0.102260.2281280.047005
GRID        2043        -0.106070.2263820.017157
GRID        2044        -0.125000.2165060.001046
GRID        2045        -0.141480.2061130.014824
GRID        2046        -0.141480.206113-0.01425
GRID        2047        -0.139730.2073020.039935
GRID        2048        -0.155450.1957880.024637
GRID        2049        -0.139730.2073020.069518
GRID        2050        -0.171890.1815320.045169
GRID        2051        -0.173410.1800720.020058
GRID        2052        -0.159340.1926390.067787
GRID        2053        -0.173780.179718-0.00797
GRID        2054        -0.161560.190777-0.03091
GRID        2055        -0.146210.202782-0.04468
GRID        2056        -0.13856-0.05744-0.10685
GRID        2057        -0.13856-0.05744-0.03185
GRID        2058        -0.05736-0.13859-0.03051
GRID        2059        -0.05736-0.13859-0.10685
GRID        2060        -0.10603-0.10609-0.10685
GRID        2061        -0.13848-0.057640.032550
GRID        2062        -0.13848-0.057640.107551
GRID        2063        -0.10442-0.107680.107537
GRID        2064        -0.10585-0.106280.000698
GRID        2065        -0.05716-0.138680.033883
GRID        2066        -0.05716-0.138680.107551
GRID        2067        -0.057380.1385890.030565
GRID        2068        -0.057380.1385890.106858
GRID        2069        -0.106050.1060790.106858
GRID        2070        -0.057230.138650-0.10740
GRID        2071        -0.057230.138650-0.03369
GRID        2072        -0.109080.102960-0.00055
GRID        2073        -0.104550.107552-0.10739
GRID        2074        -0.138570.0574200.031857
GRID        2075        -0.138510.057567-0.03240
GRID        2076        -0.138570.0574200.106858
GRID        2077        -0.138510.057567-0.10740
GRID        2078        -0.16092-0.13803-0.02139
GRID        2079        -0.15713-0.140210.016899
GRID        2080        -0.08576-0.18142-0.06743
GRID        2081        -0.05891-0.19692-0.04333
GRID        2082        -0.03948-0.208140.018952
GRID        2083        -0.04320-0.20599-0.01931
GRID        2084        -0.11516-0.164450.064075
GRID        2085        -0.14202-0.148940.040054
GRID        2086        -0.11840-0.16258-0.06236
GRID        2087        -0.14098-0.14954-0.05076
GRID        2088        -0.05939-0.196640.048256
GRID        2089        -0.08257-0.183260.058989
GRID        2090        -0.039130.208347-0.02072
GRID        2091        -0.042920.2061600.017576
GRID        2092        -0.057640.1976590.041255
GRID        2093        -0.084500.1821500.065276
GRID        2094        -0.117090.1633370.060190
GRID        2095        -0.059060.196839-0.05008
GRID        2096        -0.114860.164621-0.06580
GRID        2097        -0.082220.183466-0.06073
GRID        2098        -0.140400.1498770.049543
GRID        2099        -0.160320.1383780.020239
GRID        2100        -0.156590.140530-0.01802
GRID        2101        -0.141710.149119-0.04170
GRID        2102        0.249303-0.01864-0.10275
GRID        2103        0.246263-0.04306-0.10200
GRID        2104        0.249303-0.01864-0.13412
GRID        2105        0.244128-0.053860.082330
GRID        2106        0.248349-0.028680.095030
GRID        2107        0.248349-0.028680.125386
GRID        2108        0.228575-0.10125-0.02425
GRID        2109        0.228272-0.101940.004123
GRID        2110        0.226943-0.10486-0.05725
GRID        2111        0.233430-0.08950-0.08037
GRID        2112        0.217014-0.12411-0.04198
GRID        2113        0.240615-0.06785-0.13412
GRID        2114        0.238933-0.07355-0.11787
GRID        2115        0.223131-0.11274-0.11249
GRID        2116        0.228968-0.100360.044368
GRID        2117        0.235087-0.085050.067697
GRID        2118        0.219778-0.119150.031261
GRID        2119        0.233979-0.088050.086140
GRID        2120        0.236493-0.081060.125386
GRID        2121        0.223992-0.111030.110753
GRID        2122        0.190422-0.16198-0.00685
GRID        2123        0.187834-0.16498-0.03985
GRID        2124        0.191533-0.160670.033388
GRID        2125        0.184403-0.16880-0.11249
GRID        2126        0.150133-0.19990-0.07736
GRID        2127        0.183092-0.170220.110753
GRID        2128        0.143978-0.204370.072634
GRID        2129        0.112399-0.22330-0.10944
GRID        2130        0.116965-0.22095-0.03680
GRID        2131        0.069736-0.24007-0.03673
GRID        2132        0.111111-0.22395-0.00466
GRID        2133        0.113763-0.222610.036518
GRID        2134        0.102266-0.228120.113884
GRID        2135        0.066263-0.241050.036587
GRID        2136        0.038472-0.24702-0.10944
GRID        2137        0.034902-0.247550.113884
GRID        2138        0.038472-0.24702-0.05387
GRID        2139        0.031960-0.24794-0.02173
GRID        2140        0.031960-0.247940.021884
GRID        2141        0.034902-0.247550.063065
GRID        2142        0.141772-0.04899-0.05165
GRID        2143        0.141772-0.04899-0.10156
GRID        2144        0.141772-0.04899-0.00125
GRID        2145        0.113748-0.09778-0.10156
GRID        2146        0.139232-0.055800.062819
GRID        2147        0.139232-0.055800.112513
GRID        2148        0.113366-0.098220.010949
GRID        2149        0.108219-0.103860.112513
GRID        2150        0.058991-0.137910.038845
GRID        2151        0.065601-0.13489-0.02523
GRID        2152        0.065601-0.13489-0.10156
GRID        2153        0.058991-0.137910.112513
GRID        2154        0.0905800.119562-0.10639
GRID        2155        0.1030320.109015-0.05662
GRID        2156        0.1185220.091937-0.10023
GRID        2157        0.0812490.126089-0.01182
GRID        2158        0.1112060.100664-0.00566
GRID        2159        0.1016400.1103140.094243
GRID        2160        0.0479200.1421390.094566
GRID        2161        0.0479200.1421390.018274
GRID        2162        0.0367100.145439-0.03268
GRID        2163        0.0367100.145439-0.10639
GRID        2164        0.1443450.040797-0.10023
GRID        2165        0.1443450.040797-0.05033
GRID        2166        0.1443450.0407977.297E-5
GRID        2167        0.1343930.0666220.044873
GRID        2168        0.1394860.0551680.100307
GRID        2169        0.2446740.051327-0.08122
GRID        2170        0.2384930.074972-0.05779
GRID        2171        0.2381510.076053-0.07766
GRID        2172        0.2486060.026365-0.09417
GRID        2173        0.2330360.090521-0.03485
GRID        2174        0.2297220.098628-0.00860
GRID        2175        0.2259810.106924-0.02798
GRID        2176        0.2034210.145326-0.01958
GRID        2177        0.2083870.138112-0.04584
GRID        2178        0.2299230.0981600.019431
GRID        2179        0.2207420.1173570.058278
GRID        2180        0.2115320.1332450.037119
GRID        2181        0.1903260.1620990.019259
GRID        2182        0.2338610.0883690.064098
GRID        2183        0.2169670.1241990.081785
GRID        2184        0.2392550.0725040.086715
GRID        2185        0.1584720.1933560.066566
GRID        2186        0.1469540.2022490.009860
GRID        2187        0.1747890.1787430.112983
GRID        2188        0.1279440.2147800.103584
GRID        2189        0.0557280.2437100.048203
GRID        2190        0.0557280.2437100.103584
GRID        2191        0.0425510.246352-0.04049
GRID        2192        0.0425510.2463520.003224
GRID        2193        0.0963960.2306680.012189
GRID        2194        0.1358730.209853-0.03511
GRID        2195        0.1579060.193819-0.09372
GRID        2196        0.1089950.224989-0.09139
GRID        2197        0.0281650.248408-0.07133
GRID        2198        0.0700340.239990-0.06362
GRID        2199        0.0957380.230942-0.12223
GRID        2200        0.0281650.248408-0.12223
GRID        2201        0.2064710.140960-0.09372
GRID        2202        0.2370850.079315-0.12554
GRID        2203        0.2282070.102086-0.10212
GRID        2204        0.2486060.026365-0.12554
GRID        2205        0.2166920.1246780.112983
GRID        2206        0.2307730.0961450.118803
GRID        2207        0.2390950.0730320.117913
GRID        2208        0.2488010.0244530.117913
GRID        2209        0.2000000.016235-0.06739
GRID        2210        0.2000000.047229-0.04346
GRID        2211        0.2000000.0698310.018791
GRID        2212        0.2000000.065389-0.01955
GRID        2213        0.2000000.0468000.048207
GRID        2214        0.200000-0.017320.064096
GRID        2215        0.2000000.0201590.058973
GRID        2216        0.200000-0.048320.040318
GRID        2217        0.200000-0.07034-0.02109
GRID        2218        0.200000-0.065770.017320
GRID        2219        0.200000-0.02136-0.06229
GRID        2220        0.200000-0.04728-0.05062
GRID        2221        0.2250000.0236450.094165
GRID        2222        0.224898-0.012330.092877
GRID        2223        0.222399-0.040460.082608
GRID        2224        0.222399-0.069110.057813
GRID        2225        0.217997-0.085670.033087
GRID        2226        0.218213-0.08852-0.03351
GRID        2227        0.217997-0.09287-0.00420
GRID        2228        0.218241-0.07178-0.06572
GRID        2229        0.2182190.0884260.034145
GRID        2230        0.2180880.0926500.005145
GRID        2231        0.2180880.085468-0.03197
GRID        2232        0.2224520.069005-0.05632
GRID        2233        0.2224520.040379-0.08137
GRID        2234        0.2248780.012436-0.09180
GRID        2235        0.2118960.002025-0.09712
GRID        2236        0.236896-0.00920-0.09198
GRID        2237        0.234491-0.03436-0.09056
GRID        2238        0.2182540.0718170.066122
GRID        2239        0.211896-0.03458-0.09268
GRID        2240        0.249088-0.02133-0.01191
GRID        2241        0.249088-0.021330.017157
GRID        2242        0.249322-0.01840-0.06624
GRID        2243        0.249322-0.01840-0.03663
GRID        2244        0.246843-0.03960-0.02052
GRID        2245        0.242903-0.05914-0.04238
GRID        2246        0.242191-0.06199-0.01766
GRID        2247        0.246306-0.04281-0.06549
GRID        2248        0.248696-0.025500.047004
GRID        2249        0.245613-0.046620.034039
GRID        2250        0.242005-0.062710.010711
GRID        2251         2.182670.0397470.001607
GRID        2252         2.182680.013355-0.00147
GRID        2253         2.17814-0.00723-0.00342
GRID        2254         2.17816-0.03447-0.00585
GRID        2255         2.160830.005155-0.00231
GRID        2256         2.157270.0442110.003934
GRID        2257         2.15279-0.03803-0.00830
GRID        2258         2.143270.0259580.001105
GRID        2259         2.135200.0459220.005441
GRID        2260         2.138760.004000-0.00262
GRID        2261         2.13018-0.01892-0.00669
GRID        2262         2.12665-0.04387-0.01122
GRID        2263         2.112620.002229-0.00320
GRID        2264         2.107560.0505190.007872
GRID        2265         2.09905-0.04789-0.01404
GRID        2266         2.075150.0541830.010251
GRID        2267         2.088790.0272180.002519
GRID        2268         2.080210.000945-0.00387
GRID        2269         2.07373-0.02816-0.01104
GRID        2270         2.06873-0.05555-0.01797
GRID        2271         2.04990-0.00231-0.00515
GRID        2272         2.029710.016043-5.35E-5
GRID        2273         2.02323-0.01691-0.00984
GRID        2274         2.044650.0589580.012942
GRID        2275         2.03829-0.06013-0.02134
GRID        2276         2.012970.0731300.019484
GRID        2277         2.024690.0399380.007349
GRID        2278         1.998030.0272420.003666
GRID        2279         2.01210-0.03904-0.01680
GRID        2280         2.00697-0.06721-0.02561
GRID        2281         1.99191-0.02065-0.01188
GRID        2282         1.975440.005004-0.00377
GRID        2283         1.970410.0318290.005564
GRID        2284         1.96430-0.01888-0.01207
GRID        2285         1.979320.0788380.023221
GRID        2286         1.97338-0.07219-0.02960
GRID        2287         1.944250.0832970.026633
GRID        2288         1.957930.0557550.014616
GRID        2289         1.935340.0327570.006373
GRID        2290         1.94866-0.04840-0.02292
GRID        2291         1.94127-0.07796-0.03391
GRID        2292         1.93218-0.02122-0.01376
GRID        2293         1.912030.008073-0.00303
GRID        2294         1.89639-0.02343-0.01555
GRID        2295         1.899550.0340060.007354
GRID        2296         1.907100.0890530.030930
GRID        2297         1.90418-0.08314-0.03853
GRID        2298         1.866770.0962730.036372
GRID        2299         1.882530.0635540.020162
GRID        2300         1.859220.0375500.009451
GRID        2301         1.87825-0.05569-0.02916
GRID        2302         1.86589-0.08811-0.04330
GRID        2303         1.85810-0.02470-0.01707
GRID        2304         1.834170.007527-0.00355
GRID        2305         1.81603-0.02679-0.01905
GRID        2306         1.817150.0391790.010875
GRID        2307         1.825720.1020820.041382
GRID        2308         1.82492-0.09327-0.04848
GRID        2309         1.781780.1064550.045931
GRID        2310         1.798260.0715010.026714
GRID        2311         1.773210.0398120.011926
GRID        2312         1.79625-0.06150-0.03566
GRID        2313         1.78121-0.09777-0.05370
GRID        2314         1.77231-0.02760-0.02052
GRID        2315         1.746810.007292-0.00389
GRID        2316         1.72702-0.02934-0.02247
GRID        2317         1.727920.0414020.013524
GRID        2318         1.736370.1119470.051433
GRID        2319         1.73589-0.10265-0.05935
GRID        2320         1.688610.1178560.057589
GRID        2321         1.706560.0780070.033444
GRID        2322         1.680160.0439440.015768
GRID        2323         1.70473-0.06752-0.04296
GRID        2324         1.68809-0.10779-0.06547
GRID        2325         1.67922-0.03113-0.02454
GRID        2326         1.652320.007281-0.00403
GRID        2327         1.63003-0.03259-0.02650
GRID        2328         1.630960.0454370.017577
GRID        2329         1.638330.1228220.063549
GRID        2330         1.63792-0.11215-0.07148
GRID        2331         1.583300.1274210.069794
GRID        2332         1.603770.0852950.041656
GRID        2333         1.575930.0470250.019638
GRID        2334         1.60450-0.07383-0.05115
GRID        2335         1.58549-0.11642-0.07774
GRID        2336         1.57760-0.03408-0.02858
GRID        2337         1.546530.007435-0.00399
GRID        2338         1.52100-0.03515-0.03055
GRID        2339         1.519340.0483180.021630
GRID        2340         1.527570.1313210.075860
GRID        2341         1.52988-0.11979-0.08380
GRID        2342         1.488670.0908040.049936
GRID        2343         1.467500.1348280.082170
GRID        2344         1.459270.0498180.023894
GRID        2345         1.49373-0.07836-0.05912
GRID        2346         1.47155-0.12243-0.08968
GRID        2347         1.46267-0.03584-0.03235
GRID        2348         1.427530.007479-0.00400
GRID        2349         1.40026-0.03653-0.03430
GRID        2350         1.396860.0503240.025590
GRID        2351         1.405710.1369890.087818
GRID        2352         1.40990-0.12414-0.09525
GRID        2353         1.363840.0948130.058172
GRID        2354         1.340940.1387500.093621
GRID        2355         1.332100.0516580.027937
GRID        2356         1.37233-0.08006-0.06599
GRID        2357         1.34683-0.12450-0.10000
GRID        2358         1.33719-0.03626-0.03565
GRID        2359         1.299910.007290-0.00432
GRID        2360         1.27198-0.03613-0.03722
GRID        2361         1.266890.0512690.029029
GRID        2362         1.273290.1382270.097953
GRID        2363         1.27932-0.12366-0.10419
GRID        2364         1.230710.0936270.063227
GRID        2365         1.204930.1347350.099861
GRID        2366         1.198530.0494750.028981
GRID        2367         1.24239-0.07789-0.07062
GRID        2368         1.21245-0.12081-0.10674
GRID        2369         1.20511-0.03449-0.03777
GRID        2370         1.13911-0.03269-0.03824
GRID        2371         1.168700.007789-0.00450
GRID        2372         1.132530.0487310.029583
GRID        2373         1.133620.1306370.101596
GRID        2374         1.07439-0.02995-0.03798
GRID        2375         1.11080-0.07134-0.07196
GRID        2376         1.14120-0.11655-0.10840
GRID        2377         1.07648-0.11057-0.10803
GRID        2378         1.098590.0876610.064187
GRID        2379         1.069860.1253140.101714
GRID        2380         1.068770.0474980.029614
GRID        2381         1.042100.012249-0.00166
GRID        2382         1.01380-0.02411-0.03491
GRID        2383         1.008170.0489950.032026
GRID        2384         1.001410.1177410.100137
GRID        2385        0.952651-0.01934-0.03273
GRID        2386        0.984940-0.05958-0.06853
GRID        2387         1.00797-0.10296-0.10643
GRID        2388        0.946823-0.09290-0.10186
GRID        2389        0.9393630.1102740.098379
GRID        2390        0.9727790.0804730.063553
GRID        2391        0.9461180.0478340.032098
GRID        2392        0.9350030.013463-0.00173
GRID        2393        0.906147-0.01936-0.03443
GRID        2394        0.8996140.0433620.028606
GRID        2395        0.8780690.1005960.094216
GRID        2396        0.850414-0.01210-0.02881
GRID        2397        0.868062-0.04195-0.05822
GRID        2398        0.885466-0.08367-0.09772
GRID        2399        0.829733-0.07075-0.08894
GRID        2400        0.8191490.0843260.080953
GRID        2401        0.8518100.0621930.051086
GRID        2402        0.8406950.0328670.018903
GRID        2403        0.8026090.010027-0.00553
GRID        2404        0.7637640.0754850.076695
GRID        2405        0.764296-0.02557-0.04462
GRID        2406        0.7545760.012948-0.00094
GRID        2407        0.774294-0.06267-0.08399
GRID        2408        0.726260-0.05279-0.07559
GRID        2409        0.7043210.0647660.070330
GRID        2410        0.7334490.0424210.036524
GRID        2411        0.6951320.009539-0.00177
GRID        2412        0.6537570.0570460.066851
GRID        2413        0.6416060.006150-0.00117
GRID        2414        0.662737-0.01897-0.03541
GRID        2415        0.675577-0.04543-0.06851
GRID        2416        0.622100-0.04374-0.06692
GRID        2417        0.6249470.0294110.032246
GRID        2418        0.6046990.0498930.063676
GRID        2419        0.5925500.002464-0.00038
GRID        2420        0.5583440.0444000.061267
GRID        2421        0.5431800.0016470.002658
GRID        2422        0.559809-0.01930-0.02938
GRID        2423        0.575706-0.03998-0.06187
GRID        2424        0.526315-0.03774-0.06001
GRID        2425        0.5120680.0418330.060737
GRID        2426        0.5296100.0221960.032358
GRID        2427        0.4968770.0020780.002672
GRID        2428        0.4697260.0407220.059061
GRID        2429        0.4479250.0086490.003861
GRID        2430        0.461459-0.01237-0.02560
GRID        2431        0.483887-0.03416-0.05759
GRID        2432        0.434915-0.02782-0.05567
GRID        2433        0.4274980.0440890.061621
GRID        2434        0.4411080.0283690.034347
GRID        2435        0.4057040.0187580.003452
GRID        2436        0.3796310.0341890.017937
GRID        2437        0.3864450.014078-0.01486
GRID        2438        0.3890210.0472360.060676
GRID        2439        0.3465270.0453110.018878
GRID        2440        0.3657810.0453950.038103
GRID        2441        0.3559150.0515820.064354
GRID        2442        0.3266470.0516870.016868
GRID        2443        0.3404940.038256-0.00451
GRID        2444        0.3481080.020831-0.02810
GRID        2445        0.3741760.001246-0.03901
GRID        2446        0.3282280.027207-0.03233
GRID        2447        0.396240-0.02355-0.05954
GRID        2448        0.357542-0.02193-0.06794
GRID        2449        0.3012020.0573730.001636
GRID        2450        0.3072340.0604030.027655
GRID        2451        0.3210700.0561410.064064
GRID        2452        0.3057270.0612110.046463
GRID        2453        0.2802840.0692090.033104
GRID        2454        0.2941190.0578630.070341
GRID        2455        0.3027750.046284-0.02251
GRID        2456        0.2833630.060009-0.01367
GRID        2457        0.3103880.025193-0.04612
GRID        2458        0.2848360.024408-0.06117
GRID        2459        0.3102870.002949-0.06554
GRID        2460        0.2649200.048627-0.04946
GRID        2461        0.2648190.023769-0.07149
GRID        2462        0.322784-0.01958-0.07489
GRID        2463        0.297219-0.02459-0.08204
GRID        2464        0.267367-0.00070-0.08234
GRID        2465        0.2589830.074951-0.00081
GRID        2466        0.2605560.064990-0.02809
GRID        2467        0.2591490.0765750.025920
GRID        2468        0.2576430.0732960.047000
GRID        2469        0.2619970.0618370.070560
GRID        2470        0.264952-0.02388-0.08745
GRID        2471         2.178610.0086910.008776
GRID        2472         2.178660.0357540.011460
GRID        2473         2.18201-0.03764-0.00195
GRID        2474         2.18203-0.011720.004605
GRID        2475         2.16067-0.003060.007070
GRID        2476         2.153260.0391780.014623
GRID        2477         2.15664-0.04183-0.00419
GRID        2478         2.131920.0480780.017662
GRID        2479         2.135970.0246070.014491
GRID        2480         2.13810-0.020850.002442
GRID        2481         2.13072-0.04129-0.00468
GRID        2482         2.134750.0011430.009070
GRID        2483         2.113410.0071520.011694
GRID        2484         2.104270.0523590.021402
GRID        2485         2.10312-0.04536-0.00678
GRID        2486         2.085510.0274770.018930
GRID        2487         2.075160.0487320.024292
GRID        2488         2.08429-4.67E-50.010638
GRID        2489         2.06809-0.05633-0.01222
GRID        2490         2.07716-0.026030.001043
GRID        2491         2.04927-0.006810.009325
GRID        2492         2.02280-0.019700.004566
GRID        2493         2.029930.0101160.016670
GRID        2494         2.044660.0525650.028126
GRID        2495         2.03765-0.06113-0.01508
GRID        2496         2.025200.0333380.024963
GRID        2497         2.013470.0678670.034207
GRID        2498         1.998730.0218380.022743
GRID        2499         2.01206-0.04139-0.00547
GRID        2500         2.00757-0.06902-0.01973
GRID        2501         1.99272-0.024790.002749
GRID        2502         1.97593-6.08E-50.014704
GRID        2503         1.96518-0.023710.003736
GRID        2504         1.971200.0256540.025831
GRID        2505         1.979820.0727570.039044
GRID        2506         1.97398-0.07426-0.02331
GRID        2507         1.944260.0772000.044129
GRID        2508         1.958440.0498760.035399
GRID        2509         1.935640.0266120.028333
GRID        2510         1.94947-0.05178-0.01095
GRID        2511         1.94147-0.07972-0.02721
GRID        2512         1.93267-0.026010.003086
GRID        2513         1.912740.0016350.017838
GRID        2514         1.89702-0.028650.002174
GRID        2515         1.899980.0271300.030630
GRID        2516         1.907110.0820930.049585
GRID        2517         1.90439-0.08512-0.03142
GRID        2518         1.867510.0864760.055292
GRID        2519         1.883280.0549840.043446
GRID        2520         1.860380.0279420.033255
GRID        2521         1.87809-0.05872-0.01537
GRID        2522         1.86553-0.08984-0.03547
GRID        2523         1.85815-0.029930.001956
GRID        2524         1.81672-0.033330.000379
GRID        2525         1.83565-0.001080.019071
GRID        2526         1.818950.0277070.035411
GRID        2527         1.826460.0912270.061329
GRID        2528         1.82456-0.09518-0.04023
GRID        2529         1.781650.0955630.067729
GRID        2530         1.798870.0598860.052268
GRID        2531         1.774140.0284080.038163
GRID        2532         1.79524-0.06606-0.02084
GRID        2533         1.78057-0.10131-0.04594
GRID        2534         1.77274-0.03618-0.00104
GRID        2535         1.72576-0.03949-0.00295
GRID        2536         1.74724-0.004680.019618
GRID        2537         1.727160.0281290.040410
GRID        2538         1.736240.0999610.074244
GRID        2539         1.73525-0.10644-0.05130
GRID        2540         1.704970.0638910.061420
GRID        2541         1.687150.1033330.080789
GRID        2542         1.678070.0281520.042832
GRID        2543         1.70402-0.07497-0.02842
GRID        2544         1.68802-0.11240-0.05769
GRID        2545         1.67852-0.04261-0.00497
GRID        2546         1.65039-0.008280.019716
GRID        2547         1.62865-0.04565-0.00716
GRID        2548         1.628200.0276250.044834
GRID        2549         1.636870.1070610.087544
GRID        2550         1.63785-0.11704-0.06350
GRID        2551         1.603550.0678700.070993
GRID        2552         1.584530.1110910.094583
GRID        2553         1.575870.0287550.047947
GRID        2554         1.60432-0.08276-0.03645
GRID        2555         1.58538-0.12149-0.06961
GRID        2556         1.57619-0.04777-0.00888
GRID        2557         1.54542-0.010400.020400
GRID        2558         1.52109-0.04897-0.01006
GRID        2559         1.520770.0294750.050852
GRID        2560         1.528800.1138100.101280
GRID        2561         1.52978-0.12515-0.07554
GRID        2562         1.492450.0714210.080781
GRID        2563         1.470050.1159680.107806
GRID        2564         1.462010.0296130.053401
GRID        2565         1.49474-0.08776-0.04354
GRID        2566         1.47266-0.12762-0.08082
GRID        2567         1.46398-0.04998-0.01126
GRID        2568         1.42726-0.010940.022015
GRID        2569         1.40092-0.05067-0.01240
GRID        2570         1.398950.0298080.056045
GRID        2571         1.408250.1170280.113776
GRID        2572         1.41102-0.12968-0.08633
GRID        2573         1.342170.1167120.118974
GRID        2574         1.367610.0717620.088867
GRID        2575         1.332860.0288520.057724
GRID        2576         1.37363-0.08873-0.04832
GRID        2577         1.34701-0.12896-0.08959
GRID        2578         1.33691-0.04979-0.01227
GRID        2579         1.29899-0.010800.023872
GRID        2580         1.27170-0.04904-0.01239
GRID        2581         1.267660.0289270.060047
GRID        2582         1.274520.1152580.123123
GRID        2583         1.27950-0.12855-0.09375
GRID        2584         1.234540.0677820.093234
GRID        2585         1.207530.1114490.125199
GRID        2586         1.200670.0264570.060014
GRID        2587         1.24231-0.08502-0.04963
GRID        2588         1.21219-0.12467-0.09449
GRID        2589         1.20439-0.04696-0.01131
GRID        2590         1.14210-0.04654-0.01196
GRID        2591         1.17149-0.011180.024743
GRID        2592         1.138380.0245770.060096
GRID        2593         1.136220.1068030.126240
GRID        2594         1.14094-0.12106-0.09622
GRID        2595         1.103160.0602390.093117
GRID        2596         1.071830.1008040.125248
GRID        2597         1.073990.0218530.059190
GRID        2598         1.07428-0.11805-0.09888
GRID        2599         1.10834-0.08166-0.05225
GRID        2600         1.07544-0.04783-0.01483
GRID        2601         1.01551-0.04510-0.01325
GRID        2602         1.04927-0.011180.025472
GRID        2603         1.014060.0207600.059562
GRID        2604         1.003380.0931690.122462
GRID        2605         1.00576-0.11105-0.09737
GRID        2606        0.9431340.0872250.119771
GRID        2607        0.9785210.0524520.090852
GRID        2608        0.9538080.0193650.059495
GRID        2609        0.979316-0.07384-0.05057
GRID        2610        0.943405-0.10099-0.09136
GRID        2611        0.953152-0.04106-0.01016
GRID        2612        0.903151-0.03842-0.00853
GRID        2613        0.939344-0.010220.026891
GRID        2614        0.9038070.0177180.058675
GRID        2615        0.8818390.0780060.114055
GRID        2616        0.882048-0.09234-0.08751
GRID        2617        0.8284620.0651510.104728
GRID        2618        0.8648940.0385570.080703
GRID        2619        0.8504300.0106110.051301
GRID        2620        0.857789-0.05506-0.03416
GRID        2621        0.822877-0.07752-0.07337
GRID        2622        0.843981-0.029300.001138
GRID        2623        0.805067-0.009850.025662
GRID        2624        0.7730780.0571250.098318
GRID        2625        0.767438-0.06951-0.06953
GRID        2626        0.7627720.0207330.062434
GRID        2627        0.7243300.0454480.087803
GRID        2628        0.756322-0.014060.017751
GRID        2629        0.707482-0.06264-0.06915
GRID        2630        0.738710-0.04081-0.02473
GRID        2631        0.696411-0.013840.013353
GRID        2632        0.6737690.0399540.081818
GRID        2633        0.656803-0.05373-0.06293
GRID        2634        0.6620520.0115800.047516
GRID        2635        0.6217920.0348710.075161
GRID        2636        0.644437-0.011840.010260
GRID        2637        0.628747-0.03118-0.02606
GRID        2638        0.606798-0.04836-0.06316
GRID        2639        0.594369-0.008540.008394
GRID        2640        0.5754370.0317330.070346
GRID        2641        0.560449-0.04208-0.05910
GRID        2642        0.5246230.0284410.066024
GRID        2643        0.5592580.0103420.037716
GRID        2644        0.543591-0.007750.004011
GRID        2645        0.529596-0.02262-0.02520
GRID        2646        0.511376-0.03899-0.05814
GRID        2647        0.494507-0.006860.005903
GRID        2648        0.4822780.0259510.064487
GRID        2649        0.468911-0.03737-0.05481
GRID        2650        0.4331480.0220510.064645
GRID        2651        0.4593080.0054770.035060
GRID        2652        0.445293-0.011300.007305
GRID        2653        0.442945-0.02754-0.02716
GRID        2654        0.431351-0.04094-0.05889
GRID        2655        0.407789-0.020430.005192
GRID        2656        0.384675-0.03347-0.01058
GRID        2657        0.387072-0.015990.025194
GRID        2658        0.3946690.0188780.067518
GRID        2659        0.392677-0.04445-0.05801
GRID        2660        0.373801-0.005500.046917
GRID        2661        0.3582870.0184410.073724
GRID        2662        0.350691-0.022930.034630
GRID        2663        0.359605-0.04901-0.05912
GRID        2664        0.372518-0.04295-0.03170
GRID        2665        0.351806-0.04351-0.01045
GRID        2666        0.333166-0.04959-0.00957
GRID        2667        0.345320-0.037380.012374
GRID        2668        0.332051-0.028760.037306
GRID        2669        0.3234410.0154030.078429
GRID        2670        0.324689-0.05448-0.06030
GRID        2671        0.297422-0.05680-0.06777
GRID        2672        0.312255-0.05931-0.04134
GRID        2673        0.315370-0.012810.063091
GRID        2674        0.3013900.0160490.082662
GRID        2675        0.2824230.0002440.081391
GRID        2676        0.2904930.0332910.086801
GRID        2677        0.293635-0.031630.055859
GRID        2678        0.315685-0.027460.048528
GRID        2679        0.310315-0.045060.026261
GRID        2680        0.306763-0.055770.004046
GRID        2681        0.290398-0.058360.016513
GRID        2682        0.285854-0.06767-0.02947
GRID        2683        0.313248-0.05849-0.02120
GRID        2684        0.2583710.0328790.089414
GRID        2685        0.2607630.0093660.088702
GRID        2686        0.271659-0.008760.080695
GRID        2687        0.260671-0.07248-0.04522
GRID        2688        0.261664-0.07606-0.02286
GRID        2689        0.265015-0.06094-0.06937
GRID        2690        0.269058-0.032250.067528
GRID        2691        0.269373-0.048660.051112
GRID        2692        0.264971-0.064520.029394
GRID        2693        0.261420-0.074410.004183
GRID        2694        0.2425330.060643-0.00797
GRID        2695        0.2460020.044533-0.03091
GRID        2696        0.2426560.0601490.020058
GRID        2697        0.2472860.0367360.024637
GRID        2698        0.2431560.0580950.045169
GRID        2699        0.2492410.0194720.014824
GRID        2700        0.2493960.0173630.039935
GRID        2701        0.2465020.0416750.067787
GRID        2702        0.2493960.0173630.069518
GRID        2703        0.2487230.025237-0.04468
GRID        2704        0.2492410.019472-0.01425
GRID        2705         2.200000.0003560.001982
GRID        2706        -0.07780-0.18602-0.01410
GRID        2707        -0.12356-0.159600.008224
GRID        2708        -0.08527-0.181700.020645
GRID        2709        -0.10097-0.17264-0.00337
GRID        2710        -0.11608-0.16391-0.02653
GRID        2711        -0.076150.1869710.010102
GRID        2712        -0.084590.182100-0.02422
GRID        2713        -0.099310.173599-0.00054
GRID        2714        -0.114190.1650100.023134
GRID        2715        -0.122630.160139-0.01119
GRID        2716        0.2000000.025440-0.01409
GRID        2717        0.2000000.0169590.020581
GRID        2718        0.200000-0.00120-0.00332
GRID        2719        0.200000-0.027120.008349
GRID        2720        0.200000-0.01864-0.02632
GRID        2721        -0.12254-0.230350.059047
GRID        2722        -0.10694-0.237960.068861
GRID        2723        -0.18038-0.20370-0.00177
GRID        2724        -0.17810-0.20555-0.02649
GRID        2725        -0.17701-0.20504-0.04780
GRID        2726        -0.18736-0.22722-0.03393
GRID        2727        -0.16578-0.21799-0.03136
GRID        2728        -0.18846-0.22774-0.01262
GRID        2729        -0.16806-0.21614-0.00665
GRID        2730        -0.15056-0.22834-0.02276
GRID        2731        -0.15056-0.228340.006313
GRID        2732        -0.13441-0.23112-0.05266
GRID        2733        -0.14963-0.22077-0.06127
GRID        2734        -0.15998-0.24296-0.04739
GRID        2735        -0.17121-0.23000-0.06383
GRID        2736        -0.13216-0.23575-0.02781
GRID        2737        -0.11459-0.24414-0.01404
GRID        2738        -0.13216-0.235750.001257
GRID        2739        -0.09619-0.25155-0.01909
GRID        2740        -0.12093-0.26241-0.03266
GRID        2741        -0.11376-0.24316-0.03287
GRID        2742        -0.14158-0.25037-0.05245
GRID        2743        -0.08604-0.255590.006051
GRID        2744        -0.11078-0.26645-0.00751
GRID        2745        -0.08801-0.254820.031163
GRID        2746        -0.08778-0.253210.051258
GRID        2747        -0.10728-0.246150.055525
GRID        2748        -0.10532-0.246930.030414
GRID        2749        -0.10150-0.269230.036939
GRID        2750        -0.12289-0.238530.045712
GRID        2751        -0.10127-0.267620.057035
GRID        2752        -0.12043-0.252380.074637
GRID        2753        -0.10061-0.248630.073563
GRID        2754        -0.17313-0.211980.021369
GRID        2755        -0.18120-0.236020.010526
GRID        2756        -0.15564-0.224190.034335
GRID        2757        -0.14239-0.231470.049979
GRID        2758        -0.14028-0.253500.065569
GRID        2759        -0.13020-0.27765-0.01770
GRID        2760        -0.14650-0.26054-0.00611
GRID        2761        -0.12176-0.249690.007450
GRID        2762        -0.13933-0.241300.022748
GRID        2763        -0.13737-0.283200.003788
GRID        2764        -0.11795-0.272000.013976
GRID        2765        -0.13722-0.263330.038338
GRID        2766        -0.16997-0.248980.026961
GRID        2767        -0.15673-0.256260.042605
GRID        2768        -0.18873-0.25057-0.00160
GRID        2769        -0.17750-0.263530.014832
GRID        2770        -0.16490-0.25313-0.00106
GRID        2771        -0.18619-0.24226-0.05118
GRID        2772        -0.11730-0.276090.073180
GRID        2773        -0.19538-0.25423-0.02531
GRID        2774        -0.19844-0.27278-0.02611
GRID        2775        -0.18925-0.26081-0.05199
GRID        2776        -0.17919-0.25873-0.01829
GRID        2777        -0.19179-0.26913-0.00240
GRID        2778        -0.16304-0.26151-0.04819
GRID        2779        -0.17270-0.28543-0.03579
GRID        2780        -0.15124-0.27429-0.04004
GRID        2781        -0.16079-0.26614-0.02335
GRID        2782        -0.15166-0.28879-0.01344
GRID        2783        -0.18889-0.28093-0.04281
GRID        2784        -0.12005-0.287910.051065
GRID        2785        -0.13650-0.290670.028102
GRID        2786        -0.16563-0.276590.035958
GRID        2787        -0.14918-0.273820.058922
GRID        2788        -0.14845-0.301170.048685
GRID        2789        -0.16747-0.30262-0.01028
GRID        2790        -0.16796-0.27168-0.00186
GRID        2791        -0.15318-0.297030.006953
GRID        2792        -0.16514-0.307520.027537
GRID        2793        -0.19570-0.28839-0.00424
GRID        2794        -0.18141-0.282800.012991
GRID        2795        -0.18092-0.313730.004570
GRID        2796        -0.20773-0.30537-0.02478
GRID        2797        -0.19818-0.31352-0.04148
GRID        2798        -0.22091-0.34467-0.02875
GRID        2799        -0.20888-0.32770-0.00821
GRID        2800        -0.19543-0.31658-0.02307
GRID        2801        -0.17253-0.325490.046193
GRID        2802        -0.20738-0.355250.005779
GRID        2803        -0.17942-0.341290.018566
GRID        2804        -0.18681-0.359260.037223
GRID        2805        -0.23478-0.37973-0.02470
GRID        2806        -0.26523-0.41905-0.02590
GRID        2807        -0.24068-0.417510.004466
GRID        2808        -0.21399-0.392320.035552
GRID        2809        -0.23411-0.437440.033822
GRID        2810        -0.25877-0.438850.003561
GRID        2811        -0.29128-0.46065-0.02731
GRID        2812        -0.31668-0.50299-0.02925
GRID        2813        -0.28951-0.499440.002673
GRID        2814        -0.25668-0.477840.033340
GRID        2815        -0.30852-0.525820.004894
GRID        2816        -0.28136-0.522270.036824
GRID        2817        -0.34608-0.54381-0.02919
GRID        2818        -0.37303-0.59006-0.03201
GRID        2819        -0.33879-0.585430.003572
GRID        2820        -0.30123-0.567440.037665
GRID        2821        -0.36019-0.617810.007435
GRID        2822        -0.32595-0.613180.043026
GRID        2823        -0.40639-0.63998-0.03066
GRID        2824        -0.43610-0.67829-0.03731
GRID        2825        -0.39553-0.690490.008550
GRID        2826        -0.34933-0.668320.046650
GRID        2827        -0.36682-0.714520.056333
GRID        2828        -0.43600-0.72233-0.01381
GRID        2829        -0.40728-0.746350.033969
GRID        2830        -0.44381-0.770200.011448
GRID        2831        -0.47549-0.72387-0.04861
GRID        2832        -0.47539-0.76791-0.02511
GRID        2833        -0.51166-0.76735-0.05548
GRID        2834        -0.42144-0.795940.044759
GRID        2835        -0.38492-0.772100.067280
GRID        2836        -0.40341-0.823060.075659
GRID        2837        -0.49675-0.80928-0.02250
GRID        2838        -0.46516-0.811570.014056
GRID        2839        -0.44712-0.838680.044957
GRID        2840        -0.49049-0.854680.013634
GRID        2841        -0.54869-0.81797-0.05982
GRID        2842        -0.53377-0.85991-0.02683
GRID        2843        -0.58555-0.86730-0.06296
GRID        2844        -0.47430-0.894820.045047
GRID        2845        -0.43093-0.878820.076370
GRID        2846        -0.45803-0.932750.077641
GRID        2847        -0.56724-0.91055-0.02954
GRID        2848        -0.52396-0.905330.010927
GRID        2849        -0.55450-0.956900.009955
GRID        2850        -0.50484-0.946390.044075
GRID        2851        -0.60115-0.96795-0.02673
GRID        2852        -0.62162-0.92120-0.06318
GRID        2853        -0.65553-0.97859-0.06038
GRID        2854        -0.53392-1.003220.044004
GRID        2855        -0.48712-0.989580.077570
GRID        2856        -0.51557-1.047500.078590
GRID        2857        -0.63467-1.02481-0.02680
GRID        2858        -0.58802-1.013760.009886
GRID        2859        -0.61851-1.068080.010162
GRID        2860        -0.56442-1.057540.044280
GRID        2861        -0.67084-1.08166-0.02704
GRID        2862        -0.69093-1.03538-0.05886
GRID        2863        -0.72709-1.09222-0.05909
GRID        2864        -0.59623-1.118110.043393
GRID        2865        -0.54739-1.108070.077703
GRID        2866        -0.57809-1.167690.076827
GRID        2867        -0.70337-1.13817-0.02680
GRID        2868        -0.68397-1.180880.009293
GRID        2869        -0.65144-1.124370.009053
GRID        2870        -0.62916-1.174390.042284
GRID        2871        -0.73608-1.19319-0.02533
GRID        2872        -0.75863-1.14684-0.05610
GRID        2873        -0.79135-1.20186-0.05463
GRID        2874        -0.66283-1.229740.038322
GRID        2875        -0.61176-1.223040.072865
GRID        2876        -0.64412-1.280670.069498
GRID        2877        -0.76722-1.24728-0.02524
GRID        2878        -0.71511-1.234970.009385
GRID        2879        -0.74640-1.289720.008638
GRID        2880        -0.69412-1.284490.037576
GRID        2881        -0.79431-1.29758-0.02208
GRID        2882        -0.81912-1.25318-0.05086
GRID        2883        -0.84621-1.30349-0.04770
GRID        2884        -0.72625-1.335300.033412
GRID        2885        -0.67625-1.331480.065334
GRID        2886        -0.70650-1.381860.060798
GRID        2887        -0.82272-1.34653-0.02214
GRID        2888        -0.80213-1.386520.007728
GRID        2889        -0.77372-1.337570.007792
GRID        2890        -0.75357-1.383150.032565
GRID        2891        -0.84616-1.39358-0.01832
GRID        2892        -0.86998-1.35031-0.04359
GRID        2893        -0.89342-1.39735-0.03977
GRID        2894        -0.78334-1.429330.030849
GRID        2895        -0.73478-1.425960.055686
GRID        2896        -0.76490-1.472110.051642
GRID        2897        -0.87079-1.43616-0.01830
GRID        2898        -0.85014-1.473190.007840
GRID        2899        -0.82551-1.430600.007813
GRID        2900        -0.80708-1.473380.028606
GRID        2901        -0.89054-1.47930-0.01419
GRID        2902        -0.93412-1.48359-0.03164
GRID        2903        -0.91317-1.44049-0.03567
GRID        2904        -0.83386-1.513640.026396
GRID        2905        -0.79080-1.513840.047163
GRID        2906        -0.81828-1.553120.043096
GRID        2907        -0.91315-1.51854-0.01408
GRID        2908        -0.89469-1.554000.007759
GRID        2909        -0.87208-1.514770.007649
GRID        2910        -0.85649-1.554250.024349
GRID        2911        -0.95371-1.52276-0.02834
GRID        2912        -0.97188-1.56306-0.02488
GRID        2913        -0.93132-1.55884-0.01061
GRID        2914        -0.88056-1.591090.021607
GRID        2915        -0.86683-1.627580.035752
GRID        2916        -0.84276-1.590740.038494
GRID        2917        -0.95220-1.59537-0.01039
GRID        2918        -0.91557-1.590530.007978
GRID        2919        -0.93475-1.627300.007622
GRID        2920        -0.89974-1.627860.021251
GRID        2921        -0.98832-1.59779-0.02172
GRID        2922        -1.00519-1.63293-0.01964
GRID        2923        -0.96907-1.63051-0.00831
GRID        2924        -0.92452-1.660130.017613
GRID        2925        -0.91356-1.692900.027925
GRID        2926        -0.94150-1.691490.016788
GRID        2927        -0.88878-1.660640.031563
GRID        2928        -0.98666-1.66168-0.00802
GRID        2929        -0.95234-1.658470.007912
GRID        2930        -0.96933-1.689840.007088
GRID        2931        -1.01774-1.66277-0.01663
GRID        2932        -0.99956-1.69177-0.00576
GRID        2933        -1.03064-1.69286-0.01437
GRID        2934        -0.98523-1.712450.004961
GRID        2935        -0.96130-1.720560.014749
GRID        2936        -0.97720-1.743170.012621
GRID        2937        -0.95338-1.751460.022051
GRID        2938        -0.93359-1.722390.024091
GRID        2939        -1.01614-1.71409-0.00663
GRID        2940        -1.00181-1.734770.004088
GRID        2941        -1.04180-1.72258-0.01133
GRID        2942        -1.05137-1.75178-0.00828
GRID        2943        -1.02571-1.74329-0.00359
GRID        2944        -1.02769-1.772940.000300
GRID        2945        -1.00378-1.764420.007981
GRID        2946        -0.97996-1.772710.017411
GRID        2947        -1.00681-1.793230.011180
GRID        2948        -1.01648-1.821270.010485
GRID        2949        -1.06172-1.78081-0.00560
GRID        2950        -1.07169-1.81550-0.00241
GRID        2951        -1.03766-1.807630.003494
GRID        2952        -1.05487-1.835120.002662
GRID        2953        -1.03369-1.848760.009653
GRID        2954        -1.05078-1.863530.006633
GRID        2955        -1.08150-1.84001-0.00068
GRID        2956        -1.07742-1.868430.003285
GRID        2957        -1.09670-1.86117-0.00165
GRID        2958        -1.06190-1.882600.006032
GRID        2959        -1.08118-1.875340.001096
GRID        2960        -1.08030-1.896620.003398
GRID        2961        -1.10057-1.88416-0.00032
GRID        2962        -1.10237 1.883880.003398
GRID        2963        -1.09943 1.860930.006032
GRID        2964        -1.08144 1.89520-0.00032
GRID        2965        -1.08351 1.874000.001096
GRID        2966        -1.06347 1.88035-0.00165
GRID        2967        -1.07940 1.867290.003285
GRID        2968        -1.08848 1.841770.006633
GRID        2969        -1.08422 1.819580.009653
GRID        2970        -1.06182 1.831100.002662
GRID        2971        -1.05274 1.85662-0.00068
GRID        2972        -1.03643 1.83586-0.00241
GRID        2973        -1.06902 1.790930.010485
GRID        2974        -1.04662 1.802450.003494
GRID        2975        -1.04958 1.768540.011180
GRID        2976        -1.01137 1.80988-0.00560
GRID        2977        -1.02157 1.776470.000300
GRID        2978        -0.99139 1.78641-0.00828
GRID        2979        -0.99687 1.75994-0.00359
GRID        2980        -1.00145 1.734980.004088
GRID        2981        -1.02614 1.751510.007981
GRID        2982        -1.02103 1.717870.012621
GRID        2983        -1.04011 1.701390.022051
GRID        2984        -1.04522 1.735030.017411
GRID        2985        -0.97089 1.76351-0.01133
GRID        2986        -0.97637 1.73705-0.00663
GRID        2987        -0.95074 1.73899-0.01437
GRID        2988        -0.96533 1.71153-0.00576
GRID        2989        -0.99040 1.709460.004961
GRID        2990        -1.00940 1.692790.014749
GRID        2991        -0.97877 1.684380.007088
GRID        2992        -1.02484 1.669710.024091
GRID        2993        -0.99411 1.661120.016788
GRID        2994        -1.00931 1.637620.027925
GRID        2995        -0.94572 1.68532-0.00802
GRID        2996        -0.93112 1.71277-0.01663
GRID        2997        -0.91155 1.68698-0.01964
GRID        2998        -0.92752 1.65450-0.00831
GRID        2999        -0.96010 1.653990.007912
GRID        3000        -0.97545 1.630720.017613
GRID        3001        -0.94191 1.623170.007622
GRID        3002        -0.99376 1.600030.031563
GRID        3003        -0.95990 1.593130.021251
GRID        3004        -0.97611 1.564490.035752
GRID        3005        -0.88956 1.65481-0.02172
GRID        3006        -0.90552 1.62232-0.01039
GRID        3007        -0.86771 1.62321-0.02488
GRID        3008        -0.88433 1.58597-0.01061
GRID        3009        -0.93764 1.558140.021607
GRID        3010        -0.91965 1.588180.007978
GRID        3011        -0.89846 1.551830.007759
GRID        3012        -0.95623 1.525220.038494
GRID        3013        -0.91777 1.518870.024349
GRID        3014        -0.93590 1.485220.043096
GRID        3015        -0.84189 1.58732-0.02834
GRID        3016        -0.85851 1.55009-0.01408
GRID        3017        -0.81776 1.55077-0.03164
GRID        3018        -0.83584 1.51088-0.01419
GRID        3019        -0.89392 1.478970.026396
GRID        3020        -0.87578 1.512630.007649
GRID        3021        -0.85074 1.472840.007840
GRID        3022        -0.87244 1.435640.028606
GRID        3023        -0.91562 1.441770.047163
GRID        3024        -0.89243 1.398490.051642
GRID        3025        -0.80835 1.47221-0.01830
GRID        3026        -0.79091 1.51108-0.03567
GRID        3027        -0.76342 1.47241-0.03977
GRID        3028        -0.78379 1.42959-0.01832
GRID        3029        -0.82617 1.430220.007813
GRID        3030        -0.84616 1.393060.030849
GRID        3031        -0.79969 1.387920.007728
GRID        3032        -0.84347 1.302780.060798
GRID        3033        -0.86752 1.349330.055686
GRID        3034        -0.82106 1.344190.032565
GRID        3035        -0.73440 1.42858-0.04359
GRID        3036        -0.75477 1.38576-0.02214
GRID        3037        -0.70574 1.38459-0.04770
GRID        3038        -0.77151 1.338850.007792
GRID        3039        -0.72658 1.33669-0.02208
GRID        3040        -0.79327 1.296610.033412
GRID        3041        -0.74372 1.291270.008638
GRID        3042        -0.81496 1.251390.065334
GRID        3043        -0.78702 1.198160.069498
GRID        3044        -0.76533 1.243380.037576
GRID        3045        -0.67572 1.33597-0.05086
GRID        3046        -0.69656 1.28807-0.02524
GRID        3047        -0.64516 1.28626-0.05463
GRID        3048        -0.66529 1.23406-0.02533
GRID        3049        -0.73357 1.188900.038322
GRID        3050        -0.68068 1.182780.009293
GRID        3051        -0.71195 1.236790.009385
GRID        3052        -0.75330 1.141320.072865
GRID        3053        -0.72220 1.084490.076827
GRID        3054        -0.70247 1.132070.042284
GRID        3055        -0.63399 1.17822-0.02680
GRID        3056        -0.61387 1.23042-0.05610
GRID        3057        -0.58234 1.17579-0.05909
GRID        3058        -0.60132 1.12180-0.02704
GRID        3059        -0.64800 1.126350.009053
GRID        3060        -0.61573 1.069690.010162
GRID        3061        -0.67019 1.075410.043393
GRID        3062        -0.68592 1.028090.077703
GRID        3063        -0.649370.9702560.078590
GRID        3064        -0.63364 1.017570.044280
GRID        3065        -0.55119 1.11605-0.05886
GRID        3066        -0.57017 1.06205-0.02680
GRID        3067        -0.51972 1.05701-0.06038
GRID        3068        -0.53769 1.00460-0.02673
GRID        3069        -0.58393 1.016120.009886
GRID        3070        -0.601850.9640070.044004
GRID        3071        -0.551450.9586650.009955
GRID        3072        -0.613440.9166510.077570
GRID        3073        -0.578770.8630440.077641
GRID        3074        -0.567170.9103990.044075
GRID        3075        -0.458320.940755-0.06296
GRID        3076        -0.486970.998944-0.06318
GRID        3077        -0.504940.946530-0.02954
GRID        3078        -0.477810.892219-0.02683
GRID        3079        -0.522050.9064360.010927
GRID        3080        -0.537780.8581700.045047
GRID        3081        -0.494930.8521250.013634
GRID        3082        -0.545610.8126140.076370
GRID        3083        -0.502760.8065690.044957
GRID        3084        -0.434040.884170-0.05982
GRID        3085        -0.511080.7608990.075659
GRID        3086        -0.408710.826790-0.05548
GRID        3087        -0.452480.834839-0.02250
GRID        3088        -0.427330.795662-0.02511
GRID        3089        -0.470260.8086290.014056
GRID        3090        -0.445110.7694530.011448
GRID        3091        -0.478580.7629600.044759
GRID        3092        -0.476190.7194060.067280
GRID        3093        -0.442720.7258990.033969
GRID        3094        -0.389140.773731-0.04861
GRID        3095        -0.435380.6749370.056333
GRID        3096        -0.369370.716822-0.03731
GRID        3097        -0.407550.738753-0.01381
GRID        3098        -0.400210.6877910.008550
GRID        3099        -0.404110.6366990.046650
GRID        3100        -0.351040.671939-0.03066
GRID        3101        -0.354940.6208470.007435
GRID        3102        -0.368050.5888790.043026
GRID        3103        -0.324490.618089-0.03201
GRID        3104        -0.337600.5861210.003572
GRID        3105        -0.340800.5445970.037665
GRID        3106        -0.297910.571628-0.02919
GRID        3107        -0.301110.5301040.004894
GRID        3108        -0.311610.5048020.036824
GRID        3109        -0.277270.525753-0.02925
GRID        3110        -0.287770.5004510.002673
GRID        3111        -0.285480.4612160.033340
GRID        3112        -0.253290.482588-0.02731
GRID        3113        -0.250670.4435310.003561
GRID        3114        -0.261770.4214710.033822
GRID        3115        -0.230270.439226-0.02589
GRID        3116        -0.241230.4171990.004466
GRID        3117        -0.232760.3814890.035552
GRID        3118        -0.217720.3414180.037223
GRID        3119        -0.211470.393200-0.02470
GRID        3120        -0.203960.3572300.005779
GRID        3121        -0.188040.363656-0.02875
GRID        3122        -0.205850.3260330.018566
GRID        3123        -0.179350.344751-0.00821
GRID        3124        -0.181240.3135540.004570
GRID        3125        -0.195620.3121660.046193
GRID        3126        -0.183750.2967810.027537
GRID        3127        -0.186590.2791520.048685
GRID        3128        -0.160590.332587-0.02478
GRID        3129        -0.151900.313682-0.00424
GRID        3130        -0.176450.327546-0.02307
GRID        3131        -0.178340.296350-0.01028
GRID        3132        -0.137010.308246-0.02611
GRID        3133        -0.137170.300665-0.00240
GRID        3134        -0.172420.328400-0.04148
GRID        3135        -0.160840.292290-0.03579
GRID        3136        -0.148840.304058-0.04281
GRID        3137        -0.131240.294301-0.05199
GRID        3138        -0.174270.275743-0.01344
GRID        3139        -0.134470.284553-0.01829
GRID        3140        -0.122470.296322-0.02531
GRID        3141        -0.122630.288741-0.00160
GRID        3142        -0.116700.282377-0.05118
GRID        3143        -0.102990.277082-0.01262
GRID        3144        -0.103100.275876-0.03393
GRID        3145        -0.113800.2749450.010526
GRID        3146        -0.176570.2605720.003788
GRID        3147        -0.180640.2811780.006953
GRID        3148        -0.183480.2635500.028102
GRID        3149        -0.151300.281306-0.00186
GRID        3150        -0.156720.2817380.035958
GRID        3151        -0.154200.2985110.012991
GRID        3152        -0.139470.2854940.014832
GRID        3153        -0.130630.2716980.026961
GRID        3154        -0.143560.2638680.042605
GRID        3155        -0.136770.269382-0.00106
GRID        3156        -0.161920.268134-0.04004
GRID        3157        -0.175350.251587-0.01770
GRID        3158        -0.150090.272322-0.02335
GRID        3159        -0.086210.258071-0.00177
GRID        3160        -0.103150.253618-0.00665
GRID        3161        -0.097010.2559340.021369
GRID        3162        -0.149400.2482420.065569
GRID        3163        -0.162550.2661120.058922
GRID        3164        -0.159430.2505090.038338
GRID        3165        -0.180450.2396320.073180
GRID        3166        -0.189310.2479240.051065
GRID        3167        -0.158340.2304940.074637
GRID        3168        -0.181130.2215250.057035
GRID        3169        -0.088960.257023-0.02649
GRID        3170        -0.105890.252570-0.03136
GRID        3171        -0.089060.255817-0.04780
GRID        3172        -0.182410.2225260.036939
GRID        3173        -0.176580.2381520.013976
GRID        3174        -0.152380.257151-0.00611
GRID        3175        -0.175360.229167-0.00751
GRID        3176        -0.122460.244568-0.02276
GRID        3177        -0.146030.247801-0.05245
GRID        3178        -0.144950.271957-0.04819
GRID        3179        -0.130410.260033-0.04739
GRID        3180        -0.116370.239974-0.06127
GRID        3181        -0.132940.231971-0.05266
GRID        3182        -0.113580.263279-0.06383
GRID        3183        -0.166780.235935-0.03266
GRID        3184        -0.138080.232336-0.02781
GRID        3185        -0.153700.220105-0.03287
GRID        3186        -0.145130.2256950.045712
GRID        3187        -0.138210.2213050.059047
GRID        3188        -0.129260.2390540.049979
GRID        3189        -0.116330.2468840.034335
GRID        3190        -0.139300.2413210.022748
GRID        3191        -0.122460.2445680.006313
GRID        3192        -0.169750.209085-0.01909
GRID        3193        -0.154140.221316-0.01404
GRID        3194        -0.178330.2023180.006051
GRID        3195        -0.161180.2146750.030414
GRID        3196        -0.155350.2303010.007450
GRID        3197        -0.138080.2323360.001257
GRID        3198        -0.175390.2026310.051258
GRID        3199        -0.176670.2036320.031163
GRID        3200        -0.159530.2159890.055525
GRID        3201        -0.152610.2116000.068861
GRID        3202        -0.165010.2114550.073563
GRID        3203        0.2101580.1066680.012851
GRID        3204        0.1997170.1234070.051866
GRID        3205        0.1902860.134480-0.00483
GRID        3206        0.2154920.0958490.057687
GRID        3207        -0.008410.235611-0.03803
GRID        3208        -0.004970.2373500.004492
GRID        3209        -0.028660.233960-0.05749
GRID        3210        0.0335140.228368-0.03032
GRID        3211        0.0146300.2266040.042600
GRID        3212        0.0134490.2260070.098390
GRID        3213        0.0677750.2135840.051974
GRID        3214        0.0073370.2127820.008657
GRID        3215        0.0553800.2187640.006995
GRID        3216        -0.012200.2334240.043984
GRID        3217        -0.012200.2334240.099365
GRID        3218        0.0012450.2094310.047755
GRID        3219        0.0048490.228866-0.06122
GRID        3220        0.0467800.221624-0.05351
GRID        3221        -0.003560.214477-0.05105
GRID        3222        -0.015400.227215-0.08068
GRID        3223        0.0775240.183773-0.04778
GRID        3224        0.1020110.171911-0.10639
GRID        3225        0.1258800.152465-0.05011
GRID        3226        0.0328350.225693-0.08435
GRID        3227        0.0635790.187843-0.07862
GRID        3228        0.0404430.169882-0.06851
GRID        3229        0.0048490.228866-0.11212
GRID        3230        0.2118640.101975-0.02607
GRID        3231        0.2147930.093060-0.05158
GRID        3232        0.1902860.130038-0.04318
GRID        3233        0.2232430.071938-0.07580
GRID        3234        0.2221210.038974-0.10033
GRID        3235        0.1848390.061501-0.09914
GRID        3236        0.1855120.093122-0.07263
GRID        3237        0.2070920.075070-0.10083
GRID        3238        0.1753340.135015-0.06653
GRID        3239        0.1514650.154461-0.12280
GRID        3240        0.1212360.116124-0.07945
GRID        3241        0.1998410.098038-0.07492
GRID        3242        0.1984400.101171-0.12280
GRID        3243        0.2133920.065199-0.12339
GRID        3244        0.1391740.101239-0.12289
GRID        3245        0.2250000.012595-0.12339
GRID        3246        0.236896-0.00976-0.12215
GRID        3247        0.235505-0.02835-0.10628
GRID        3248        0.0997350.1722680.048151
GRID        3249        0.0873400.1774480.003172
GRID        3250        0.1356960.1461390.000843
GRID        3251        0.1451270.1350660.057549
GRID        3252        0.1185360.1610690.094566
GRID        3253        0.1461780.1100770.033593
GRID        3254        0.0588590.1606970.042957
GRID        3255        0.1639040.082848-0.04969
GRID        3256        0.1658330.063544-0.02029
GRID        3257        0.1639040.087290-0.01135
GRID        3258        0.1493420.088330-0.07262
GRID        3259        0.1639040.051854-0.07362
GRID        3260        0.1541900.125708-0.04395
GRID        3261        0.1510370.0877550.022998
GRID        3262        0.1509250.0893450.060181
GRID        3263        0.2154920.0728170.087103
GRID        3264        0.1544270.1266770.112983
GRID        3265        0.1565540.0786360.118161
GRID        3266        0.1702020.0991190.118803
GRID        3267        0.1560990.1034410.089295
GRID        3268        0.2152800.0733270.118300
GRID        3269        0.2250000.0250000.118300
GRID        3270        0.225000-0.012480.123423
GRID        3271        0.221709-0.040970.098809
GRID        3272        0.0543260.1875770.103584
GRID        3273        -0.011850.1832990.099503
GRID        3274        0.0134490.1760070.098390
GRID        3275        -0.072040.2186720.113808
GRID        3276        -0.069320.2204680.090391
GRID        3277        -0.030880.2256440.132428
GRID        3278        -0.040620.2130380.084456
GRID        3279        -0.069760.1936130.106077
GRID        3280        -0.031000.1758910.132496
GRID        3281        -0.039420.1688130.124181
GRID        3282        -0.093380.2088970.102072
GRID        3283        -0.131520.1838300.118300
GRID        3284        -0.098930.2026430.123386
GRID        3285        -0.090750.2103720.132428
GRID        3286        -0.048600.222451-0.08686
GRID        3287        -0.064530.218750-0.09937
GRID        3288        -0.028340.224103-0.11830
GRID        3289        -0.023500.202969-0.08042
GRID        3290        0.0419300.192757-0.01768
GRID        3291        -0.008410.185611-0.01522
GRID        3292        0.0048490.178866-0.03841
GRID        3293        -0.029760.175843-0.04318
GRID        3294        0.0134490.1760070.022097
GRID        3295        -0.012200.1834240.023072
GRID        3296        -0.030710.172736-0.00808
GRID        3297        -0.053530.164079-0.01881
GRID        3298        -0.047800.1888900.038846
GRID        3299        -0.035790.1597440.012814
GRID        3300        -0.038020.1585240.090922
GRID        3301        -0.081030.1697000.031372
GRID        3302        -0.074660.1733810.062867
GRID        3303        -0.066310.1782010.007693
GRID        3304        -0.089790.165711-0.00287
GRID        3305        0.0048490.178866-0.11212
GRID        3306        -0.028340.174103-0.11830
GRID        3307        0.0279850.196827-0.12223
GRID        3308        -0.036180.194647-0.13108
GRID        3309        -0.083360.211345-0.11830
GRID        3310        -0.116000.192500-0.12336
GRID        3311        -0.062340.161880-0.12592
GRID        3312        -0.137180.179351-0.10247
GRID        3313        0.1750000.043589-0.04955
GRID        3314        0.1750000.021800-0.02018
GRID        3315        0.1750000.003639-0.04409
GRID        3316        0.1750000.012595-0.07348
GRID        3317        0.208909-0.10937-0.01856
GRID        3318        0.210161-0.106700.021747
GRID        3319        0.175000-0.02500-0.06839
GRID        3320        0.223609-0.04359-0.10242
GRID        3321        0.1618960.049264-0.12423
GRID        3322        0.1753510.012651-0.12391
GRID        3323        0.175626-0.02511-0.11910
GRID        3324        0.187669-0.01057-0.12386
GRID        3325        0.198609-0.01859-0.13412
GRID        3326        0.207511-0.11183-0.05126
GRID        3327        0.207511-0.08876-0.08079
GRID        3328        0.215113-0.07372-0.11830
GRID        3329        0.1769180.0228810.032271
GRID        3330        0.175000-0.00484-0.00942
GRID        3331        0.175000-0.004840.040980
GRID        3332        0.1766810.0256340.066875
GRID        3333        0.175000-0.012480.073730
GRID        3334        0.175000-0.043480.049951
GRID        3335        0.1750000.0250000.118300
GRID        3336        0.175000-0.012480.123423
GRID        3337        0.195567-0.051800.104603
GRID        3338        0.169810-0.039120.080185
GRID        3339        0.195624-0.084000.080181
GRID        3340        0.219810-0.039120.129879
GRID        3341        0.169810-0.039120.129879
GRID        3342        0.216519-0.067620.105265
GRID        3343        0.218362-0.066470.087730
GRID        3344        0.186354-0.096950.043394
GRID        3345        0.184752-0.102510.003581
GRID        3346        0.186055-0.074490.010728
GRID        3347        0.196125-0.115040.014944
GRID        3348        0.180865-0.091340.072931
GRID        3349        0.164111-0.051810.042041
GRID        3350        0.175000-0.022280.017982
GRID        3351        0.210296-0.102300.060398
GRID        3352        0.205106-0.097940.090632
GRID        3353        0.196351-0.111030.053806
GRID        3354        0.208406-0.091280.129879
GRID        3355        0.163160-0.150590.015687
GRID        3356        0.177105-0.14645-0.01613
GRID        3357        -0.104350.1562400.020725
GRID        3358        -0.204260.1166790.013747
GRID        3359        -0.180950.1347540.087596
GRID        3360        -0.090880.1356680.046339
GRID        3361        -0.124670.1271490.075157
GRID        3362        -0.098460.1422810.048748
GRID        3363        -0.092080.1459610.080243
GRID        3364        -0.123700.1281080.038096
GRID        3365        -0.145910.1156220.046966
GRID        3366        -0.196740.1101660.087593
GRID        3367        -0.160150.1239380.087727
GRID        3368        -0.183300.1321720.065362
GRID        3369        -0.180130.1124950.057867
GRID        3370        -0.140820.1033010.075162
GRID        3371        -0.092450.1468230.124155
GRID        3372        -0.124680.1271360.118300
GRID        3373        -0.085110.1546500.132850
GRID        3374        -0.141930.1040720.119043
GRID        3375        -0.205530.0904740.066201
GRID        3376        -0.209660.1035620.036901
GRID        3377        -0.172670.1477180.118300
GRID        3378        -0.188460.1231300.118297
GRID        3379        -0.200530.118832-0.02452
GRID        3380        -0.106710.138381-0.05056
GRID        3381        -0.123890.128109-0.02616
GRID        3382        -0.088650.134329-0.01823
GRID        3383        -0.140740.117914-0.05667
GRID        3384        -0.082400.153666-0.07462
GRID        3385        -0.114100.133618-0.08077
GRID        3386        -0.113820.134975-0.12391
GRID        3387        -0.140120.118526-0.09927
GRID        3388        -0.200750.118374-0.05528
GRID        3389        -0.160180.156325-0.12336
GRID        3390        -0.187030.140823-0.09927
GRID        3391        0.158995-0.09437-0.04033
GRID        3392        0.158995-0.06859-0.03388
GRID        3393        0.146686-0.09830-0.00921
GRID        3394        0.158995-0.07130-0.06986
GRID        3395        0.136100-0.14469-0.02892
GRID        3396        0.166506-0.11007-0.06405
GRID        3397        0.175000-0.02228-0.03242
GRID        3398        0.154641-0.07637-0.11830
GRID        3399        0.162152-0.11514-0.11249
GRID        3400        0.131991-0.14778-0.10156
GRID        3401        0.141392-0.104200.056604
GRID        3402        0.131343-0.150180.035147
GRID        3403        0.149047-0.090920.092391
GRID        3404        0.148790-0.091190.129879
GRID        3405        0.085629-0.147360.077947
GRID        3406        0.105882-0.191920.038017
GRID        3407        0.092122-0.143920.015885
GRID        3408        0.161495-0.144850.129879
GRID        3409        0.152741-0.157930.093052
GRID        3410        0.120923-0.157520.112513
GRID        3411        0.095462-0.199260.115383
GRID        3412        0.092655-0.17045-0.10944
GRID        3413        0.097009-0.16538-0.06100
GRID        3414        0.060474-0.214440.038086
GRID        3415        0.094369-0.17137-0.03114
GRID        3416        0.063337-0.213660.079267
GRID        3417        -0.187910.053618-0.03101
GRID        3418        -0.187690.054076-0.00024
GRID        3419        -0.166970.064404-0.02427
GRID        3420        -0.170050.0641770.011193
GRID        3421        -0.152850.0768150.006196
GRID        3422        -0.193090.0409590.022904
GRID        3423        -0.166510.0481000.046491
GRID        3424        -0.20000 0.000001.30E-18
GRID        3425        -0.212440.0495150.118297
GRID        3426        -0.165610.0508310.115253
GRID        3427        -0.193090.0409590.097904
GRID        3428        -0.20000 0.000000.075000
GRID        3429        -0.15851-0.044610.017840
GRID        3430        -0.16203-0.046960.095614
GRID        3431        -0.20433-0.043870.019498
GRID        3432        0.031697-0.19591-0.00096
GRID        3433        0.030106-0.171330.039992
GRID        3434        0.038014-0.19407-0.03310
GRID        3435        -0.187910.053618-0.10601
GRID        3436        -0.167460.064363-0.09927
GRID        3437        -0.20000 0.00000-0.07500
GRID        3438        -0.09159-0.13615-0.04700
GRID        3439        -0.03619-0.16080-0.01296
GRID        3440        -0.03824-0.15832-0.09159
GRID        3441        0.038014-0.19407-0.10944
GRID        3442        -0.13764-0.10926-0.11675
GRID        3443        -0.16202-0.05658-0.11315
GRID        3444        -0.13661-0.10865-0.07299
GRID        3445        -0.16347-0.05482-0.04113
GRID        3446        -0.19264-0.04224-0.03889
GRID        3447        -0.19264-0.04224-0.11389
GRID        3448        -0.20104-0.09732-0.08002
GRID        3449        -0.08919-0.137350.019054
GRID        3450        -0.13319-0.098840.052046
GRID        3451        -0.13573-0.09753-0.01369
GRID        3452        -0.00850-0.204550.064959
GRID        3453        0.034878-0.203040.070996
GRID        3454        0.014172-0.188580.074729
GRID        3455        0.006102-0.184500.031946
GRID        3456        -0.01599-0.171690.034468
GRID        3457        0.040663-0.229630.069497
GRID        3458        0.037799-0.230420.028316
GRID        3459        0.028617-0.168390.115238
GRID        3460        -0.07011-0.151150.068727
GRID        3461        -0.01614-0.171720.110405
GRID        3462        0.028776-0.218530.115383
GRID        3463        0.006102-0.234500.105613
GRID        3464        -0.01460-0.220050.109346
GRID        3465        -0.09204-0.14598-0.12336
GRID        3466        -0.09201-0.14601-0.08022
GRID        3467        -0.03900-0.16794-0.12336
GRID        3468        -0.07484-0.17327-0.06351
GRID        3469        -0.03152-0.19694-0.12627
GRID        3470        -0.04299-0.23099-0.07592
GRID        3471        -0.01215-0.23345-0.09927
GRID        3472        -0.00982-0.18549-0.10056
GRID        3473        -0.07216-0.21347-0.09874
GRID        3474        -0.04799-0.18878-0.03942
GRID        3475        -0.00932-0.18436-0.02326
GRID        3476        0.025855-0.22752-0.05871
GRID        3477        -0.01097-0.23311-0.04380
GRID        3478        0.003874-0.20080-0.01721
GRID        3479        -0.00492-0.23632-0.00463
GRID        3480        -0.00642-0.186010.015789
GRID        3481        0.023266-0.231510.011699
GRID        3482        -0.01957-0.206300.049808
GRID        3483        -0.00232-0.220100.044609
GRID        3484        -0.00843-0.235600.038177
GRID        3485        0.006102-0.234500.054794
GRID        3486        -0.17628-0.11746-0.05529
GRID        3487        -0.16900-0.06215-0.01598
GRID        3488        -0.20922-0.10483-0.05282
GRID        3489        -0.14607-0.11545-0.04701
GRID        3490        -0.17129-0.105540.005215
GRID        3491        -0.20216-0.12078-0.02012
GRID        3492        -0.19006-0.101690.013169
GRID        3493        -0.18542-0.05858-0.00603
GRID        3494        -0.18884-0.051620.109517
GRID        3495        -0.19317-0.095500.054015
GRID        3496        -0.14867-0.119310.012033
GRID        3497        -0.12234-0.12850-0.03931
GRID        3498        -0.12218-0.128650.025085
GRID        3499        -0.10517-0.15576-0.02261
GRID        3500        -0.16780-0.108250.044333
GRID        3501        -0.19981-0.122410.019445
GRID        3502        -0.20163-0.116410.058881
GRID        3503        -0.14064-0.117990.056915
GRID        3504        -0.13412-0.117840.121793
GRID        3505        -0.16106-0.065650.121007
GRID        3506        -0.17916-0.139170.120854
GRID        3507        -0.13320-0.116580.078458
GRID        3508        -0.15935-0.106910.065351
GRID        3509        -0.19386-0.114660.080370
GRID        3510        -0.16932-0.127790.071003
GRID        3511        -0.18326-0.145470.062766
GRID        3512        -0.17548-0.143720.084254
GRID        3513        -0.11381-0.135100.123987
GRID        3514        -0.11401-0.133720.080938
GRID        3515        -0.06237-0.158820.126199
GRID        3516        -0.14192-0.143770.096032
GRID        3517        -0.16007-0.156420.123386
GRID        3518        -0.11593-0.192530.123386
GRID        3519        -0.16043-0.158740.095577
GRID        3520        -0.14134-0.175990.098109
GRID        3521        -0.08258-0.16880-0.03421
GRID        3522        -0.09975-0.14154-0.05091
GRID        3523        -0.03104-0.172540.006289
GRID        3524        -0.04565-0.192590.039302
GRID        3525        -0.06688-0.17787-0.01019
GRID        3526        -0.10690-0.138530.049204
GRID        3527        -0.09004-0.166050.000610
GRID        3528        -0.06883-0.179210.050036
GRID        3529        -0.05376-0.165150.017106
GRID        3530        -0.12465-0.12716-0.07515
GRID        3531        -0.12468-0.12713-0.11830
GRID        3532        -0.15504-0.12918-0.08443
GRID        3533        -0.18460-0.12845-0.11613
GRID        3534        -0.17285-0.14747-0.11830
GRID        3535        -0.13173-0.18371-0.11830
GRID        3536        -0.09908-0.20256-0.12336
GRID        3537        -0.18596-0.12654-0.07803
GRID        3538        -0.19414-0.13405-0.05083
GRID        3539        -0.17421-0.14556-0.08020
GRID        3540        -0.08330-0.153400.078490
GRID        3541        -0.02929-0.174520.119590
GRID        3542        -0.04179-0.193980.079818
GRID        3543        -0.08335-0.211350.118300
GRID        3544        -0.02834-0.224100.118300
GRID        3545        -0.01496-0.232710.075014
GRID        3546        -0.03364-0.218000.081686
GRID        3547        -0.04819-0.222110.089396
GRID        3548        -0.02710-0.233400.059865
GRID        3549        -0.06456-0.218740.099557
GRID        3550        -0.03622-0.194630.131257
GRID        3551        -0.16573-0.156300.079100
GRID        3552        -0.16357-0.15756-0.02722
GRID        3553        -0.14705-0.17334-0.03008
GRID        3554        -0.14936-0.17200-0.06592
GRID        3555        -0.12446-0.18638-0.04168
GRID        3556        -0.10925-0.19673-0.06269
GRID        3557        -0.13183-0.18369-0.02147
GRID        3558        -0.10925-0.19673-0.03307
GRID        3559        -0.08623-0.20708-0.04974
GRID        3560        -0.07029-0.21124-0.02680
GRID        3561        -0.05459-0.22030-0.00278
GRID        3562        -0.05509-0.220200.025251
GRID        3563        -0.07794-0.213410.029830
GRID        3564        -0.07524-0.214970.068174
GRID        3565        -0.16406-0.157000.001150
GRID        3566        -0.14895-0.165720.024305
GRID        3567        -0.14933-0.17148-0.00536
GRID        3568        -0.13422-0.180210.017785
GRID        3569        -0.11672-0.192410.001675
GRID        3570        -0.13739-0.177470.047633
GRID        3571        -0.10112-0.200030.040564
GRID        3572        -0.11672-0.192410.060333
GRID        3573        -0.07597-0.214190.004718
GRID        3574        -0.09915-0.200800.015452
GRID        3575        -0.09168-0.20512-0.01930
GRID        3576        -0.11672-0.192410.030751
GRID        3577        -0.054720.220409-0.02655
GRID        3578        -0.053980.2205500.001827
GRID        3579        -0.073900.215039-0.00469
GRID        3580        -0.076640.213992-0.02940
GRID        3581        -0.093210.205989-0.02080
GRID        3582        -0.107940.1974880.031952
GRID        3583        -0.088620.2065380.018986
GRID        3584        -0.084670.2079190.048834
GRID        3585        -0.107940.1974880.002876
GRID        3586        -0.122330.1877830.041765
GRID        3587        -0.107940.1974880.061534
GRID        3588        -0.068710.2120490.025506
GRID        3589        -0.148540.1726500.068174
GRID        3590        -0.116370.192617-0.03145
GRID        3591        -0.099800.200620-0.04005
GRID        3592        -0.116370.192617-0.06106
GRID        3593        -0.132430.181597-0.01767
GRID        3594        -0.116370.192617-0.00237
GRID        3595        -0.074270.215358-0.06592
GRID        3596        -0.136840.177856-0.04811
GRID        3597        -0.148420.166136-0.02517
GRID        3598        -0.147300.1730080.006006
GRID        3599        -0.131250.1840280.021304
GRID        3600        -0.163290.157547-0.00149
GRID        3601        -0.162960.1579320.026538
GRID        3602        -0.145650.1743230.031117
GRID        3603        0.2250000.003639-0.03301
GRID        3604        0.2224520.028748-0.04967
GRID        3605        0.2250000.003639-0.06262
GRID        3606        0.2180880.044630-0.02673
GRID        3607        0.2234830.023052-0.01923
GRID        3608        0.223646-0.01471-0.04161
GRID        3609        0.211896-0.00612-0.06615
GRID        3610        0.235542-0.02811-0.06977
GRID        3611        0.225000-0.004840.030735
GRID        3612        0.223180-0.026090.017769
GRID        3613        0.225000-0.004840.001659
GRID        3614        0.2237940.0124810.040548
GRID        3615        0.225000-0.004840.060317
GRID        3616        0.2234830.0145720.015436
GRID        3617        0.2180880.062790-0.00282
GRID        3618        0.2234830.0412120.004670
GRID        3619        0.2237940.0391220.029781
GRID        3620        0.2182540.0623080.025202
GRID        3621        0.2237940.0423220.068174
GRID        3622        0.222399-0.030200.047617
GRID        3623        0.217997-0.046090.024289
GRID        3624        0.223180-0.04353-0.00522
GRID        3625        0.225000-0.02228-0.02133
GRID        3626        0.223646-0.04063-0.02994
GRID        3627        0.217997-0.063530.001290
GRID        3628        0.218241-0.06283-0.02708
GRID        3629        0.223646-0.04335-0.06592
GRID        3630         2.182670.0127440.003398
GRID        3631         2.161330.0216660.006032
GRID        3632         2.18201-0.01104-0.00032
GRID        3633         2.164680.0013420.001096
GRID        3634         2.16017-0.01918-0.00165
GRID        3635         2.156820.0011420.003285
GRID        3636         2.139260.0217630.006633
GRID        3637         2.117910.0291750.009653
GRID        3638         2.116690.0040160.002662
GRID        3639         2.13425-0.01660-0.00068
GRID        3640         2.10811-0.02035-0.00241
GRID        3641         2.085500.0303330.010485
GRID        3642         2.084280.0051740.003494
GRID        3643         2.056390.0246920.011180
GRID        3644         2.07309-0.02906-0.00560
GRID        3645         2.04926-0.003530.000300
GRID        3646         2.04277-0.03462-0.00828
GRID        3647         2.02259-0.01664-0.00359
GRID        3648         2.00326-0.000200.004088
GRID        3649         2.029920.0129080.007981
GRID        3650         1.998230.0253020.012621
GRID        3651         1.993500.0500710.022051
GRID        3652         2.025190.0376770.017411
GRID        3653         2.01270-0.04093-0.01133
GRID        3654         1.99251-0.02295-0.00663
GRID        3655         1.98138-0.04612-0.01437
GRID        3656         1.96490-0.01976-0.00576
GRID        3657         1.975640.0029870.004961
GRID        3658         1.970700.0277680.014749
GRID        3659         1.948110.0054530.007088
GRID        3660         1.958430.0526770.024091
GRID        3661         1.935630.0303740.016788
GRID        3662         1.922870.0552820.027925
GRID        3663         1.93239-0.02364-0.00802
GRID        3664         1.94887-0.05000-0.01663
GRID        3665         1.91675-0.05405-0.01964
GRID        3666         1.89660-0.02399-0.00831
GRID        3667         1.912450.0044830.007912
GRID        3668         1.899970.0294040.017613
GRID        3669         1.876660.0041330.007622
GRID        3670         1.882540.0606120.031563
GRID        3671         1.859640.0347340.021251
GRID        3672         1.842940.0630920.035752
GRID        3673         1.87789-0.05702-0.02172
GRID        3674         1.85774-0.02695-0.01039
GRID        3675         1.83960-0.06014-0.02488
GRID        3676         1.81566-0.02713-0.01061
GRID        3677         1.818210.0329530.021607
GRID        3678         1.835230.0023530.007978
GRID        3679         1.793160.0021730.007759
GRID        3680         1.799000.0655140.038494
GRID        3681         1.774270.0353760.024349
GRID        3682         1.754190.0679080.043096
GRID        3683         1.79561-0.06455-0.02834
GRID        3684         1.77167-0.03154-0.01408
GRID        3685         1.75189-0.06717-0.03164
GRID        3686         1.72638-0.03158-0.01419
GRID        3687         1.727790.0346720.026396
GRID        3688         1.747870.0021390.007649
GRID        3689         1.700890.0003450.007840
GRID        3690         1.679530.0377370.028606
GRID        3691         1.706420.0720640.047163
GRID        3692         1.657340.0736240.051642
GRID        3693         1.67915-0.03604-0.01830
GRID        3694         1.70409-0.07058-0.03567
GRID        3695         1.65686-0.07505-0.03977
GRID        3696         1.62996-0.03601-0.01832
GRID        3697         1.651690.0003800.007813
GRID        3698         1.629510.0362660.030849
GRID        3699         1.60183-0.001400.007728
GRID        3700         1.549980.0790770.060798
GRID        3701         1.602310.0766380.055686
GRID        3702         1.574630.0389650.032565
GRID        3703         1.60439-0.07827-0.04359
GRID        3704         1.57749-0.03923-0.02214
GRID        3705         1.55196-0.08109-0.04770
GRID        3706         1.54523-0.001270.007792
GRID        3707         1.52090-0.03910-0.02208
GRID        3708         1.519530.0386910.033412
GRID        3709         1.49013-0.001550.008638
GRID        3710         1.491220.0800830.065334
GRID        3711         1.431150.0825050.069498
GRID        3712         1.459460.0411130.037576
GRID        3713         1.49485-0.08279-0.05086
GRID        3714         1.46378-0.04079-0.02524
GRID        3715         1.43652-0.08439-0.05463
GRID        3716         1.40137-0.04087-0.02533
GRID        3717         1.396400.0408420.038322
GRID        3718         1.36466-0.001890.009293
GRID        3719         1.42707-0.001820.009385
GRID        3720         1.365070.0817200.072865
GRID        3721         1.300300.0832020.076827
GRID        3722         1.331640.0423230.042284
GRID        3723         1.33737-0.04005-0.02680
GRID        3724         1.37251-0.08358-0.05610
GRID        3725         1.30944-0.08357-0.05909
GRID        3726         1.27216-0.04013-0.02704
GRID        3727         1.29945-0.001980.009053
GRID        3728         1.23424-0.001600.010162
GRID        3729         1.266430.0427020.043393
GRID        3730         1.233310.0799800.077703
GRID        3731         1.164950.0772470.078590
GRID        3732         1.198070.0399690.044280
GRID        3733         1.24213-0.08067-0.05886
GRID        3734         1.20485-0.03724-0.02680
GRID        3735         1.17526-0.07841-0.06038
GRID        3736         1.13885-0.03664-0.02673
GRID        3737         1.17195-0.002360.009886
GRID        3738         1.135780.0392140.044004
GRID        3739         1.10595-0.001760.009955
GRID        3740         1.100560.0729300.077570
GRID        3741         1.036800.0697070.077641
GRID        3742         1.072020.0359910.044075
GRID        3743         1.04388-0.07345-0.06296
GRID        3744         1.10860-0.07774-0.06318
GRID        3745         1.07219-0.03597-0.02954
GRID        3746         1.01159-0.03230-0.02683
GRID        3747         1.04602-0.001100.010927
GRID        3748         1.012090.0366490.045047
GRID        3749        0.9854270.0025590.013634
GRID        3750        0.982736-0.06619-0.05982
GRID        3751        0.9765510.0662080.076370
GRID        3752        0.9498890.0321180.044957
GRID        3753        0.9145000.0621620.075659
GRID        3754        0.920377-0.05944-0.05548
GRID        3755        0.949233-0.02555-0.02250
GRID        3756        0.902729-0.02775-0.02511
GRID        3757        0.9354250.0029450.014056
GRID        3758        0.8889210.0007510.011448
GRID        3759        0.9000360.0329890.044759
GRID        3760        0.864643-0.04985-0.04861
GRID        3761        0.8611230.0526980.067280
GRID        3762        0.8500080.0204600.033969
GRID        3763        0.8022030.0395830.056333
GRID        3764        0.805473-0.03852-0.03731
GRID        3765        0.843558-0.01642-0.01381
GRID        3766        0.7957530.0027020.008550
GRID        3767        0.757439-0.03195-0.03066
GRID        3768        0.7534570.0316260.046650
GRID        3769        0.715142-0.003030.007435
GRID        3770        0.6940130.0243090.043026
GRID        3771        0.697529-0.02802-0.03201
GRID        3772        0.676400-0.000680.003572
GRID        3773        0.644002-0.02781-0.02919
GRID        3774        0.6420390.0228490.037665
GRID        3775        0.609641-0.004270.004894
GRID        3776        0.5929810.0174690.036824
GRID        3777        0.593950-0.02275-0.02925
GRID        3778        0.577291-0.001000.002673
GRID        3779        0.544582-0.02193-0.02731
GRID        3780        0.5421670.0166280.033340
GRID        3781        0.509445-0.004670.003561
GRID        3782        0.4958930.0159700.033822
GRID        3783        0.495516-0.02019-0.02589
GRID        3784        0.4819240.0003170.004466
GRID        3785        0.446256-0.01346-0.02470
GRID        3786        0.4467630.0108390.035552
GRID        3787        0.411353-0.001970.005779
GRID        3788        0.4045380.0178430.037223
GRID        3789        0.3852810.0152590.018566
GRID        3790        0.408955-0.01898-0.02875
GRID        3791        0.388240-0.01705-0.00821
GRID        3792        0.3621680.0001840.004570
GRID        3793        0.368326-0.02721-0.02478
GRID        3794        0.347611-0.02528-0.00424
GRID        3795        0.371890-0.01095-0.02307
GRID        3796        0.3458180.006275-0.01028
GRID        3797        0.370616-0.01487-0.04148
GRID        3798        0.333551-0.00685-0.03579
GRID        3799        0.3259380.013055-0.01344
GRID        3800        0.3139490.0226310.003788
GRID        3801        0.3199810.0271240.028102
GRID        3802        0.2945360.0338480.013976
GRID        3803        0.3338290.0158510.006953
GRID        3804        0.319272-0.00961-0.00186
GRID        3805        0.322352-0.005140.035958
GRID        3806        0.3350510.0220190.048685
GRID        3807        0.3488990.0107470.027537
GRID        3808        0.335622-0.015700.012991
GRID        3809        0.3681550.0133310.046193
GRID        3810        0.335456-0.03546-0.02611
GRID        3811        0.337746-0.02312-0.04281
GRID        3812        0.316982-0.021950.014832
GRID        3813        0.328971-0.03153-0.00240
GRID        3814        0.3093640.0399860.051065
GRID        3815        0.2966650.0128210.038338
GRID        3816        0.2839190.0467100.036939
GRID        3817        0.2977550.0364610.073180
GRID        3818        0.3117350.0077170.058922
GRID        3819        0.2824130.0461040.057035
GRID        3820        0.3131730.006162-0.04004
GRID        3821        0.3055590.026069-0.01770
GRID        3822        0.310883-0.00617-0.02335
GRID        3823        0.2988930.003397-0.00611
GRID        3824        0.2861470.037286-0.00751
GRID        3825        0.2877200.026476-0.03266
GRID        3826        0.313666-0.02581-0.01829
GRID        3827        0.317861-0.04209-0.02531
GRID        3828        0.311376-0.03816-0.00160
GRID        3829        0.2876200.002569-0.05245
GRID        3830        0.307998-0.01044-0.04819
GRID        3831        0.320495-0.03348-0.05199
GRID        3832        0.302900-0.04011-0.05118
GRID        3833        0.290403-0.01707-0.04739
GRID        3834        0.290466-0.04864-0.03393
GRID        3835        0.284798-0.03327-0.06383
GRID        3836        0.2659520.042471-0.01909
GRID        3837        0.2687350.022830-0.01404
GRID        3838        0.2643780.0532810.006051
GRID        3839        0.2631830.0505850.051258
GRID        3840        0.2646890.0511900.031163
GRID        3841        0.2668180.0301630.055525
GRID        3842        0.2665080.0322540.030414
GRID        3843        0.2680240.0128410.045712
GRID        3844        0.2787880.0218870.074637
GRID        3845        0.2595570.0263670.068861
GRID        3846        0.2607640.0090450.059047
GRID        3847        0.278641-2.05E-50.022748
GRID        3848        0.2771250.0193920.007450
GRID        3849        0.2702520.0034170.001257
GRID        3850        0.2896840.0052620.065569
GRID        3851        0.271660-0.007570.049979
GRID        3852        0.300301-0.007590.042605
GRID        3853        0.300616-0.022710.026961
GRID        3854        0.271975-0.022690.034335
GRID        3855        0.301677-0.01624-0.00106
GRID        3856        0.295011-0.038910.010526
GRID        3857        0.291459-0.04934-0.01262
GRID        3858        0.2656320.0371780.073563
GRID        3859        0.2702520.003417-0.02781
GRID        3860        0.2674680.023058-0.03287
GRID        3861        0.267368-0.00084-0.05266
GRID        3862        0.271216-0.03747-0.00665
GRID        3863        0.273036-0.01622-0.02276
GRID        3864        0.273036-0.016220.006313
GRID        3865        0.270155-0.043940.021369
GRID        3866        0.266604-0.05437-0.00177
GRID        3867        0.266013-0.01920-0.06127
GRID        3868        0.271681-0.03457-0.03136
GRID        3869        0.266076-0.05077-0.04780
GRID        3870        0.267069-0.05146-0.02649
GRID        3871        -0.15773-0.24759-0.02255
GRID        3872        -0.135550.260397-0.02255
GRID        3873        0.293288-0.01280-0.02255
$ Element data section
CTETRA         1       7       2       1       3       8    2705     927+CONT
+CONT        929    2252    3630    2251
CTETRA         2       7       8       9       1       3    3631    2471+CONT
+CONT       3630    2251    2472     927
CTETRA         3       7       2       1       8      10    2705    3630+CONT
+CONT       2252    3632    2474    3633
CTETRA         4       7       1       2       7      10    2705     930+CONT
+CONT        928    2474    3632    2473
CTETRA         5       7       9       8       1      10    3631    3630+CONT
+CONT       2471    2475    3633    2474
CTETRA         6       7      10      11       2       7    3634    2253+CONT
+CONT       3632    2473    2254     930
CTETRA         7       7      11      10       2       8    3634    3632+CONT
+CONT       2253    2255    3633    2252
CTETRA         8       7      11       9      10       8    3635    2475+CONT
+CONT       3634    2255    3631    3633
CTETRA         9       7       8       9       3      12    3631    2472+CONT
+CONT       2251    2256    2476     906
CTETRA        10       2       5       4      13      14    1397     721+CONT
+CONT        719    1399    2962    1398
CTETRA        11       2      14      15       4      13    2963    1618+CONT
+CONT       2962    1398    1619     721
CTETRA        12       2       5       4      14      16    1397    2962+CONT
+CONT       1399    2964    1621    2965
CTETRA        13       2       4       5       6      16    1397     718+CONT
+CONT        720    1621    2964    1620
CTETRA        14       2      15      14       4      16    2963    2962+CONT
+CONT       1618    1622    2965    1621
CTETRA        15       2      16      17       5       6    2966    1400+CONT
+CONT       2964    1620    1401     718
CTETRA        16       2      17      16       5      14    2966    2964+CONT
+CONT       1400    1402    2965    1399
CTETRA        17       2      17      15      16      14    2967    1622+CONT
+CONT       2966    1402    2963    2965
CTETRA        18       2      16      17       6      18    2966    1401+CONT
+CONT       1620    1623    1403     764
CTETRA        19       7      10      11       7      19    3634    2254+CONT
+CONT       2473    2477    2257     880
CTETRA        20       7       9       8      20      12    3631    2258+CONT
+CONT       3636    2476    2256    2259
CTETRA        21       7       9       8      11      20    3631    2255+CONT
+CONT       3635    3636    2258    2260
CTETRA        22       7      20      21       9      12    3637    2479+CONT
+CONT       3636    2259    2478    2476
CTETRA        23       7      20      21      22       9    3637    2483+CONT
+CONT       3638    3636    2479    2482
CTETRA        24       7       9      11      22      20    3635    3639+CONT
+CONT       2482    3636    2260    3638
CTETRA        25       7      11      10      22      19    3634    2480+CONT
+CONT       3639    2257    2477    2481
CTETRA        26       7      11      10       9      22    3634    2475+CONT
+CONT       3635    3639    2480    2482
CTETRA        27       7      22      23      20      11    3640    2263+CONT
+CONT       3638    3639    2261    2260
CTETRA        28       7      22      23      11      19    3640    2261+CONT
+CONT       3639    2481    2262    2257
CTETRA        29       7      21      20      24      12    3637    2264+CONT
+CONT       2484    2478    2259     907
CTETRA        30       2      14      15      13      25    2963    1619+CONT
+CONT       1398    1404    1624     722
CTETRA        31       2      15      14      26      25    2963    1405+CONT
+CONT       2968    1624    1404    1406
CTETRA        32       2      15      14      17      26    2963    1402+CONT
+CONT       2967    2968    1405    1407
CTETRA        33       2      26      27      15      25    2969    1626+CONT
+CONT       2968    1406    1625    1624
CTETRA        34       2      26      27      28      15    2969    1630+CONT
+CONT       2970    2968    1626    1629
CTETRA        35       2      15      17      28      26    2967    2971+CONT
+CONT       1629    2968    1407    2970
CTETRA        36       2      17      16      28      18    2966    1627+CONT
+CONT       2971    1403    1623    1628
CTETRA        37       2      17      16      15      28    2966    1622+CONT
+CONT       2967    2971    1627    1629
CTETRA        38       2      28      29      26      17    2972    1410+CONT
+CONT       2970    2971    1408    1407
CTETRA        39       2      28      29      17      18    2972    1408+CONT
+CONT       2971    1628    1409    1403
CTETRA        40       2      29      28      30      18    2972    1631+CONT
+CONT       1411    1409    1628     765
CTETRA        41       7      23      22      31      19    3640    2485+CONT
+CONT       2265    2262    2481     881
CTETRA        42       7      20      21      32      22    3637    3641+CONT
+CONT       2267    3638    2483    3642
CTETRA        43       7      22      23      32      20    3640    2268+CONT
+CONT       3642    3638    2263    2267
CTETRA        44       7      21      20      32      24    3637    2267+CONT
+CONT       3641    2484    2264    2266
CTETRA        45       7      33      32      21      22    3643    3641+CONT
+CONT       2486    2488    3642    2483
CTETRA        46       7      32      33      21      24    3643    2486+CONT
+CONT       3641    2266    2487    2484
CTETRA        47       7      23      22      34      31    3640    2490+CONT
+CONT       3644    2265    2485    2489
CTETRA        48       7      33      32      22      34    3643    3642+CONT
+CONT       2488    2491    3645    2490
CTETRA        49       7      23      22      32      34    3640    3642+CONT
+CONT       2268    3644    2490    3645
CTETRA        50       7      35      34      31      23    3646    2489+CONT
+CONT       2270    2269    3644    2265
CTETRA        51       7      35      34      23      32    3646    3644+CONT
+CONT       2269    2271    3645    2268
CTETRA        52       7      34      35      36      32    3646    2273+CONT
+CONT       3647    3645    2271    2272
CTETRA        53       7      36      37      34      32    3648    2492+CONT
+CONT       3647    2272    3649    3645
CTETRA        54       7      33      32      34      37    3643    3645+CONT
+CONT       2491    2493    3649    2492
CTETRA        55       7      32      33      24      38    3643    2487+CONT
+CONT       2266    2274    2494     908
CTETRA        56       2      27      26      39      25    2969    1412+CONT
+CONT       1632    1625    1406     723
CTETRA        57       2      26      27      40      28    2969    2973+CONT
+CONT       1414    2970    1630    2974
CTETRA        58       2      28      29      40      26    2972    1415+CONT
+CONT       2974    2970    1410    1414
CTETRA        59       2      27      26      40      39    2969    1414+CONT
+CONT       2973    1632    1412    1413
CTETRA        60       2      41      40      27      28    2975    2973+CONT
+CONT       1633    1635    2974    1630
CTETRA        61       2      40      41      27      39    2975    1633+CONT
+CONT       2973    1413    1634    1632
CTETRA        62       2      29      28      42      30    2972    1637+CONT
+CONT       2976    1411    1631    1636
CTETRA        63       2      41      40      28      42    2975    2974+CONT
+CONT       1635    1638    2977    1637
CTETRA        64       2      29      28      40      42    2972    2974+CONT
+CONT       1415    2976    1637    2977
CTETRA        65       2      43      42      30      29    2978    1636+CONT
+CONT       1417    1416    2976    1411
CTETRA        66       2      43      42      29      40    2978    2976+CONT
+CONT       1416    1418    2977    1415
CTETRA        67       2      42      43      44      40    2978    1420+CONT
+CONT       2979    2977    1418    1419
CTETRA        68       2      44      45      42      40    2980    1639+CONT
+CONT       2979    1419    2981    2977
CTETRA        69       2      41      40      42      45    2975    2977+CONT
+CONT       1638    1640    2981    1639
CTETRA        70       2      43      42      46      30    2978    1641+CONT
+CONT       1421    1417    1636     766
CTETRA        71       7      35      34      47      31    3646    2495+CONT
+CONT       2275    2270    2489     882
CTETRA        72       7      36      37      32      48    3648    3649+CONT
+CONT       2272    2278    3650    2277
CTETRA        73       7      48      49      32      38    3651    3652+CONT
+CONT       2277    2276    2497    2274
CTETRA        74       7      49      48      32      37    3651    2277+CONT
+CONT       3652    2498    3650    3649
CTETRA        75       7      33      32      49      38    3643    3652+CONT
+CONT       2496    2494    2274    2497
CTETRA        76       7      33      32      37      49    3643    3649+CONT
+CONT       2493    2496    3652    2498
CTETRA        77       7      34      35      50      36    3646    3653+CONT
+CONT       2499    3647    2273    3654
CTETRA        78       7      37      36      34      50    3648    3647+CONT
+CONT       2492    2501    3654    2499
CTETRA        79       7      35      34      50      47    3646    2499+CONT
+CONT       3653    2275    2495    2500
CTETRA        80       7      50      51      35      47    3655    2279+CONT
+CONT       3653    2500    2280    2275
CTETRA        81       7      51      50      35      36    3655    3653+CONT
+CONT       2279    2281    3654    2273
CTETRA        82       7      51      50      36      52    3655    3654+CONT
+CONT       2281    2284    3656    2282
CTETRA        83       7      36      37      52      50    3648    3657+CONT
+CONT       2282    3654    2501    3656
CTETRA        84       7      36      37      48      52    3648    3650+CONT
+CONT       2278    2282    3657    2283
CTETRA        85       7      49      48      37      53    3651    3650+CONT
+CONT       2498    2504    3658    2502
CTETRA        86       7      53      52      37      50    3659    3657+CONT
+CONT       2502    2503    3656    2501
CTETRA        87       7      53      52      48      37    3659    2283+CONT
+CONT       3658    2502    3657    3650
CTETRA        88       7      49      48      54      38    3651    2285+CONT
+CONT       2505    2497    2276     909
CTETRA        89       2      40      41      39      55    2975    1634+CONT
+CONT       1413    1422    1642     724
CTETRA        90       2      44      45      40      56    2980    2981+CONT
+CONT       1419    1425    2982    1424
CTETRA        91       2      56      57      40      55    2983    2984+CONT
+CONT       1424    1423    1644    1422
CTETRA        92       2      57      56      40      45    2983    1424+CONT
+CONT       2984    1645    2982    2981
CTETRA        93       2      41      40      57      55    2975    2984+CONT
+CONT       1643    1642    1422    1644
CTETRA        94       2      41      40      45      57    2975    2981+CONT
+CONT       1640    1643    2984    1645
CTETRA        95       2      42      43      58      44    2978    2985+CONT
+CONT       1646    2979    1420    2986
CTETRA        96       2      45      44      42      58    2980    2979+CONT
+CONT       1639    1648    2986    1646
CTETRA        97       2      43      42      58      46    2978    1646+CONT
+CONT       2985    1421    1641    1647
CTETRA        98       2      58      59      43      46    2987    1426+CONT
+CONT       2985    1647    1427    1421
CTETRA        99       2      59      58      43      44    2987    2985+CONT
+CONT       1426    1428    2986    1420
CTETRA       100       2      59      58      44      60    2987    2986+CONT
+CONT       1428    1431    2988    1429
CTETRA       101       2      44      45      60      58    2980    2989+CONT
+CONT       1429    2986    1648    2988
CTETRA       102       2      44      45      56      60    2980    2982+CONT
+CONT       1425    1429    2989    1430
CTETRA       103       2      57      56      45      61    2983    2982+CONT
+CONT       1645    1651    2990    1649
CTETRA       104       2      61      60      45      58    2991    2989+CONT
+CONT       1649    1650    2988    1648
CTETRA       105       2      61      60      56      45    2991    1430+CONT
+CONT       2990    1649    2989    2982
CTETRA       106       2      59      58      62      46    2987    1652+CONT
+CONT       1432    1427    1647     767
CTETRA       107       7      51      50      63      47    3655    2506+CONT
+CONT       2286    2280    2500     883
CTETRA       108       7      48      49      54      64    3651    2505+CONT
+CONT       2285    2288    3660    2287
CTETRA       109       7      52      53      48      64    3659    3658+CONT
+CONT       2283    2289    3661    2288
CTETRA       110       7      48      49      64      53    3651    3660+CONT
+CONT       2288    3658    2504    3661
CTETRA       111       7      65      64      54      49    3662    2287+CONT
+CONT       2507    2508    3660    2505
CTETRA       112       7      65      64      49      53    3662    3660+CONT
+CONT       2508    2509    3661    2504
CTETRA       113       7      52      53      66      50    3659    2512+CONT
+CONT       3663    3656    2503    2510
CTETRA       114       7      51      50      66      63    3655    2510+CONT
+CONT       3664    2286    2506    2511
CTETRA       115       7      51      50      52      66    3655    3656+CONT
+CONT       2284    3664    2510    3663
CTETRA       116       7      67      66      63      51    3665    2511+CONT
+CONT       2291    2290    3664    2286
CTETRA       117       7      66      67      52      51    3665    2292+CONT
+CONT       3663    3664    2290    2284
CTETRA       118       7      66      67      68      52    3665    2294+CONT
+CONT       3666    3663    2292    2293
CTETRA       119       7      53      52      69      64    3659    3667+CONT
+CONT       2513    3661    2289    3668
CTETRA       120       7      68      69      66      52    3669    2514+CONT
+CONT       3666    2293    3667    3663
CTETRA       121       7      53      52      66      69    3659    3663+CONT
+CONT       2512    2513    3667    2514
CTETRA       122       7      68      69      52      64    3669    3667+CONT
+CONT       2293    2295    3668    2289
CTETRA       123       7      65      64      53      69    3662    3661+CONT
+CONT       2509    2515    3668    2513
CTETRA       124       7      65      64      70      54    3662    2296+CONT
+CONT       2516    2507    2287     910
CTETRA       125       2      57      56      71      55    2983    1433+CONT
+CONT       1653    1644    1423     725
CTETRA       126       2      56      57      71      72    2983    1653+CONT
+CONT       1433    1435    2992    1434
CTETRA       127       2      60      61      56      72    2991    2990+CONT
+CONT       1430    1436    2993    1435
CTETRA       128       2      56      57      72      61    2983    2992+CONT
+CONT       1435    2990    1651    2993
CTETRA       129       2      73      72      71      57    2994    1434+CONT
+CONT       1654    1655    2992    1653
CTETRA       130       2      73      72      57      61    2994    2992+CONT
+CONT       1655    1656    2993    1651
CTETRA       131       2      60      61      74      58    2991    1659+CONT
+CONT       2995    2988    1650    1657
CTETRA       132       2      59      58      74      62    2987    1657+CONT
+CONT       2996    1432    1652    1658
CTETRA       133       2      59      58      60      74    2987    2988+CONT
+CONT       1431    2996    1657    2995
CTETRA       134       2      75      74      62      59    2997    1658+CONT
+CONT       1438    1437    2996    1432
CTETRA       135       2      74      75      60      59    2997    1439+CONT
+CONT       2995    2996    1437    1431
CTETRA       136       2      74      75      76      60    2997    1441+CONT
+CONT       2998    2995    1439    1440
CTETRA       137       2      61      60      77      72    2991    2999+CONT
+CONT       1660    2993    1436    3000
CTETRA       138       2      76      77      74      60    3001    1661+CONT
+CONT       2998    1440    2999    2995
CTETRA       139       2      61      60      74      77    2991    2995+CONT
+CONT       1659    1660    2999    1661
CTETRA       140       2      76      77      60      72    3001    2999+CONT
+CONT       1440    1442    3000    1436
CTETRA       141       2      73      72      61      77    2994    2993+CONT
+CONT       1656    1662    3000    1660
CTETRA       142       2      75      74      78      62    2997    1663+CONT
+CONT       1443    1438    1658     768
CTETRA       143       7      67      66      79      63    3665    2517+CONT
+CONT       2297    2291    2511     884
CTETRA       144       7      65      64      80      70    3662    2299+CONT
+CONT       3670    2516    2296    2298
CTETRA       145       7      64      65      80      69    3662    3670+CONT
+CONT       2299    3668    2515    3671
CTETRA       146       7      68      69      64      80    3669    3668+CONT
+CONT       2295    2300    3671    2299
CTETRA       147       7      81      80      70      65    3672    2298+CONT
+CONT       2518    2519    3670    2516
CTETRA       148       7      81      80      65      69    3672    3670+CONT
+CONT       2519    2520    3671    2515
CTETRA       149       7      66      67      82      68    3665    3673+CONT
+CONT       2521    3666    2294    3674
CTETRA       150       7      67      66      82      79    3665    2521+CONT
+CONT       3673    2297    2517    2522
CTETRA       151       7      68      69      82      66    3669    2523+CONT
+CONT       3674    3666    2514    2521
CTETRA       152       7      82      83      68      67    3675    2303+CONT
+CONT       3674    3673    2301    2294
CTETRA       153       7      83      82      79      67    3675    2522+CONT
+CONT       2302    2301    3673    2297
CTETRA       154       7      82      83      84      68    3675    2305+CONT
+CONT       3676    3674    2303    2304
CTETRA       155       7      81      80      69      85    3672    3671+CONT
+CONT       2520    2526    3677    2525
CTETRA       156       7      69      68      85      80    3669    3678+CONT
+CONT       2525    3671    2300    3677
CTETRA       157       7      85      84      68      82    3679    2304+CONT
+CONT       3678    2524    3676    3674
CTETRA       158       7      84      85      68      80    3679    3678+CONT
+CONT       2304    2306    3677    2300
CTETRA       159       7      69      68      82      85    3669    3674+CONT
+CONT       2523    2525    3678    2524
CTETRA       160       7      80      81      70      86    3672    2518+CONT
+CONT       2298    2307    2527     911
CTETRA       161       2      73      72      87      71    2994    1444+CONT
+CONT       1664    1654    1434     726
CTETRA       162       2      73      72      88      87    2994    1446+CONT
+CONT       3002    1664    1444    1445
CTETRA       163       2      72      73      88      77    2994    3002+CONT
+CONT       1446    3000    1662    3003
CTETRA       164       2      76      77      72      88    3001    3000+CONT
+CONT       1442    1447    3003    1446
CTETRA       165       2      89      88      87      73    3004    1445+CONT
+CONT       1665    1666    3002    1664
CTETRA       166       2      89      88      73      77    3004    3002+CONT
+CONT       1666    1667    3003    1662
CTETRA       167       2      74      75      90      76    2997    3005+CONT
+CONT       1668    2998    1441    3006
CTETRA       168       2      75      74      90      78    2997    1668+CONT
+CONT       3005    1443    1663    1669
CTETRA       169       2      76      77      90      74    3001    1670+CONT
+CONT       3006    2998    1661    1668
CTETRA       170       2      90      91      76      75    3007    1450+CONT
+CONT       3006    3005    1448    1441
CTETRA       171       2      91      90      78      75    3007    1669+CONT
+CONT       1449    1448    3005    1443
CTETRA       172       2      90      91      92      76    3007    1452+CONT
+CONT       3008    3006    1450    1451
CTETRA       173       2      89      88      77      93    3004    3003+CONT
+CONT       1667    1673    3009    1672
CTETRA       174       2      77      76      93      88    3001    3010+CONT
+CONT       1672    3003    1447    3009
CTETRA       175       2      93      92      76      90    3011    1451+CONT
+CONT       3010    1671    3008    3006
CTETRA       176       2      92      93      76      88    3011    3010+CONT
+CONT       1451    1453    3009    1447
CTETRA       177       2      77      76      90      93    3001    3006+CONT
+CONT       1670    1672    3010    1671
CTETRA       178       2      91      90      94      78    3007    1674+CONT
+CONT       1454    1449    1669     769
CTETRA       179       7      83      82      95      79    3675    2528+CONT
+CONT       2308    2302    2522     885
CTETRA       180       7      80      81      86      96    3672    2527+CONT
+CONT       2307    2310    3680    2309
CTETRA       181       7      84      85      80      96    3679    3677+CONT
+CONT       2306    2311    3681    2310
CTETRA       182       7      80      81      96      85    3672    3680+CONT
+CONT       2310    3677    2526    3681
CTETRA       183       7      97      96      86      81    3682    2309+CONT
+CONT       2529    2530    3680    2527
CTETRA       184       7      97      96      81      85    3682    3680+CONT
+CONT       2530    2531    3681    2526
CTETRA       185       7      83      82      98      95    3675    2532+CONT
+CONT       3683    2308    2528    2533
CTETRA       186       7      82      83      98      84    3675    3683+CONT
+CONT       2532    3676    2305    3684
CTETRA       187       7      85      84      82      98    3679    3676+CONT
+CONT       2524    2534    3684    2532
CTETRA       188       7      99      98      95      83    3685    2533+CONT
+CONT       2313    2312    3683    2308
CTETRA       189       7      99      98      83      84    3685    3683+CONT
+CONT       2312    2314    3684    2305
CTETRA       190       7      99      98      84     100    3685    3684+CONT
+CONT       2314    2316    3686    2315
CTETRA       191       7      96      97     100      85    3682    3687+CONT
+CONT       2317    3681    2531    3688
CTETRA       192       7      84      85      96     100    3679    3681+CONT
+CONT       2311    2315    3688    2317
CTETRA       193       7      84      85     100      98    3679    3688+CONT
+CONT       2315    3684    2534    3686
CTETRA       194       7     101     100      97      85    3689    3687+CONT
+CONT       2537    2536    3688    2531
CTETRA       195       7     101     100      85      98    3689    3688+CONT
+CONT       2536    2535    3686    2534
CTETRA       196       7      97      96     102      86    3682    2318+CONT
+CONT       2538    2529    2309     912
CTETRA       197       2      88      89      87     103    3004    1665+CONT
+CONT       1445    1455    1675     727
CTETRA       198       2      88      89     103     104    3004    1675+CONT
+CONT       1455    1457    3012    1456
CTETRA       199       2      92      93      88     104    3011    3009+CONT
+CONT       1453    1458    3013    1457
CTETRA       200       2      88      89     104      93    3004    3012+CONT
+CONT       1457    3009    1673    3013
CTETRA       201       2     105     104     103      89    3014    1456+CONT
+CONT       1676    1677    3012    1675
CTETRA       202       2     105     104      89      93    3014    3012+CONT
+CONT       1677    1678    3013    1673
CTETRA       203       2      91      90     106      94    3007    1679+CONT
+CONT       3015    1454    1674    1680
CTETRA       204       2      90      91     106      92    3007    3015+CONT
+CONT       1679    3008    1452    3016
CTETRA       205       2      93      92      90     106    3011    3008+CONT
+CONT       1671    1681    3016    1679
CTETRA       206       2     107     106      94      91    3017    1680+CONT
+CONT       1460    1459    3015    1454
CTETRA       207       2     107     106      91      92    3017    3015+CONT
+CONT       1459    1461    3016    1452
CTETRA       208       2     107     106      92     108    3017    3016+CONT
+CONT       1461    1463    3018    1462
CTETRA       209       2     104     105     108      93    3014    3019+CONT
+CONT       1464    3013    1678    3020
CTETRA       210       2      92      93     104     108    3011    3013+CONT
+CONT       1458    1462    3020    1464
CTETRA       211       2      92      93     108     106    3011    3020+CONT
+CONT       1462    3016    1681    3018
CTETRA       212       2     109     108     105      93    3021    3019+CONT
+CONT       1684    1683    3020    1678
CTETRA       213       2     109     108      93     106    3021    3020+CONT
+CONT       1683    1682    3018    1681
CTETRA       214       2     107     106     110      94    3017    1685+CONT
+CONT       1465    1460    1680     770
CTETRA       215       7      99      98     111      95    3685    2539+CONT
+CONT       2319    2313    2533     886
CTETRA       216       7     100     101      97     112    3689    2537+CONT
+CONT       3687    2322    3690    3691
CTETRA       217       7      96      97     102     112    3682    2538+CONT
+CONT       2318    2321    3691    2320
CTETRA       218       7      96      97     112     100    3682    3691+CONT
+CONT       2321    2317    3687    2322
CTETRA       219       7     112     113      97     102    3692    2540+CONT
+CONT       3691    2320    2541    2538
CTETRA       220       7     113     112      97     101    3692    3691+CONT
+CONT       2540    2542    3690    2537
CTETRA       221       7     101     100      98     114    3689    3686+CONT
+CONT       2535    2545    3693    2543
CTETRA       222       7      99      98     100     115    3685    3686+CONT
+CONT       2316    2323    3694    2325
CTETRA       223       7     115     114      98     100    3695    2543+CONT
+CONT       3694    2325    3693    3686
CTETRA       224       7     114     115      98     111    3695    3694+CONT
+CONT       2543    2544    2324    2539
CTETRA       225       7      99      98     115     111    3685    3694+CONT
+CONT       2323    2319    2539    2324
CTETRA       226       7     115     114     100     116    3695    3693+CONT
+CONT       2325    2327    3696    2326
CTETRA       227       7     100     101     116     114    3689    3697+CONT
+CONT       2326    3693    2545    3696
CTETRA       228       7     100     101     112     116    3689    3690+CONT
+CONT       2322    2326    3697    2328
CTETRA       229       7     113     112     101     116    3692    3690+CONT
+CONT       2542    3698    2328    3697
CTETRA       230       7     117     116     113     101    3699    3698+CONT
+CONT       2548    2546    3697    2542
CTETRA       231       7     117     116     101     114    3699    3697+CONT
+CONT       2546    2547    3696    2545
CTETRA       232       7     112     113     102     118    3692    2541+CONT
+CONT       2320    2329    2549     913
CTETRA       233       2     105     104     119     103    3014    1466+CONT
+CONT       1686    1676    1456     728
CTETRA       234       2     108     109     105     120    3021    1684+CONT
+CONT       3019    1469    3022    3023
CTETRA       235       2     104     105     119     120    3014    1686+CONT
+CONT       1466    1468    3023    1467
CTETRA       236       2     104     105     120     108    3014    3023+CONT
+CONT       1468    1464    3019    1469
CTETRA       237       2     120     121     105     119    3024    1687+CONT
+CONT       3023    1467    1688    1686
CTETRA       238       2     121     120     105     109    3024    3023+CONT
+CONT       1687    1689    3022    1684
CTETRA       239       2     109     108     106     122    3021    3018+CONT
+CONT       1682    1692    3025    1690
CTETRA       240       2     107     106     108     123    3017    3018+CONT
+CONT       1463    1470    3026    1472
CTETRA       241       2     123     122     106     108    3027    1690+CONT
+CONT       3026    1472    3025    3018
CTETRA       242       2     122     123     106     110    3027    3026+CONT
+CONT       1690    1691    1471    1685
CTETRA       243       2     107     106     123     110    3017    3026+CONT
+CONT       1470    1465    1685    1471
CTETRA       244       2     123     122     108     124    3027    3025+CONT
+CONT       1472    1474    3028    1473
CTETRA       245       2     108     109     124     122    3021    3029+CONT
+CONT       1473    3025    1692    3028
CTETRA       246       2     108     109     120     124    3021    3022+CONT
+CONT       1469    1473    3029    1475
CTETRA       247       2     121     120     109     124    3024    3022+CONT
+CONT       1689    3030    1475    3029
CTETRA       248       2     125     124     121     109    3031    3030+CONT
+CONT       1695    1693    3029    1689
CTETRA       249       2     125     124     109     122    3031    3029+CONT
+CONT       1693    1694    3028    1692
CTETRA       250       2     123     122     126     110    3027    1696+CONT
+CONT       1476    1471    1691     771
CTETRA       251       7     115     114     127     111    3695    2550+CONT
+CONT       2330    2324    2544     887
CTETRA       252       7     128     129     118     113    3700    2331+CONT
+CONT       2552    2551    3701    2549
CTETRA       253       7     116     117     113     129    3699    2548+CONT
+CONT       3698    2333    3702    3701
CTETRA       254       7     128     129     113     117    3700    3701+CONT
+CONT       2551    2553    3702    2548
CTETRA       255       7     113     112     129     118    3692    2332+CONT
+CONT       3701    2549    2329    2331
CTETRA       256       7     112     113     129     116    3692    3701+CONT
+CONT       2332    2328    3698    2333
CTETRA       257       7     115     114     116     130    3695    3696+CONT
+CONT       2327    3703    2554    3704
CTETRA       258       7     117     116     114     130    3699    3696+CONT
+CONT       2547    2556    3704    2554
CTETRA       259       7     115     114     130     127    3695    2554+CONT
+CONT       3703    2330    2550    2555
CTETRA       260       7     131     130     127     115    3705    2555+CONT
+CONT       2335    2334    3703    2330
CTETRA       261       7     131     130     115     116    3705    3703+CONT
+CONT       2334    2336    3704    2327
CTETRA       262       7     116     117     129     132    3699    3702+CONT
+CONT       2333    2337    3706    2339
CTETRA       263       7     131     130     116     132    3705    3704+CONT
+CONT       2336    2338    3707    2337
CTETRA       264       7     117     116     130     132    3699    3704+CONT
+CONT       2556    3706    2337    3707
CTETRA       265       7     128     129     117     133    3700    3702+CONT
+CONT       2553    2559    3708    2557
CTETRA       266       7     133     132     117     130    3709    3706+CONT
+CONT       2557    2558    3707    2556
CTETRA       267       7     132     133     117     129    3709    2557+CONT
+CONT       3706    2339    3708    3702
CTETRA       268       7     128     129     134     118    3700    2340+CONT
+CONT       2560    2552    2331     914
CTETRA       269       2     120     121     119     136    3024    1688+CONT
+CONT       1467    1477    1699     729
CTETRA       270       2     135     137     136     121    3032    1478+CONT
+CONT       1700    1697    3033    1699
CTETRA       271       2     124     125     121     137    3031    1695+CONT
+CONT       3030    1480    3034    3033
CTETRA       272       2     135     137     121     125    3032    3033+CONT
+CONT       1697    1698    3034    1695
CTETRA       273       2     121     120     137     136    3024    1479+CONT
+CONT       3033    1699    1477    1478
CTETRA       274       2     120     121     137     124    3024    3033+CONT
+CONT       1479    1475    3030    1480
CTETRA       275       2     123     122     124     138    3027    3028+CONT
+CONT       1474    3035    1701    3036
CTETRA       276       2     125     124     122     138    3031    3028+CONT
+CONT       1694    1703    3036    1701
CTETRA       277       2     123     122     138     126    3027    1701+CONT
+CONT       3035    1476    1696    1702
CTETRA       278       2     139     138     126     123    3037    1702+CONT
+CONT       1482    1481    3035    1476
CTETRA       279       2     139     138     123     124    3037    3035+CONT
+CONT       1481    1483    3036    1474
CTETRA       280       2     124     125     137     140    3031    3034+CONT
+CONT       1480    1484    3038    1486
CTETRA       281       2     139     138     124     140    3037    3036+CONT
+CONT       1483    1485    3039    1484
CTETRA       282       2     125     124     138     140    3031    3036+CONT
+CONT       1703    3038    1484    3039
CTETRA       283       2     135     137     125     141    3032    3034+CONT
+CONT       1698    1706    3040    1704
CTETRA       284       2     141     140     125     138    3041    3038+CONT
+CONT       1704    1705    3039    1703
CTETRA       285       2     140     141     125     137    3041    1704+CONT
+CONT       3038    1486    3040    3034
CTETRA       286       2     139     138     142     126    3037    1707+CONT
+CONT       1487    1482    1702     772
CTETRA       287       7     131     130     143     127    3705    2561+CONT
+CONT       2341    2335    2555     888
CTETRA       288       7     128     129     133     144    3700    3708+CONT
+CONT       2559    2562    3710    2564
CTETRA       289       7     128     129     144     134    3700    3710+CONT
+CONT       2562    2560    2340    2563
CTETRA       290       7     145     144     129     134    3711    3710+CONT
+CONT       2342    2343    2563    2340
CTETRA       291       7     132     133     129     145    3709    3708+CONT
+CONT       2339    2344    3712    2342
CTETRA       292       7     144     145     129     133    3711    2342+CONT
+CONT       3710    2564    3712    3708
CTETRA       293       7     131     130     132     146    3705    3707+CONT
+CONT       2338    3713    2565    3714
CTETRA       294       7     131     130     146     143    3705    2565+CONT
+CONT       3713    2341    2561    2566
CTETRA       295       7     133     132     130     146    3709    3707+CONT
+CONT       2558    2567    3714    2565
CTETRA       296       7     146     147     132     131    3715    2347+CONT
+CONT       3714    3713    2345    2338
CTETRA       297       7     146     147     131     143    3715    2345+CONT
+CONT       3713    2566    2346    2341
CTETRA       298       7     147     146     132     148    3715    3714+CONT
+CONT       2347    2349    3716    2348
CTETRA       299       7     144     145     133     149    3711    3712+CONT
+CONT       2564    2570    3717    2568
CTETRA       300       7     148     149     146     132    3718    2569+CONT
+CONT       3716    2348    3719    3714
CTETRA       301       7     133     132     146     149    3709    3714+CONT
+CONT       2567    2568    3719    2569
CTETRA       302       7     132     133     145     149    3709    3712+CONT
+CONT       2344    3719    2568    3717
CTETRA       303       7     148     149     132     145    3718    3719+CONT
+CONT       2348    2350    3717    2344
CTETRA       304       7     144     145     150     134    3711    2351+CONT
+CONT       2571    2563    2343     915
CTETRA       305       2     135     137     141     151    3032    3040+CONT
+CONT       1706    1708    3042    1709
CTETRA       306       2     135     137     152     136    3032    1488+CONT
+CONT       1710    1700    1478     730
CTETRA       307       2     135     137     151     152    3032    3042+CONT
+CONT       1708    1710    1488    1711
CTETRA       308       2     153     151     137     152    3043    3042+CONT
+CONT       1489    1490    1711    1488
CTETRA       309       2     140     141     137     153    3041    3040+CONT
+CONT       1486    1491    3044    1489
CTETRA       310       2     151     153     137     141    3043    1489+CONT
+CONT       3042    1709    3044    3040
CTETRA       311       2     139     138     140     154    3037    3039+CONT
+CONT       1485    3045    1712    3046
CTETRA       312       2     139     138     154     142    3037    1712+CONT
+CONT       3045    1487    1707    1713
CTETRA       313       2     141     140     138     154    3041    3039+CONT
+CONT       1705    1714    3046    1712
CTETRA       314       2     154     155     140     139    3047    1494+CONT
+CONT       3046    3045    1492    1485
CTETRA       315       2     154     155     139     142    3047    1492+CONT
+CONT       3045    1713    1493    1487
CTETRA       316       2     155     154     140     156    3047    3046+CONT
+CONT       1494    1496    3048    1495
CTETRA       317       2     151     153     141     157    3043    3044+CONT
+CONT       1709    1717    3049    1715
CTETRA       318       2     156     157     154     140    3050    1716+CONT
+CONT       3048    1495    3051    3046
CTETRA       319       2     141     140     154     157    3041    3046+CONT
+CONT       1714    1715    3051    1716
CTETRA       320       2     140     141     153     157    3041    3044+CONT
+CONT       1491    3051    1715    3049
CTETRA       321       2     156     157     140     153    3050    3051+CONT
+CONT       1495    1497    3049    1491
CTETRA       322       2     155     154     158     142    3047    1718+CONT
+CONT       1498    1493    1713     773
CTETRA       323       7     147     146     159     143    3715    2572+CONT
+CONT       2352    2346    2566     889
CTETRA       324       7     144     145     160     150    3711    3720+CONT
+CONT       2574    2571    2351    2573
CTETRA       325       7     144     145     149     160    3711    3717+CONT
+CONT       2570    2574    3720    2575
CTETRA       326       7     161     160     145     150    3721    3720+CONT
+CONT       2353    2354    2573    2351
CTETRA       327       7     148     149     145     161    3718    3717+CONT
+CONT       2350    2355    3722    2353
CTETRA       328       7     160     161     145     149    3721    2353+CONT
+CONT       3720    2575    3722    3717
CTETRA       329       7     149     148     146     162    3718    3716+CONT
+CONT       2569    2578    3723    2576
CTETRA       330       7     147     146     162     159    3715    2576+CONT
+CONT       3724    2352    2572    2577
CTETRA       331       7     147     146     148     162    3715    3716+CONT
+CONT       2349    3724    2576    3723
CTETRA       332       7     163     162     159     147    3725    2577+CONT
+CONT       2357    2356    3724    2352
CTETRA       333       7     162     163     148     147    3725    2358+CONT
+CONT       3723    3724    2356    2349
CTETRA       334       7     162     163     164     148    3725    2360+CONT
+CONT       3726    3723    2358    2359
CTETRA       335       7     148     149     164     162    3718    3727+CONT
+CONT       2359    3723    2578    3726
CTETRA       336       7     148     149     161     164    3718    3722+CONT
+CONT       2355    2359    3727    2361
CTETRA       337       7     165     164     149     162    3728    3727+CONT
+CONT       2579    2580    3726    2578
CTETRA       338       7     160     161     149     165    3721    3722+CONT
+CONT       2575    2581    3729    2579
CTETRA       339       7     165     164     161     149    3728    2361+CONT
+CONT       3729    2579    3727    3722
CTETRA       340       7     161     160     150     166    3721    2573+CONT
+CONT       2354    2362    2582     916
CTETRA       341       2     151     153     157     167    3043    3049+CONT
+CONT       1717    1720    3052    1719
CTETRA       342       2     151     153     168     152    3043    1499+CONT
+CONT       1721    1711    1490     731
CTETRA       343       2     151     153     167     168    3043    3052+CONT
+CONT       1720    1721    1499    1722
CTETRA       344       2     169     167     153     168    3053    3052+CONT
+CONT       1500    1501    1722    1499
CTETRA       345       2     156     157     153     169    3050    3049+CONT
+CONT       1497    1502    3054    1500
CTETRA       346       2     167     169     153     157    3053    1500+CONT
+CONT       3052    1719    3054    3049
CTETRA       347       2     157     156     154     170    3050    3048+CONT
+CONT       1716    1725    3055    1723
CTETRA       348       2     155     154     170     158    3047    1723+CONT
+CONT       3056    1498    1718    1724
CTETRA       349       2     155     154     156     170    3047    3048+CONT
+CONT       1496    3056    1723    3055
CTETRA       350       2     171     170     158     155    3057    1724+CONT
+CONT       1504    1503    3056    1498
CTETRA       351       2     170     171     156     155    3057    1505+CONT
+CONT       3055    3056    1503    1496
CTETRA       352       2     170     171     172     156    3057    1507+CONT
+CONT       3058    3055    1505    1506
CTETRA       353       2     156     157     172     170    3050    3059+CONT
+CONT       1506    3055    1725    3058
CTETRA       354       2     156     157     169     172    3050    3054+CONT
+CONT       1502    1506    3059    1508
CTETRA       355       2     173     172     157     170    3060    3059+CONT
+CONT       1726    1727    3058    1725
CTETRA       356       2     167     169     157     173    3053    3054+CONT
+CONT       1719    1728    3061    1726
CTETRA       357       2     173     172     169     157    3060    1508+CONT
+CONT       3061    1726    3059    3054
CTETRA       358       2     171     170     174     158    3057    1729+CONT
+CONT       1509    1504    1724     774
CTETRA       359       7     163     162     175     159    3725    2583+CONT
+CONT       2363    2357    2577     890
CTETRA       360       7     160     161     165     176    3721    3729+CONT
+CONT       2581    2584    3730    2586
CTETRA       361       7     160     161     176     166    3721    3730+CONT
+CONT       2584    2582    2362    2585
CTETRA       362       7     177     176     161     166    3731    3730+CONT
+CONT       2364    2365    2585    2362
CTETRA       363       7     164     165     161     177    3728    3729+CONT
+CONT       2361    2366    3732    2364
CTETRA       364       7     176     177     161     165    3731    2364+CONT
+CONT       3730    2586    3732    3729
CTETRA       365       7     162     163     178     164    3725    3733+CONT
+CONT       2587    3726    2360    3734
CTETRA       366       7     163     162     178     175    3725    2587+CONT
+CONT       3733    2363    2583    2588
CTETRA       367       7     164     165     178     162    3728    2589+CONT
+CONT       3734    3726    2580    2587
CTETRA       368       7     179     178     175     163    3735    2588+CONT
+CONT       2368    2367    3733    2363
CTETRA       369       7     178     179     164     163    3735    2369+CONT
+CONT       3734    3733    2367    2360
CTETRA       370       7     178     179     180     164    3735    2370+CONT
+CONT       3736    3734    2369    2371
CTETRA       371       7     165     164     178     181    3728    3734+CONT
+CONT       2589    2591    3737    2590
CTETRA       372       7     176     177     165     181    3731    3732+CONT
+CONT       2586    2592    3738    2591
CTETRA       373       7     181     180     164     178    3739    2371+CONT
+CONT       3737    2590    3736    3734
CTETRA       374       7     181     180     177     164    3739    2372+CONT
+CONT       3738    3737    2371    2366
CTETRA       375       7     165     164     181     177    3728    3737+CONT
+CONT       2591    3732    2366    3738
CTETRA       376       7     177     176     166     182    3731    2585+CONT
+CONT       2365    2373    2593     917
CTETRA       377       2     167     169     173     183    3053    3061+CONT
+CONT       1728    1731    3062    1730
CTETRA       378       2     169     167     168     184    3053    1722+CONT
+CONT       1501    1510    1732     732
CTETRA       379       2     167     169     183     184    3053    3062+CONT
+CONT       1731    1732    1510    1733
CTETRA       380       2     185     183     169     184    3063    3062+CONT
+CONT       1511    1512    1733    1510
CTETRA       381       2     172     173     169     185    3060    3061+CONT
+CONT       1508    1513    3064    1511
CTETRA       382       2     183     185     169     173    3063    1511+CONT
+CONT       3062    1730    3064    3061
CTETRA       383       2     170     171     186     172    3057    3065+CONT
+CONT       1734    3058    1507    3066
CTETRA       384       2     171     170     186     174    3057    1734+CONT
+CONT       3065    1509    1729    1735
CTETRA       385       2     172     173     186     170    3060    1736+CONT
+CONT       3066    3058    1727    1734
CTETRA       386       2     187     186     174     171    3067    1735+CONT
+CONT       1515    1514    3065    1509
CTETRA       387       2     186     187     172     171    3067    1516+CONT
+CONT       3066    3065    1514    1507
CTETRA       388       2     186     187     188     172    3067    1517+CONT
+CONT       3068    3066    1516    1518
CTETRA       389       2     173     172     186     189    3060    3066+CONT
+CONT       1736    1738    3069    1737
CTETRA       390       2     183     185     173     189    3063    3064+CONT
+CONT       1730    1739    3070    1738
CTETRA       391       2     189     188     172     186    3071    1518+CONT
+CONT       3069    1737    3068    3066
CTETRA       392       2     189     188     185     172    3071    1519+CONT
+CONT       3070    3069    1518    1513
CTETRA       393       2     173     172     189     185    3060    3069+CONT
+CONT       1738    3064    1513    3070
CTETRA       394       2     187     186     190     174    3067    1740+CONT
+CONT       1520    1515    1735     775
CTETRA       395       7     179     178     192     175    3735    2594+CONT
+CONT       2376    2368    2588     891
CTETRA       396       7     177     176     182     193    3731    2593+CONT
+CONT       2373    3740    2595    2596
CTETRA       397       7     176     177     181     193    3731    3738+CONT
+CONT       2592    2595    3740    2597
CTETRA       398       7     194     193     177     182    3741    3740+CONT
+CONT       2378    2379    2596    2373
CTETRA       399       7     180     181     177     194    3739    3738+CONT
+CONT       2372    2380    3742    2378
CTETRA       400       7     193     194     177     181    3741    2378+CONT
+CONT       3740    2597    3742    3738
CTETRA       401       7     191     195     192     179    3743    2598+CONT
+CONT       2377    2375    3744    2376
CTETRA       402       7     179     178     195     192    3735    2599+CONT
+CONT       3744    2376    2594    2598
CTETRA       403       7     191     195     179     180    3743    3744+CONT
+CONT       2375    2374    3745    2370
CTETRA       404       7     178     179     195     180    3735    3744+CONT
+CONT       2599    3736    2370    3745
CTETRA       405       7     180     181     195     178    3739    2600+CONT
+CONT       3745    3736    2590    2599
CTETRA       406       7     191     195     180     196    3743    3745+CONT
+CONT       2374    2382    3746    2381
CTETRA       407       7     180     181     197     195    3739    2602+CONT
+CONT       3747    3745    2600    2601
CTETRA       408       7     193     194     181     197    3741    3742+CONT
+CONT       2597    2603    3748    2602
CTETRA       409       7     180     181     194     197    3739    3742+CONT
+CONT       2380    3747    2602    3748
CTETRA       410       7     197     196     180     195    3749    2381+CONT
+CONT       3747    2601    3746    3745
CTETRA       411       7     196     197     180     194    3749    3747+CONT
+CONT       2381    2383    3748    2380
CTETRA       412       7     194     193     182     198    3741    2596+CONT
+CONT       2379    2384    2604     918
CTETRA       413       2     183     185     189     199    3063    3070+CONT
+CONT       1739    1742    3072    1741
CTETRA       414       2     185     183     184     200    3063    1733+CONT
+CONT       1512    1521    1743     733
CTETRA       415       2     185     183     200     199    3063    1743+CONT
+CONT       1521    3072    1742    1744
CTETRA       416       2     202     199     185     200    3073    3072+CONT
+CONT       1525    1526    1744    1521
CTETRA       417       2     188     189     185     202    3071    3070+CONT
+CONT       1519    1527    3074    1525
CTETRA       418       2     199     202     185     189    3073    1525+CONT
+CONT       3072    1741    3074    3070
CTETRA       419       2     201     203     190     187    3075    1745+CONT
+CONT       1524    1523    3076    1520
CTETRA       420       2     187     186     203     190    3067    1746+CONT
+CONT       3076    1520    1740    1745
CTETRA       421       2     201     203     187     188    3075    3076+CONT
+CONT       1523    1522    3077    1517
CTETRA       422       2     186     187     203     188    3067    3076+CONT
+CONT       1746    3068    1517    3077
CTETRA       423       2     188     189     203     186    3071    1747+CONT
+CONT       3077    3068    1737    1746
CTETRA       424       2     201     203     188     204    3075    3077+CONT
+CONT       1522    1529    3078    1528
CTETRA       425       2     188     189     205     203    3071    1749+CONT
+CONT       3079    3077    1747    1748
CTETRA       426       2     199     202     189     205    3073    3074+CONT
+CONT       1741    1750    3080    1749
CTETRA       427       2     188     189     202     205    3071    3074+CONT
+CONT       1527    3079    1749    3080
CTETRA       428       2     205     204     188     203    3081    1528+CONT
+CONT       3079    1748    3078    3077
CTETRA       429       2     204     205     188     202    3081    3079+CONT
+CONT       1528    1530    3080    1527
CTETRA       430       2     201     203     206     190    3075    1751+CONT
+CONT       1531    1524    1745     776
CTETRA       431       7     195     191     207     196    3743    2386+CONT
+CONT       3750    3746    2382    2385
CTETRA       432       7     191     195     208     192    3743    2605+CONT
+CONT       2387    2377    2598     892
CTETRA       433       7     195     191     208     207    3743    2387+CONT
+CONT       2605    3750    2386    2388
CTETRA       434       7     193     194     209     198    3741    3751+CONT
+CONT       2607    2604    2384    2606
CTETRA       435       7     193     194     197     209    3741    3748+CONT
+CONT       2603    2607    3751    2608
CTETRA       436       7     196     197     194     209    3749    3748+CONT
+CONT       2383    3752    2608    3751
CTETRA       437       7     210     209     196     194    3753    3752+CONT
+CONT       2391    2390    3751    2383
CTETRA       438       7     209     210     198     194    3753    2389+CONT
+CONT       2606    3751    2390    2384
CTETRA       439       7     207     211     208     195    3754    2610+CONT
+CONT       2388    3750    2609    2605
CTETRA       440       7     207     211     195     196    3754    2609+CONT
+CONT       3750    2385    3755    3746
CTETRA       441       7     197     196     195     211    3749    3746+CONT
+CONT       2601    2611    3755    2609
CTETRA       442       7     207     211     196     212    3754    3755+CONT
+CONT       2385    2393    3756    2392
CTETRA       443       7     197     196     213     209    3749    3757+CONT
+CONT       2613    2608    3752    2614
CTETRA       444       7     212     213     211     196    3758    2612+CONT
+CONT       3756    2392    3757    3755
CTETRA       445       7     212     213     196     210    3758    3757+CONT
+CONT       2392    2394    3759    2391
CTETRA       446       7     209     210     196     213    3753    2391+CONT
+CONT       3752    2614    3759    3757
CTETRA       447       7     196     197     213     211    3749    2613+CONT
+CONT       3757    3755    2611    2612
CTETRA       448       7     210     209     198     214    3753    2606+CONT
+CONT       2389    2395    2615     919
CTETRA       449       2     199     202     205     215    3073    3080+CONT
+CONT       1750    1753    3082    1752
CTETRA       450       2     204     205     202     215    3081    3080+CONT
+CONT       1530    3083    1752    3082
CTETRA       451       2     202     199     200     216    3073    1744+CONT
+CONT       1526    1532    1754     734
CTETRA       452       2     199     202     215     216    3073    3082+CONT
+CONT       1753    1754    1532    1755
CTETRA       453       2     203     201     217     204    3075    1534+CONT
+CONT       3084    3078    1529    1533
CTETRA       454       2     203     201     206     217    3075    1531+CONT
+CONT       1751    3084    1534    1535
CTETRA       455       2     218     215     204     202    3085    3083+CONT
+CONT       1538    1537    3082    1530
CTETRA       456       2     215     218     216     202    3085    1536+CONT
+CONT       1755    3082    1537    1532
CTETRA       457       2     217     219     206     203    3086    1757+CONT
+CONT       1535    3084    1756    1751
CTETRA       458       2     217     219     203     204    3086    1756+CONT
+CONT       3084    1533    3087    3078
CTETRA       459       2     205     204     203     219    3081    3078+CONT
+CONT       1748    1758    3087    1756
CTETRA       460       2     217     219     204     220    3086    3087+CONT
+CONT       1533    1540    3088    1539
CTETRA       461       2     205     204     221     215    3081    3089+CONT
+CONT       1760    1752    3083    1761
CTETRA       462       2     220     221     219     204    3090    1759+CONT
+CONT       3088    1539    3089    3087
CTETRA       463       2     220     221     204     218    3090    3089+CONT
+CONT       1539    1541    3091    1538
CTETRA       464       2     215     218     204     221    3085    1538+CONT
+CONT       3083    1761    3091    3089
CTETRA       465       2     204     205     221     219    3081    1760+CONT
+CONT       3089    3087    1758    1759
CTETRA       466       2     217     219     222     206    3086    1762+CONT
+CONT       1542    1535    1757     777
CTETRA       467       7     211     207     223     212    3754    2397+CONT
+CONT       3760    3756    2393    2396
CTETRA       468       7     207     211     224     208    3754    2616+CONT
+CONT       2398    2388    2610     893
CTETRA       469       7     211     207     224     223    3754    2398+CONT
+CONT       2616    3760    2397    2399
CTETRA       470       7     209     210     213     225    3753    3759+CONT
+CONT       2614    2618    3761    2619
CTETRA       471       7     210     209     214     225    3753    2615+CONT
+CONT       2395    3761    2618    2617
CTETRA       472       7     213     212     225     210    3758    3762+CONT
+CONT       2619    3759    2394    3761
CTETRA       473       7     225     226     214     210    3763    2400+CONT
+CONT       2617    3761    2401    2395
CTETRA       474       7     225     226     210     212    3763    2401+CONT
+CONT       3761    3762    2402    2394
CTETRA       475       7     223     227     224     211    3764    2621+CONT
+CONT       2399    3760    2620    2616
CTETRA       476       7     223     227     211     212    3764    2620+CONT
+CONT       3760    2396    3765    3756
CTETRA       477       7     227     223     226     212    3764    2403+CONT
+CONT       3766    3765    2396    2402
CTETRA       478       7     212     213     227     211    3758    2622+CONT
+CONT       3765    3756    2612    2620
CTETRA       479       7     226     225     227     212    3763    2623+CONT
+CONT       3766    2402    3762    3765
CTETRA       480       7     213     212     227     225    3758    3765+CONT
+CONT       2622    2619    3762    2623
CTETRA       481       7     225     226     228     214    3763    2404+CONT
+CONT       2624    2617    2400     920
CTETRA       482       2     215     218     221     229    3085    3091+CONT
+CONT       1761    1764    3092    1763
CTETRA       483       2     221     220     229     218    3090    3093+CONT
+CONT       1763    3091    1541    3092
CTETRA       484       2     218     215     216     230    3085    1755+CONT
+CONT       1536    1543    1765     735
CTETRA       485       2     218     215     230     229    3085    1765+CONT
+CONT       1543    3092    1764    1766
CTETRA       486       2     219     217     231     220    3086    1545+CONT
+CONT       3094    3088    1540    1544
CTETRA       487       2     219     217     222     231    3086    1542+CONT
+CONT       1762    3094    1545    1546
CTETRA       488       2     229     232     230     218    3095    1547+CONT
+CONT       1766    3092    1548    1543
CTETRA       489       2     229     232     218     220    3095    1548+CONT
+CONT       3092    3093    1549    1541
CTETRA       490       2     231     233     222     219    3096    1768+CONT
+CONT       1546    3094    1767    1762
CTETRA       491       2     231     233     219     220    3096    1767+CONT
+CONT       3094    1544    3097    3088
CTETRA       492       2     233     231     232     220    3096    1550+CONT
+CONT       3098    3097    1544    1549
CTETRA       493       2     220     221     233     219    3090    1769+CONT
+CONT       3097    3088    1759    1767
CTETRA       494       2     232     229     233     220    3095    1770+CONT
+CONT       3098    1549    3093    3097
CTETRA       495       2     221     220     233     229    3090    3097+CONT
+CONT       1769    1763    3093    1770
CTETRA       496       2     231     233     234     222    3096    1771+CONT
+CONT       1551    1546    1768     778
CTETRA       497       7     227     223     235     226    3764    2405+CONT
+CONT       3767    3766    2403    2406
CTETRA       498       7     223     227     236     224    3764    2625+CONT
+CONT       2407    2399    2621     894
CTETRA       499       7     227     223     236     235    3764    2407+CONT
+CONT       2625    3767    2405    2408
CTETRA       500       7     226     225     228     237    3763    2624+CONT
+CONT       2404    3768    2626    2627
CTETRA       501       7     237     235     226     227    3769    2406+CONT
+CONT       3768    2628    3767    3766
CTETRA       502       7     226     225     237     227    3763    2626+CONT
+CONT       3768    3766    2623    2628
CTETRA       503       7     237     238     228     226    3770    2409+CONT
+CONT       2627    3768    2410    2404
CTETRA       504       7     237     238     226     235    3770    2410+CONT
+CONT       3768    3769    2411    2406
CTETRA       505       7     235     239     236     227    3771    2629+CONT
+CONT       2408    3767    2630    2625
CTETRA       506       7     239     235     238     237    3771    2411+CONT
+CONT       3772    2631    3769    3770
CTETRA       507       7     235     239     227     237    3771    2630+CONT
+CONT       3767    3769    2631    2628
CTETRA       508       7     238     237     228     240    3770    2627+CONT
+CONT       2409    2412    2632     921
CTETRA       509       2     232     229     241     233    3095    1772+CONT
+CONT       3099    3098    1770    1773
CTETRA       510       2     229     232     242     230    3095    1552+CONT
+CONT       1774    1766    1547     736
CTETRA       511       2     232     229     242     241    3095    1774+CONT
+CONT       1552    3099    1772    1775
CTETRA       512       2     233     231     243     232    3096    1553+CONT
+CONT       3100    3098    1550    1554
CTETRA       513       2     233     231     234     243    3096    1551+CONT
+CONT       1771    3100    1553    1555
CTETRA       514       2     241     243     232     233    3101    1554+CONT
+CONT       3099    1773    3100    3098
CTETRA       515       2     241     244     242     232    3102    1556+CONT
+CONT       1775    3099    1557    1552
CTETRA       516       2     241     244     232     243    3102    1557+CONT
+CONT       3099    3101    1558    1554
CTETRA       517       2     243     245     234     233    3103    1776+CONT
+CONT       1555    3100    1777    1771
CTETRA       518       2     245     243     244     241    3103    1558+CONT
+CONT       3104    1778    3101    3102
CTETRA       519       2     243     245     233     241    3103    1777+CONT
+CONT       3100    3101    1778    1773
CTETRA       520       2     245     243     234     246    3103    1555+CONT
+CONT       1776    1779    1559     779
CTETRA       521       7     239     235     247     238    3771    2414+CONT
+CONT       3773    3772    2411    2413
CTETRA       522       7     239     235     236     248    3771    2408+CONT
+CONT       2629    2633    2415     895
CTETRA       523       7     239     235     248     247    3771    2415+CONT
+CONT       2633    3773    2414    2416
CTETRA       524       7     238     237     249     239    3770    2634+CONT
+CONT       3774    3772    2631    2636
CTETRA       525       7     238     249     237     240    3774    2634+CONT
+CONT       3770    2412    2635    2632
CTETRA       526       7     249     247     238     239    3775    2413+CONT
+CONT       3774    2636    3773    3772
CTETRA       527       7     249     250     240     238    3776    2418+CONT
+CONT       2635    3774    2417    2412
CTETRA       528       7     249     250     238     247    3776    2417+CONT
+CONT       3774    3775    2419    2413
CTETRA       529       7     251     247     250     249    3777    2419+CONT
+CONT       3778    2639    3775    3776
CTETRA       530       7     247     251     239     249    3777    2637+CONT
+CONT       3773    3775    2639    2636
CTETRA       531       7     247     251     248     239    3777    2638+CONT
+CONT       2416    3773    2637    2633
CTETRA       532       7     250     249     240     252    3776    2635+CONT
+CONT       2418    2420    2640     922
CTETRA       533       2     244     241     253     245    3102    1780+CONT
+CONT       3105    3104    1778    1781
CTETRA       534       2     244     241     242     254    3102    1775+CONT
+CONT       1556    1560    1782     737
CTETRA       535       2     244     253     241     254    3105    1780+CONT
+CONT       3102    1560    1783    1782
CTETRA       536       2     245     243     255     244    3103    1562+CONT
+CONT       3106    3104    1558    1561
CTETRA       537       2     245     243     246     255    3103    1559+CONT
+CONT       1779    3106    1562    1563
CTETRA       538       2     253     255     244     245    3107    1561+CONT
+CONT       3105    1781    3106    3104
CTETRA       539       2     253     256     254     244    3108    1565+CONT
+CONT       1783    3105    1564    1560
CTETRA       540       2     253     256     244     255    3108    1564+CONT
+CONT       3105    3107    1566    1561
CTETRA       541       2     257     255     256     253    3109    1566+CONT
+CONT       3110    1786    3107    3108
CTETRA       542       2     255     257     245     253    3109    1784+CONT
+CONT       3106    3107    1786    1781
CTETRA       543       2     255     257     246     245    3109    1785+CONT
+CONT       1563    3106    1784    1779
CTETRA       544       2     257     255     246     258    3109    1563+CONT
+CONT       1785    1787    1567     780
CTETRA       545       7     251     247     259     250    3777    2422+CONT
+CONT       3779    3778    2419    2421
CTETRA       546       7     251     247     248     260    3777    2416+CONT
+CONT       2638    2641    2423     896
CTETRA       547       7     251     247     260     259    3777    2423+CONT
+CONT       2641    3779    2422    2424
CTETRA       548       7     250     249     252     261    3776    2640+CONT
+CONT       2420    3780    2643    2642
CTETRA       549       7     259     261     251     250    3781    2644+CONT
+CONT       3779    2421    3780    3778
CTETRA       550       7     250     249     261     251    3776    2643+CONT
+CONT       3780    3778    2639    2644
CTETRA       551       7     261     262     252     250    3782    2425+CONT
+CONT       2642    3780    2426    2420
CTETRA       552       7     261     262     250     259    3782    2426+CONT
+CONT       3780    3781    2427    2421
CTETRA       553       7     259     263     260     251    3783    2646+CONT
+CONT       2424    3779    2645    2641
CTETRA       554       7     261     263     262     259    2647    3784+CONT
+CONT       3782    3781    3783    2427
CTETRA       555       7     259     263     251     261    3783    2645+CONT
+CONT       3779    3781    2647    2644
CTETRA       556       7     262     261     252     264    3782    2642+CONT
+CONT       2425    2428    2648     923
CTETRA       557       2     256     253     265     257    3108    1789+CONT
+CONT       3111    3110    1786    1788
CTETRA       558       2     256     253     254     266    3108    1783+CONT
+CONT       1565    1568    1790     738
CTETRA       559       2     256     253     266     265    3108    1790+CONT
+CONT       1568    3111    1789    1791
CTETRA       560       2     257     255     267     256    3109    1570+CONT
+CONT       3112    3110    1566    1569
CTETRA       561       2     257     255     258     267    3109    1567+CONT
+CONT       1787    3112    1570    1571
CTETRA       562       2     267     265     257     256    3113    1788+CONT
+CONT       3112    1569    3111    3110
CTETRA       563       2     265     268     266     256    3114    1572+CONT
+CONT       1791    3111    1573    1568
CTETRA       564       2     265     268     256     267    3114    1573+CONT
+CONT       3111    3113    1574    1569
CTETRA       565       2     267     269     258     257    3115    1793+CONT
+CONT       1571    3112    1792    1787
CTETRA       566       2     265     269     268     267    1794    3116+CONT
+CONT       3114    3113    3115    1574
CTETRA       567       2     267     269     257     265    3115    1792+CONT
+CONT       3112    3113    1794    1788
CTETRA       568       2     267     269     270     258    3115    1795+CONT
+CONT       1575    1571    1793     781
CTETRA       569       7     263     259     271     262    3783    2430+CONT
+CONT       3785    3784    2427    2429
CTETRA       570       7     259     263     272     260    3783    2649+CONT
+CONT       2431    2424    2646     897
CTETRA       571       7     263     259     272     271    3783    2431+CONT
+CONT       2649    3785    2430    2432
CTETRA       572       7     262     261     264     273    3782    2648+CONT
+CONT       2428    3786    2651    2650
CTETRA       573       7     271     263     262     273    3785    3784+CONT
+CONT       2429    3787    2652    3786
CTETRA       574       7     262     261     273     263    3782    2651+CONT
+CONT       3786    3784    2647    2652
CTETRA       575       7     273     275     262     271    3788    2434+CONT
+CONT       3786    3787    2435    2429
CTETRA       576       7     275     273     274     271    3788    3789+CONT
+CONT       2436    2435    3787    2437
CTETRA       577       7     273     275     264     262    3788    2433+CONT
+CONT       2650    3786    2434    2428
CTETRA       578       7     276     271     263     272    3790    3785+CONT
+CONT       2653    2654    2432    2649
CTETRA       579       7     271     276     263     273    3790    2653+CONT
+CONT       3785    3787    2655    2652
CTETRA       580       7     277     273     271     274    2657    3787+CONT
+CONT       3791    3792    3789    2437
CTETRA       581       7     271     276     273     277    3790    2655+CONT
+CONT       3787    3791    2656    2657
CTETRA       582       7     275     273     264     278    3788    2650+CONT
+CONT       2433    2438    2658     924
CTETRA       583       2     268     265     280     269    3114    1797+CONT
+CONT       3117    3116    1794    1796
CTETRA       584       2     268     265     266     281    3114    1791+CONT
+CONT       1572    1576    1798     739
CTETRA       585       2     268     265     281     280    3114    1798+CONT
+CONT       1576    3117    1797    1799
CTETRA       586       2     280     282     281     268    3118    1577+CONT
+CONT       1799    3117    1578    1576
CTETRA       587       2     269     267     283     268    3115    1580+CONT
+CONT       3119    3116    1574    1579
CTETRA       588       2     269     267     270     283    3115    1575+CONT
+CONT       1795    3119    1580    1581
CTETRA       589       2     283     269     268     280    3119    3116+CONT
+CONT       1579    3120    1796    3117
CTETRA       590       2     280     282     268     283    3118    1578+CONT
+CONT       3117    3120    1582    1579
CTETRA       591       2     284     283     269     270    3121    3119+CONT
+CONT       1800    1801    1581    1795
CTETRA       592       2     283     284     269     280    3121    1800+CONT
+CONT       3119    3120    1802    1796
CTETRA       593       2     284     283     270     285    3121    1581+CONT
+CONT       1801    1803    1583     782
CTETRA       594       7     276     277     271     287    2656    3791+CONT
+CONT       3790    3793    3794    3795
CTETRA       595       7     277     287     274     271    3794    3796+CONT
+CONT       3792    3791    3795    2437
CTETRA       596       7     276     271     288     287    3790    2445+CONT
+CONT       3797    3793    3795    3798
CTETRA       597       7     288     287     271     274    3798    3795+CONT
+CONT       2445    2444    3796    2437
CTETRA       598       7     288     274     286     287    2444    2443+CONT
+CONT       2446    3798    3796    3799
CTETRA       599       7     276     271     272     289    3790    2432+CONT
+CONT       2654    2659    2447     898
CTETRA       600       7     276     271     289     288    3790    2447+CONT
+CONT       2659    3797    2445    2448
CTETRA       601       7     287     277     274     291    3794    3792+CONT
+CONT       3796    3804    3808    3803
CTETRA       602       7     286     279     290     291    2442    2450+CONT
+CONT       2449    3800    3801    3802
CTETRA       603       7     286     274     279     291    2443    2439+CONT
+CONT       2442    3800    3803    3801
CTETRA       604       7     286     291     287     274    3800    3804+CONT
+CONT       3799    2443    3803    3796
CTETRA       605       7     291     279     292     274    3801    3806+CONT
+CONT       3805    3803    2439    3807
CTETRA       606       7     291     292     277     274    3805    2662+CONT
+CONT       3808    3803    3807    3792
CTETRA       607       7     278     279     275     292    2441    2440+CONT
+CONT       2438    2661    3806    3809
CTETRA       608       7     275     273     292     274    3788    2660+CONT
+CONT       3809    2436    3789    3807
CTETRA       609       7     277     292     273     274    2662    2660+CONT
+CONT       2657    3792    3807    3789
CTETRA       610       7     275     273     278     292    3788    2658+CONT
+CONT       2438    3809    2660    2661
CTETRA       611       7     274     279     292     275    2439    3806+CONT
+CONT       3807    2436    2440    3809
CTETRA       612       7     293     277     276     287    2665    2656+CONT
+CONT       2664    3810    3794    3793
CTETRA       613       7     287     293     288     276    3810    3811+CONT
+CONT       3798    3793    2664    3797
CTETRA       614       7     293     289     288     276    2663    2448+CONT
+CONT       3811    2664    2659    3797
CTETRA       615       7     294     277     291     292    2667    3808+CONT
+CONT       3812    2668    2662    3805
CTETRA       616       7     294     287     291     277    3813    3804+CONT
+CONT       3812    2667    3794    3808
CTETRA       617       7     287     294     293     277    3813    2666+CONT
+CONT       3810    3794    2667    2665
CTETRA       618       7     295     279     291     290    3814    3801+CONT
+CONT       3815    3816    2450    3802
CTETRA       619       7     291     295     292     279    3815    3818+CONT
+CONT       3805    3801    3814    3806
CTETRA       620       7     279     296     292     278    2451    2669+CONT
+CONT       3806    2441     925    2661
CTETRA       621       7     296     295     279     292    3817    3814+CONT
+CONT       2451    2669    3818    3806
CTETRA       622       7     297     290     279     295    2453    2450+CONT
+CONT       2452    3819    3816    3814
CTETRA       623       7     296     295     297     279    3817    3819+CONT
+CONT       2454    2451    3814    2452
CTETRA       624       2     282     280     300     283    3118    3122+CONT
+CONT       1584    1582    3120    1585
CTETRA       625       2     301     280     283     300    1807    3120+CONT
+CONT       3123    3124    3122    1585
CTETRA       626       2     283     284     280     301    3121    1802+CONT
+CONT       3120    3123    1806    1807
CTETRA       627       2     282     280     303     300    3118    1812+CONT
+CONT       3125    1584    3122    3126
CTETRA       628       2     301     303     280     300    1811    1812+CONT
+CONT       1807    3124    3126    3122
CTETRA       629       2     282     280     281     304    3118    1799+CONT
+CONT       1577    1586    1814     740
CTETRA       630       2     282     280     304     303    3118    1814+CONT
+CONT       1586    3125    1812    1815
CTETRA       631       2     304     307     282     303    1589    1588+CONT
+CONT       1586    1815    3127    3125
CTETRA       632       2     300     307     303     282    1587    3127+CONT
+CONT       3126    1584    1588    3125
CTETRA       633       2     284     301     283     308    1806    3123+CONT
+CONT       3121    3128    3129    3130
CTETRA       634       2     301     308     300     283    3129    3131+CONT
+CONT       3124    3123    3130    1585
CTETRA       635       2     299     301     284     308    1808    1806+CONT
+CONT       1805    3132    3129    3128
CTETRA       636       2     308     302     299     301    3133    1809+CONT
+CONT       3132    3129    1810    1808
CTETRA       637       2     284     283     311     308    3121    1591+CONT
+CONT       3134    3128    3130    3135
CTETRA       638       2     311     308     283     300    3135    3130+CONT
+CONT       1591    1590    3131    1585
CTETRA       639       2     284     283     285     311    3121    1583+CONT
+CONT       1803    3134    1591    1592
CTETRA       640       2     308     299     311     284    3132    3136+CONT
+CONT       3135    3128    1805    3134
CTETRA       641       2     299     285     311     284    1804    1592+CONT
+CONT       3136    1805    1803    3134
CTETRA       642       2     308     299     310     311    3132    1820+CONT
+CONT       3137    3135    3136    1593
CTETRA       643       2     299     310     311     285    1820    1593+CONT
+CONT       3136    1804     783    1592
CTETRA       644       2     311     300     312     308    1590    1595+CONT
+CONT       1596    3135    3131    3138
CTETRA       645       7     314     288     286     287    3820    2446+CONT
+CONT       3821    3822    3798    3799
CTETRA       646       7     291     314     286     287    3823    3821+CONT
+CONT       3800    3804    3822    3799
CTETRA       647       7     286     291     290     314    3800    3802+CONT
+CONT       2449    3821    3823    3824
CTETRA       648       7     314     315     286     288    3825    2455+CONT
+CONT       3821    3820    2457    2446
CTETRA       649       7     315     286     290     314    2455    2449+CONT
+CONT       2456    3825    3821    3824
CTETRA       650       7     287     317     294     291    3826    3828+CONT
+CONT       3813    3804    3855    3812
CTETRA       651       7     287     317     293     294    3826    3827+CONT
+CONT       3810    3813    3828    2666
CTETRA       652       7     317     287     314     291    3826    3822+CONT
+CONT       3873    3855    3804    3823
CTETRA       653       7     288     314     320     287    3820    3829+CONT
+CONT       2459    3798    3822    3830
CTETRA       654       7     314     315     288     320    3825    2457+CONT
+CONT       3820    3829    2458    2459
CTETRA       655       7     314     317     320     287    3873    3833+CONT
+CONT       3829    3822    3826    3830
CTETRA       656       7     288     320     321     287    2459    2463+CONT
+CONT       2462    3798    3830    3831
CTETRA       657       7     287     293     321     288    3810    2670+CONT
+CONT       3831    3798    3811    2462
CTETRA       658       7     293     321     288     289    2670    2462+CONT
+CONT       3811    2663     899    2448
CTETRA       659       7     293     287     321     317    3810    3831+CONT
+CONT       2670    3827    3826    3832
CTETRA       660       7     317     287     321     320    3826    3831+CONT
+CONT       3832    3833    3830    2463
CTETRA       661       7     322     317     293     321    3834    3827+CONT
+CONT       2672    2671    3832    2670
CTETRA       662       7     322     321     320     317    2671    2463+CONT
+CONT       3835    3834    3832    3833
CTETRA       663       7     315     325     314     290    3836    3837+CONT
+CONT       3825    2456    3838    3824
CTETRA       664       7     290     325     291     295    3838    3848+CONT
+CONT       3802    3816    3842    3815
CTETRA       665       7     314     325     291     290    3837    3848+CONT
+CONT       3823    3824    3838    3802
CTETRA       666       7     325     315     318     326    3836    2460+CONT
+CONT       2695    2694    2466     902
CTETRA       667       7     325     290     315     326    3838    2456+CONT
+CONT       3836    2694    2465    2466
CTETRA       668       7     297     328     290     295    3839    3840+CONT
+CONT       2453    3819    3841    3816
CTETRA       669       7     328     325     290     295    2697    3838+CONT
+CONT       3840    3841    3842    3816
CTETRA       670       7     325     290     326     329    3838    2465+CONT
+CONT       2694    2696    2467     903
CTETRA       671       7     297     329     290     328    2468    2467+CONT
+CONT       2453    3839    2698    3840
CTETRA       672       7     325     328     290     329    2697    3840+CONT
+CONT       3838    2696    2698    2467
CTETRA       673       3     316     330     326     329    3203    2230+CONT
+CONT       2174    2178    2229     903
CTETRA       674       3     316     330     331     327    3203    3204+CONT
+CONT       2180    2176    3205    2181
CTETRA       675       3     330     329     316     331    2229    2178+CONT
+CONT       3203    3204    2179    2180
CTETRA       676       3     329     332     331     330    2182    2183+CONT
+CONT       2179    2229    3206    3204
CTETRA       677       7     328     333     325     295    2700    2699+CONT
+CONT       2697    3841    3843    3842
CTETRA       678       7     291     314     317     333    3823    3873+CONT
+CONT       3855    3847    3849    3864
CTETRA       679       7     295     328     333     298    3841    2700+CONT
+CONT       3843    3844    3845    3846
CTETRA       680       7     333     295     291     325    3843    3815+CONT
+CONT       3847    2699    3842    3848
CTETRA       681       7     314     291     325     333    3823    3848+CONT
+CONT       3837    3849    3847    2699
CTETRA       682       7     295     298     334     296    3844    2675+CONT
+CONT       3850    3817    2676    2674
CTETRA       683       7     295     334     292     296    3850    2673+CONT
+CONT       3818    3817    2674    2669
CTETRA       684       7     295     298     333     334    3844    3846+CONT
+CONT       3843    3850    2675    3851
CTETRA       685       7     295     334     333     291    3850    3851+CONT
+CONT       3843    3815    3852    3847
CTETRA       686       7     334     292     291     295    2673    3805+CONT
+CONT       3852    3850    3818    3815
CTETRA       687       7     294     335     292     291    2679    2678+CONT
+CONT       2668    3812    3853    3805
CTETRA       688       7     291     335     333     317    3853    3854+CONT
+CONT       3847    3855    3856    3864
CTETRA       689       7     335     334     291     333    2677    3852+CONT
+CONT       3853    3854    3851    3847
CTETRA       690       7     334     335     291     292    2677    3853+CONT
+CONT       3852    2673    2678    3805
CTETRA       691       7     294     291     317     335    3812    3855+CONT
+CONT       3828    2679    3853    3856
CTETRA       692       7     317     336     322     293    3857    2682+CONT
+CONT       3834    3827    2683    2672
CTETRA       693       7     317     294     336     293    3828    2680+CONT
+CONT       3857    3827    2666    2683
CTETRA       694       7     294     336     335     317    2680    2681+CONT
+CONT       2679    3828    3857    3856
CTETRA       695       7     328     295     297     337    3841    3819+CONT
+CONT       3839    2701    3858    2469
CTETRA       696       7     295     297     337     296    3819    2469+CONT
+CONT       3858    3817    2454     926
CTETRA       697       7     328     297     329     337    3839    2468+CONT
+CONT       2698    2701    2469     904
CTETRA       698       7     298     295     337     296    3844    3858+CONT
+CONT       2684    2676    3817     926
CTETRA       699       7     298     295     328     337    3844    3841+CONT
+CONT       3845    2684    3858    2701
CTETRA       700       7     298     338     333     334    2685     949+CONT
+CONT       3846    2675    2686    3851
CTETRA       701       7     298     337     328     338    2684    2701+CONT
+CONT       3845    2685     905    2702
CTETRA       702       7     338     298     333     328    2685    3846+CONT
+CONT        949    2702    3845    2700
CTETRA       703       2     308     339     299     302    3139    3140+CONT
+CONT       3132    3133    3141    1809
CTETRA       704       2     299     308     310     339    3132    3137+CONT
+CONT       1820    3140    3139    3142
CTETRA       705       2     339     302     305     299    3141    1816+CONT
+CONT       3143    3140    1809    1817
CTETRA       706       2     309     339     299     310    3144    3140+CONT
+CONT       1818    1821    3142    1820
CTETRA       707       2     339     305     309     299    3143    1819+CONT
+CONT       3144    3140    1817    1818
CTETRA       708       2     302     305     340     339    1816    1824+CONT
+CONT       1822    3141    3143    3145
CTETRA       709       2     308     301     300     342    3129    3124+CONT
+CONT       3131    3149    3151    3147
CTETRA       710       2     312     300     307     342    1595    1587+CONT
+CONT       1594    3146    3147    3148
CTETRA       711       2     312     342     308     300    3146    3149+CONT
+CONT       3138    1595    3147    3131
CTETRA       712       2     342     307     303     300    3148    3127+CONT
+CONT       3150    3147    1587    3126
CTETRA       713       2     342     303     301     300    3150    1811+CONT
+CONT       3151    3147    3126    3124
CTETRA       714       2     302     301     342     303    1810    3151+CONT
+CONT       3152    1813    1811    3150
CTETRA       715       2     302     308     342     301    3133    3149+CONT
+CONT       3152    1810    3129    3151
CTETRA       716       2     308     339     302     342    3139    3141+CONT
+CONT       3133    3149    3155    3152
CTETRA       717       2     302     340     303     342    1822    1823+CONT
+CONT       1813    3152    3153    3150
CTETRA       718       2     341     340     342     303    1825    3153+CONT
+CONT       3154    1826    1823    3150
CTETRA       719       2     302     342     339     340    3152    3155+CONT
+CONT       3141    1822    3153    3145
CTETRA       720       2     343     311     312     308    3156    1596+CONT
+CONT       3157    3158    3135    3138
CTETRA       721       2     342     343     312     308    3174    3157+CONT
+CONT       3146    3149    3158    3138
CTETRA       722       2     339     308     343     342    3139    3158+CONT
+CONT       3872    3155    3149    3174
CTETRA       723       2     305     339     344     340    3143    3160+CONT
+CONT       3159    1824    3145    3161
CTETRA       724       2     344     305     340     345    3159    1824+CONT
+CONT       3161    2031    1827    1828
CTETRA       725       2     344     345     340     348    2031    1828+CONT
+CONT       3161    2032     814    1829
CTETRA       726       2     342     349     303     307    3164    3163+CONT
+CONT       3150    3148    3166    3127
CTETRA       727       2     341     303     342     349    1826    3150+CONT
+CONT       3154    3162    3163    3164
CTETRA       728       2     307     350     303     304    1597    1831+CONT
+CONT       3127    1589     741    1815
CTETRA       729       2     350     349     307     303    3165    3166+CONT
+CONT       1597    1831    3163    3127
CTETRA       730       2     349     341     303     350    3162    1826+CONT
+CONT       3163    3165    1832    1831
CTETRA       731       2     349     351     341     350    3167    1833+CONT
+CONT       3162    3165    1834    1832
CTETRA       732       2     350     349     352     307    3165    3168+CONT
+CONT       1598    1597    3166    1599
CTETRA       733       2     305     339     356     344    3143    3170+CONT
+CONT       3169    3159    3160    2033
CTETRA       734       2     309     339     356     305    3144    3170+CONT
+CONT       3171    1819    3143    3169
CTETRA       735       2     309     356     357     305    3171    2034+CONT
+CONT       1837    1819    3169    1838
CTETRA       736       2     344     356     305     357    2033    3169+CONT
+CONT       3159    2035    2034    1838
CTETRA       737       2     344     345     357     305    2031     816+CONT
+CONT       2035    3159    1827    1838
CTETRA       738       2     356     358     309     357    2036    1839+CONT
+CONT       3171    2034     817    1837
CTETRA       739       3     360     357     345     313    2023     816+CONT
+CONT       2024    3207    1896    1890
CTETRA       740       3     360     345     306     313    2024    1889+CONT
+CONT       3208    3207    1890     942
CTETRA       741       3     357     313     360     359    1896    3207+CONT
+CONT       2023    1898    1899    3209
CTETRA       742       3     313     360     361     306    3207    3210+CONT
+CONT       2191     942    3208    2192
CTETRA       743       3     362     306     354     346    3211     943+CONT
+CONT       3212    3213    2189    2190
CTETRA       744       3     306     362     360     361    3211    3214+CONT
+CONT       3208    2192    3215    3210
CTETRA       745       3     362     306     346     361    3211    2189+CONT
+CONT       3213    3215    2192    2193
CTETRA       746       3     363     345     348     306    2025     814+CONT
+CONT       2026    3216    1889    1891
CTETRA       747       3     345     363     360     306    2025     839+CONT
+CONT       2024    1889    3216    3208
CTETRA       748       3     363     306     348     354    3216    1891+CONT
+CONT       2026    3217     943    1892
CTETRA       749       3     363     306     354     362    3216     943+CONT
+CONT       3217    3218    3211    3212
CTETRA       750       3     306     363     360     362    3216     839+CONT
+CONT       3208    3211    3218    3214
CTETRA       751       5     360     357     364     345    2023    3577+CONT
+CONT       2090    2024     816    3578
CTETRA       752       5     344     345     364     357    2031    3578+CONT
+CONT       3579    2035     816    3577
CTETRA       753       5     356     344     364     357    2033    3579+CONT
+CONT       3580    2034    2035    3577
CTETRA       754       5     345     364     360     363    3578    2090+CONT
+CONT       2024    2025    2091     839
CTETRA       755       3     313     366     361     360    3219    3220+CONT
+CONT       2191    3207    3221    3210
CTETRA       756       3     313     360     359     366    3207    3209+CONT
+CONT       1899    3219    3221    3222
CTETRA       757       3     361     365     367     327    3223    3224+CONT
+CONT       2196    2194    3225    2195
CTETRA       758       3     366     368     313     361    3226    2197+CONT
+CONT       3219    3220    2198    2191
CTETRA       759       3     368     361     365     367    2198    3223+CONT
+CONT       3227    2199    2196    3224
CTETRA       760       3     368     366     365     361    3226    3228+CONT
+CONT       3227    2198    3220    3223
CTETRA       761       2     352     369     307     349    1600    1601+CONT
+CONT       1599    3168    3172    3166
CTETRA       762       2     312     307     369     342    1594    1601+CONT
+CONT       1602    3146    3148    3173
CTETRA       763       2     349     307     342     369    3166    3148+CONT
+CONT       3164    3172    1601    3173
CTETRA       764       2     312     342     369     343    3146    3173+CONT
+CONT       1602    3157    3174    3175
CTETRA       765       2     356     370     344     339    2037    2038+CONT
+CONT       2033    3170    3176    3160
CTETRA       766       5     356     344     370     364    2033    2038+CONT
+CONT       2037    3580    3579    3581
CTETRA       767       2     311     343     371     308    3156    3177+CONT
+CONT       1603    3135    3158    3178
CTETRA       768       2     343     339     371     308    3872    3179+CONT
+CONT       3177    3158    3139    3178
CTETRA       769       2     343     370     371     339    3184    3181+CONT
+CONT       3177    3872    3176    3179
CTETRA       770       2     311     371     310     308    1603    1604+CONT
+CONT       1593    3135    3178    3137
CTETRA       771       2     339     308     310     371    3139    3137+CONT
+CONT       3142    3179    3178    1604
CTETRA       772       2     356     370     339     371    2037    3176+CONT
+CONT       3170    3180    3181    3179
CTETRA       773       2     309     356     339     371    3171    3170+CONT
+CONT       3144    3182    3180    3179
CTETRA       774       2     309     310     371     339    1821    1604+CONT
+CONT       3182    3144    3142    3179
CTETRA       775       2     310     309     371     358    1821    3182+CONT
+CONT       1604     784    1839    1605
CTETRA       776       2     356     358     371     309    2036    1605+CONT
+CONT       3180    3171    1839    3182
CTETRA       777       2     372     312     369     343    1606    1602+CONT
+CONT       1607    3183    3157    3175
CTETRA       778       2     343     372     312     311    3183    1606+CONT
+CONT       3157    3156    1608    1596
CTETRA       779       2     343     372     311     371    3183    1608+CONT
+CONT       3156    3177    1609    1603
CTETRA       780       2     343     370     372     371    3184    3185+CONT
+CONT       3183    3177    3181    1609
CTETRA       781       3     366     368     373     313    3226    2200+CONT
+CONT       3229    3219    2197     944
CTETRA       782       3     359     366     373     313    3222    3229+CONT
+CONT       1900    1899    3219     944
CTETRA       783       2     375     371     370     356    1610    3181+CONT
+CONT       2040    2039    3180    2037
CTETRA       784       2     375     358     371     356     809    1605+CONT
+CONT       1610    2039    2036    3180
CTETRA       785       7     314     376     325     315    3859    2704+CONT
+CONT       3837    3825    3860    3836
CTETRA       786       7     315     325     318     376    3836    2695+CONT
+CONT       2460    3860    2704    2703
CTETRA       787       7     324     320     318     376    2464    2461+CONT
+CONT        901     950    3861    2703
CTETRA       788       7     315     318     320     376    2460    2461+CONT
+CONT       2458    3860    2703    3861
CTETRA       789       7     314     376     315     320    3859    3860+CONT
+CONT       3825    3829    3861    2458
CTETRA       790       7     314     376     320     317    3859    3861+CONT
+CONT       3829    3873    3863    3833
CTETRA       791       7     314     376     317     333    3859    3863+CONT
+CONT       3873    3849     951    3864
CTETRA       792       7     376     325     333     314    2704    2699+CONT
+CONT        951    3859    3837    3849
CTETRA       793       7     377     376     333     317    2240     951+CONT
+CONT       2241    3862    3863    3864
CTETRA       794       7     377     335     317     333    3865    3856+CONT
+CONT       3862    2241    3854    3864
CTETRA       795       7     336     317     377     335    3857    3862+CONT
+CONT       3866    2681    3856    3865
CTETRA       796       3     316     326     330     378    2174    2230+CONT
+CONT       3203    3230    2231     869
CTETRA       797       3     319     378     316     327    3231    3230+CONT
+CONT       2175    2177    3232    2176
CTETRA       798       3     318     319     323     378    2170    2171+CONT
+CONT       2169    2232    3231    3233
CTETRA       799       3     319     378     318     326    3231    2232+CONT
+CONT       2170    2173    2231     902
CTETRA       800       3     316     330     327     378    3203    3205+CONT
+CONT       2176    3230     869    3232
CTETRA       801       3     319     326     316     378    2173    2174+CONT
+CONT       2175    3231    2231    3230
CTETRA       802       6     376     318     324     379    2703     901+CONT
+CONT        950    3603    3604    3605
CTETRA       803       6     318     378     379     326    2232    2210+CONT
+CONT       3604     902    2231    3606
CTETRA       804       6     376     325     318     379    2704    2695+CONT
+CONT       2703    3603    3607    3604
CTETRA       805       6     325     318     379     326    2695    3604+CONT
+CONT       3607    2694     902    3606
CTETRA       806       7     324     320     376     380    2464    3861+CONT
+CONT        950    2242    3867    2243
CTETRA       807       7     380     376     317     320    2243    3863+CONT
+CONT       3868    3867    3861    3833
CTETRA       808       7     322     380     317     320    3869    3868+CONT
+CONT       3834    3835    3867    3833
CTETRA       809       7     322     317     380     336    3834    3868+CONT
+CONT       3869    2682    3857    3870
CTETRA       810       7     336     317     380     377    3857    3868+CONT
+CONT       3870    3866    3862    2244
CTETRA       811       7     380     376     377     317    2243    2240+CONT
+CONT       2244    3868    3863    3862
CTETRA       812       6     376     380     379     324    2243    3608+CONT
+CONT       3603     950    2242    3605
CTETRA       813       3     323     318     381     324    2169    2233+CONT
+CONT       3234    2172     901    2234
CTETRA       814       3     318     323     381     378    2169    3234+CONT
+CONT       2233    2232    3233     870
CTETRA       815       6     318     381     379     378    2233    2209+CONT
+CONT       3604    2232     870    2210
CTETRA       816       6     381     324     318     379    2234     901+CONT
+CONT       2233    2209    3605    3604
CTETRA       817       3     381     378     323     382     870    3233+CONT
+CONT       3234    3235    3236    3237
CTETRA       818       3     382     327     367     365    3238    2195+CONT
+CONT       3239    3240    3225    3224
CTETRA       819       3     378     319     382     327    3231    3241+CONT
+CONT       3236    3232    2177    3238
CTETRA       820       3     378     319     323     382    3231    2171+CONT
+CONT       3233    3236    3241    3237
CTETRA       821       6     383     324     381     379    2236    2234+CONT
+CONT       2235    3609    3605    2209
CTETRA       822       6     383     324     379     380    2236    3605+CONT
+CONT       3609    3610    2242    3608
CTETRA       823       3     323     319     384     382    2171    2203+CONT
+CONT       2202    3237    3241    3242
CTETRA       824       3     382     384     367     327    3242     860+CONT
+CONT       3239    3238    2201    2195
CTETRA       825       3     382     319     384     327    3241    2203+CONT
+CONT       3242    3238    2177    2201
CTETRA       826       3     323     381     382     384    3234    3235+CONT
+CONT       3237    2202    3243    3242
CTETRA       827       3     382     385     367     384    3244    1934+CONT
+CONT       3239    3242    1935     860
CTETRA       828       3     385     382     367     365    3244    3239+CONT
+CONT       1934    2154    3240    3224
CTETRA       829       7     322     380     386     336    3869    2245+CONT
+CONT       2687    2682    3870    2688
CTETRA       830       7     377     380     336     386    2244    3870+CONT
+CONT       3866    2246    2245    2688
CTETRA       831       7     324     387     320     380     875    2470+CONT
+CONT       2464    2242    2247    3867
CTETRA       832       7     321     322     320     387    2671    3835+CONT
+CONT       2463     900    2689    2470
CTETRA       833       7     380     387     320     322    2247    2470+CONT
+CONT       3867    3869    2689    3835
CTETRA       834       7     380     387     322     386    2247    2689+CONT
+CONT       3869    2245     876    2687
CTETRA       835       6     383     387     324     380    2237     875+CONT
+CONT       2236    3610    2247    2242
CTETRA       836       3     324     323     388     381    2172    2204+CONT
+CONT        948    2234    3234    3245
CTETRA       837       3     323     381     384     388    3234    3243+CONT
+CONT       2202    2204    3245     861
CTETRA       838       3     383     324     388     381    2236     948+CONT
+CONT       3246    2235    2234    3245
CTETRA       839       3     383     389     324     387    3247    2102+CONT
+CONT       2236    2237    2103     875
CTETRA       840       3     389     383     324     388    3247    2236+CONT
+CONT       2102    2104    3246     948
CTETRA       841       6     333     377     390     376    2241    3612+CONT
+CONT       3611     951    2240    3613
CTETRA       842       6     333     328     390     338    2700    3614+CONT
+CONT       3611     949    2702    3615
CTETRA       843       6     333     325     376     390    2699    2704+CONT
+CONT        951    3611    3616    3613
CTETRA       844       6     333     328     325     390    2700    2697+CONT
+CONT       2699    3611    3614    3616
CTETRA       845       6     376     325     379     390    2704    3607+CONT
+CONT       3603    3613    3616    2718
CTETRA       846       3     346     361     327     391    2193    2194+CONT
+CONT       2186    3248    3249    3250
CTETRA       847       3     365     361     391     327    3223    3249+CONT
+CONT       2157    3225    2194    3250
CTETRA       848       3     331     391     346     327    3251    3248+CONT
+CONT       2185    2181    3250    2186
CTETRA       849       3     346     331     347     391    2185    2187+CONT
+CONT       2188    3248    3251    3252
CTETRA       850       3     330     331     327     391    3204    2181+CONT
+CONT       3205    3253    3251    3250
CTETRA       851       3     346     362     361     391    3213    3215+CONT
+CONT       2193    3248    3254    3249
CTETRA       852       6     326     392     330     378    3617    2211+CONT
+CONT       2230    2231    2212     869
CTETRA       853       6     392     325     328     390    3618    2697+CONT
+CONT       3619    2717    3616    3614
CTETRA       854       6     392     326     379     378    3617    3606+CONT
+CONT       2716    2212    2231    2210
CTETRA       855       6     330     329     392     326    2229    3620+CONT
+CONT       2211    2230     903    3617
CTETRA       856       6     325     326     392     329    2694    3617+CONT
+CONT       3618    2696     903    3620
CTETRA       857       6     325     328     329     392    2697    2698+CONT
+CONT       2696    3618    3619    3620
CTETRA       858       6     325     392     326     379    3618    3617+CONT
+CONT       2694    3607    2716    3606
CTETRA       859       6     392     325     390     379    3618    3616+CONT
+CONT       2717    2716    3607    2718
CTETRA       860       3     378     392     330     393    2212    2211+CONT
+CONT        869    3255    3256    3257
CTETRA       861       3     382     378     393     381    3236    3255+CONT
+CONT       3258    3235     870    3259
CTETRA       862       3     393     365     391     327    2155    2157+CONT
+CONT       2158    3260    3225    3250
CTETRA       863       3     330     392     391     393    2211    3261+CONT
+CONT       3253    3257    3256    2158
CTETRA       864       3     378     330     327     393     869    3205+CONT
+CONT       3232    3255    3257    3260
CTETRA       865       3     393     330     327     391    3257    3205+CONT
+CONT       3260    2158    3253    3250
CTETRA       866       3     382     378     327     393    3236    3232+CONT
+CONT       3238    3258    3255    3260
CTETRA       867       3     393     382     385     365    3258    3244+CONT
+CONT       2156    2155    3240    2154
CTETRA       868       3     393     382     365     327    3258    3240+CONT
+CONT       2155    3260    3238    3225
CTETRA       869       3     330     392     394     391    2211    2213+CONT
+CONT        871    3253    3261    3262
CTETRA       870       3     337     332     329     394    2184    2182+CONT
+CONT        904     874    3263    2238
CTETRA       871       3     329     332     330     394    2182    3206+CONT
+CONT       2229    2238    3263     871
CTETRA       872       6     337     328     394     329    2701    3621+CONT
+CONT        874     904    2698    2238
CTETRA       873       6     337     328     338     394    2701    2702+CONT
+CONT        905     874    3621    2221
CTETRA       874       6     329     330     392     394    2229    2211+CONT
+CONT       3620    2238     871    2213
CTETRA       875       6     328     338     394     390    2702    2221+CONT
+CONT       3621    3614    3615    2215
CTETRA       876       6     328     329     392     394    2698    3620+CONT
+CONT       3619    3621    2238    2213
CTETRA       877       6     328     392     390     394    3619    2717+CONT
+CONT       3614    3621    2213    2215
CTETRA       878       3     395     331     391     347    3264    3251+CONT
+CONT       2159    1955    2187    3252
CTETRA       879       3     394     332     330     395    3263    3206+CONT
+CONT        871    3265    3266    3267
CTETRA       880       3     331     332     395     330    2183    3266+CONT
+CONT       3264    3204    3206    3267
CTETRA       881       3     394     330     391     395     871    3253+CONT
+CONT       3262    3265    3267    2159
CTETRA       882       3     331     330     395     391    3204    3267+CONT
+CONT       3264    3251    3253    2159
CTETRA       883       3     331     347     395     396    2187    1955+CONT
+CONT       3264    2205     863    1954
CTETRA       884       3     332     394     396     395    3263    3268+CONT
+CONT       2206    3266    3265    1954
CTETRA       885       3     332     337     396     394    2184    2207+CONT
+CONT       2206    3263     874    3268
CTETRA       886       3     332     396     331     395    2206    2205+CONT
+CONT       2183    3266    1954    3264
CTETRA       887       6     397     338     390     394    2222    3615+CONT
+CONT       2214     865    2221    2215
CTETRA       888       7     377     333     398     335    2241    2248+CONT
+CONT       2249    3865    3854    2691
CTETRA       889       7     338     334     398     333    2686    2690+CONT
+CONT        877     949    3851    2248
CTETRA       890       7     335     334     333     398    2677    3851+CONT
+CONT       3854    2691    2690    2248
CTETRA       891       6     333     398     338     390    2248     877+CONT
+CONT        949    3611    3622    3615
CTETRA       892       6     397     398     390     338    2223    3622+CONT
+CONT       2214    2222     877    3615
CTETRA       893       6     333     377     398     390    2241    2249+CONT
+CONT       2248    3611    3612    3622
CTETRA       894       7     377     399     335     398    2250    2692+CONT
+CONT       3865    2249     878    2691
CTETRA       895       7     377     399     386     336    2250     879+CONT
+CONT       2246    3866    2693    2688
CTETRA       896       7     377     336     335     399    3866    2681+CONT
+CONT       3865    2250    2693    2692
CTETRA       897       6     377     399     398     390    2250     878+CONT
+CONT       2249    3612    3623    3622
CTETRA       898       6     398     400     390     399    2224    2216+CONT
+CONT       3622     878    2225    3623
CTETRA       899       6     398     397     390     400    2223    2214+CONT
+CONT       3622    2224     866    2216
CTETRA       900       3     337     338     401     394     905     952+CONT
+CONT       2208     874    2221    3269
CTETRA       901       3     337     394     401     396     874    3269+CONT
+CONT       2208    2207    3268     864
CTETRA       902       3     338     397     401     394    2222    3270+CONT
+CONT        952    2221     865    3269
CTETRA       903       3     402     398     397     338    2105    2223+CONT
+CONT       3271    2106     877    2222
CTETRA       904       3     338     397     402     401    2222    3271+CONT
+CONT       2106     952    3270    2107
CTETRA       905       2     349     351     404     341    3167    3187+CONT
+CONT       3186    3162    1833    3188
CTETRA       906       2     349     341     404     342    3162    3188+CONT
+CONT       3186    3164    3154    3190
CTETRA       907       2     351     353     404     341    1835    2041+CONT
+CONT       3187    1833    1836    3188
CTETRA       908       2     342     343     339     404    3174    3872+CONT
+CONT       3155    3190    3197    3191
CTETRA       909       2     343     370     339     404    3184    3176+CONT
+CONT       3872    3197    2044    3191
CTETRA       910       2     342     340     404     339    3153    3189+CONT
+CONT       3190    3155    3145    3191
CTETRA       911       2     340     341     342     404    1825    3154+CONT
+CONT       3153    3189    3188    3190
CTETRA       912       2     353     341     348     404    1836    1830+CONT
+CONT        815    2041    3188    2042
CTETRA       913       2     340     341     404     348    1825    3188+CONT
+CONT       3189    1829    1830    2042
CTETRA       914       2     344     370     404     339    2038    2044+CONT
+CONT       2043    3160    3176    3191
CTETRA       915       2     344     340     339     404    3161    3145+CONT
+CONT       3160    2043    3189    3191
CTETRA       916       2     344     404     348     340    2043    2042+CONT
+CONT       2032    3161    3189    1829
CTETRA       917       2     372     405     343     369    3192    3193+CONT
+CONT       3183    1607    3194    3175
CTETRA       918       2     369     405     342     349    3194    3196+CONT
+CONT       3173    3172    3195    3164
CTETRA       919       2     343     405     342     369    3193    3196+CONT
+CONT       3174    3175    3194    3173
CTETRA       920       2     404     349     342     405    3186    3164+CONT
+CONT       3190    2045    3195    3196
CTETRA       921       2     343     342     405     404    3174    3196+CONT
+CONT       3193    3197    3190    2045
CTETRA       922       2     343     370     405     372    3184    2046+CONT
+CONT       3193    3183    3185    3192
CTETRA       923       2     370     405     404     343    2046    2045+CONT
+CONT       2044    3184    3193    3197
CTETRA       924       2     352     406     369     349    3198    3199+CONT
+CONT       1600    3168    3200    3172
CTETRA       925       2     406     405     369     349    2048    3194+CONT
+CONT       3199    3200    3195    3172
CTETRA       926       2     406     404     405     349    2047    2045+CONT
+CONT       2048    3200    3186    3195
CTETRA       927       2     349     406     404     351    3200    2047+CONT
+CONT       3186    3167    3201    3187
CTETRA       928       2     353     351     404     406    1835    3187+CONT
+CONT       2041    2049    3201    2047
CTETRA       929       5     404     344     348     407    2043    2032+CONT
+CONT       2042    3582    3583    3584
CTETRA       930       5     404     344     407     370    2043    3583+CONT
+CONT       3582    2044    2038    3585
CTETRA       931       5     344     364     407     370    3579    2711+CONT
+CONT       3583    2038    3581    3585
CTETRA       932       5     404     406     407     353    2047    3586+CONT
+CONT       3582    2041    2049    3587
CTETRA       933       5     404     348     353     407    2042     815+CONT
+CONT       2041    3582    3584    3587
CTETRA       934       5     348     363     407     345    2026    2092+CONT
+CONT       3584     814    2025    3588
CTETRA       935       5     344     345     348     407    2031     814+CONT
+CONT       2032    3583    3588    3584
CTETRA       936       5     344     364     345     407    3579    3578+CONT
+CONT       2031    3583    2711    3588
CTETRA       937       5     345     364     363     407    3578    2091+CONT
+CONT       2025    3588    2711    2092
CTETRA       938       3     354     346     347     408    2190    2188+CONT
+CONT        862    1957    3272    1956
CTETRA       939       3     363     362     354     408    3218    3212+CONT
+CONT       3217    3273    3274    1957
CTETRA       940       3     395     391     408     347    2159    2160+CONT
+CONT        857    1955    3252    1956
CTETRA       941       3     346     391     347     408    3248    3252+CONT
+CONT       2188    3272    2160    1956
CTETRA       942       3     362     354     408     346    3212    1957+CONT
+CONT       3274    3213    2190    3272
CTETRA       943       3     362     346     408     391    3213    3272+CONT
+CONT       3274    3254    3248    2160
CTETRA       944       5     348     409     407     363    2027    2093+CONT
+CONT       3584    2026     840    2092
CTETRA       945       5     409     348     407     353    2027    3584+CONT
+CONT       2093    2028     815    3587
CTETRA       946       3     355     410     348     354    3275    3276+CONT
+CONT       1893    1895    3277    1892
CTETRA       947       3     410     348     354     363    3276    1892+CONT
+CONT       3277    3278    2026    3217
CTETRA       948       3     410     409     363     408    3279     840+CONT
+CONT       3278    3280    3281    3273
CTETRA       949       3     410     354     408     363    3277    1957+CONT
+CONT       3280    3278    3217    3273
CTETRA       950       3     355     348     410     353    1893    3276+CONT
+CONT       3275    1894     815    3282
CTETRA       951       3     409     410     348     353    3279    3276+CONT
+CONT       2027    2028    3282     815
CTETRA       952       3     409     410     363     348    3279    3278+CONT
+CONT        840    2027    3276    2026
CTETRA       953       2     352     411     369     406    1611    1612+CONT
+CONT       1600    3198    2050    3199
CTETRA       954       2     405     406     369     411    2048    3199+CONT
+CONT       3194    2051    2050    1612
CTETRA       955       5     409     353     407     412    2028    3587+CONT
+CONT       2093     841    2029    2094
CTETRA       956       5     406     353     412     407    2049    2029+CONT
+CONT       3589    3586    3587    2094
CTETRA       957       2     349     352     413     350    3168    1613+CONT
+CONT       3202    3165    1598     742
CTETRA       958       2     406     349     352     413    3200    3168+CONT
+CONT       3198    2052    3202    1613
CTETRA       959       2     406     352     411     413    3198    1611+CONT
+CONT       2050    2052    1613     810
CTETRA       960       2     351     349     413     350    3167    3202+CONT
+CONT       1840    1834    3165     742
CTETRA       961       2     351     349     406     413    3167    3200+CONT
+CONT       3201    1840    3202    2052
CTETRA       962       2     351     413     406     353    1840    2052+CONT
+CONT       3201    1835     818    2049
CTETRA       963       5     413     406     412     411    2052    3589+CONT
+CONT        808     810    2050    2015
CTETRA       964       5     413     406     353     412    2052    2049+CONT
+CONT        818     808    3589    2029
CTETRA       965       3     413     353     414     412     818    1906+CONT
+CONT       1907     808    2029    3283
CTETRA       966       3     353     409     414     412    2028    3284+CONT
+CONT       1906    2029     841    3283
CTETRA       967       3     355     410     354     414    3275    3277+CONT
+CONT       1895    1905    3285     794
CTETRA       968       3     409     410     353     414    3279    3282+CONT
+CONT       2028    3284    3285    1906
CTETRA       969       3     410     354     414     408    3277     794+CONT
+CONT       3285    3280    1957    1958
CTETRA       970       3     355     410     414     353    3275    3285+CONT
+CONT       1905    1894    3282    1906
CTETRA       971       5     370     356     364     415    2037    3580+CONT
+CONT       3581    3590    3591    2712
CTETRA       972       5     370     356     415     375    2037    3591+CONT
+CONT       3590    2040    2039    3592
CTETRA       973       5     415     364     370     407    2712    3581+CONT
+CONT       3590    2713    2711    3585
CTETRA       974       5     370     405     415     404    2046    3593+CONT
+CONT       3590    2044    2045    3594
CTETRA       975       5     370     404     415     407    2044    3594+CONT
+CONT       3590    3585    3582    2713
CTETRA       976       3     357     359     360     416    1898    3209+CONT
+CONT       2023    2030    3286     842
CTETRA       977       3     359     358     416     357    1897     844+CONT
+CONT       3286    1898     817    2030
CTETRA       978       3     358     374     416     375    1901    3287+CONT
+CONT        844     809    1904    2016
CTETRA       979       3     358     374     359     416    1901    1902+CONT
+CONT       1897     844    3287    3286
CTETRA       980       3     359     416     373     366    3286    3288+CONT
+CONT       1900    3222    3289    3229
CTETRA       981       3     359     374     373     416    1902    1903+CONT
+CONT       1900    3286    3287    3288
CTETRA       982       3     359     366     360     416    3222    3221+CONT
+CONT       3209    3286    3289     842
CTETRA       983       5     358     356     375     416    2036    2039+CONT
+CONT        809     844    3595    2016
CTETRA       984       5     356     364     415     416    3580    2712+CONT
+CONT       3591    3595    2095    2097
CTETRA       985       5     357     360     364     416    2023    2090+CONT
+CONT       3577    2030     842    2095
CTETRA       986       5     358     356     416     357    2036    3595+CONT
+CONT        844     817    2034    2030
CTETRA       987       5     356     357     364     416    2034    3577+CONT
+CONT       3580    3595    2030    2095
CTETRA       988       5     356     375     416     415    2039    2016+CONT
+CONT       3595    3591    3592    2097
CTETRA       989       3     365     417     391     361    2162    2161+CONT
+CONT       2157    3223    3290    3249
CTETRA       990       3     360     366     417     416    3221    3292+CONT
+CONT       3291     842    3289    3293
CTETRA       991       3     362     363     417     408    3218    3295+CONT
+CONT       3294    3274    3273     940
CTETRA       992       3     360     366     361     417    3221    3220+CONT
+CONT       3210    3291    3292    3290
CTETRA       993       3     364     415     416     417    2712    2097+CONT
+CONT       2095    3296    3297    3293
CTETRA       994       3     364     360     417     416    2090    3291+CONT
+CONT       3296    2095     842    3293
CTETRA       995       3     362     417     391     408    3294    2161+CONT
+CONT       3254    3274     940    2160
CTETRA       996       3     360     362     417     361    3214    3294+CONT
+CONT       3291    3210    3215    3290
CTETRA       997       3     364     360     363     417    2090     839+CONT
+CONT       2091    3296    3291    3295
CTETRA       998       3     362     417     361     391    3294    3290+CONT
+CONT       3215    3254    2161    3249
CTETRA       999       3     363     362     417     360    3218    3294+CONT
+CONT       3295     839    3214    3291
CTETRA      1000       3     366     365     361     417    3228    3223+CONT
+CONT       3220    3292    2162    3290
CTETRA      1001       3     363     418     417     408    3298    3299+CONT
+CONT       3295    3273    3300     940
CTETRA      1002       3     407     418     363     409    3301    3298+CONT
+CONT       2092    2093    3302     840
CTETRA      1003       3     418     407     363     364    3301    2092+CONT
+CONT       3298    3303    2711    2091
CTETRA      1004       3     418     407     364     415    3301    2711+CONT
+CONT       3303    3304    2713    2712
CTETRA      1005       3     409     363     408     418     840    3273+CONT
+CONT       3281    3302    3298    3300
CTETRA      1006       3     364     418     415     417    3303    3304+CONT
+CONT       2712    3296    3299    3297
CTETRA      1007       3     364     418     417     363    3303    3299+CONT
+CONT       3296    2091    3298    3295
CTETRA      1008       3     366     365     417     419    3228    2162+CONT
+CONT       3292    3305    2163     941
CTETRA      1009       3     366     416     419     417    3289    3306+CONT
+CONT       3305    3292    3293     941
CTETRA      1010       3     368     373     367     419    2200     859+CONT
+CONT       2199    3307    1936    1937
CTETRA      1011       3     385     365     367     419    2154    3224+CONT
+CONT       1934     855    2163    1937
CTETRA      1012       3     366     416     373     419    3289    3288+CONT
+CONT       3229    3305    3306    1936
CTETRA      1013       3     416     374     373     419    3287    1903+CONT
+CONT       3288    3306    3308    1936
CTETRA      1014       3     368     365     419     367    3227    2163+CONT
+CONT       3307    2199    3224    1937
CTETRA      1015       3     366     368     419     373    3226    3307+CONT
+CONT       3305    3229    2200    1936
CTETRA      1016       3     366     368     365     419    3226    3227+CONT
+CONT       3228    3305    3307    2163
CTETRA      1017       2     405     369     420     411    3194    1614+CONT
+CONT       2053    2051    1612     811
CTETRA      1018       2     405     369     372     420    3194    1607+CONT
+CONT       3192    2053    1614    1615
CTETRA      1019       2     405     372     421     420    3192    1616+CONT
+CONT       2054    2053    1615     812
CTETRA      1020       2     372     405     421     370    3192    2054+CONT
+CONT       1616    3185    2046    2055
CTETRA      1021       2     372     421     371     370    1616    1617+CONT
+CONT       1609    3185    2055    3181
CTETRA      1022       2     375     371     421     370    1610    1617+CONT
+CONT        813    2040    3181    2055
CTETRA      1023       5     370     421     375     415    2055     813+CONT
+CONT       2040    3590    3596    3592
CTETRA      1024       5     370     405     421     415    2046    2054+CONT
+CONT       2055    3590    3593    3596
CTETRA      1025       5     405     421     415     420    2054    3596+CONT
+CONT       3593    2053     812    3597
CTETRA      1026       5     422     375     415     416    2017    3592+CONT
+CONT       2096     835    2016    2097
CTETRA      1027       5     422     421     415     375    2018    3596+CONT
+CONT       2096    2017     813    3592
CTETRA      1028       3     416     422     423     419     835    3310+CONT
+CONT       3309    3306    3311    1938
CTETRA      1029       3     375     422     423     416    2017    3310+CONT
+CONT       1909    2016     835    3309
CTETRA      1030       3     374     416     423     419    3287    3309+CONT
+CONT       1908    3308    3306    1938
CTETRA      1031       3     374     373     419     423    1903    1936+CONT
+CONT       3308    1908     788    1938
CTETRA      1032       3     374     375     423     416    1904    1909+CONT
+CONT       1908    3287    2016    3309
CTETRA      1033       3     424     375     421     422    1911     813+CONT
+CONT       1910    3312    2017    2018
CTETRA      1034       3     424     375     422     423    1911    2017+CONT
+CONT       3312    1912    1909    3310
CTETRA      1035       6     377     425     390     376    3624    2719+CONT
+CONT       3612    2240    3625    3613
CTETRA      1036       6     376     380     425     379    2243    3626+CONT
+CONT       3625    3603    3608    2720
CTETRA      1037       6     399     425     400     390    3627    2218+CONT
+CONT       2225    3623    2719    2216
CTETRA      1038       6     379     425     376     390    2720    3625+CONT
+CONT       3603    2718    2719    3613
CTETRA      1039       6     380     377     376     425    2244    2240+CONT
+CONT       2243    3626    3624    3625
CTETRA      1040       6     377     425     399     390    3624    3627+CONT
+CONT       2250    3612    2719    3623
CTETRA      1041       6     377     399     425     386    2250    3627+CONT
+CONT       3624    2246     879    3628
CTETRA      1042       6     380     377     425     386    2244    3624+CONT
+CONT       3626    2245    2246    3628
CTETRA      1043       3     379     392     378     426    2716    2212+CONT
+CONT       2210    3315    3314    3313
CTETRA      1044       3     378     393     426     392    3255    2165+CONT
+CONT       3313    2212    3256    3314
CTETRA      1045       3     379     381     426     378    2209    3316+CONT
+CONT       3315    2210     870    3313
CTETRA      1046       3     379     425     390     426    2720    2719+CONT
+CONT       2718    3315    3397    3330
CTETRA      1047       3     379     392     426     390    2716    3314+CONT
+CONT       3315    2718    2717    3330
CTETRA      1048       3     378     381     426     393     870    3316+CONT
+CONT       3313    3255    3259    2165
CTETRA      1049       3     427     403     386     399    3317    2108+CONT
+CONT       2226    2227    2109     879
CTETRA      1050       3     403     399     427     400    2109    2227+CONT
+CONT       3317    3318    2225     867
CTETRA      1051       6     399     427     400     425    2227     867+CONT
+CONT       2225    3627    2217    2218
CTETRA      1052       6     427     386     425     399    2226    3628+CONT
+CONT       2217    2227     879    3627
CTETRA      1053       3     379     426     381     428    3315    3316+CONT
+CONT       2209    2219    3319     872
CTETRA      1054       3     383     387     428     389    2237     873+CONT
+CONT       2239    3247    2103    3320
CTETRA      1055       3     379     425     426     428    2720    3397+CONT
+CONT       3315    2219    2220    3319
CTETRA      1056       6     383     381     428     379    2235     872+CONT
+CONT       2239    3609    2209    2219
CTETRA      1057       6     380     386     425     428    2245    3628+CONT
+CONT       3626    3629    2228    2220
CTETRA      1058       6     386     427     425     428    2226    2217+CONT
+CONT       3628    2228     868    2220
CTETRA      1059       6     387     380     428     386    2247    3629+CONT
+CONT        873     876    2245    2228
CTETRA      1060       6     387     383     428     380    2237    2239+CONT
+CONT        873    2247    3610    3629
CTETRA      1061       6     425     380     428     379    3626    3629+CONT
+CONT       2220    2720    3608    2219
CTETRA      1062       6     383     428     380     379    2239    3629+CONT
+CONT       3610    3609    2219    3608
CTETRA      1063       3     382     393     385     429    3258    2156+CONT
+CONT       3244    3321    2164     856
CTETRA      1064       3     381     388     429     384    3245    1939+CONT
+CONT       3322    3243     861    1940
CTETRA      1065       3     381     428     426     429     872    3319+CONT
+CONT       3316    3322    3323     945
CTETRA      1066       3     381     426     393     429    3316    2165+CONT
+CONT       3259    3322     945    2164
CTETRA      1067       3     383     428     429     389    2239    3323+CONT
+CONT       3324    3247    3320    3325
CTETRA      1068       3     383     381     429     428    2235    3322+CONT
+CONT       3324    2239     872    3323
CTETRA      1069       3     381     382     384     429    3235    3242+CONT
+CONT       3243    3322    3321    1940
CTETRA      1070       3     381     383     429     388    2235    3324+CONT
+CONT       3322    3245    3246    1939
CTETRA      1071       3     389     383     388     429    3247    3246+CONT
+CONT       2104    3325    3324    1939
CTETRA      1072       3     382     381     393     429    3235    3259+CONT
+CONT       3258    3321    3322    2164
CTETRA      1073       3     382     385     384     429    3244    1935+CONT
+CONT       3242    3321     856    1940
CTETRA      1074       3     427     403     430     386    3317    2112+CONT
+CONT       3326    2226    2108    2110
CTETRA      1075       3     386     387     430     428     876    2111+CONT
+CONT       2110    2228     873    3327
CTETRA      1076       3     386     427     428     430    2226     868+CONT
+CONT       2228    2110    3326    3327
CTETRA      1077       3     389     428     429     431    3320    3323+CONT
+CONT       3325    2113    3328    1941
CTETRA      1078       3     387     389     431     428    2103    2113+CONT
+CONT       2114     873    3320    3328
CTETRA      1079       3     389     388     431     429    2104     845+CONT
+CONT       2113    3325    1939    1941
CTETRA      1080       3     428     387     430     431     873    2111+CONT
+CONT       3327    3328    2114    2115
CTETRA      1081       3     392     426     432     393    3314     946+CONT
+CONT       3329    3256    2165    2166
CTETRA      1082       3     390     392     426     432    2717    3314+CONT
+CONT       3330    3331    3329     946
CTETRA      1083       3     432     392     391     394    3329    3261+CONT
+CONT       2167    3332    2213    3262
CTETRA      1084       3     390     432     394     392    3331    3332+CONT
+CONT       2215    2717    3329    2213
CTETRA      1085       3     390     432     397     394    3331    3333+CONT
+CONT       2214    2215    3332     865
CTETRA      1086       3     390     397     432     400    2214    3333+CONT
+CONT       3331    2216     866    3334
CTETRA      1087       3     390     425     400     432    2719    2218+CONT
+CONT       2216    3331    3350    3334
CTETRA      1088       3     394     432     395     391    3332    2168+CONT
+CONT       3265    3262    2167    2159
CTETRA      1089       3     392     393     432     391    3256    2166+CONT
+CONT       3329    3261    2158    2167
CTETRA      1090       3     390     425     432     426    2719    3350+CONT
+CONT       3331    3330    3397     946
CTETRA      1091       3     394     433     395     432    3335     858+CONT
+CONT       3265    3332     947    2168
CTETRA      1092       3     397     394     432     433     865    3332+CONT
+CONT       3333    3336    3335     947
CTETRA      1093       3     397     394     433     401     865    3335+CONT
+CONT       3336    3270    3269    1960
CTETRA      1094       3     394     401     396     433    3269     864+CONT
+CONT       3268    3335    1960    1959
CTETRA      1095       3     394     433     396     395    3335    1959+CONT
+CONT       3268    3265     858    1954
CTETRA      1096       3     397     434     432     400    3337    3338+CONT
+CONT       3333     866    3339    3334
CTETRA      1097       3     397     434     401     433    3337    3340+CONT
+CONT       3270    3336    3341    1960
CTETRA      1098       3     397     402     401     434    3271    2107+CONT
+CONT       3270    3337    3342    3340
CTETRA      1099       3     397     434     433     432    3337    3341+CONT
+CONT       3336    3333    3338     947
CTETRA      1100       3     402     397     398     434    3271    2223+CONT
+CONT       2105    3342    3337    3343
CTETRA      1101       3     434     397     398     400    3337    2223+CONT
+CONT       3343    3339     866    2224
CTETRA      1102       3     435     400     427     425    3344     867+CONT
+CONT       3345    3346    2218    2217
CTETRA      1103       3     435     403     427     400    3347    3317+CONT
+CONT       3345    3344    3318     867
CTETRA      1104       3     400     435     434     432    3344    3348+CONT
+CONT       3339    3334    3349    3338
CTETRA      1105       3     400     435     432     425    3344    3349+CONT
+CONT       3334    2218    3346    3350
CTETRA      1106       3     400     399     436     403    2225    2116+CONT
+CONT       3351    3318    2109    2118
CTETRA      1107       3     402     398     436     434    2105    2117+CONT
+CONT       2119    3342    3343    3352
CTETRA      1108       3     400     435     403     436    3344    3347+CONT
+CONT       3318    3351    3353    2118
CTETRA      1109       3     400     436     398     434    3351    2117+CONT
+CONT       2224    3339    3352    3343
CTETRA      1110       3     400     436     434     435    3351    3352+CONT
+CONT       3339    3344    3353    3348
CTETRA      1111       3     400     399     398     436    2225     878+CONT
+CONT       2224    3351    2116    2117
CTETRA      1112       3     434     437     401     433    3354     848+CONT
+CONT       3340    3341    1961    1960
CTETRA      1113       3     402     434     437     401    3342    3354+CONT
+CONT       2120    2107    3340     848
CTETRA      1114       3     434     402     437     436    3342    2120+CONT
+CONT       3354    3352    2119    2121
CTETRA      1115       3     435     403     436     438    3347    2118+CONT
+CONT       3353    3355    2122    2124
CTETRA      1116       3     403     427     438     435    3317    3356+CONT
+CONT       2122    3347    3345    3355
CTETRA      1117       3     403     427     430     438    3317    3326+CONT
+CONT       2112    2122    3356    2123
CTETRA      1118       3     407     418     439     415    3301    3357+CONT
+CONT       2714    2713    3304    2715
CTETRA      1119       5     405     439     415     404    3598    2715+CONT
+CONT       3593    2045    3599    3594
CTETRA      1120       5     405     420     439     411    2053    3600+CONT
+CONT       3598    2051     811    3601
CTETRA      1121       5     405     406     411     439    2048    2050+CONT
+CONT       2051    3598    3602    3601
CTETRA      1122       5     407     439     404     415    2714    3599+CONT
+CONT       3582    2713    2715    3594
CTETRA      1123       5     404     406     439     407    2047    3602+CONT
+CONT       3599    3582    3586    2714
CTETRA      1124       5     405     406     439     404    2048    3602+CONT
+CONT       3598    2045    2047    3599
CTETRA      1125       5     406     439     407     412    3602    2714+CONT
+CONT       3586    3589    2098    2094
CTETRA      1126       5     405     439     420     415    3598    3600+CONT
+CONT       2053    3593    2715    3597
CTETRA      1127       5     406     411     439     412    2050    3601+CONT
+CONT       3602    3589    2015    2098
CTETRA      1128       5     440     411     439     420    2019    3601+CONT
+CONT       2099    2020     811    3600
CTETRA      1129       5     411     440     439     412    2019    2099+CONT
+CONT       3601    2015     836    2098
CTETRA      1130       3     440     411     420     441    2019     811+CONT
+CONT       2020    3358    1914    1913
CTETRA      1131       3     413     412     442     411     808    3359+CONT
+CONT       1916     810    2015    1915
CTETRA      1132       3     418     443     417     408    3360    2067+CONT
+CONT       3299    3300    2068     940
CTETRA      1133       3     412     407     409     443    2094    2093+CONT
+CONT        841    3361    3362    3363
CTETRA      1134       3     407     418     409     443    3301    3302+CONT
+CONT       2093    3362    3360    3363
CTETRA      1135       3     439     412     440     443    2098     836+CONT
+CONT       2099    3364    3361    3365
CTETRA      1136       3     407     418     443     439    3301    3360+CONT
+CONT       3362    2714    3357    3364
CTETRA      1137       3     409     418     408     443    3302    3300+CONT
+CONT       3281    3363    3360    2068
CTETRA      1138       3     439     412     443     407    2098    3361+CONT
+CONT       3364    2714    2094    3362
CTETRA      1139       3     444     442     412     411    3366    3359+CONT
+CONT       3367    3368    1915    2015
CTETRA      1140       3     412     444     440     443    3367    3369+CONT
+CONT        836    3361    3370    3365
CTETRA      1141       3     440     411     444     412    2019    3368+CONT
+CONT       3369     836    2015    3367
CTETRA      1142       3     409     445     443     408    3371    2069+CONT
+CONT       3363    3281     825    2068
CTETRA      1143       3     409     412     445     414     841    3372+CONT
+CONT       3371    3284    3283    1962
CTETRA      1144       3     409     410     414     445    3279    3285+CONT
+CONT       3284    3371    3373    1962
CTETRA      1145       3     412     443     409     445    3361    3363+CONT
+CONT        841    3372    2069    3371
CTETRA      1146       3     412     443     445     444    3361    2069+CONT
+CONT       3372    3367    3370    3374
CTETRA      1147       3     410     409     408     445    3279    3281+CONT
+CONT       3280    3373    3371     825
CTETRA      1148       3     410     414     445     408    3285    1962+CONT
+CONT       3373    3280    1958     825
CTETRA      1149       3     442     444     446     411    3366    3375+CONT
+CONT       1917    1915    3368    1918
CTETRA      1150       3     440     411     446     444    2019    1918+CONT
+CONT       3376    3369    3368    3375
CTETRA      1151       3     440     441     446     411    3358    1919+CONT
+CONT       3376    2019    1914    1918
CTETRA      1152       3     413     412     414     447     808    3283+CONT
+CONT       1907    1920    3377     795
CTETRA      1153       3     412     447     445     414    3377    1963+CONT
+CONT       3372    3283     795    1962
CTETRA      1154       3     412     413     442     447     808    1916+CONT
+CONT       3359    3377    1920    1921
CTETRA      1155       3     444     442     447     412    3366    1921+CONT
+CONT       3378    3367    3359    3377
CTETRA      1156       3     412     444     445     447    3367    3374+CONT
+CONT       3372    3377    3378    1963
CTETRA      1157       3     420     440     441     448    2020    3358+CONT
+CONT       1913    2022     838    3379
CTETRA      1158       5     421     422     415     448    2018    2096+CONT
+CONT       3596    2021     837    2101
CTETRA      1159       5     421     448     415     420    2021    2101+CONT
+CONT       3596     812    2022    3597
CTETRA      1160       5     420     439     440     448    3600    2099+CONT
+CONT       2020    2022    2100     838
CTETRA      1161       5     420     439     448     415    3600    2100+CONT
+CONT       2022    3597    2715    2101
CTETRA      1162       3     415     439     449     418    2715    3381+CONT
+CONT       3380    3304    3357    3382
CTETRA      1163       3     415     439     448     449    2715    2100+CONT
+CONT       2101    3380    3381    3383
CTETRA      1164       3     416     449     419     417    3384    2070+CONT
+CONT       3306    3293    2071     941
CTETRA      1165       3     422     415     449     416    2096    3380+CONT
+CONT       3385     835    2097    3384
CTETRA      1166       3     422     449     415     448    3385    3380+CONT
+CONT       2096     837    3383    2101
CTETRA      1167       3     422     416     449     419     835    3384+CONT
+CONT       3385    3311    3306    2070
CTETRA      1168       3     418     443     449     417    3360    2072+CONT
+CONT       3382    3299    2067    2071
CTETRA      1169       3     415     416     417     449    2097    3293+CONT
+CONT       3297    3380    3384    2071
CTETRA      1170       3     415     418     449     417    3304    3382+CONT
+CONT       3380    3297    3299    2071
CTETRA      1171       3     439     418     443     449    3357    3360+CONT
+CONT       3364    3381    3382    2072
CTETRA      1172       3     422     450     423     419    3386    1942+CONT
+CONT       3310    3311     821    1938
CTETRA      1173       3     422     449     448     450    3385    3383+CONT
+CONT        837    3386    2073    3387
CTETRA      1174       3     450     422     449     419    3386    3385+CONT
+CONT       2073     821    3311    2070
CTETRA      1175       3     448     420     451     441    2022    1922+CONT
+CONT       3388    3379    1913    1924
CTETRA      1176       3     448     420     421     451    2022     812+CONT
+CONT       2021    3388    1922    1923
CTETRA      1177       3     422     452     450     448    3389    1943+CONT
+CONT       3386     837    3390    3387
CTETRA      1178       3     448     451     421     452    3388    1923+CONT
+CONT       2021    3390    1927    1926
CTETRA      1179       3     421     422     448     452    2018     837+CONT
+CONT       2021    1926    3389    3390
CTETRA      1180       3     424     422     421     452    3312    2018+CONT
+CONT       1910    1925    3389    1926
CTETRA      1181       3     424     422     452     423    3312    3389+CONT
+CONT       1925    1912    3310     789
CTETRA      1182       3     422     450     452     423    3386    1943+CONT
+CONT       3389    3310    1942     789
CTETRA      1183       3     427     425     453     435    2217    3392+CONT
+CONT       3391    3345    3346    3393
CTETRA      1184       3     428     426     429     453    3319     945+CONT
+CONT       3323    3394    2142    2143
CTETRA      1185       3     425     435     432     453    3346    3349+CONT
+CONT       3350    3392    3393    2144
CTETRA      1186       3     427     425     428     453    2217    2220+CONT
+CONT        868    3391    3392    3394
CTETRA      1187       3     427     435     453     438    3345    3393+CONT
+CONT       3391    3356    3355    3395
CTETRA      1188       3     427     430     438     453    3326    2123+CONT
+CONT       3356    3391    3396    3395
CTETRA      1189       3     425     426     453     432    3397    2142+CONT
+CONT       3392    3350     946    2144
CTETRA      1190       3     428     425     426     453    2220    3397+CONT
+CONT       3319    3394    3392    2142
CTETRA      1191       3     427     430     453     428    3326    3396+CONT
+CONT       3391     868    3327    3394
CTETRA      1192       3     428     429     431     454    3323    1941+CONT
+CONT       3328    3398     851    1944
CTETRA      1193       3     428     454     453     429    3398    2145+CONT
+CONT       3394    3323     851    2143
CTETRA      1194       3     428     431     430     454    3328    2115+CONT
+CONT       3327    3398    1944    3399
CTETRA      1195       3     428     453     454     430    3394    2145+CONT
+CONT       3398    3327    3396    3399
CTETRA      1196       3     431     430     454     455    2115    3399+CONT
+CONT       1944     846    2125    1945
CTETRA      1197       3     454     453     455     430    2145    3400+CONT
+CONT       1945    3399    3396    2125
CTETRA      1198       3     430     453     455     438    3396    3400+CONT
+CONT       2125    2123    3395    2126
CTETRA      1199       3     435     456     453     438    3401    2148+CONT
+CONT       3393    3355    3402    3395
CTETRA      1200       3     435     456     432     453    3401    2146+CONT
+CONT       3349    3393    2148    2144
CTETRA      1201       3     435     434     432     456    3348    3338+CONT
+CONT       3349    3401    3403    2146
CTETRA      1202       3     434     432     456     433    3338    2146+CONT
+CONT       3403    3341     947    2147
CTETRA      1203       3     457     434     456     433    3404    3403+CONT
+CONT       2149     853    3341    2147
CTETRA      1204       3     434     437     433     457    3354    1961+CONT
+CONT       3341    3404    1964     853
CTETRA      1205       3     456     438     458     453    3402    3406+CONT
+CONT       3405    2148    3395    3407
CTETRA      1206       3     434     437     459     436    3354     849+CONT
+CONT       3408    3352    2121    2127
CTETRA      1207       3     434     437     457     459    3354    1964+CONT
+CONT       3404    3408     849    1965
CTETRA      1208       3     435     436     459     438    3353    2127+CONT
+CONT       3409    3355    2124    2128
CTETRA      1209       3     456     435     434     459    3401    3348+CONT
+CONT       3403    3410    3409    3408
CTETRA      1210       3     435     456     438     459    3401    3402+CONT
+CONT       3355    3409    3410    2128
CTETRA      1211       3     457     456     434     459    2149    3403+CONT
+CONT       3404    1965    3410    3408
CTETRA      1212       3     436     434     435     459    3352    3348+CONT
+CONT       3353    2127    3408    3409
CTETRA      1213       3     458     456     459     438    3405    3410+CONT
+CONT       3411    3406    3402    2128
CTETRA      1214       3     454     455     453     460    1945    3400+CONT
+CONT       2145    3412    2129    3413
CTETRA      1215       3     460     438     455     453    2130    2126+CONT
+CONT       2129    3413    3395    3400
CTETRA      1216       3     438     461     458     453    2132    3414+CONT
+CONT       3406    3395    3415    3407
CTETRA      1217       3     460     438     453     461    2130    3395+CONT
+CONT       3413    2131    2132    3415
CTETRA      1218       3     462     458     438     461    3416    3406+CONT
+CONT       2133    2135    3414    2132
CTETRA      1219       3     462     458     459     438    3416    3411+CONT
+CONT       2134    2133    3406    2128
CTETRA      1220       3     451     441     463     448    1924    3418+CONT
+CONT       3417    3388    3379    3419
CTETRA      1221       3     440     439     463     448    2099    3421+CONT
+CONT       3420     838    2100    3419
CTETRA      1222       3     441     446     463     440    1919    3422+CONT
+CONT       3418    3358    3376    3420
CTETRA      1223       3     440     446     463     444    3376    3422+CONT
+CONT       3420    3369    3375    3423
CTETRA      1224       3     448     449     439     463    3383    3381+CONT
+CONT       2100    3419    2075    3421
CTETRA      1225       3     441     440     463     448    3358    3420+CONT
+CONT       3418    3379     838    3419
CTETRA      1226       3     440     439     443     463    2099    3364+CONT
+CONT       3365    3420    3421    2074
CTETRA      1227       3     439     443     463     449    3364    2074+CONT
+CONT       3421    3381    2072    2075
CTETRA      1228       3     444     440     443     463    3369    3365+CONT
+CONT       3370    3423    3420    2074
CTETRA      1229       3     446     441     463     464    1919    3418+CONT
+CONT       3422    1928    1929    3424
CTETRA      1230       3     441     451     463     464    1924    3417+CONT
+CONT       3418    1929    1930    3424
CTETRA      1231       3     442     444     447     465    3366    3378+CONT
+CONT       1921    1931    3425     796
CTETRA      1232       3     442     444     465     446    3366    3425+CONT
+CONT       1931    1917    3375    1932
CTETRA      1233       3     444     446     463     466    3375    3422+CONT
+CONT       3423    3426    3427     933
CTETRA      1234       3     444     466     447     465    3426    1967+CONT
+CONT       3378    3425    1966     796
CTETRA      1235       3     444     446     466     465    3375    3427+CONT
+CONT       3426    3425    1932    1966
CTETRA      1236       3     444     445     447     466    3374    1963+CONT
+CONT       3378    3426     826    1967
CTETRA      1237       3     444     443     466     463    3370    2076+CONT
+CONT       3426    3423    2074     933
CTETRA      1238       3     464     463     446     466    3424    3422+CONT
+CONT       1928    3428     933    3427
CTETRA      1239       3     444     445     466     443    3374     826+CONT
+CONT       3426    3370    2069    2076
CTETRA      1240       3     465     446     466     464    1932    3427+CONT
+CONT       1966     931    1928    3428
CTETRA      1241       3     463     467     466     464    3429    3430+CONT
+CONT        933    3424    3431    3428
CTETRA      1242       3     470     461     453     458    3432    3415+CONT
+CONT       2151    3433    3414    3407
CTETRA      1243       3     456     458     470     453    3405    3433+CONT
+CONT       2150    2148    3407    2151
CTETRA      1244       3     461     460     470     453    2131    3434+CONT
+CONT       3432    3415    3413    2151
CTETRA      1245       3     451     448     463     473    3388    3419+CONT
+CONT       3417    3435    3436     934
CTETRA      1246       3     451     448     473     452    3388    3436+CONT
+CONT       3435    1927    3390    1946
CTETRA      1247       3     449     448     473     463    3383    3436+CONT
+CONT       2077    2075    3419     934
CTETRA      1248       3     450     452     473     448    1943    1946+CONT
+CONT        822    3387    3390    3436
CTETRA      1249       3     449     450     473     448    2073     822+CONT
+CONT       2077    3383    3387    3436
CTETRA      1250       3     451     474     452     473    1933     790+CONT
+CONT       1927    3435    1947    1946
CTETRA      1251       3     464     451     463     474    1930    3417+CONT
+CONT       3424     932    1933    3437
CTETRA      1252       3     473     474     463     451    1947    3437+CONT
+CONT        934    3435    1933    3417
CTETRA      1253       3     471     472     470     475    3438    2058+CONT
+CONT       3439    3440    2059     938
CTETRA      1254       3     455     454     475     460    1945     852+CONT
+CONT       1948    2129    3412    3441
CTETRA      1255       3     460     470     453     475    3434    2151+CONT
+CONT       3413    3441     938    2152
CTETRA      1256       3     454     453     475     460    2145    2152+CONT
+CONT        852    3412    3413    3441
CTETRA      1257       3     477     460     455     475    2136    2129+CONT
+CONT        847    1949    3441    1948
CTETRA      1258       3     478     476     473     472    3442     819+CONT
+CONT       3443    3444    2060    2056
CTETRA      1259       3     478     472     473     463    3444    2056+CONT
+CONT       3443    3445    2057     934
CTETRA      1260       3     464     479     474     463    1841    1842+CONT
+CONT        932    3424    3446    3437
CTETRA      1261       3     473     474     479     463    1947    1842+CONT
+CONT       3447     934    3437    3446
CTETRA      1262       3     478     479     463     473    3448    3446+CONT
+CONT       3445    3443    3447     934
CTETRA      1263       3     471     472     480     470    3438    2064+CONT
+CONT       3449    3439    2058    2065
CTETRA      1264       3     467     480     472     463    3450    2064+CONT
+CONT       3451    3429    2061    2057
CTETRA      1265       3     467     480     463     466    3450    2061+CONT
+CONT       3429    3430    2062     933
CTETRA      1266       3     482     481     458     470    3452    3454+CONT
+CONT       3453    3455    3456    3433
CTETRA      1267       3     462     482     458     461    3457    3453+CONT
+CONT       3416    2135    3458    3414
CTETRA      1268       3     482     458     461     470    3453    3414+CONT
+CONT       3458    3455    3433    3432
CTETRA      1269       3     458     456     470     483    3405    2150+CONT
+CONT       3433    3459    2153     939
CTETRA      1270       3     481     470     480     483    3456    2065+CONT
+CONT       3460    3461     939    2066
CTETRA      1271       3     481     458     470     483    3454    3433+CONT
+CONT       3456    3461    3459     939
CTETRA      1272       3     458     456     483     459    3405    2153+CONT
+CONT       3459    3411    3410    1970
CTETRA      1273       3     457     456     459     483    2149    3410+CONT
+CONT       1965     854    2153    1970
CTETRA      1274       3     482     481     484     458    3452    3464+CONT
+CONT       3463    3453    3454    3462
CTETRA      1275       3     462     458     484     459    3416    3462+CONT
+CONT       2137    2134    3411     850
CTETRA      1276       3     458     483     484     459    3459    1971+CONT
+CONT       3462    3411    1970     850
CTETRA      1277       3     482     462     458     484    3457    3416+CONT
+CONT       3453    3463    2137    3462
CTETRA      1278       3     481     483     484     458    3461    1971+CONT
+CONT       3464    3454    3459    3462
CTETRA      1279       3     485     476     472     475    3465    2060+CONT
+CONT       3466    3467     820    2059
CTETRA      1280       3     485     471     475     472    3468    3440+CONT
+CONT       3467    3466    3438    2059
CTETRA      1281       3     486     477     475     487    1843    1949+CONT
+CONT       3469    3470    3471    3472
CTETRA      1282       3     485     486     475     487    3473    3469+CONT
+CONT       3467     831    3470    3472
CTETRA      1283       3     487     471     470     475    3474    3439+CONT
+CONT       3475    3472    3440     938
CTETRA      1284       3     485     487     475     471     831    3472+CONT
+CONT       3467    3468    3474    3440
CTETRA      1285       3     487     470     460     475    3475    3434+CONT
+CONT       3476    3472     938    3441
CTETRA      1286       3     477     487     460     475    3471    3476+CONT
+CONT       2136    1949    3472    3441
CTETRA      1287       3     488     487     460     477    3477    3476+CONT
+CONT       2138     935    3471    2136
CTETRA      1288       3     488     487     470     460    3477    3475+CONT
+CONT       3478    2138    3476    3434
CTETRA      1289       3     487     488     486     477    3477    1844+CONT
+CONT       3470    3471     935    1843
CTETRA      1290       3     461     488     470     460    2139    3478+CONT
+CONT       3432    2131    2138    3434
CTETRA      1291       3     487     488     470     489    3477    3478+CONT
+CONT       3475     832    3479    3480
CTETRA      1292       3     489     488     470     461    3479    3478+CONT
+CONT       3480    3481    2139    3432
CTETRA      1293       3     489     481     482     470    3482    3452+CONT
+CONT       3483    3480    3456    3455
CTETRA      1294       3     489     482     461     470    3483    3458+CONT
+CONT       3481    3480    3455    3432
CTETRA      1295       3     489     490     488     461    3484     936+CONT
+CONT       3479    3481    2140    2139
CTETRA      1296       3     482     490     461     462    3485    2140+CONT
+CONT       3458    3457    2141    2135
CTETRA      1297       3     490     482     461     489    3485    3458+CONT
+CONT       2140    3484    3483    3481
CTETRA      1298       3     482     490     462     484    3485    2141+CONT
+CONT       3457    3463     937    2137
CTETRA      1299       3     478     491     463     479    3486    3487+CONT
+CONT       3445    3448    3488    3446
CTETRA      1300       3     478     491     472     463    3486    3489+CONT
+CONT       3444    3445    3487    2057
CTETRA      1301       3     467     491     463     472    3490    3487+CONT
+CONT       3429    3451    3489    2057
CTETRA      1302       3     491     467     463     492    3490    3429+CONT
+CONT       3487    3491    3492    3493
CTETRA      1303       3     492     479     464     463    1845    1841+CONT
+CONT       1846    3493    3446    3424
CTETRA      1304       3     492     491     479     463    3491    3488+CONT
+CONT       1845    3493    3487    3446
CTETRA      1305       3     467     463     492     464    3429    3493+CONT
+CONT       3492    3431    3424    1846
CTETRA      1306       3     493     465     469     466    1847     791+CONT
+CONT       1849    3494    1966    1969
CTETRA      1307       3     465     493     464     466    1847    1848+CONT
+CONT        931    1966    3494    3428
CTETRA      1308       3     493     492     464     467    1850    1846+CONT
+CONT       1848    3495    3492    3431
CTETRA      1309       3     467     493     466     464    3495    3494+CONT
+CONT       3430    3431    1848    3428
CTETRA      1310       3     494     491     467     472    2078    3490+CONT
+CONT       3496    3497    3489    3451
CTETRA      1311       3     494     467     480     472    3496    3450+CONT
+CONT       3498    3497    3451    2064
CTETRA      1312       3     494     471     472     480    3499    3438+CONT
+CONT       3497    3498    3449    2064
CTETRA      1313       3     495     467     492     493    3500    3492+CONT
+CONT       3501    3502    3495    1850
CTETRA      1314       3     467     495     494     480    3500    2079+CONT
+CONT       3496    3450    3503    3498
CTETRA      1315       3     491     495     467     492     827    3500+CONT
+CONT       3490    3491    3501    3492
CTETRA      1316       3     495     491     467     494     827    3490+CONT
+CONT       3500    2079    2078    3496
CTETRA      1317       3     496     468     466     469    3504     823+CONT
+CONT       3505    3506    1968    1969
CTETRA      1318       3     496     480     467     466    3507    3450+CONT
+CONT       3508    3505    2062    3430
CTETRA      1319       3     468     496     466     480    3504    3505+CONT
+CONT        823    2063    3507    2062
CTETRA      1320       3     496     467     493     466    3508    3495+CONT
+CONT       3509    3505    3430    3494
CTETRA      1321       3     496     493     469     466    3509    1849+CONT
+CONT       3506    3505    3494    1969
CTETRA      1322       3     495     467     496     480    3500    3508+CONT
+CONT       3510    3503    3450    3507
CTETRA      1323       3     495     496     467     493    3510    3508+CONT
+CONT       3500    3502    3509    3495
CTETRA      1324       3     495     497     496     493    3511    3512+CONT
+CONT       3510    3502    1852    3509
CTETRA      1325       3     497     496     493     469    3512    3509+CONT
+CONT       1852    1851    3506    1849
CTETRA      1326       3     468     498     480     483    3513    3514+CONT
+CONT       2063     824    3515    2066
CTETRA      1327       3     496     498     495     480    3516     828+CONT
+CONT       3510    3507    3514    3503
CTETRA      1328       3     496     498     468     469    3516    3513+CONT
+CONT       3504    3506    3517    1968
CTETRA      1329       3     498     496     468     480    3516    3504+CONT
+CONT       3513    3514    3507    2063
CTETRA      1330       3     498     468     499     483    3513    1972+CONT
+CONT       3518    3515     824    1973
CTETRA      1331       3     498     468     469     499    3513    1968+CONT
+CONT       3517    3518    1972     793
CTETRA      1332       3     497     500     496     469    1855    3519+CONT
+CONT       3512    1851    1854    3506
CTETRA      1333       3     500     498     469     499    3520    3517+CONT
+CONT       1854    1853    3518     793
CTETRA      1334       3     500     496     469     498    3519    3506+CONT
+CONT       1854    3520    3516    3517
CTETRA      1335       3     501     471     485     472    3521    3468+CONT
+CONT       2080    3522    3438    3466
CTETRA      1336       3     501     471     487     485    3521    3474+CONT
+CONT       2081    2080    3468     831
CTETRA      1337       3     501     471     472     494    3521    3438+CONT
+CONT       3522    2710    3499    3497
CTETRA      1338       3     471     501     487     502    3521    2081+CONT
+CONT       3474    3525    2706    2083
CTETRA      1339       3     502     489     487     470    2082     832+CONT
+CONT       2083    3523    3480    3475
CTETRA      1340       3     489     502     481     470    2082    3524+CONT
+CONT       3482    3480    3523    3456
CTETRA      1341       3     502     471     470     487    3525    3439+CONT
+CONT       3523    2083    3474    3475
CTETRA      1342       3     503     495     480     494    2085    3503+CONT
+CONT       3526    2707    2079    3498
CTETRA      1343       3     503     494     480     471    2707    3498+CONT
+CONT       3526    3527    3499    3449
CTETRA      1344       3     502     481     470     503    3524    3456+CONT
+CONT       3523    2708    3528    3529
CTETRA      1345       3     503     471     480     470    3527    3449+CONT
+CONT       3526    3529    3439    2065
CTETRA      1346       3     471     501     502     503    3521    2706+CONT
+CONT       3525    3527    2709    2708
CTETRA      1347       3     501     471     494     503    3521    3499+CONT
+CONT       2710    2709    3527    2707
CTETRA      1348       3     498     480     503     495    3514    3526+CONT
+CONT       2084     828    3503    2085
CTETRA      1349       3     502     471     503     470    3525    3527+CONT
+CONT       2708    3523    3439    3529
CTETRA      1350       3     503     481     470     480    3528    3456+CONT
+CONT       3529    3526    3460    2065
CTETRA      1351       3     504     472     485     476    3530    3466+CONT
+CONT        833    3531    2060    3465
CTETRA      1352       3     504     478     472     476    3532    3444+CONT
+CONT       3530    3531    3442    2060
CTETRA      1353       3     504     501     485     472    2086    2080+CONT
+CONT        833    3530    3522    3466
CTETRA      1354       3     494     504     491     472    2087     829+CONT
+CONT       2078    3497    3530    3489
CTETRA      1355       3     494     504     472     501    2087    3530+CONT
+CONT       3497    2710    2086    3522
CTETRA      1356       3     478     504     472     491    3532    3530+CONT
+CONT       3444    3486     829    3489
CTETRA      1357       3     479     474     473     505    1842    1947+CONT
+CONT       3447    1856     785    1950
CTETRA      1358       3     478     479     473     505    3448    3447+CONT
+CONT       3443    3533    1856    1950
CTETRA      1359       3     478     476     505     473    3442    1951+CONT
+CONT       3533    3443     819    1950
CTETRA      1360       3     504     478     476     505    3532    3442+CONT
+CONT       3531    3534    3533    1951
CTETRA      1361       3     504     505     476     506    3534    1951+CONT
+CONT       3531    3535     787    1952
CTETRA      1362       3     485     506     476     475    3536    1952+CONT
+CONT       3465    3467    1953     820
CTETRA      1363       3     485     504     476     506     833    3531+CONT
+CONT       3465    3536    3535    1952
CTETRA      1364       3     486     477     506     475    1843     786+CONT
+CONT       1857    3469    1949    1953
CTETRA      1365       3     485     486     506     475    3473    1857+CONT
+CONT       3536    3467    3469    1953
CTETRA      1366       3     507     478     505     479    3537    3533+CONT
+CONT       1859    1858    3448    1856
CTETRA      1367       3     507     478     479     491    3537    3448+CONT
+CONT       1858    3538    3486    3488
CTETRA      1368       3     478     507     504     491    3537    3539+CONT
+CONT       3532    3486    3538     829
CTETRA      1369       3     491     492     479     507    3491    1845+CONT
+CONT       3488    3538    1860    1858
CTETRA      1370       3     478     507     505     504    3537    1859+CONT
+CONT       3533    3532    3539    3534
CTETRA      1371       3     498     508     480     483     830    3540+CONT
+CONT       3514    3515    3541    2066
CTETRA      1372       3     481     489     508     502    3482     834+CONT
+CONT       3542    3524    2082    2088
CTETRA      1373       3     508     498     499     483     830    3518+CONT
+CONT       3543    3541    3515    1973
CTETRA      1374       3     498     503     480     508    2084    3526+CONT
+CONT       3514     830    2089    3540
CTETRA      1375       3     508     481     503     480    3542    3528+CONT
+CONT       2089    3540    3460    3526
CTETRA      1376       3     508     481     480     483    3542    3460+CONT
+CONT       3540    3541    3461    2066
CTETRA      1377       3     481     508     503     502    3542    2089+CONT
+CONT       3528    3524    2088    2708
CTETRA      1378       3     508     481     483     484    3542    3461+CONT
+CONT       3541    3544    3464    1971
CTETRA      1379       3     509     482     481     484    3545    3452+CONT
+CONT       3546    1862    3463    3464
CTETRA      1380       3     481     508     489     509    3542     834+CONT
+CONT       3482    3546    3547    3548
CTETRA      1381       3     508     509     481     484    3547    3546+CONT
+CONT       3542    3544    1862    3464
CTETRA      1382       3     482     481     489     509    3452    3482+CONT
+CONT       3483    3545    3546    3548
CTETRA      1383       3     490     482     489     509    3485    3483+CONT
+CONT       3484    1861    3545    3548
CTETRA      1384       3     490     482     509     484    3485    3545+CONT
+CONT       1861     937    3463    1862
CTETRA      1385       3     508     510     484     483    3549    1863+CONT
+CONT       3544    3541    3550    1971
CTETRA      1386       3     510     484     483     499    1863    1971+CONT
+CONT       3550    1864     792    1973
CTETRA      1387       3     510     508     499     483    3549    3543+CONT
+CONT       1864    3550    3541    1973
CTETRA      1388       3     509     510     484     508    1865    1863+CONT
+CONT       1862    3547    3549    3544
CTETRA      1389       3     511     507     491     504    1867    3538+CONT
+CONT       1974    1975    3539     829
CTETRA      1390       3     491     511     492     507    1974    1866+CONT
+CONT       3491    3538    1867    1860
CTETRA      1391       4     511     491     494     504    1974    2078+CONT
+CONT       3552    1975     829    2087
CTETRA      1392       4     512     511     494     504    1996    3552+CONT
+CONT       3553    3554    1975    2087
CTETRA      1393       4     494     512     504     501    3553    3554+CONT
+CONT       2087    2710    3555    2086
CTETRA      1394       3     513     485     506     504    1983    3536+CONT
+CONT       1868    1982     833    3535
CTETRA      1395       3     513     485     486     506    1983    3473+CONT
+CONT       1869    1868    3536    1857
CTETRA      1396       4     512     513     504     501    1990    1982+CONT
+CONT       3554    3555    3556    2086
CTETRA      1397       4     485     513     501     504    1983    3556+CONT
+CONT       2080     833    1982    2086
CTETRA      1398       4     514     512     494     501    1991    3553+CONT
+CONT       3557    3558    3555    2710
CTETRA      1399       4     514     512     501     513    1991    3555+CONT
+CONT       3558    1992    1990    3556
CTETRA      1400       4     501     494     514     503    2710    3557+CONT
+CONT       3558    2709    2707    3569
CTETRA      1401       3     515     486     513     485    1870    1869+CONT
+CONT        803    1984    3473    1983
CTETRA      1402       3     515     486     485     487    1870    3473+CONT
+CONT       1984    1985    3470     831
CTETRA      1403       3     487     515     486     488    1985    1870+CONT
+CONT       3470    3477    1871    1844
CTETRA      1404       4     485     513     515     501    1983     803+CONT
+CONT       1984    2080    3556    3559
CTETRA      1405       4     515     485     501     487    1984    2080+CONT
+CONT       3559    1985     831    2081
CTETRA      1406       4     514     515     513     501    1993     803+CONT
+CONT       1992    3558    3559    3556
CTETRA      1407       3     487     516     515     488    1986     804+CONT
+CONT       1985    3477    1872    1871
CTETRA      1408       3     489     516     488     490    1987    1872+CONT
+CONT       3479    3484    1873     936
CTETRA      1409       3     516     487     489     488    1986     832+CONT
+CONT       1987    1872    3477    3479
CTETRA      1410       4     515     487     501     516    1985    2081+CONT
+CONT       3559     804    1986    3560
CTETRA      1411       4     516     502     489     487    3561    2082+CONT
+CONT       1987    1986    2083     832
CTETRA      1412       4     502     516     501     487    3561    3560+CONT
+CONT       2706    2083    1986    2081
CTETRA      1413       3     489     517     516     490    1988     805+CONT
+CONT       1987    3484    1874    1873
CTETRA      1414       3     517     509     489     508    1875    3548+CONT
+CONT       1988    1989    3547     834
CTETRA      1415       3     517     490     489     509    1874    3484+CONT
+CONT       1988    1875    1861    3548
CTETRA      1416       4     489     517     502     516    1988    3562+CONT
+CONT       2082    1987     805    3561
CTETRA      1417       4     517     489     502     508    1988    2082+CONT
+CONT       3562    1989     834    2088
CTETRA      1418       4     518     517     502     508    2005    3562+CONT
+CONT       3563    3564    1989    2088
CTETRA      1419       4     518     502     503     508    3563    2708+CONT
+CONT       3571    3564    2088    2089
CTETRA      1420       3     519     491     492     495    1976    3491+CONT
+CONT       1876    1977     827    3501
CTETRA      1421       3     495     519     493     492    1977    1877+CONT
+CONT       3502    3501    1876    1850
CTETRA      1422       3     491     511     519     492    1974     798+CONT
+CONT       1976    3491    1866    1876
CTETRA      1423       3     495     497     493     519    3511    1852+CONT
+CONT       3502    1977    1878    1877
CTETRA      1424       4     519     491     495     494    1976     827+CONT
+CONT       1977    3565    2078    2079
CTETRA      1425       4     491     511     494     519    1974    3552+CONT
+CONT       2078    1976     798    3565
CTETRA      1426       4     519     494     495     503    3565    2079+CONT
+CONT       1977    3566    2707    2085
CTETRA      1427       4     520     494     503     514    3567    2707+CONT
+CONT       3568    1995    3557    3569
CTETRA      1428       4     512     520     514     494    1994    1995+CONT
+CONT       1991    3553    3567    3557
CTETRA      1429       4     512     520     494     511    1994    3567+CONT
+CONT       3553    1996    1997    3552
CTETRA      1430       4     520     519     494     511    1998    3565+CONT
+CONT       3567    1997     798    3552
CTETRA      1431       4     520     494     519     503    3567    3565+CONT
+CONT       1998    3568    2707    3566
CTETRA      1432       3     497     495     521     519    3511    1979+CONT
+CONT       1880    1878    1977     799
CTETRA      1433       3     497     521     496     500    1880    3551+CONT
+CONT       3512    1855    1879    3519
CTETRA      1434       3     496     495     498     521    3510     828+CONT
+CONT       3516    3551    1979    1978
CTETRA      1435       3     500     498     521     496    3520    1978+CONT
+CONT       1879    3519    3516    3551
CTETRA      1436       3     497     495     496     521    3511    3510+CONT
+CONT       3512    1880    1979    3551
CTETRA      1437       4     521     495     503     519    1979    2085+CONT
+CONT       3570     799    1977    3566
CTETRA      1438       4     521     498     503     495    1978    2084+CONT
+CONT       3570    1979     828    2085
CTETRA      1439       4     520     519     521     503    1998     799+CONT
+CONT       1999    3568    3566    3570
CTETRA      1440       3     500     521     498     522    1879    1978+CONT
+CONT       3520    1881     800    1981
CTETRA      1441       3     522     498     499     508    1981    3518+CONT
+CONT       1882    1980     830    3543
CTETRA      1442       3     522     500     499     498    1881    1853+CONT
+CONT       1882    1981    3520    3518
CTETRA      1443       3     510     522     499     508    1883    1882+CONT
+CONT       1864    3549    1980    3543
CTETRA      1444       4     518     522     508     503    2011    1980+CONT
+CONT       3564    3571    3572    2089
CTETRA      1445       4     498     522     503     508    1981    3572+CONT
+CONT       2084     830    1980    2089
CTETRA      1446       4     498     521     503     522    1978    3570+CONT
+CONT       2084    1981     800    3572
CTETRA      1447       4     502     523     503     501    3573    3574+CONT
+CONT       2708    2706    3575    2709
CTETRA      1448       4     523     516     502     517    2000    3561+CONT
+CONT       3573    2003     805    3562
CTETRA      1449       4     502     523     518     503    3573    2004+CONT
+CONT       3563    2708    3574    3571
CTETRA      1450       4     523     518     517     502    2004    2005+CONT
+CONT       2003    3573    3563    3562
CTETRA      1451       4     514     523     515     501    2002    2001+CONT
+CONT       1993    3558    3575    3559
CTETRA      1452       4     514     523     501     503    2002    3575+CONT
+CONT       3558    3569    3574    2709
CTETRA      1453       4     523     515     501     516    2001    3559+CONT
+CONT       3575    2000     804    3560
CTETRA      1454       4     523     502     516     501    3573    3561+CONT
+CONT       2000    3575    2706    3560
CTETRA      1455       4     524     520     503     514    2008    3568+CONT
+CONT       3576    2007    1995    3569
CTETRA      1456       4     524     520     521     503    2008    1999+CONT
+CONT       2009    3576    3568    3570
CTETRA      1457       4     524     518     523     503    2010    2004+CONT
+CONT       2006    3576    3571    3574
CTETRA      1458       4     524     523     514     503    2006    2002+CONT
+CONT       2007    3576    3574    3569
CTETRA      1459       4     524     521     522     503    2009     800+CONT
+CONT       2012    3576    3570    3572
CTETRA      1460       4     524     518     503     522    2010    3571+CONT
+CONT       3576    2012    2011    3572
CTETRA      1461       3     525     513     506     504     806    1868+CONT
+CONT       1885     797    1982    3535
CTETRA      1462       3     525     504     506     505     797    3535+CONT
+CONT       1885    1884    3534     787
CTETRA      1463       3     525     511     504     507     801    1975+CONT
+CONT        797    1886    1867    3539
CTETRA      1464       3     525     504     505     507     797    3534+CONT
+CONT       1884    1886    3539    1859
CTETRA      1465       4     525     512     504     511    2013    3554+CONT
+CONT        797     801    1996    1975
CTETRA      1466       4     525     512     513     504    2013    1990+CONT
+CONT        806     797    3554    1982
CTETRA      1467       3     526     510     508     522    1887    3549+CONT
+CONT        843     802    1883    1980
CTETRA      1468       3     509     526     508     517    1888     843+CONT
+CONT       3547    1875     807    1989
CTETRA      1469       3     526     510     509     508    1887    1865+CONT
+CONT       1888     843    3549    3547
CTETRA      1470       4     526     518     508     517    2014    3564+CONT
+CONT        843     807    2005    1989
CTETRA      1471       4     526     518     522     508    2014    2011+CONT
+CONT        802     843    3564    1980
CTETRA      1472       1     522     527     524     518     955    2721+CONT
+CONT       2012    2011    2722    2010
CTETRA      1473       1     527     526     518     522     954    2014+CONT
+CONT       2722     955     802    2011
CTETRA      1474       1     520     512     528     511    1994    2724+CONT
+CONT       2723    1997    1996     957
CTETRA      1475       1     520     519     511     528    1998     798+CONT
+CONT       1997    2723     956     957
CTETRA      1476       1     529     512     511     528    2725    1996+CONT
+CONT        958     960    2724     957
CTETRA      1477       1     512     525     529     511    2013     959+CONT
+CONT       2725    1996     801     958
CTETRA      1478       1     529     530     512     528    2726    2727+CONT
+CONT       2725     960    2728    2724
CTETRA      1479       1     528     530     512     520    2728    2727+CONT
+CONT       2724    2723    2729    1994
CTETRA      1480       1     512     514     520     530    1991    1995+CONT
+CONT       1994    2727    2730    2729
CTETRA      1481       1     520     514     524     530    1995    2007+CONT
+CONT       2008    2729    2730    2731
CTETRA      1482       1     513     531     515     514    1177    1178+CONT
+CONT        803    1992    2732    1993
CTETRA      1483       1     513     531     514     512    1177    2732+CONT
+CONT       1992    1990    2733    1991
CTETRA      1484       1     512     514     530     531    1991    2730+CONT
+CONT       2727    2733    2732    2734
CTETRA      1485       1     529     512     530     531    2725    2727+CONT
+CONT       2726    2735    2733    2734
CTETRA      1486       1     513     525     531     512     806    1179+CONT
+CONT       1177    1990    2013    2733
CTETRA      1487       1     512     525     531     529    2013    1179+CONT
+CONT       2733    2725     959    2735
CTETRA      1488       1     532     514     531     530    2736    2732+CONT
+CONT       2742    3871    2730    2734
CTETRA      1489       1     532     514     530     524    2736    2730+CONT
+CONT       3871    2738    2007    2731
CTETRA      1490       1     514     523     524     532    2002    2006+CONT
+CONT       2007    2736    2737    2738
CTETRA      1491       1     523     533     515     516    2739    1180+CONT
+CONT       2001    2000    1181     804
CTETRA      1492       1     532     514     523     533    2736    2002+CONT
+CONT       2737    2740    2741    2739
CTETRA      1493       1     533     523     515     514    2739    2001+CONT
+CONT       1180    2741    2002    1993
CTETRA      1494       1     533     515     531     514    1180    1178+CONT
+CONT       1182    2741    1993    2732
CTETRA      1495       1     532     514     533     531    2736    2741+CONT
+CONT       2740    2742    2732    1182
CTETRA      1496       1     523     534     533     516    2743    1185+CONT
+CONT       2739    2000    1183    1181
CTETRA      1497       1     523     534     516     517    2743    1183+CONT
+CONT       2000    2003    1184     805
CTETRA      1498       1     533     523     532     534    2739    2737+CONT
+CONT       2740    1185    2743    2744
CTETRA      1499       1     523     518     534     517    2004    2745+CONT
+CONT       2743    2003    2005    1184
CTETRA      1500       1     535     517     534     518    1187    1184+CONT
+CONT       1186    2746    2005    2745
CTETRA      1501       1     518     535     517     526    2746    1187+CONT
+CONT       2005    2014    1188     807
CTETRA      1502       1     518     523     534     536    2004    2743+CONT
+CONT       2745    2747    2748    2749
CTETRA      1503       1     518     524     523     536    2010    2006+CONT
+CONT       2004    2747    2750    2748
CTETRA      1504       1     535     518     534     536    2746    2745+CONT
+CONT       1186    2751    2747    2749
CTETRA      1505       1     536     518     524     527    2747    2010+CONT
+CONT       2750    2752    2722    2721
CTETRA      1506       1     518     536     535     526    2747    2751+CONT
+CONT       2746    2014    2753    1188
CTETRA      1507       1     527     536     518     526    2752    2747+CONT
+CONT       2722     954    2753    2014
CTETRA      1508       1     520     537     530     524    2754    2755+CONT
+CONT       2729    2008    2756    2731
CTETRA      1509       1     528     530     520     537    2728    2729+CONT
+CONT       2723     963    2755    2754
CTETRA      1510       1     520     524     521     537    2008    2009+CONT
+CONT       1999    2754    2756     961
CTETRA      1511       1     520     519     537     521    1998     962+CONT
+CONT       2754    1999     799     961
CTETRA      1512       1     520     528     537     519    2723     963+CONT
+CONT       2754    1998     956     962
CTETRA      1513       1     522     538     521     524     964     965+CONT
+CONT        800    2012    2757    2009
CTETRA      1514       1     537     538     524     521     966    2757+CONT
+CONT       2756     961     965    2009
CTETRA      1515       1     536     527     524     538    2752    2721+CONT
+CONT       2750    2758     967    2757
CTETRA      1516       1     527     522     524     538     955    2012+CONT
+CONT       2721     967     964    2757
CTETRA      1517       1     533     539     534     532    1189    1190+CONT
+CONT       1185    2740    2759    2744
CTETRA      1518       1     540     532     530     524    2760    3871+CONT
+CONT       2770    2762    2738    2731
CTETRA      1519       1     532     540     523     524    2760    2761+CONT
+CONT       2737    2738    2762    2006
CTETRA      1520       1     540     537     524     530    2766    2756+CONT
+CONT       2762    2770    2755    2731
CTETRA      1521       1     532     523     540     534    2737    2761+CONT
+CONT       2760    2744    2743    2764
CTETRA      1522       1     539     540     534     532    2763    2764+CONT
+CONT       1190    2759    2760    2744
CTETRA      1523       1     534     523     540     536    2743    2761+CONT
+CONT       2764    2749    2748    2765
CTETRA      1524       1     524     536     540     523    2750    2765+CONT
+CONT       2762    2006    2748    2761
CTETRA      1525       1     536     538     524     540    2758    2757+CONT
+CONT       2750    2765    2767    2762
CTETRA      1526       1     537     538     540     524     966    2767+CONT
+CONT       2766    2756    2757    2762
CTETRA      1527       1     541     528     537     530     969     963+CONT
+CONT        968    2768    2728    2755
CTETRA      1528       1     541     540     530     537    2769    2770+CONT
+CONT       2768     968    2766    2755
CTETRA      1529       1     529     542     531     530     970    1191+CONT
+CONT       2735    2726    2771    2734
CTETRA      1530       1     542     529     531     525     970    2735+CONT
+CONT       1191     697     959    1179
CTETRA      1531       1     536     535     526     543    2751    1188+CONT
+CONT       2753    2772    1192     743
CTETRA      1532       1     527     536     526     543    2752    2753+CONT
+CONT        954     971    2772     743
CTETRA      1533       1     536     527     538     543    2752     967+CONT
+CONT       2758    2772     971     972
CTETRA      1534       1     529     530     544     542    2726    2773+CONT
+CONT        973     970    2771     974
CTETRA      1535       1     530     528     529     544    2728     960+CONT
+CONT       2726    2773     975     973
CTETRA      1536       1     530     541     528     544    2768     969+CONT
+CONT       2728    2773     976     975
CTETRA      1537       1     540     532     539     545    2760    2759+CONT
+CONT       2763    2790    2781    2782
CTETRA      1538       1     544     545     542     530    2774    2775+CONT
+CONT        974    2773    2776    2771
CTETRA      1539       1     545     530     541     540    2776    2768+CONT
+CONT       2777    2790    2770    2769
CTETRA      1540       1     532     530     531     545    3871    2734+CONT
+CONT       2742    2781    2776    2778
CTETRA      1541       1     545     530     544     541    2776    2773+CONT
+CONT       2774    2777    2768     976
CTETRA      1542       1     530     545     542     531    2776    2775+CONT
+CONT       2771    2734    2778    1191
CTETRA      1543       1     530     545     532     540    2776    2781+CONT
+CONT       3871    2770    2790    2760
CTETRA      1544       1     546     531     542     545    1195    1191+CONT
+CONT       1196    2779    2778    2775
CTETRA      1545       1     532     546     539     545    2780    1193+CONT
+CONT       2759    2781    2779    2782
CTETRA      1546       1     546     532     531     545    2780    2742+CONT
+CONT       1195    2779    2781    2778
CTETRA      1547       1     532     533     546     531    2740    1194+CONT
+CONT       2780    2742    1182    1195
CTETRA      1548       1     532     533     539     546    2740    1189+CONT
+CONT       2759    2780    1194    1193
CTETRA      1549       1     545     544     542     546    2774     974+CONT
+CONT       2775    2779    2783    1196
CTETRA      1550       1     535     534     547     536    1186    1198+CONT
+CONT       1197    2751    2749    2784
CTETRA      1551       1     539     547     534     540    1199    1198+CONT
+CONT       1190    2763    2785    2764
CTETRA      1552       1     536     547     540     534    2784    2785+CONT
+CONT       2765    2749    1198    2764
CTETRA      1553       1     543     536     535     547    2772    2751+CONT
+CONT       1192    1200    2784    1197
CTETRA      1554       1     538     548     540     536     977    2786+CONT
+CONT       2767    2758    2787    2765
CTETRA      1555       1     541     537     548     540     968     978+CONT
+CONT        979    2769    2766    2786
CTETRA      1556       1     538     537     540     548     966    2766+CONT
+CONT       2767     977     978    2786
CTETRA      1557       1     540     536     548     547    2765    2787+CONT
+CONT       2786    2785    2784    2788
CTETRA      1558       1     543     536     547     548    2772    2784+CONT
+CONT       1200     980    2787    2788
CTETRA      1559       1     536     538     548     543    2758     977+CONT
+CONT       2787    2772     972     980
CTETRA      1560       1     546     549     539     545    1202    1201+CONT
+CONT       1193    2779    2789    2782
CTETRA      1561       1     539     540     545     549    2763    2790+CONT
+CONT       2782    1201    2791    2789
CTETRA      1562       1     539     549     547     540    1201    1203+CONT
+CONT       1199    2763    2791    2785
CTETRA      1563       1     540     547     548     549    2785    2788+CONT
+CONT       2786    2791    1203    2792
CTETRA      1564       1     541     545     540     550    2777    2790+CONT
+CONT       2769     981    2793    2794
CTETRA      1565       1     545     541     544     550    2777     976+CONT
+CONT       2774    2793     981     982
CTETRA      1566       1     545     550     549     540    2793    2795+CONT
+CONT       2789    2790    2794    2791
CTETRA      1567       1     540     548     550     549    2786     983+CONT
+CONT       2794    2791    2792    2795
CTETRA      1568       1     541     550     540     548     981    2794+CONT
+CONT       2769     979     983    2786
CTETRA      1569       1     544     542     546     551     974    1196+CONT
+CONT       2783     984     698    1204
CTETRA      1570       1     547     543     548     552    1200     980+CONT
+CONT       2788    1205     744     985
CTETRA      1571       1     544     550     553     545     982     988+CONT
+CONT        987    2774    2793    2796
CTETRA      1572       1     545     544     546     553    2774    2783+CONT
+CONT       2779    2796     987    2797
CTETRA      1573       1     544     551     546     553     984    1204+CONT
+CONT       2783     987     986    2797
CTETRA      1574       1     553     554     551     546    2798    1208+CONT
+CONT        986    2797    1207    1204
CTETRA      1575       1     553     550     554     545     988    2799+CONT
+CONT       2798    2796    2793    2800
CTETRA      1576       1     553     554     546     545    2798    1207+CONT
+CONT       2797    2796    2800    2779
CTETRA      1577       1     546     545     554     549    2779    2800+CONT
+CONT       1207    1202    2789    1206
CTETRA      1578       1     550     545     549     554    2793    2789+CONT
+CONT       2795    2799    2800    1206
CTETRA      1579       1     549     547     548     555    1203    2788+CONT
+CONT       2792    1209    1210    2801
CTETRA      1580       1     552     547     555     548    1205    1210+CONT
+CONT       1212     985    2788    2801
CTETRA      1581       1     550     556     554     549     989    2802+CONT
+CONT       2799    2795    2803    1206
CTETRA      1582       1     554     553     556     550    2798     990+CONT
+CONT       2802    2799     988     989
CTETRA      1583       1     550     548     556     549     983     991+CONT
+CONT        989    2795    2792    2803
CTETRA      1584       1     555     556     549     554    2804    2803+CONT
+CONT       1209    1211    2802    1206
CTETRA      1585       1     555     556     548     549    2804     991+CONT
+CONT       2801    1209    2803    2792
CTETRA      1586       1     555     556     552     548    2804     992+CONT
+CONT       1212    2801     991     985
CTETRA      1587       1     553     554     557     551    2798    1213+CONT
+CONT        993     986    1208     699
CTETRA      1588       1     555     556     558     552    2804     994+CONT
+CONT       1214    1212     992     745
CTETRA      1589       1     553     554     559     557    2798    2805+CONT
+CONT        995     993    1213     996
CTETRA      1590       1     554     553     559     556    2798     995+CONT
+CONT       2805    2802     990     997
CTETRA      1591       1     559     560     557     554    2806    1215+CONT
+CONT        996    2805    1216    1213
CTETRA      1592       1     559     560     554     561    2806    1216+CONT
+CONT       2805    2807    1217    1218
CTETRA      1593       1     554     559     561     556    2805    2807+CONT
+CONT       1218    2802     997    2808
CTETRA      1594       1     556     555     561     554    2804    1219+CONT
+CONT       2808    2802    1211    1218
CTETRA      1595       1     556     555     558     561    2804    1214+CONT
+CONT        994    2808    1219    1220
CTETRA      1596       1     562     559     561     560     998    2807+CONT
+CONT       2809    2810    2806    1217
CTETRA      1597       1     561     562     556     559    2809     999+CONT
+CONT       2808    2807     998     997
CTETRA      1598       1     561     562     558     556    2809    1000+CONT
+CONT       1220    2808     999     994
CTETRA      1599       1     560     559     557     563    2806     996+CONT
+CONT       1215    1221    1001     700
CTETRA      1600       1     561     562     564     558    2809    1002+CONT
+CONT       1222    1220    1000     746
CTETRA      1601       1     560     559     563     565    2806    1001+CONT
+CONT       1221    2811    1003    1004
CTETRA      1602       1     560     559     565     562    2806    1003+CONT
+CONT       2811    2810     998    1005
CTETRA      1603       1     565     566     563     560    2812    1223+CONT
+CONT       1004    2811    1224    1221
CTETRA      1604       1     565     566     560     567    2812    1224+CONT
+CONT       2811    2813    1225    1226
CTETRA      1605       1     560     562     565     567    2810    1005+CONT
+CONT       2811    1226    2814    2813
CTETRA      1606       1     562     561     567     560    2809    1227+CONT
+CONT       2814    2810    1217    1226
CTETRA      1607       1     562     561     564     567    2809    1222+CONT
+CONT       1002    2814    1227    1228
CTETRA      1608       1     565     566     567     568    2812    1225+CONT
+CONT       2813    1006    2815    2816
CTETRA      1609       1     567     568     562     565    2816    1007+CONT
+CONT       2814    2813    1006    1005
CTETRA      1610       1     567     568     564     562    2816    1008+CONT
+CONT       1228    2814    1007    1002
CTETRA      1611       1     565     566     569     563    2812    1229+CONT
+CONT       1009    1004    1223     701
CTETRA      1612       1     567     568     570     564    2816    1010+CONT
+CONT       1230    1228    1008     747
CTETRA      1613       1     566     565     571     568    2812    1011+CONT
+CONT       2817    2815    1006    1013
CTETRA      1614       1     566     565     569     571    2812    1009+CONT
+CONT       1229    2817    1011    1012
CTETRA      1615       1     571     572     569     566    2818    1232+CONT
+CONT       1012    2817    1231    1229
CTETRA      1616       1     571     572     566     573    2818    1231+CONT
+CONT       2817    2819    1233    1234
CTETRA      1617       1     568     566     573     571    2815    1234+CONT
+CONT       2820    1013    2817    2819
CTETRA      1618       1     568     567     573     566    2816    1235+CONT
+CONT       2820    2815    1225    1234
CTETRA      1619       1     568     567     570     573    2816    1230+CONT
+CONT       1010    2820    1235    1236
CTETRA      1620       1     571     572     573     574    2818    1233+CONT
+CONT       2819    1015    2821    2822
CTETRA      1621       1     573     574     568     571    2822    1014+CONT
+CONT       2820    2819    1015    1013
CTETRA      1622       1     573     568     574     570    2820    1014+CONT
+CONT       2822    1236    1010    1016
CTETRA      1623       1     571     572     575     569    2818    1237+CONT
+CONT       1017    1012    1232     702
CTETRA      1624       1     573     574     576     570    2822    1018+CONT
+CONT       1238    1236    1016     748
CTETRA      1625       1     572     571     575     577    2818    1017+CONT
+CONT       1237    2823    1020    1019
CTETRA      1626       1     572     571     577     574    2818    1020+CONT
+CONT       2823    2821    1015    1021
CTETRA      1627       1     577     578     575     572    2824    1240+CONT
+CONT       1019    2823    1239    1237
CTETRA      1628       1     577     578     572     579    2824    1239+CONT
+CONT       2823    2825    1241    1242
CTETRA      1629       1     574     572     579     577    2821    1242+CONT
+CONT       2826    1021    2823    2825
CTETRA      1630       1     574     573     579     572    2822    1243+CONT
+CONT       2826    2821    1233    1242
CTETRA      1631       1     574     573     576     579    2822    1238+CONT
+CONT       1018    2826    1243    1244
CTETRA      1632       1     579     580     574     577    2827    1022+CONT
+CONT       2826    2825    1023    1021
CTETRA      1633       1     579     580     576     574    2827    1024+CONT
+CONT       1244    2826    1022    1018
CTETRA      1634       1     577     578     579     581    2824    1241+CONT
+CONT       2825    2828    1245    1246
CTETRA      1635       1     579     580     577     581    2827    1023+CONT
+CONT       2825    1246    2829    2828
CTETRA      1636       1     582     581     577     580    2830    2828+CONT
+CONT       1026    1025    2829    1023
CTETRA      1637       1     578     577     575     583    2824    1019+CONT
+CONT       1240    1247    1027     703
CTETRA      1638       1     580     579     576     584    2827    1244+CONT
+CONT       1024    1028    1248     749
CTETRA      1639       1     578     577     583     585    2824    1027+CONT
+CONT       1247    2831    1029    1030
CTETRA      1640       1     578     577     585     581    2824    1029+CONT
+CONT       2831    1245    2828    2832
CTETRA      1641       1     581     582     577     585    2830    1026+CONT
+CONT       2828    2832    1031    1029
CTETRA      1642       1     585     586     583     578    2833    1250+CONT
+CONT       1030    2831    1249    1247
CTETRA      1643       1     585     586     578     581    2833    1249+CONT
+CONT       2831    2832    1251    1245
CTETRA      1644       1     582     581     580     587    2830    2829+CONT
+CONT       1025    2834    1252    2835
CTETRA      1645       1     580     579     587     581    2827    1253+CONT
+CONT       2835    2829    1246    1252
CTETRA      1646       1     580     579     584     587    2827    1248+CONT
+CONT       1028    2835    1253    1254
CTETRA      1647       1     588     587     582     580    2836    2834+CONT
+CONT       1032    1033    2835    1025
CTETRA      1648       1     587     588     584     580    2836    1034+CONT
+CONT       1254    2835    1033    1028
CTETRA      1649       1     586     585     589     581    2833    2837+CONT
+CONT       1256    1251    2832    1255
CTETRA      1650       1     581     582     585     589    2830    1031+CONT
+CONT       2832    1255    2838    2837
CTETRA      1651       1     581     582     589     587    2830    2838+CONT
+CONT       1255    1252    2834    1257
CTETRA      1652       1     588     587     589     582    2836    1257+CONT
+CONT       2839    1032    2834    2838
CTETRA      1653       1     589     590     582     585    2840    1035+CONT
+CONT       2838    2837    1036    1031
CTETRA      1654       1     590     589     582     588    2840    2838+CONT
+CONT       1035    1037    2839    1032
CTETRA      1655       1     586     585     583     591    2833    1030+CONT
+CONT       1250    1258    1038     704
CTETRA      1656       1     587     588     592     584    2836    1039+CONT
+CONT       1259    1254    1034     750
CTETRA      1657       1     586     585     591     593    2833    1038+CONT
+CONT       1258    2841    1040    1041
CTETRA      1658       1     586     585     593     589    2833    1040+CONT
+CONT       2841    1256    2837    2842
CTETRA      1659       1     590     589     593     585    2840    2842+CONT
+CONT       1042    1036    2837    1040
CTETRA      1660       1     593     594     591     586    2843    1261+CONT
+CONT       1041    2841    1260    1258
CTETRA      1661       1     593     594     586     589    2843    1260+CONT
+CONT       2841    2842    1262    1256
CTETRA      1662       1     589     590     595     588    2840    2844+CONT
+CONT       1263    2839    1037    2845
CTETRA      1663       1     587     588     589     595    2836    2839+CONT
+CONT       1257    1264    2845    1263
CTETRA      1664       1     588     587     592     595    2836    1259+CONT
+CONT       1039    2845    1264    1265
CTETRA      1665       1     596     595     590     588    2846    2844+CONT
+CONT       1043    1044    2845    1037
CTETRA      1666       1     596     595     588     592    2846    2845+CONT
+CONT       1044    1045    1265    1039
CTETRA      1667       1     594     593     597     589    2843    2847+CONT
+CONT       1266    1262    2842    1267
CTETRA      1668       1     590     589     597     593    2840    1267+CONT
+CONT       2848    1042    2842    2847
CTETRA      1669       1     589     590     597     595    2840    2848+CONT
+CONT       1267    1263    2844    1268
CTETRA      1670       1     597     598     590     593    2849    1046+CONT
+CONT       2848    2847    1047    1042
CTETRA      1671       1     597     598     595     590    2849    2850+CONT
+CONT       1268    2848    1046    2844
CTETRA      1672       1     596     595     598     590    2846    2850+CONT
+CONT       1048    1043    2844    1046
CTETRA      1673       1     594     593     591     599    2843    1041+CONT
+CONT       1261    1269    1049     705
CTETRA      1674       1     595     596     600     592    2846    1050+CONT
+CONT       1270    1265    1045     751
CTETRA      1675       1     597     598     593     601    2849    1047+CONT
+CONT       2847    2851    1053    1051
CTETRA      1676       1     594     593     599     602    2843    1049+CONT
+CONT       1269    1272    2852    1271
CTETRA      1677       1     594     593     602     597    2843    2852+CONT
+CONT       1272    1266    2847    1273
CTETRA      1678       1     602     601     593     599    2853    1051+CONT
+CONT       2852    1271    1052    1049
CTETRA      1679       1     601     602     593     597    2853    2852+CONT
+CONT       1051    2851    1273    2847
CTETRA      1680       1     597     598     603     595    2849    2854+CONT
+CONT       1274    1268    2850    1275
CTETRA      1681       1     596     595     603     598    2846    1275+CONT
+CONT       2855    1048    2850    2854
CTETRA      1682       1     595     596     603     600    2846    2855+CONT
+CONT       1275    1270    1050    1276
CTETRA      1683       1     604     603     598     596    2856    2854+CONT
+CONT       1054    1055    2855    1048
CTETRA      1684       1     603     604     600     596    2856    1056+CONT
+CONT       1276    2855    1055    1050
CTETRA      1685       1     601     602     597     605    2853    1273+CONT
+CONT       2851    2857    1277    1278
CTETRA      1686       1     598     597     605     601    2849    1278+CONT
+CONT       2858    1053    2851    2857
CTETRA      1687       1     598     597     603     605    2849    1274+CONT
+CONT       2854    2858    1278    1279
CTETRA      1688       1     606     605     601     598    2859    2857+CONT
+CONT       1057    1058    2858    1053
CTETRA      1689       1     606     605     598     603    2859    2858+CONT
+CONT       1058    2860    1279    2854
CTETRA      1690       1     604     603     606     598    2856    2860+CONT
+CONT       1059    1054    2854    1058
CTETRA      1691       1     602     601     599     607    2853    1052+CONT
+CONT       1271    1280    1060     706
CTETRA      1692       1     603     604     608     600    2856    1061+CONT
+CONT       1281    1276    1056     752
CTETRA      1693       1     605     606     601     609    2859    1057+CONT
+CONT       2857    2861    1064    1062
CTETRA      1694       1     602     601     607     610    2853    1060+CONT
+CONT       1280    1283    2862    1282
CTETRA      1695       1     601     602     605     610    2853    1277+CONT
+CONT       2857    2862    1283    1284
CTETRA      1696       1     609     610     601     605    2863    2862+CONT
+CONT       1062    2861    1284    2857
CTETRA      1697       1     610     609     601     607    2863    1062+CONT
+CONT       2862    1282    1063    1060
CTETRA      1698       1     605     606     611     603    2859    2864+CONT
+CONT       1285    1279    2860    1286
CTETRA      1699       1     604     603     611     606    2856    1286+CONT
+CONT       2865    1059    2860    2864
CTETRA      1700       1     603     604     611     608    2856    2865+CONT
+CONT       1286    1281    1061    1287
CTETRA      1701       1     612     611     606     604    2866    2864+CONT
+CONT       1065    1066    2865    1059
CTETRA      1702       1     612     611     604     608    2866    2865+CONT
+CONT       1066    1067    1287    1061
CTETRA      1703       1     609     610     605     613    2863    1284+CONT
+CONT       2861    2867    1288    1289
CTETRA      1704       1     613     614     605     609    2868    2869+CONT
+CONT       1289    2867    1069    2861
CTETRA      1705       1     606     605     614     609    2859    2869+CONT
+CONT       1068    1064    2861    1069
CTETRA      1706       1     613     614     611     605    2868    2870+CONT
+CONT       1290    1289    2869    1285
CTETRA      1707       1     606     605     611     614    2859    1285+CONT
+CONT       2864    1068    2869    2870
CTETRA      1708       1     612     611     614     606    2866    2870+CONT
+CONT       1070    1065    2864    1068
CTETRA      1709       1     610     609     607     615    2863    1063+CONT
+CONT       1282    1291    1071     707
CTETRA      1710       1     611     612     616     608    2866    1072+CONT
+CONT       1292    1287    1067     753
CTETRA      1711       1     614     613     617     609    2868    2871+CONT
+CONT       1075    1069    2867    1073
CTETRA      1712       1     610     609     615     618    2863    1071+CONT
+CONT       1291    1294    2872    1293
CTETRA      1713       1     609     610     613     618    2863    1288+CONT
+CONT       2867    2872    1294    1295
CTETRA      1714       1     618     617     609     615    2873    1073+CONT
+CONT       2872    1293    1074    1071
CTETRA      1715       1     618     617     613     609    2873    2871+CONT
+CONT       1295    2872    1073    2867
CTETRA      1716       1     613     614     619     611    2868    2874+CONT
+CONT       1296    1290    2870    1297
CTETRA      1717       1     612     611     619     614    2866    1297+CONT
+CONT       2875    1070    2870    2874
CTETRA      1718       1     611     612     619     616    2866    2875+CONT
+CONT       1297    1292    1072    1298
CTETRA      1719       1     620     619     614     612    2876    2874+CONT
+CONT       1076    1077    2875    1070
CTETRA      1720       1     620     619     612     616    2876    2875+CONT
+CONT       1077    1078    1298    1072
CTETRA      1721       1     618     617     621     613    2873    2877+CONT
+CONT       1299    1295    2871    1300
CTETRA      1722       1     613     614     617     621    2868    1075+CONT
+CONT       2871    1300    2878    2877
CTETRA      1723       1     613     614     621     619    2868    2878+CONT
+CONT       1300    1296    2874    1301
CTETRA      1724       1     622     621     617     614    2879    2877+CONT
+CONT       1080    1079    2878    1075
CTETRA      1725       1     621     622     619     614    2879    2880+CONT
+CONT       1301    2878    1079    2874
CTETRA      1726       1     620     619     622     614    2876    2880+CONT
+CONT       1081    1076    2874    1079
CTETRA      1727       1     618     617     615     623    2873    1074+CONT
+CONT       1293    1302    1082     708
CTETRA      1728       1     620     619     616     624    2876    1298+CONT
+CONT       1078    1083    1303     754
CTETRA      1729       1     622     621     625     617    2879    2881+CONT
+CONT       1086    1080    2877    1084
CTETRA      1730       1     617     618     621     626    2873    1299+CONT
+CONT       2877    2882    1305    1306
CTETRA      1731       1     617     618     626     623    2873    1305+CONT
+CONT       2882    1082    1302    1304
CTETRA      1732       1     626     625     621     617    2883    2881+CONT
+CONT       1306    2882    1084    2877
CTETRA      1733       1     626     625     617     623    2883    1084+CONT
+CONT       2882    1304    1085    1082
CTETRA      1734       1     621     622     627     619    2879    2884+CONT
+CONT       1307    1301    2880    1308
CTETRA      1735       1     620     619     627     622    2876    1308+CONT
+CONT       2885    1081    2880    2884
CTETRA      1736       1     619     620     627     624    2876    2885+CONT
+CONT       1308    1303    1083    1309
CTETRA      1737       1     628     627     622     620    2886    2884+CONT
+CONT       1088    1087    2885    1081
CTETRA      1738       1     628     627     620     624    2886    2885+CONT
+CONT       1087    1089    1309    1083
CTETRA      1739       1     626     625     629     621    2883    2887+CONT
+CONT       1310    1306    2881    1311
CTETRA      1740       1     630     629     625     621    2888    2887+CONT
+CONT       1091    2889    1311    2881
CTETRA      1741       1     622     621     630     625    2879    2889+CONT
+CONT       1090    1086    2881    1091
CTETRA      1742       1     629     630     627     621    2888    2890+CONT
+CONT       1312    1311    2889    1307
CTETRA      1743       1     621     622     630     627    2879    1090+CONT
+CONT       2889    1307    2884    2890
CTETRA      1744       1     628     627     630     622    2886    2890+CONT
+CONT       1092    1088    2884    1090
CTETRA      1745       1     626     625     623     631    2883    1085+CONT
+CONT       1304    1313    1093     709
CTETRA      1746       1     628     627     624     632    2886    1309+CONT
+CONT       1089    1094    1314     755
CTETRA      1747       1     630     629     633     625    2888    2891+CONT
+CONT       1097    1091    2887    1095
CTETRA      1748       1     626     625     631     634    2883    1093+CONT
+CONT       1313    1316    2892    1315
CTETRA      1749       1     626     625     634     629    2883    2892+CONT
+CONT       1316    1310    2887    1317
CTETRA      1750       1     634     633     629     625    2893    2891+CONT
+CONT       1317    2892    1095    2887
CTETRA      1751       1     634     633     625     631    2893    1095+CONT
+CONT       2892    1315    1096    1093
CTETRA      1752       1     629     630     636     627    2888    1099+CONT
+CONT       2894    1312    2890    2895
CTETRA      1753       1     628     627     636     630    2886    2895+CONT
+CONT       1098    1092    2890    1099
CTETRA      1754       1     635     636     627     629    2896    2895+CONT
+CONT       1319    1318    2894    1312
CTETRA      1755       1     628     627     632     636    2886    1314+CONT
+CONT       1094    1098    2895    1100
CTETRA      1756       1     636     635     627     632    2896    1319+CONT
+CONT       2895    1100    1320    1314
CTETRA      1757       1     634     633     637     629    2893    2897+CONT
+CONT       1321    1317    2891    1322
CTETRA      1758       1     637     638     629     633    2898    2899+CONT
+CONT       1322    2897    1102    2891
CTETRA      1759       1     630     629     638     633    2888    2899+CONT
+CONT       1101    1097    2891    1102
CTETRA      1760       1     637     638     635     629    2898    2900+CONT
+CONT       1323    1322    2899    1318
CTETRA      1761       1     636     635     638     629    2896    2900+CONT
+CONT       1103    2894    1318    2899
CTETRA      1762       1     630     629     636     638    2888    2894+CONT
+CONT       1099    1101    2899    1103
CTETRA      1763       1     634     633     631     639    2893    1096+CONT
+CONT       1315    1324    1104     710
CTETRA      1764       1     635     636     640     632    2896    1105+CONT
+CONT       1325    1320    1100     756
CTETRA      1765       1     638     637     642     633    2898    2901+CONT
+CONT       1108    1102    2897    1106
CTETRA      1766       1     641     642     637     634    2902    2901+CONT
+CONT       1328    1327    2903    1321
CTETRA      1767       1     634     633     642     637    2893    1106+CONT
+CONT       2903    1321    2897    2901
CTETRA      1768       1     633     634     642     639    2893    2903+CONT
+CONT       1106    1104    1324    1107
CTETRA      1769       1     641     642     634     639    2902    2903+CONT
+CONT       1327    1326    1107    1324
CTETRA      1770       1     637     638     644     635    2898    1109+CONT
+CONT       2904    1323    2900    2905
CTETRA      1771       1     643     644     635     637    2906    2905+CONT
+CONT       1330    1329    2904    1323
CTETRA      1772       1     636     635     644     638    2896    2905+CONT
+CONT       1110    1103    2900    1109
CTETRA      1773       1     643     644     640     635    2906    1111+CONT
+CONT       1331    1330    2905    1325
CTETRA      1774       1     635     636     644     640    2896    1110+CONT
+CONT       2905    1325    1105    1111
CTETRA      1775       1     641     642     645     637    2902    2907+CONT
+CONT       1332    1328    2901    1333
CTETRA      1776       1     645     646     637     642    2908    2909+CONT
+CONT       1333    2907    1112    2901
CTETRA      1777       1     638     637     646     642    2898    2909+CONT
+CONT       1113    1108    2901    1112
CTETRA      1778       1     645     646     643     637    2908    2910+CONT
+CONT       1334    1333    2909    1329
CTETRA      1779       1     643     644     637     646    2906    2904+CONT
+CONT       1329    2910    1114    2909
CTETRA      1780       1     638     637     644     646    2898    2904+CONT
+CONT       1109    1113    2909    1114
CTETRA      1781       1     641     642     639     647    2902    1107+CONT
+CONT       1326    1335    1115     711
CTETRA      1782       1     644     643     640     648    2906    1331+CONT
+CONT       1111    1116    1336     757
CTETRA      1783       1     641     642     647     649    2902    1115+CONT
+CONT       1335    1338    2911    1337
CTETRA      1784       1     641     642     649     645    2902    2911+CONT
+CONT       1338    1332    2907    1339
CTETRA      1785       1     649     650     642     647    2912    1117+CONT
+CONT       2911    1337    1118    1115
CTETRA      1786       1     650     649     642     645    2912    2911+CONT
+CONT       1117    2913    1339    2907
CTETRA      1787       1     646     645     650     642    2908    2913+CONT
+CONT       1119    1112    2907    1117
CTETRA      1788       1     645     646     651     643    2908    2914+CONT
+CONT       1340    1334    2910    1341
CTETRA      1789       1     651     652     643     646    2915    2916+CONT
+CONT       1341    2914    1120    2910
CTETRA      1790       1     644     643     652     646    2906    2916+CONT
+CONT       1121    1114    2910    1120
CTETRA      1791       1     651     652     648     643    2915    1122+CONT
+CONT       1342    1341    2916    1336
CTETRA      1792       1     644     643     648     652    2906    1336+CONT
+CONT       1116    1121    2916    1122
CTETRA      1793       1     650     649     645     653    2912    1339+CONT
+CONT       2913    2917    1343    1344
CTETRA      1794       1     646     645     653     650    2908    1344+CONT
+CONT       2918    1119    2913    2917
CTETRA      1795       1     645     646     653     651    2908    2918+CONT
+CONT       1344    1340    2914    1345
CTETRA      1796       1     654     653     650     646    2919    2917+CONT
+CONT       1123    1124    2918    1119
CTETRA      1797       1     654     653     646     651    2919    2918+CONT
+CONT       1124    2920    1345    2914
CTETRA      1798       1     652     651     654     646    2915    2920+CONT
+CONT       1125    1120    2914    1124
CTETRA      1799       1     649     650     647     655    2912    1118+CONT
+CONT       1337    1346    1126     712
CTETRA      1800       1     651     652     656     648    2915    1127+CONT
+CONT       1347    1342    1122     758
CTETRA      1801       1     649     650     655     657    2912    1126+CONT
+CONT       1346    1349    2921    1348
CTETRA      1802       1     650     649     653     657    2912    1343+CONT
+CONT       2917    2921    1349    1350
CTETRA      1803       1     658     657     650     653    2922    2921+CONT
+CONT       1128    2923    1350    2917
CTETRA      1804       1     657     658     650     655    2922    1128+CONT
+CONT       2921    1348    1129    1126
CTETRA      1805       1     653     654     650     658    2919    1123+CONT
+CONT       2917    2923    1130    1128
CTETRA      1806       1     653     654     659     651    2919    2924+CONT
+CONT       1351    1345    2920    1352
CTETRA      1807       1     661     659     660     654    2925    2926+CONT
+CONT       1133    1134    2924    1131
CTETRA      1808       1     659     661     651     654    2925    2927+CONT
+CONT       1352    2924    1134    2920
CTETRA      1809       1     652     651     661     654    2915    2927+CONT
+CONT       1135    1125    2920    1134
CTETRA      1810       1     661     659     651     656    2925    1352+CONT
+CONT       2927    1136    1353    1347
CTETRA      1811       1     652     651     656     661    2915    1347+CONT
+CONT       1127    1135    2927    1136
CTETRA      1812       1     658     657     653     662    2922    1350+CONT
+CONT       2923    2928    1354    1355
CTETRA      1813       1     653     654     658     662    2919    1130+CONT
+CONT       2923    1355    2929    2928
CTETRA      1814       1     660     662     658     654    2930    2928+CONT
+CONT       1132    1131    2929    1130
CTETRA      1815       1     660     662     654     659    2930    2929+CONT
+CONT       1131    2926    1356    2924
CTETRA      1816       1     653     654     662     659    2919    2929+CONT
+CONT       1355    1351    2924    1356
CTETRA      1817       1     657     658     655     663    2922    1129+CONT
+CONT       1348    1357    1137     713
CTETRA      1818       1     661     659     656     664    2925    1353+CONT
+CONT       1136    1138    1358     759
CTETRA      1819       1     657     658     663     665    2922    1137+CONT
+CONT       1357    1360    2931    1359
CTETRA      1820       1     658     657     662     665    2922    1354+CONT
+CONT       2928    2931    1360    1361
CTETRA      1821       1     662     660     658     666    2930    1132+CONT
+CONT       2928    2932    1141    1139
CTETRA      1822       1     665     666     658     663    2933    1139+CONT
+CONT       2931    1359    1140    1137
CTETRA      1823       1     665     666     662     658    2933    2932+CONT
+CONT       1361    2931    1139    2928
CTETRA      1824       1     660     662     667     666    2930    2934+CONT
+CONT       1142    1141    2932    1143
CTETRA      1825       1     660     662     668     667    2930    1362+CONT
+CONT       2935    1142    2934    2936
CTETRA      1826       1     662     660     668     659    2930    2935+CONT
+CONT       1362    1356    2926    1363
CTETRA      1827       1     669     668     667     660    2937    2936+CONT
+CONT       1144    1145    2935    1142
CTETRA      1828       1     668     669     659     660    2937    2938+CONT
+CONT       1363    2935    1145    2926
CTETRA      1829       1     661     659     669     660    2925    2938+CONT
+CONT       1146    1133    2926    1145
CTETRA      1830       1     668     669     664     659    2937    1147+CONT
+CONT       1364    1363    2938    1358
CTETRA      1831       1     661     659     664     669    2925    1358+CONT
+CONT       1138    1146    2938    1147
CTETRA      1832       1     665     666     670     662    2933    2939+CONT
+CONT       1365    1361    2932    1366
CTETRA      1833       1     670     667     662     666    2940    2934+CONT
+CONT       1366    2939    1143    2932
CTETRA      1834       1     670     667     668     662    2940    2936+CONT
+CONT       1367    1366    2934    1362
CTETRA      1835       1     665     666     663     671    2933    1140+CONT
+CONT       1359    1368    1148     714
CTETRA      1836       1     669     668     664     672    2937    1364+CONT
+CONT       1147    1149    1369     760
CTETRA      1837       1     666     665     673     671    2933    1371+CONT
+CONT       2941    1148    1368    1370
CTETRA      1838       1     665     666     673     670    2933    2941+CONT
+CONT       1371    1365    2939    1372
CTETRA      1839       1     674     673     666     670    2942    2941+CONT
+CONT       1150    2943    1372    2939
CTETRA      1840       1     667     670     674     666    2940    2943+CONT
+CONT       1152    1143    2939    1150
CTETRA      1841       1     673     674     666     671    2942    1150+CONT
+CONT       2941    1370    1151    1148
CTETRA      1842       1     674     673     670     676    2942    1372+CONT
+CONT       2943    2944    1374    1373
CTETRA      1843       1     670     667     674     676    2940    1152+CONT
+CONT       2943    1373    2945    2944
CTETRA      1844       1     670     667     676     668    2940    2945+CONT
+CONT       1373    1367    2936    1375
CTETRA      1845       1     669     668     676     667    2937    1375+CONT
+CONT       2946    1144    2936    2945
CTETRA      1846       1     675     676     674     667    2947    2944+CONT
+CONT       1154    1153    2945    1152
CTETRA      1847       1     675     676     667     669    2947    2945+CONT
+CONT       1153    1155    2946    1144
CTETRA      1848       1     668     669     676     672    2937    2946+CONT
+CONT       1375    1369    1149    1376
CTETRA      1849       1     675     676     669     672    2947    2946+CONT
+CONT       1155    1156    1376    1149
CTETRA      1850       1     673     674     671     677    2942    1151+CONT
+CONT       1370    1377    1157     715
CTETRA      1851       1     676     675     678     679    2947    1159+CONT
+CONT       2948    1378    1160    1158
CTETRA      1852       1     676     675     679     672    2947    1160+CONT
+CONT       1378    1376    1156     761
CTETRA      1853       1     673     674     677     680    2942    1157+CONT
+CONT       1377    1380    2949    1379
CTETRA      1854       1     673     674     680     676    2942    2949+CONT
+CONT       1380    1374    2944    1381
CTETRA      1855       1     680     681     674     677    2950    1162+CONT
+CONT       2949    1379    1161    1157
CTETRA      1856       1     675     676     681     674    2947    2951+CONT
+CONT       1163    1154    2944    1162
CTETRA      1857       1     680     681     676     674    2950    2951+CONT
+CONT       1381    2949    1162    2944
CTETRA      1858       1     675     676     678     681    2947    2948+CONT
+CONT       1159    1163    2951    1164
CTETRA      1859       1     681     680     676     682    2950    1381+CONT
+CONT       2951    2952    1382    1383
CTETRA      1860       1     682     678     676     681    2953    2948+CONT
+CONT       1383    2952    1164    2951
CTETRA      1861       1     678     682     676     679    2953    1383+CONT
+CONT       2948    1158    1384    1378
CTETRA      1862       1     680     681     677     683    2950    1161+CONT
+CONT       1379    1385    1165     716
CTETRA      1863       1     682     678     681     684    2953    1164+CONT
+CONT       2952    2954    1166    1167
CTETRA      1864       1     682     678     684     685    2953    1166+CONT
+CONT       2954    1386    1168    1169
CTETRA      1865       1     678     682     679     685    2953    1384+CONT
+CONT       1158    1168    1386     762
CTETRA      1866       1     681     680     686     683    2950    1388+CONT
+CONT       2955    1165    1385    1387
CTETRA      1867       1     681     680     682     686    2950    1382+CONT
+CONT       2952    2955    1388    1389
CTETRA      1868       1     684     686     681     682    2956    2955+CONT
+CONT       1167    2954    1389    2952
CTETRA      1869       1     686     687     681     683    2957    1170+CONT
+CONT       2955    1387    1171    1165
CTETRA      1870       1     686     687     684     681    2957    1172+CONT
+CONT       2956    2955    1170    1167
CTETRA      1871       1     686     684     687     688    2956    1172+CONT
+CONT       2957    1390    2958    2959
CTETRA      1872       1     684     688     686     682    2958    1390+CONT
+CONT       2956    2954    1391    1389
CTETRA      1873       1     684     688     682     685    2958    1391+CONT
+CONT       2954    1169    1392    1386
CTETRA      1874       1     684     688     689     687    2958    2960+CONT
+CONT       1174    1172    2959    1173
CTETRA      1875       1     687     686     690     683    2957    1393+CONT
+CONT       1175    1171    1387     717
CTETRA      1876       1     688     684     691     685    2958    1176+CONT
+CONT       1394    1392    1169     763
CTETRA      1877       1     688     684     689     691    2958    1174+CONT
+CONT       2960    1394    1176     694
CTETRA      1878       1     687     686     692     690    2957    1395+CONT
+CONT       2961    1175    1393     695
CTETRA      1879       1     686     687     692     688    2957    2961+CONT
+CONT       1395    1390    2959    1396
CTETRA      1880       1     692     689     688     687     953    2960+CONT
+CONT       1396    2961    1173    2959
CTETRA      1881       1     689     692     690     687     953     695+CONT
+CONT        693    1173    2961    1175
CTETRA      1882       1     692     689     691     688     953     694+CONT
+CONT        696    1396    2960    1394
$ Property data section
PSOLID         1
PSOLID         2
PSOLID         3
PSOLID         4
PSOLID         5
PSOLID         6
PSOLID         7
ENDDATA
