$ Generated by COMSOL 6.2.0.290
$ Aug 13 2026, 19:34
BEGIN BULK
$ Grid data section
GRID           1         1.100000.0742460.067175
GRID           2         1.080120.0749810.070485
GRID           3         1.100000.0707100.070710
GRID           4         1.100000.0565680.049497
GRID           5         1.060250.0757110.073787
GRID           6         1.080120.0714110.073982
GRID           7         1.080120.0571280.051990
GRID           8         1.100000.0671750.074246
GRID           9         1.100000.0530330.053033
GRID          10         1.100000.0388900.031819
GRID          11         1.040370.0764310.077072
GRID          12         1.060230.0721070.077246
GRID          13         1.060240.0576840.054476
GRID          14         1.080110.0678410.077480
GRID          15         1.080120.0535580.055487
GRID          16         1.080120.0392750.033495
GRID          17         1.100000.0494970.056568
GRID          18         1.100000.0353550.035355
GRID          19         1.100000.0212130.014142
GRID          20         1.020480.0771350.080332
GRID          21         1.040340.0727920.080493
GRID          22         1.040360.0582330.056950
GRID          23         1.060220.0685030.080705
GRID          24         1.060230.0540800.057934
GRID          25         1.060240.0396580.035166
GRID          26         1.080110.0499880.058983
GRID          27         1.080120.0357050.036991
GRID          28         1.080120.0214220.014999
GRID          29         1.100000.0318190.038890
GRID          30         1.100000.0176770.017677
GRID          31         1.100000.003535-0.00353
GRID          32         1.000590.0778200.083557
GRID          33         1.020450.0734630.083714
GRID          34         1.020470.0587700.059405
GRID          35         1.040320.0691540.083913
GRID          36         1.040340.0545940.060369
GRID          37         1.040360.0400350.036828
GRID          38         1.060220.0504760.061392
GRID          39         1.060230.0360530.038623
GRID          40         1.060240.0216310.015854
GRID          41         1.080110.0321350.040487
GRID          42         1.080120.0178520.018495
GRID          43         1.080120.003570-0.00349
GRID          44         1.100000.0141420.021213
GRID          45         1.10000 0.00000 0.00000
GRID          46         1.10000-0.01414-0.02121
GRID          47        0.9806910.0784800.086741
GRID          48         1.000550.0741140.086901
GRID          49         1.000580.0592920.061835
GRID          50         1.020420.0697910.087096
GRID          51         1.020450.0550970.062785
GRID          52         1.020470.0404040.038478
GRID          53         1.040330.0509560.063788
GRID          54         1.040340.0363960.040246
GRID          55         1.040350.0218370.016706
GRID          56         1.060220.0324490.042080
GRID          57         1.060230.0180260.019311
GRID          58         1.060230.003604-0.00345
GRID          59         1.080110.0142820.021991
GRID          60         1.080121.00E-177.40E-18
GRID          61         1.08011-0.01428-0.02199
GRID          62         1.10000-0.003530.003535
GRID          63         1.10000-0.01767-0.01767
GRID          64         1.10000-0.03181-0.03889
GRID          65        0.9607830.0791100.089874
GRID          66        0.9806460.0747400.090046
GRID          67        0.9806800.0597960.064232
GRID          68         1.000520.0704070.090245
GRID          69         1.000550.0555850.065176
GRID          70         1.000570.0407640.040111
GRID          71         1.020430.0514240.066165
GRID          72         1.020450.0367310.041857
GRID          73         1.020460.0220390.017550
GRID          74         1.040330.0327570.043664
GRID          75         1.040340.0181980.020123
GRID          76         1.040340.003639-0.00341
GRID          77         1.060230.0144220.022768
GRID          78         1.060231.01E-177.60E-18
GRID          79         1.06023-0.01442-0.02276
GRID          80         1.08012-0.003570.003496
GRID          81         1.08012-0.01785-0.01849
GRID          82         1.08011-0.03213-0.04048
GRID          83         1.10000-0.02121-0.01414
GRID          84         1.10000-0.03535-0.03535
GRID          85         1.10000-0.04949-0.05656
GRID          86        0.9408640.0797040.092946
GRID          87        0.9607310.0753350.093139
GRID          88        0.9607700.0602760.066592
GRID          89        0.9806020.0709990.093351
GRID          90        0.9806460.0560550.067534
GRID          91        0.9806690.0411110.041723
GRID          92         1.000520.0518780.068517
GRID          93         1.000550.0370570.043450
GRID          94         1.000560.0222360.018387
GRID          95         1.020440.0330580.045235
GRID          96         1.020450.0183650.020928
GRID          97         1.020450.003673-0.00337
GRID          98         1.040340.0145590.023540
GRID          99         1.040341.02E-178.22E-18
GRID         100         1.04034-0.01455-0.02354
GRID         101         1.06023-0.003600.003456
GRID         102         1.06023-0.01802-0.01931
GRID         103         1.06022-0.03244-0.04208
GRID         104         1.08012-0.02142-0.01499
GRID         105         1.08012-0.03570-0.03699
GRID         106         1.08011-0.04998-0.05898
GRID         107         1.10000-0.03889-0.03181
GRID         108         1.10000-0.05303-0.05303
GRID         109         1.10000-0.06717-0.07424
GRID         110        0.9209340.0802580.095951
GRID         111        0.9408060.0758960.096173
GRID         112        0.9408490.0607310.068907
GRID         113        0.9606800.0715610.096405
GRID         114        0.9607310.0565010.069854
GRID         115        0.9607570.0414430.043309
GRID         116        0.9806130.0523140.070836
GRID         117        0.9806460.0373700.045023
GRID         118        0.9806580.0224260.019213
GRID         119         1.000530.0333490.046789
GRID         120         1.000550.0185280.021725
GRID         121         1.000550.003707-0.00333
GRID         122         1.020440.0146920.024306
GRID         123         1.020451.03E-178.63E-18
GRID         124         1.02044-0.01469-0.02430
GRID         125         1.04034-0.003630.003416
GRID         126         1.04034-0.01819-0.02012
GRID         127         1.04033-0.03275-0.04366
GRID         128         1.06024-0.02163-0.01585
GRID         129         1.06023-0.03605-0.03862
GRID         130         1.06022-0.05047-0.06139
GRID         131         1.08012-0.03927-0.03349
GRID         132         1.08012-0.05355-0.05548
GRID         133         1.08011-0.06784-0.07748
GRID         134         1.10000-0.05656-0.04949
GRID         135         1.10000-0.07071-0.07071
GRID         136        0.9009910.0807660.098879
GRID         137        0.9208690.0764160.099139
GRID         138        0.9209180.0611540.071171
GRID         139        0.9407480.0720880.099400
GRID         140        0.9408060.0569220.072130
GRID         141        0.9408350.0417570.044866
GRID         142        0.9606930.0527260.073117
GRID         143        0.9607310.0376670.046569
GRID         144        0.9607440.0226090.020026
GRID         145        0.9806240.0336280.048322
GRID         146        0.9806460.0186850.022511
GRID         147        0.9806460.003741-0.00329
GRID         148         1.000540.0148210.025063
GRID         149         1.000551.06E-178.81E-18
GRID         150         1.00054-0.01482-0.02506
GRID         151         1.02045-0.003670.003377
GRID         152         1.02045-0.01836-0.02092
GRID         153         1.02044-0.03305-0.04523
GRID         154         1.04035-0.02183-0.01670
GRID         155         1.04034-0.03639-0.04024
GRID         156         1.04033-0.05095-0.06378
GRID         157         1.06024-0.03965-0.03516
GRID         158         1.06023-0.05408-0.05793
GRID         159         1.06022-0.06850-0.08070
GRID         160         1.08012-0.05712-0.05199
GRID         161         1.08012-0.07141-0.07398
GRID         162         1.10000-0.07424-0.06717
GRID         163        0.8810350.0812240.101721
GRID         164        0.9009200.0768910.102027
GRID         165        0.9009740.0615440.073377
GRID         166        0.9208040.0725750.102326
GRID         167        0.9208690.0573120.074354
GRID         168        0.9209020.0420510.046389
GRID         169        0.9407620.0531130.075353
GRID         170        0.9408060.0379480.048086
GRID         171        0.9408200.0227830.020824
GRID         172        0.9607050.0338920.049829
GRID         173        0.9607310.0188330.023285
GRID         174        0.9607310.003775-0.00325
GRID         175        0.9806350.0149430.025809
GRID         176        0.9806461.16E-179.42E-18
GRID         177        0.980635-0.01494-0.02580
GRID         178         1.00055-0.003700.003337
GRID         179         1.00055-0.01852-0.02172
GRID         180         1.00053-0.03334-0.04678
GRID         181         1.02046-0.02203-0.01755
GRID         182         1.02045-0.03673-0.04185
GRID         183         1.02043-0.05142-0.06616
GRID         184         1.04036-0.04003-0.03682
GRID         185         1.04034-0.05459-0.06036
GRID         186         1.04032-0.06915-0.08391
GRID         187         1.06024-0.05768-0.05447
GRID         188         1.06023-0.07210-0.07724
GRID         189         1.08012-0.07498-0.07048
GRID         190        0.8610640.0816260.104469
GRID         191        0.8809570.0773160.104829
GRID         192        0.8810150.0618960.075518
GRID         193        0.9008480.0730160.105175
GRID         194        0.9009200.0576680.076520
GRID         195        0.9009560.0423220.047873
GRID         196        0.9208200.0534700.077537
GRID         197        0.9208690.0382080.049569
GRID         198        0.9208850.0229470.021606
GRID         199        0.9407770.0341390.051307
GRID         200        0.9408060.0189740.024043
GRID         201        0.9408060.003809-0.00321
GRID         202        0.9607180.0150580.026543
GRID         203        0.9607311.08E-179.60E-18
GRID         204        0.960718-0.01505-0.02654
GRID         205        0.980646-0.003740.003297
GRID         206        0.980646-0.01868-0.02251
GRID         207        0.980624-0.03362-0.04832
GRID         208         1.00056-0.02223-0.01838
GRID         209         1.00055-0.03705-0.04345
GRID         210         1.00052-0.05187-0.06851
GRID         211         1.02047-0.04040-0.03847
GRID         212         1.02045-0.05509-0.06278
GRID         213         1.02042-0.06979-0.08709
GRID         214         1.04036-0.05823-0.05695
GRID         215         1.04034-0.07279-0.08049
GRID         216         1.06025-0.07571-0.07378
GRID         217        0.8410780.0819660.107112
GRID         218        0.8610430.0622050.077589
GRID         219        0.8609800.0776850.107536
GRID         220        0.8808790.0734080.107937
GRID         221        0.8809570.0579870.078621
GRID         222        0.8809960.0425670.049314
GRID         223        0.9008660.0537930.079663
GRID         224        0.9009200.0384450.051013
GRID         225        0.9009380.0230990.022368
GRID         226        0.9208370.0343650.052749
GRID         227        0.9208690.0191040.024784
GRID         228        0.9208690.003843-0.00317
GRID         229        0.9407910.0151640.027262
GRID         230        0.9408061.09E-179.98E-18
GRID         231        0.940791-0.01516-0.02726
GRID         232        0.960731-0.003770.003258
GRID         233        0.960731-0.01883-0.02328
GRID         234        0.960705-0.03389-0.04982
GRID         235        0.980658-0.02242-0.01921
GRID         236        0.980646-0.03737-0.04502
GRID         237        0.980613-0.05231-0.07083
GRID         238         1.00057-0.04076-0.04011
GRID         239         1.00055-0.05558-0.06517
GRID         240         1.00052-0.07040-0.09024
GRID         241         1.02047-0.05877-0.05940
GRID         242         1.02045-0.07346-0.08371
GRID         243         1.04037-0.07643-0.07707
GRID         244        0.8210770.0822410.109643
GRID         245        0.8409880.0779930.110139
GRID         246        0.8410560.0624690.079582
GRID         247        0.8610220.0427840.050709
GRID         248        0.8609800.0582630.080652
GRID         249        0.8608960.0737440.110603
GRID         250        0.8808990.0540780.081724
GRID         251        0.8809570.0386580.052414
GRID         252        0.8809770.0232380.023109
GRID         253        0.9008840.0345690.054153
GRID         254        0.9009200.0192220.025506
GRID         255        0.9009200.003876-0.00313
GRID         256        0.9208530.0152610.027963
GRID         257        0.9208691.10E-171.03E-17
GRID         258        0.920853-0.01526-0.02796
GRID         259        0.940806-0.003800.003218
GRID         260        0.940806-0.01897-0.02404
GRID         261        0.940777-0.03413-0.05130
GRID         262        0.960744-0.02260-0.02002
GRID         263        0.960731-0.03766-0.04656
GRID         264        0.960693-0.05272-0.07311
GRID         265        0.980669-0.04111-0.04172
GRID         266        0.980646-0.05605-0.06753
GRID         267        0.980602-0.07099-0.09335
GRID         268         1.00058-0.05929-0.06183
GRID         269         1.00055-0.07411-0.08690
GRID         270         1.02048-0.07713-0.08033
GRID         271        0.8010590.0824430.112053
GRID         272        0.8209810.0782340.112629
GRID         273        0.8210530.0626820.081491
GRID         274        0.8408990.0740190.113166
GRID         275        0.8409880.0584940.082604
GRID         276        0.8410330.0429710.052051
GRID         277        0.8610010.0233630.023827
GRID         278        0.8609800.0388420.053768
GRID         279        0.8609170.0543220.083714
GRID         280        0.8809180.0347480.055514
GRID         281        0.8809570.0193290.026207
GRID         282        0.8809570.003909-0.00309
GRID         283        0.9009020.0153460.028644
GRID         284        0.9009201.10E-171.07E-17
GRID         285        0.900902-0.01534-0.02864
GRID         286        0.920869-0.003840.003177
GRID         287        0.920869-0.01910-0.02478
GRID         288        0.920837-0.03436-0.05274
GRID         289        0.940820-0.02278-0.02082
GRID         290        0.940806-0.03794-0.04808
GRID         291        0.940762-0.05311-0.07535
GRID         292        0.960757-0.04144-0.04330
GRID         293        0.960731-0.05650-0.06985
GRID         294        0.960680-0.07156-0.09640
GRID         295        0.980680-0.05979-0.06423
GRID         296        0.980646-0.07474-0.09004
GRID         297         1.00059-0.07782-0.08355
GRID         298        0.7810260.0825680.114331
GRID         299        0.8009590.0784050.114997
GRID         300        0.8010340.0628420.083308
GRID         301        0.8208860.0742280.115615
GRID         302        0.8209810.0586760.084471
GRID         303        0.8210290.0431240.053337
GRID         304        0.8409210.0545200.085625
GRID         305        0.8409880.0389960.055069
GRID         306        0.8410110.0234730.024518
GRID         307        0.8609800.003942-0.00305
GRID         308        0.8609800.0194210.026884
GRID         309        0.8609380.0349000.056827
GRID         310        0.8809380.0154190.029304
GRID         311        0.8809572.46E-18-2.3E-18
GRID         312        0.880938-0.01541-0.02930
GRID         313        0.900920-0.003870.003137
GRID         314        0.900920-0.01922-0.02550
GRID         315        0.900884-0.03456-0.05415
GRID         316        0.920885-0.02294-0.02160
GRID         317        0.920869-0.03820-0.04956
GRID         318        0.920820-0.05347-0.07753
GRID         319        0.940835-0.04175-0.04486
GRID         320        0.940806-0.05692-0.07213
GRID         321        0.940748-0.07208-0.09940
GRID         322        0.960770-0.06027-0.06659
GRID         323        0.960731-0.07533-0.09313
GRID         324        0.980691-0.07848-0.08674
GRID         325        0.7609770.0826110.116469
GRID         326        0.7809210.0784980.117233
GRID         327        0.7810000.0629440.085027
GRID         328        0.8008590.0743660.117941
GRID         329        0.8009590.0588030.086247
GRID         330        0.8010090.0432410.054562
GRID         331        0.8209100.0546690.087452
GRID         332        0.8209810.0391170.056314
GRID         333        0.8210050.0235650.025182
GRID         334        0.8409430.0350210.058087
GRID         335        0.8409880.0194980.027534
GRID         336        0.8409880.003975-0.00301
GRID         337        0.860959-0.01547-0.02994
GRID         338        0.860980-6.5E-18-1.3E-17
GRID         339        0.8609590.0154780.029940
GRID         340        0.880957-0.003900.003096
GRID         341        0.880957-0.01932-0.02620
GRID         342        0.880918-0.03474-0.05551
GRID         343        0.900938-0.02309-0.02236
GRID         344        0.900920-0.03844-0.05101
GRID         345        0.900866-0.05379-0.07966
GRID         346        0.920902-0.04205-0.04638
GRID         347        0.920869-0.05731-0.07435
GRID         348        0.920804-0.07257-0.10232
GRID         349        0.940849-0.06073-0.06890
GRID         350        0.940806-0.07589-0.09617
GRID         351        0.960783-0.07911-0.08987
GRID         352        0.7409120.0825660.118457
GRID         353        0.7608670.0785090.119329
GRID         354        0.7609490.0629830.086641
GRID         355        0.7808150.0744280.120135
GRID         356        0.7809210.0588730.087924
GRID         357        0.7809730.0433190.055722
GRID         358        0.8008840.0547650.089186
GRID         359        0.8009590.0392020.057498
GRID         360        0.8009840.0236400.025815
GRID         361        0.8209340.0351100.059291
GRID         362        0.8209810.0195580.028157
GRID         363        0.8209810.004007-0.00297
GRID         364        0.8409660.0155230.030550
GRID         365        0.8409881.08E-171.19E-17
GRID         366        0.840966-0.01552-0.03055
GRID         367        0.860938-0.03490-0.05682
GRID         368        0.860980-0.01942-0.02688
GRID         369        0.860980-0.003940.003056
GRID         370        0.880977-0.02323-0.02310
GRID         371        0.880957-0.03865-0.05241
GRID         372        0.880899-0.05407-0.08172
GRID         373        0.900956-0.04232-0.04787
GRID         374        0.900920-0.05766-0.07652
GRID         375        0.900848-0.07301-0.10517
GRID         376        0.920918-0.06115-0.07117
GRID         377        0.920869-0.07641-0.09913
GRID         378        0.940864-0.07970-0.09294
GRID         379        0.7208330.0824270.120287
GRID         380        0.7407980.0784330.121275
GRID         381        0.7408840.0629570.088143
GRID         382        0.7607570.0744080.122189
GRID         383        0.7608670.0588820.089496
GRID         384        0.7609220.0433560.056812
GRID         385        0.7808420.0548030.090822
GRID         386        0.7809210.0392490.058616
GRID         387        0.7809470.0236950.026416
GRID         388        0.8009090.0351630.060433
GRID         389        0.8009590.0196010.028749
GRID         390        0.8009590.004039-0.00293
GRID         391        0.8209580.0155510.031132
GRID         392        0.8209811.12E-171.20E-17
GRID         393        0.820958-0.01555-0.03113
GRID         394        0.840988-0.003970.003015
GRID         395        0.840988-0.01949-0.02753
GRID         396        0.840943-0.03502-0.05808
GRID         397        0.860917-0.05432-0.08371
GRID         398        0.860980-0.03884-0.05376
GRID         399        0.861001-0.02336-0.02382
GRID         400        0.880996-0.04256-0.04931
GRID         401        0.880957-0.05798-0.07862
GRID         402        0.880879-0.07340-0.10793
GRID         403        0.900974-0.06154-0.07337
GRID         404        0.900920-0.07689-0.10202
GRID         405        0.920934-0.08025-0.09595
GRID         406        0.7007400.0821900.121948
GRID         407        0.7208040.0628610.089526
GRID         408        0.7207160.0782640.123061
GRID         409        0.7406850.0743000.124091
GRID         410        0.7407980.0588250.090955
GRID         411        0.7408550.0433480.057828
GRID         412        0.7607850.0547800.092351
GRID         413        0.7608670.0392540.059664
GRID         414        0.7608940.0237280.026982
GRID         415        0.7808680.0351780.061510
GRID         416        0.7809210.0196240.029308
GRID         417        0.7809210.004070-0.00289
GRID         418        0.8009340.0155620.031682
GRID         419        0.8009591.95E-172.51E-17
GRID         420        0.800934-0.01556-0.03168
GRID         421        0.820981-0.004000.002974
GRID         422        0.820981-0.01955-0.02815
GRID         423        0.820934-0.03511-0.05929
GRID         424        0.841011-0.02347-0.02451
GRID         425        0.840988-0.03899-0.05506
GRID         426        0.840921-0.05452-0.08562
GRID         427        0.860896-0.07374-0.11060
GRID         428        0.860980-0.05826-0.08065
GRID         429        0.861022-0.04278-0.05070
GRID         430        0.881015-0.06189-0.07551
GRID         431        0.880957-0.07731-0.10482
GRID         432        0.900991-0.08076-0.09887
GRID         433        0.6806350.0818490.123432
GRID         434        0.7007100.0626900.090782
GRID         435        0.7006200.0779970.124678
GRID         436        0.7207740.0432940.058764
GRID         437        0.7207160.0586980.092295
GRID         438        0.7205980.0741010.125834
GRID         439        0.7407130.0546920.093768
GRID         440        0.7407980.0392160.060637
GRID         441        0.7408270.0237400.027511
GRID         442        0.7608120.0351530.062515
GRID         443        0.7608670.0196270.029832
GRID         444        0.7608670.004101-0.00284
GRID         445        0.7808940.0155540.032199
GRID         446        0.7809211.13E-171.26E-17
GRID         447        0.780894-0.01555-0.03219
GRID         448        0.800959-0.004030.002932
GRID         449        0.800959-0.01960-0.02874
GRID         450        0.800909-0.03516-0.06043
GRID         451        0.821005-0.02356-0.02518
GRID         452        0.820981-0.03911-0.05631
GRID         453        0.820910-0.05466-0.08745
GRID         454        0.841033-0.04297-0.05205
GRID         455        0.840988-0.05849-0.08260
GRID         456        0.840899-0.07401-0.11316
GRID         457        0.860980-0.07768-0.10753
GRID         458        0.861043-0.06220-0.07758
GRID         459        0.881035-0.08122-0.10172
GRID         460        0.6605190.0813980.124728
GRID         461        0.6806040.0624410.091906
GRID         462        0.6805120.0776260.126118
GRID         463        0.7006800.0431900.059616
GRID         464        0.7006200.0584970.093508
GRID         465        0.7005000.0738030.127408
GRID         466        0.7207450.0237280.028000
GRID         467        0.7207160.0391320.061530
GRID         468        0.7206280.0545350.095064
GRID         469        0.7407410.0350840.063446
GRID         470        0.7407980.0196080.030318
GRID         471        0.7407980.004132-0.00280
GRID         472        0.7608390.0155250.032681
GRID         473        0.7608671.13E-171.29E-17
GRID         474        0.760839-0.01552-0.03268
GRID         475        0.780921-0.004070.002890
GRID         476        0.780921-0.01962-0.02930
GRID         477        0.780868-0.03517-0.06151
GRID         478        0.800984-0.02364-0.02581
GRID         479        0.800959-0.03920-0.05749
GRID         480        0.800884-0.05476-0.08918
GRID         481        0.821029-0.04312-0.05333
GRID         482        0.820981-0.05867-0.08447
GRID         483        0.820886-0.07422-0.11561
GRID         484        0.841056-0.06246-0.07958
GRID         485        0.840988-0.07799-0.11013
GRID         486        0.861064-0.08162-0.10446
GRID         487        0.6403940.0808320.125828
GRID         488        0.6604870.0621100.092889
GRID         489        0.6603930.0771460.127369
GRID         490        0.6805730.0430340.060379
GRID         491        0.6805120.0582190.094588
GRID         492        0.6803890.0734030.128803
GRID         493        0.7006500.0236910.028448
GRID         494        0.7006200.0389980.062339
GRID         495        0.7005300.0543050.096234
GRID         496        0.7207160.004162-0.00276
GRID         497        0.7207160.0195660.030765
GRID         498        0.7206570.0349690.064296
GRID         499        0.7407700.0154760.033125
GRID         500        0.7407981.13E-171.31E-17
GRID         501        0.740770-0.01547-0.03312
GRID         502        0.760867-0.004100.002848
GRID         503        0.760867-0.01962-0.02983
GRID         504        0.760812-0.03515-0.06251
GRID         505        0.780947-0.02369-0.02641
GRID         506        0.780921-0.03924-0.05861
GRID         507        0.780842-0.05480-0.09082
GRID         508        0.801009-0.04324-0.05456
GRID         509        0.800959-0.05880-0.08624
GRID         510        0.800859-0.07436-0.11794
GRID         511        0.821053-0.06268-0.08149
GRID         512        0.820981-0.07823-0.11262
GRID         513        0.841078-0.08196-0.10711
GRID         514        0.6202630.0801470.126722
GRID         515        0.6402670.0765520.128424
GRID         516        0.6403620.0616930.093724
GRID         517        0.6604560.0428220.061049
GRID         518        0.6603930.0578590.095526
GRID         519        0.6602680.0728940.130010
GRID         520        0.6805430.0236270.028851
GRID         521        0.6805120.0388130.063058
GRID         522        0.6804200.0539970.097270
GRID         523        0.7006200.004191-0.00272
GRID         524        0.7006200.0194990.031169
GRID         525        0.7005600.0348060.065062
GRID         526        0.720686-0.01540-0.03352
GRID         527        0.7207161.13E-171.34E-17
GRID         528        0.7206860.0154040.033529
GRID         529        0.740798-0.004130.002806
GRID         530        0.740798-0.01960-0.03031
GRID         531        0.740741-0.03508-0.06344
GRID         532        0.760894-0.02372-0.02698
GRID         533        0.760867-0.03925-0.05966
GRID         534        0.760785-0.05478-0.09235
GRID         535        0.780973-0.04331-0.05572
GRID         536        0.780921-0.05887-0.08792
GRID         537        0.780815-0.07442-0.12013
GRID         538        0.801034-0.06284-0.08330
GRID         539        0.800959-0.07840-0.11499
GRID         540        0.821077-0.08224-0.10964
GRID         541        0.6001280.0793350.127400
GRID         542        0.6201350.0758380.129272
GRID         543        0.6202310.0611850.094405
GRID         544        0.6401400.0722710.131019
GRID         545        0.6402670.0574140.096317
GRID         546        0.6403300.0425530.061620
GRID         547        0.6604250.0235350.029208
GRID         548        0.6603930.0385730.063684
GRID         549        0.6603000.0536080.098164
GRID         550        0.6805120.004220-0.00267
GRID         551        0.6805120.0194060.031529
GRID         552        0.6804500.0345910.065738
GRID         553        0.700590-0.01530-0.03389
GRID         554        0.7006201.13E-171.38E-17
GRID         555        0.7005900.0153070.033890
GRID         556        0.720657-0.03496-0.06429
GRID         557        0.720716-0.01956-0.03076
GRID         558        0.720716-0.004160.002763
GRID         559        0.740827-0.02374-0.02751
GRID         560        0.740798-0.03921-0.06063
GRID         561        0.740713-0.05469-0.09376
GRID         562        0.760922-0.04335-0.05681
GRID         563        0.760867-0.05888-0.08949
GRID         564        0.760757-0.07440-0.12218
GRID         565        0.781000-0.06294-0.08502
GRID         566        0.780921-0.07849-0.11723
GRID         567        0.801059-0.08244-0.11205
GRID         568        0.5799930.0783950.127857
GRID         569        0.6000000.0750000.129904
GRID         570        0.6000960.0605830.094925
GRID         571        0.6200070.0715290.131821
GRID         572        0.6201350.0568780.096953
GRID         573        0.6201990.0422240.062089
GRID         574        0.6401720.0531350.098910
GRID         575        0.6402670.0382760.064211
GRID         576        0.6402990.0234140.029516
GRID         577        0.6603930.004248-0.00263
GRID         578        0.6603930.0192860.031842
GRID         579        0.6603310.0343230.066319
GRID         580        0.680481-0.01518-0.03420
GRID         581        0.6805121.13E-171.38E-17
GRID         582        0.6804810.0151850.034207
GRID         583        0.700560-0.03480-0.06506
GRID         584        0.700620-0.01949-0.03116
GRID         585        0.700620-0.004190.002720
GRID         586        0.720628-0.05453-0.09506
GRID         587        0.720716-0.03913-0.06153
GRID         588        0.720745-0.02372-0.02800
GRID         589        0.740855-0.04334-0.05782
GRID         590        0.740798-0.05882-0.09095
GRID         591        0.740685-0.07430-0.12409
GRID         592        0.760949-0.06298-0.08664
GRID         593        0.760867-0.07850-0.11932
GRID         594        0.781026-0.08256-0.11433
GRID         595        0.5598600.0773290.128098
GRID         596        0.5798650.0740330.130314
GRID         597        0.5799610.0598840.095279
GRID         598        0.5998720.0706640.132407
GRID         599        0.6000000.0562490.097427
GRID         600        0.6000640.0418310.062450
GRID         601        0.6200390.0525720.099501
GRID         602        0.6201350.0379190.064635
GRID         603        0.6201670.0232630.029772
GRID         604        0.6402040.0339980.066802
GRID         605        0.6402670.0191380.032105
GRID         606        0.6402670.004276-0.00258
GRID         607        0.660362-0.01503-0.03447
GRID         608        0.6603931.12E-171.40E-17
GRID         609        0.6603620.0150370.034476
GRID         610        0.680450-0.03459-0.06573
GRID         611        0.680512-0.01940-0.03152
GRID         612        0.680512-0.004220.002677
GRID         613        0.700530-0.05430-0.09623
GRID         614        0.700620-0.03899-0.06233
GRID         615        0.700650-0.02369-0.02844
GRID         616        0.720598-0.07410-0.12583
GRID         617        0.720716-0.05869-0.09229
GRID         618        0.720774-0.04329-0.05876
GRID         619        0.740884-0.06295-0.08814
GRID         620        0.740798-0.07843-0.12127
GRID         621        0.760977-0.08261-0.11646
GRID         622        0.5397320.0761440.128133
GRID         623        0.5597330.0729420.130508
GRID         624        0.5598280.0590910.095471
GRID         625        0.5797370.0696700.132770
GRID         626        0.5798650.0555240.097735
GRID         627        0.5799290.0413740.062701
GRID         628        0.5999040.0519160.099929
GRID         629        0.6000000.0374990.064951
GRID         630        0.6000320.0230800.029975
GRID         631        0.6200710.0336140.067181
GRID         632        0.6201350.0189590.032317
GRID         633        0.6201350.004303-0.00254
GRID         634        0.6402350.0148610.034695
GRID         635        0.640267-5.6E-18-1.6E-17
GRID         636        0.640235-0.01486-0.03469
GRID         637        0.660331-0.03432-0.06631
GRID         638        0.660393-0.01928-0.03184
GRID         639        0.660393-0.004240.002633
GRID         640        0.680420-0.05399-0.09727
GRID         641        0.680512-0.03881-0.06305
GRID         642        0.680543-0.02362-0.02885
GRID         643        0.700500-0.07380-0.12740
GRID         644        0.700620-0.05849-0.09350
GRID         645        0.700680-0.04319-0.05961
GRID         646        0.720716-0.07826-0.12306
GRID         647        0.720804-0.06286-0.08952
GRID         648        0.740912-0.08256-0.11845
GRID         649        0.5196110.0748450.127970
GRID         650        0.5396070.0717310.130495
GRID         651        0.5397000.0582080.095508
GRID         652        0.5596060.0685530.132917
GRID         653        0.5597330.0547060.097880
GRID         654        0.5597960.0408530.062844
GRID         655        0.5797690.0511650.100191
GRID         656        0.5798650.0370160.065156
GRID         657        0.5798970.0228640.030123
GRID         658        0.5999360.0331680.067452
GRID         659        0.6000000.0187500.032475
GRID         660        0.6000000.004330-0.00250
GRID         661        0.6201030.0146550.034863
GRID         662        0.6201351.11E-171.42E-17
GRID         663        0.620103-0.01465-0.03486
GRID         664        0.640267-0.004270.002589
GRID         665        0.640267-0.01913-0.03210
GRID         666        0.640204-0.03399-0.06680
GRID         667        0.660300-0.05360-0.09816
GRID         668        0.660393-0.03857-0.06368
GRID         669        0.660425-0.02353-0.02920
GRID         670        0.680389-0.07340-0.12880
GRID         671        0.680512-0.05821-0.09458
GRID         672        0.680573-0.04303-0.06037
GRID         673        0.700620-0.07799-0.12467
GRID         674        0.700710-0.06269-0.09078
GRID         675        0.720833-0.08242-0.12028
GRID         676        0.4995000.0734360.127620
GRID         677        0.5194880.0704070.130285
GRID         678        0.5195800.0572390.095398
GRID         679        0.5394810.0673180.132857
GRID         680        0.5396070.0537980.097871
GRID         681        0.5396690.0402720.062884
GRID         682        0.5596380.0503210.100290
GRID         683        0.5597330.0364700.065253
GRID         684        0.5597650.0226160.030217
GRID         685        0.5798010.0326590.067611
GRID         686        0.5798650.0185080.032578
GRID         687        0.5798650.004355-0.00245
GRID         688        0.5999680.0144190.034976
GRID         689        0.6000001.10E-171.43E-17
GRID         690        0.599968-0.01441-0.03497
GRID         691        0.620135-0.004300.002544
GRID         692        0.620135-0.01895-0.03231
GRID         693        0.620071-0.03361-0.06718
GRID         694        0.640299-0.02341-0.02951
GRID         695        0.640267-0.03827-0.06421
GRID         696        0.640172-0.05313-0.09891
GRID         697        0.660268-0.07289-0.13001
GRID         698        0.660393-0.05785-0.09552
GRID         699        0.660456-0.04282-0.06104
GRID         700        0.680512-0.07762-0.12611
GRID         701        0.680604-0.06244-0.09190
GRID         702        0.700740-0.08219-0.12194
GRID         703        0.4794020.0719250.127091
GRID         704        0.4993800.0689760.129887
GRID         705        0.4994700.0561880.095147
GRID         706        0.5193650.0659700.132599
GRID         707        0.5194880.0528050.097713
GRID         708        0.5195500.0396340.062826
GRID         709        0.5395130.0493890.100234
GRID         710        0.5396070.0358650.065247
GRID         711        0.5396380.0223380.030261
GRID         712        0.5596700.0320880.067662
GRID         713        0.5597330.0182350.032626
GRID         714        0.5597330.004380-0.00240
GRID         715        0.5798330.0141520.035033
GRID         716        0.5798652.05E-172.70E-17
GRID         717        0.579833-0.01415-0.03503
GRID         718        0.600000-0.004330.002500
GRID         719        0.600000-0.01875-0.03247
GRID         720        0.599936-0.03316-0.06745
GRID         721        0.620167-0.02326-0.02977
GRID         722        0.620135-0.03791-0.06463
GRID         723        0.620039-0.05257-0.09950
GRID         724        0.640330-0.04255-0.06162
GRID         725        0.640267-0.05741-0.09631
GRID         726        0.640140-0.07227-0.13101
GRID         727        0.660393-0.07714-0.12736
GRID         728        0.660487-0.06211-0.09288
GRID         729        0.680635-0.08184-0.12343
GRID         730        0.4593150.0703150.126392
GRID         731        0.4792840.0674410.129310
GRID         732        0.4793720.0550600.094761
GRID         733        0.4992600.0645150.132153
GRID         734        0.4993800.0517310.097414
GRID         735        0.4994400.0389420.062674
GRID         736        0.5193960.0483720.100029
GRID         737        0.5194880.0352030.065142
GRID         738        0.5195190.0220310.030254
GRID         739        0.5395440.0314580.067610
GRID         740        0.5396070.0179320.032623
GRID         741        0.5396070.004405-0.00236
GRID         742        0.5597010.0138540.035035
GRID         743        0.5597331.12E-171.49E-17
GRID         744        0.559701-0.01385-0.03503
GRID         745        0.579865-0.004350.002454
GRID         746        0.579865-0.01850-0.03257
GRID         747        0.579801-0.03265-0.06761
GRID         748        0.600032-0.02308-0.02997
GRID         749        0.600000-0.03749-0.06495
GRID         750        0.599904-0.05191-0.09992
GRID         751        0.620199-0.04222-0.06208
GRID         752        0.620135-0.05687-0.09695
GRID         753        0.620007-0.07152-0.13182
GRID         754        0.640362-0.06169-0.09372
GRID         755        0.640267-0.07655-0.12842
GRID         756        0.660519-0.08139-0.12472
GRID         757        0.4392430.0686140.125534
GRID         758        0.4592020.0658100.128563
GRID         759        0.4592870.0538590.094249
GRID         760        0.4791670.0629570.131528
GRID         761        0.4792840.0505810.096982
GRID         762        0.4793430.0381970.062433
GRID         763        0.4992900.0472740.099682
GRID         764        0.4993800.0344870.064943
GRID         765        0.4994100.0216960.030202
GRID         766        0.5194270.0307720.067458
GRID         767        0.5194880.0176010.032571
GRID         768        0.5194880.004428-0.00231
GRID         769        0.5395750.0135270.034986
GRID         770        0.5396071.11E-171.45E-17
GRID         771        0.539575-0.01352-0.03498
GRID         772        0.559733-0.004380.002408
GRID         773        0.559733-0.01823-0.03262
GRID         774        0.559670-0.03208-0.06766
GRID         775        0.579897-0.02286-0.03012
GRID         776        0.579865-0.03701-0.06515
GRID         777        0.579769-0.05116-0.10019
GRID         778        0.600064-0.04183-0.06245
GRID         779        0.600000-0.05624-0.09742
GRID         780        0.599872-0.07066-0.13240
GRID         781        0.620231-0.06118-0.09440
GRID         782        0.620135-0.07583-0.12927
GRID         783        0.640394-0.08083-0.12582
GRID         784        0.4191850.0668260.124524
GRID         785        0.4391330.0640860.127656
GRID         786        0.4392150.0525880.093617
GRID         787        0.4590880.0613040.130733
GRID         788        0.4592020.0493570.096422
GRID         789        0.4592590.0374030.062107
GRID         790        0.4791960.0461010.099202
GRID         791        0.4792840.0337200.064654
GRID         792        0.4793140.0213350.030105
GRID         793        0.4993200.0300330.067212
GRID         794        0.4993800.0172440.032471
GRID         795        0.4993800.004451-0.00226
GRID         796        0.5194570.0131720.034887
GRID         797        0.5194881.05E-171.45E-17
GRID         798        0.519457-0.01317-0.03488
GRID         799        0.539607-0.004400.002362
GRID         800        0.539607-0.01793-0.03262
GRID         801        0.539544-0.03145-0.06761
GRID         802        0.559765-0.02261-0.03021
GRID         803        0.559733-0.03647-0.06525
GRID         804        0.559638-0.05032-0.10029
GRID         805        0.579929-0.04137-0.06270
GRID         806        0.579865-0.05552-0.09773
GRID         807        0.579737-0.06967-0.13277
GRID         808        0.600096-0.06058-0.09492
GRID         809        0.600000-0.07500-0.12990
GRID         810        0.620263-0.08014-0.12672
GRID         811        0.3991410.0649560.123374
GRID         812        0.4190790.0622770.126598
GRID         813        0.4191580.0512520.092872
GRID         814        0.4390230.0595590.129778
GRID         815        0.4391330.0480650.095741
GRID         816        0.4391880.0365630.061701
GRID         817        0.4591160.0448550.098594
GRID         818        0.4592020.0329050.064281
GRID         819        0.4592300.0209490.029965
GRID         820        0.4792260.0292430.066876
GRID         821        0.4792840.0168600.032327
GRID         822        0.4792840.004474-0.00222
GRID         823        0.4993500.0127910.034741
GRID         824        0.4993801.04E-171.44E-17
GRID         825        0.499350-0.01279-0.03474
GRID         826        0.519488-0.004420.002316
GRID         827        0.519488-0.01760-0.03257
GRID         828        0.519427-0.03077-0.06745
GRID         829        0.539638-0.02233-0.03026
GRID         830        0.539607-0.03586-0.06524
GRID         831        0.539513-0.04938-0.10023
GRID         832        0.559796-0.04085-0.06284
GRID         833        0.559733-0.05470-0.09788
GRID         834        0.559606-0.06855-0.13291
GRID         835        0.579961-0.05988-0.09527
GRID         836        0.579865-0.07403-0.13031
GRID         837        0.600128-0.07933-0.12740
GRID         838        0.3791140.0630100.122091
GRID         839        0.3990410.0603870.125399
GRID         840        0.3991160.0498550.092021
GRID         841        0.4189740.0577290.128672
GRID         842        0.4190790.0467080.094948
GRID         843        0.4191320.0356800.061220
GRID         844        0.4390510.0435410.097866
GRID         845        0.4391330.0320430.063827
GRID         846        0.4391610.0205400.029786
GRID         847        0.4591450.0284060.066455
GRID         848        0.4592020.0164520.032140
GRID         849        0.4592020.004496-0.00217
GRID         850        0.4792550.0123850.034549
GRID         851        0.4792841.02E-171.42E-17
GRID         852        0.479255-0.01238-0.03454
GRID         853        0.499380-0.004450.002269
GRID         854        0.499380-0.01724-0.03247
GRID         855        0.499320-0.03003-0.06721
GRID         856        0.519519-0.02203-0.03025
GRID         857        0.519488-0.03520-0.06514
GRID         858        0.519396-0.04837-0.10002
GRID         859        0.539669-0.04027-0.06288
GRID         860        0.539607-0.05379-0.09787
GRID         861        0.539481-0.06731-0.13285
GRID         862        0.559828-0.05909-0.09547
GRID         863        0.559733-0.07294-0.13050
GRID         864        0.579993-0.07839-0.12785
GRID         865        0.3591010.0609940.120685
GRID         866        0.3790190.0584220.124068
GRID         867        0.3790900.0484010.091071
GRID         868        0.3989410.0558180.127424
GRID         869        0.3990410.0452900.094049
GRID         870        0.3990910.0347550.060669
GRID         871        0.4190000.0421630.097025
GRID         872        0.4190790.0311380.063299
GRID         873        0.4191060.0201080.029570
GRID         874        0.4390780.0275230.065954
GRID         875        0.4391330.0160210.031913
GRID         876        0.4391330.004517-0.00212
GRID         877        0.4591730.0119550.034315
GRID         878        0.4592021.04E-171.45E-17
GRID         879        0.459173-0.01195-0.03431
GRID         880        0.479284-0.004470.002222
GRID         881        0.479284-0.01686-0.03232
GRID         882        0.479226-0.02924-0.06687
GRID         883        0.499410-0.02169-0.03020
GRID         884        0.499380-0.03448-0.06494
GRID         885        0.499290-0.04727-0.09968
GRID         886        0.519550-0.03963-0.06282
GRID         887        0.519488-0.05280-0.09771
GRID         888        0.519365-0.06597-0.13259
GRID         889        0.539700-0.05820-0.09550
GRID         890        0.539607-0.07173-0.13049
GRID         891        0.559860-0.07732-0.12809
GRID         892        0.3391040.0589130.119166
GRID         893        0.3590120.0563860.122614
GRID         894        0.3590790.0468940.090029
GRID         895        0.3789230.0538330.126045
GRID         896        0.3790190.0438160.093050
GRID         897        0.3790660.0337920.060052
GRID         898        0.3989660.0407260.096077
GRID         899        0.3990410.0301930.062699
GRID         900        0.3990660.0196560.029318
GRID         901        0.4190270.0265970.065377
GRID         902        0.4190790.0155690.031649
GRID         903        0.4190790.004538-0.00207
GRID         904        0.4391060.0115030.034041
GRID         905        0.4391339.84E-181.42E-17
GRID         906        0.439106-0.01150-0.03404
GRID         907        0.459202-0.004490.002175
GRID         908        0.459202-0.01645-0.03214
GRID         909        0.459145-0.02840-0.06645
GRID         910        0.479314-0.02133-0.03010
GRID         911        0.479284-0.03372-0.06465
GRID         912        0.479196-0.04610-0.09920
GRID         913        0.499440-0.03894-0.06267
GRID         914        0.499380-0.05173-0.09741
GRID         915        0.499260-0.06451-0.13215
GRID         916        0.519580-0.05723-0.09539
GRID         917        0.519488-0.07040-0.13028
GRID         918        0.539732-0.07614-0.12813
GRID         919        0.3191210.0567710.117542
GRID         920        0.3390830.0453370.088901
GRID         921        0.3390200.0542860.121046
GRID         922        0.3589220.0517780.124542
GRID         923        0.3590120.0422900.091960
GRID         924        0.3590570.0327940.059373
GRID         925        0.3789470.0392320.095030
GRID         926        0.3790190.0292110.062033
GRID         927        0.3790420.0191850.029033
GRID         928        0.3989910.0256320.064729
GRID         929        0.3990410.0150960.031349
GRID         930        0.3990410.004559-0.00203
GRID         931        0.4190530.0110300.033728
GRID         932        0.4190799.64E-181.41E-17
GRID         933        0.419053-0.01103-0.03372
GRID         934        0.439133-0.004510.002127
GRID         935        0.439133-0.01602-0.03191
GRID         936        0.439078-0.02752-0.06595
GRID         937        0.459230-0.02094-0.02996
GRID         938        0.459202-0.03290-0.06428
GRID         939        0.459116-0.04485-0.09859
GRID         940        0.479343-0.03819-0.06243
GRID         941        0.479284-0.05058-0.09698
GRID         942        0.479167-0.06295-0.13152
GRID         943        0.499470-0.05618-0.09514
GRID         944        0.499380-0.06897-0.12988
GRID         945        0.519611-0.07484-0.12797
GRID         946        0.2991520.0545750.115822
GRID         947        0.3191010.0437360.087695
GRID         948        0.3190430.0521260.119373
GRID         949        0.3390620.0317630.058638
GRID         950        0.3390200.0407140.090784
GRID         951        0.3389360.0496590.122925
GRID         952        0.3589440.0376850.093891
GRID         953        0.3590120.0281930.061306
GRID         954        0.3590340.0186960.028718
GRID         955        0.3789710.0246290.064015
GRID         956        0.3790190.0146050.031016
GRID         957        0.3790190.004579-0.00198
GRID         958        0.3990160.0105370.033381
GRID         959        0.3990418.99E-181.40E-17
GRID         960        0.399016-0.01053-0.03338
GRID         961        0.419079-0.004530.002079
GRID         962        0.419079-0.01556-0.03164
GRID         963        0.419027-0.02659-0.06537
GRID         964        0.439161-0.02054-0.02978
GRID         965        0.439133-0.03204-0.06382
GRID         966        0.439051-0.04354-0.09786
GRID         967        0.459259-0.03740-0.06210
GRID         968        0.459202-0.04935-0.09642
GRID         969        0.459088-0.06130-0.13073
GRID         970        0.479372-0.05506-0.09476
GRID         971        0.479284-0.06744-0.12931
GRID         972        0.499500-0.07343-0.12762
GRID         973        0.2791960.0523290.114015
GRID         974        0.2991340.0420940.086418
GRID         975        0.2990800.0499120.117604
GRID         976        0.3190820.0307020.057850
GRID         977        0.3190430.0390940.089529
GRID         978        0.3189650.0474810.121203
GRID         979        0.3390410.0181900.028375
GRID         980        0.3390200.0271430.060522
GRID         981        0.3389570.0360910.092666
GRID         982        0.3589670.0235920.063239
GRID         983        0.3590120.0140960.030653
GRID         984        0.3590120.004598-0.00193
GRID         985        0.3789950.0100250.032999
GRID         986        0.3790199.19E-181.39E-17
GRID         987        0.378995-0.01002-0.03299
GRID         988        0.399041-0.004550.002031
GRID         989        0.399041-0.01509-0.03134
GRID         990        0.398991-0.02563-0.06472
GRID         991        0.419106-0.02010-0.02957
GRID         992        0.419079-0.03113-0.06329
GRID         993        0.419000-0.04216-0.09702
GRID         994        0.439188-0.03656-0.06170
GRID         995        0.439133-0.04806-0.09574
GRID         996        0.439023-0.05955-0.12977
GRID         997        0.459287-0.05385-0.09424
GRID         998        0.459202-0.06581-0.12856
GRID         999        0.479402-0.07192-0.12709
GRID        1000        0.2592520.0500390.112131
GRID        1001        0.2791800.0404140.085075
GRID        1002        0.2791310.0476480.115749
GRID        1003        0.2991160.0296130.057015
GRID        1004        0.2990800.0374340.088202
GRID        1005        0.2990090.0452480.119386
GRID        1006        0.3190620.0176690.028006
GRID        1007        0.3190430.0260630.059686
GRID        1008        0.3189850.0344530.091363
GRID        1009        0.3390200.004618-0.00188
GRID        1010        0.3390200.0135710.030261
GRID        1011        0.3389780.0225220.062407
GRID        1012        0.3589890.0094970.032587
GRID        1013        0.3590128.52E-181.38E-17
GRID        1014        0.358989-0.00949-0.03258
GRID        1015        0.379019-0.004570.001983
GRID        1016        0.379019-0.01460-0.03101
GRID        1017        0.378971-0.02462-0.06401
GRID        1018        0.399066-0.01965-0.02931
GRID        1019        0.399041-0.03019-0.06269
GRID        1020        0.398966-0.04072-0.09607
GRID        1021        0.419132-0.03568-0.06122
GRID        1022        0.419079-0.04670-0.09494
GRID        1023        0.418974-0.05772-0.12867
GRID        1024        0.439215-0.05258-0.09361
GRID        1025        0.439133-0.06408-0.12765
GRID        1026        0.459315-0.07031-0.12639
GRID        1027        0.2393200.0477090.110177
GRID        1028        0.2592380.0387010.083674
GRID        1029        0.2591940.0453400.113815
GRID        1030        0.2791630.0284990.056136
GRID        1031        0.2791310.0357360.086811
GRID        1032        0.2790660.0429670.117482
GRID        1033        0.2990980.0171340.027612
GRID        1034        0.2990800.0249560.058801
GRID        1035        0.2990260.0327740.089987
GRID        1036        0.3190430.004636-0.00183
GRID        1037        0.3190430.0130310.029843
GRID        1038        0.3190040.0214240.061522
GRID        1039        0.338999-0.00895-0.03214
GRID        1040        0.3390208.28E-181.37E-17
GRID        1041        0.3389990.0089520.032147
GRID        1042        0.359012-0.004590.001934
GRID        1043        0.359012-0.01409-0.03065
GRID        1044        0.358967-0.02359-0.06323
GRID        1045        0.379042-0.01918-0.02903
GRID        1046        0.379019-0.02921-0.06203
GRID        1047        0.378947-0.03923-0.09503
GRID        1048        0.399091-0.03475-0.06066
GRID        1049        0.399041-0.04529-0.09404
GRID        1050        0.398941-0.05581-0.12742
GRID        1051        0.419158-0.05125-0.09287
GRID        1052        0.419079-0.06227-0.12659
GRID        1053        0.439243-0.06861-0.12553
GRID        1054        0.2193980.0453440.108163
GRID        1055        0.2393070.0369580.082221
GRID        1056        0.2392690.0429930.111813
GRID        1057        0.2592230.0273630.055218
GRID        1058        0.2591940.0340050.085361
GRID        1059        0.2591360.0406420.115500
GRID        1060        0.2791470.0165860.027198
GRID        1061        0.2791310.0238240.057874
GRID        1062        0.2790820.0310580.088547
GRID        1063        0.2990800.004655-0.00178
GRID        1064        0.2990800.0124780.029400
GRID        1065        0.2990440.0202980.060588
GRID        1066        0.319023-0.00839-0.03168
GRID        1067        0.3190438.90E-181.36E-17
GRID        1068        0.3190230.0083940.031680
GRID        1069        0.338978-0.02252-0.06240
GRID        1070        0.339020-0.01357-0.03026
GRID        1071        0.339020-0.004610.001886
GRID        1072        0.359034-0.01869-0.02871
GRID        1073        0.359012-0.02819-0.06130
GRID        1074        0.358944-0.03768-0.09389
GRID        1075        0.379066-0.03379-0.06005
GRID        1076        0.379019-0.04381-0.09305
GRID        1077        0.378923-0.05383-0.12604
GRID        1078        0.399116-0.04985-0.09202
GRID        1079        0.399041-0.06038-0.12539
GRID        1080        0.419185-0.06682-0.12452
GRID        1081        0.1994840.0429500.106098
GRID        1082        0.2193540.0406120.109750
GRID        1083        0.2193870.0351890.080723
GRID        1084        0.2392950.0262070.054266
GRID        1085        0.2392690.0322450.083859
GRID        1086        0.2392170.0382780.113448
GRID        1087        0.2592090.0160270.026763
GRID        1088        0.2591940.0226700.056907
GRID        1089        0.2591510.0293090.087048
GRID        1090        0.2791310.004673-0.00173
GRID        1091        0.2791310.0119120.028937
GRID        1092        0.2790980.0191480.059612
GRID        1093        0.299062-0.00782-0.03118
GRID        1094        0.2990803.01E-181.63E-18
GRID        1095        0.2990620.0078220.031189
GRID        1096        0.319004-0.02142-0.06152
GRID        1097        0.319043-0.01303-0.02984
GRID        1098        0.319043-0.004630.001837
GRID        1099        0.338957-0.03609-0.09266
GRID        1100        0.339020-0.02714-0.06052
GRID        1101        0.339041-0.01819-0.02837
GRID        1102        0.359057-0.03279-0.05937
GRID        1103        0.359012-0.04229-0.09196
GRID        1104        0.358922-0.05177-0.12454
GRID        1105        0.379090-0.04840-0.09107
GRID        1106        0.379019-0.05842-0.12406
GRID        1107        0.399141-0.06495-0.12337
GRID        1108        0.1795780.0405320.103989
GRID        1109        0.1994470.0382010.107636
GRID        1110        0.1994750.0333980.079186
GRID        1111        0.2193090.0358800.111337
GRID        1112        0.2193540.0304590.082312
GRID        1113        0.2193760.0250340.053284
GRID        1114        0.2392820.0154580.026312
GRID        1115        0.2392690.0214960.055906
GRID        1116        0.2392300.0275320.085497
GRID        1117        0.2591940.004691-0.00169
GRID        1118        0.2591940.0113350.028453
GRID        1119        0.2591650.0179760.058596
GRID        1120        0.279115-0.00723-0.03067
GRID        1121        0.2791317.95E-181.34E-17
GRID        1122        0.2791150.0072370.030676
GRID        1123        0.299044-0.02029-0.06058
GRID        1124        0.299080-0.01247-0.02940
GRID        1125        0.299080-0.004650.001788
GRID        1126        0.318985-0.03445-0.09136
GRID        1127        0.319043-0.02606-0.05968
GRID        1128        0.319062-0.01766-0.02800
GRID        1129        0.338936-0.04965-0.12292
GRID        1130        0.339020-0.04071-0.09078
GRID        1131        0.339062-0.03176-0.05863
GRID        1132        0.359079-0.04689-0.09002
GRID        1133        0.359012-0.05638-0.12261
GRID        1134        0.379114-0.06301-0.12209
GRID        1135        0.1596780.0380940.101846
GRID        1136        0.1795490.0357660.105478
GRID        1137        0.1795710.0315880.077618
GRID        1138        0.1994100.0334520.109174
GRID        1139        0.1994470.0286510.080726
GRID        1140        0.1994660.0238460.052276
GRID        1141        0.2193200.0257290.083901
GRID        1142        0.2193540.0203060.054875
GRID        1143        0.2193650.0148800.025846
GRID        1144        0.2392690.004709-0.00164
GRID        1145        0.2392690.0107480.027953
GRID        1146        0.2392430.0167850.057545
GRID        1147        0.259180-0.00664-0.03014
GRID        1148        0.2591946.81E-181.31E-17
GRID        1149        0.2591800.0066430.030143
GRID        1150        0.279098-0.01914-0.05961
GRID        1151        0.279131-0.01191-0.02893
GRID        1152        0.279131-0.004670.001739
GRID        1153        0.299026-0.03277-0.08998
GRID        1154        0.299080-0.02495-0.05880
GRID        1155        0.299098-0.01713-0.02761
GRID        1156        0.318965-0.04748-0.12120
GRID        1157        0.319043-0.03909-0.08952
GRID        1158        0.319082-0.03070-0.05785
GRID        1159        0.339020-0.05428-0.12104
GRID        1160        0.339083-0.04533-0.08890
GRID        1161        0.359101-0.06099-0.12068
GRID        1162        0.1397830.0356410.099678
GRID        1163        0.1596560.0333120.103287
GRID        1164        0.1596730.0297640.076023
GRID        1165        0.1795190.0310010.106968
GRID        1166        0.1795490.0268250.079108
GRID        1167        0.1795630.0226460.051247
GRID        1168        0.1994190.0239040.082266
GRID        1169        0.1994470.0191000.053817
GRID        1170        0.1994560.0142950.025367
GRID        1171        0.2193310.0155770.056465
GRID        1172        0.2193540.0101530.027437
GRID        1173        0.2193540.004727-0.00159
GRID        1174        0.239256-0.00603-0.02959
GRID        1175        0.2392696.97E-181.29E-17
GRID        1176        0.2392560.0060380.029593
GRID        1177        0.259165-0.01797-0.05859
GRID        1178        0.259194-0.01133-0.02845
GRID        1179        0.259194-0.004690.001690
GRID        1180        0.279082-0.03105-0.08854
GRID        1181        0.279131-0.02382-0.05787
GRID        1182        0.279147-0.01658-0.02719
GRID        1183        0.299009-0.04524-0.11938
GRID        1184        0.299080-0.03743-0.08820
GRID        1185        0.299116-0.02961-0.05701
GRID        1186        0.319043-0.05212-0.11937
GRID        1187        0.319101-0.04373-0.08769
GRID        1188        0.339104-0.05891-0.11916
GRID        1189        0.1198910.0331780.097492
GRID        1190        0.1397680.0308430.101070
GRID        1191        0.1397790.0279290.074409
GRID        1192        0.1596340.0285310.104727
GRID        1193        0.1596560.0249840.077465
GRID        1194        0.1596670.0214350.050201
GRID        1195        0.1795260.0220610.080599
GRID        1196        0.1795490.0178830.052739
GRID        1197        0.1795560.0137030.024877
GRID        1198        0.1994290.0143550.055358
GRID        1199        0.1994470.0095500.026908
GRID        1200        0.1994470.004744-0.00154
GRID        1201        0.2193420.0054250.029028
GRID        1202        0.2193546.70E-181.24E-17
GRID        1203        0.219342-0.00542-0.02902
GRID        1204        0.239243-0.01678-0.05754
GRID        1205        0.239269-0.01074-0.02795
GRID        1206        0.239269-0.004700.001640
GRID        1207        0.259151-0.02930-0.08704
GRID        1208        0.259194-0.02267-0.05690
GRID        1209        0.259209-0.01602-0.02676
GRID        1210        0.279066-0.04296-0.11748
GRID        1211        0.279131-0.03573-0.08681
GRID        1212        0.279163-0.02849-0.05613
GRID        1213        0.299080-0.04991-0.11760
GRID        1214        0.299134-0.04209-0.08641
GRID        1215        0.319121-0.05677-0.11754
GRID        1216        0.1000000.0307110.095298
GRID        1217        0.1198830.0283650.098835
GRID        1218        0.1198890.0260870.072783
GRID        1219        0.1397530.0260460.102461
GRID        1220        0.1397680.0231320.075802
GRID        1221        0.1397760.0202180.049141
GRID        1222        0.1596390.0202040.078906
GRID        1223        0.1596560.0166560.051643
GRID        1224        0.1596620.0131070.024378
GRID        1225        0.1795340.0131200.054230
GRID        1226        0.1795490.0089410.026369
GRID        1227        0.1795490.004761-0.00149
GRID        1228        0.1994380.0048050.028450
GRID        1229        0.1994476.85E-181.21E-17
GRID        1230        0.199438-0.00480-0.02845
GRID        1231        0.219354-0.004720.001591
GRID        1232        0.219354-0.01015-0.02743
GRID        1233        0.219331-0.01557-0.05646
GRID        1234        0.239230-0.02753-0.08549
GRID        1235        0.239269-0.02149-0.05590
GRID        1236        0.239282-0.01545-0.02631
GRID        1237        0.259136-0.04064-0.11550
GRID        1238        0.259194-0.03400-0.08536
GRID        1239        0.259223-0.02736-0.05521
GRID        1240        0.279131-0.04764-0.11574
GRID        1241        0.279180-0.04041-0.08507
GRID        1242        0.299152-0.05457-0.11582
GRID        1243        0.1000000.0258810.096592
GRID        1244        0.1000000.0242410.071150
GRID        1245        0.1198760.0235510.100178
GRID        1246        0.1198830.0212740.074126
GRID        1247        0.1198870.0189950.048074
GRID        1248        0.1397570.0183360.077194
GRID        1249        0.1397680.0154210.050534
GRID        1250        0.1397720.0125060.023874
GRID        1251        0.1596450.0118760.053085
GRID        1252        0.1596560.0083280.025821
GRID        1253        0.1596560.004778-0.00144
GRID        1254        0.1795410.0041790.027862
GRID        1255        0.1795496.13E-181.20E-17
GRID        1256        0.179541-0.00417-0.02786
GRID        1257        0.199447-0.004740.001542
GRID        1258        0.199447-0.00955-0.02690
GRID        1259        0.199429-0.01435-0.05535
GRID        1260        0.219365-0.01488-0.02584
GRID        1261        0.219354-0.02030-0.05487
GRID        1262        0.219320-0.02572-0.08390
GRID        1263        0.239217-0.03827-0.11344
GRID        1264        0.239269-0.03224-0.08385
GRID        1265        0.239295-0.02620-0.05426
GRID        1266        0.259194-0.04534-0.11381
GRID        1267        0.259238-0.03870-0.08367
GRID        1268        0.279196-0.05232-0.11401
GRID        1269        0.1000000.0210520.097886
GRID        1270        0.1000000.0194110.072444
GRID        1271        0.1000000.0177700.047002
GRID        1272        0.1198780.0164600.075469
GRID        1273        0.1198830.0141820.049417
GRID        1274        0.1198850.0119040.023365
GRID        1275        0.1397610.0106250.051927
GRID        1276        0.1397680.0077100.025267
GRID        1277        0.1397680.004795-0.00139
GRID        1278        0.1596500.0035490.027264
GRID        1279        0.1596566.28E-181.17E-17
GRID        1280        0.159650-0.00354-0.02726
GRID        1281        0.179549-0.004760.001492
GRID        1282        0.179549-0.00894-0.02636
GRID        1283        0.179534-0.01312-0.05423
GRID        1284        0.199456-0.01429-0.02536
GRID        1285        0.199447-0.01910-0.05381
GRID        1286        0.199419-0.02390-0.08226
GRID        1287        0.219376-0.02503-0.05328
GRID        1288        0.219354-0.03045-0.08231
GRID        1289        0.219309-0.03588-0.11133
GRID        1290        0.239269-0.04299-0.11181
GRID        1291        0.239307-0.03695-0.08222
GRID        1292        0.259252-0.05003-0.11213
GRID        1293        0.1000000.0145810.073738
GRID        1294        0.1000000.0129410.048296
GRID        1295        0.1000000.0113000.022854
GRID        1296        0.1198800.0093690.050761
GRID        1297        0.1198830.0070910.024708
GRID        1298        0.1198830.004812-0.00134
GRID        1299        0.1397640.0029150.026660
GRID        1300        0.1397685.56E-181.14E-17
GRID        1301        0.139764-0.00291-0.02666
GRID        1302        0.159656-0.004770.001442
GRID        1303        0.159656-0.00832-0.02582
GRID        1304        0.159645-0.01187-0.05308
GRID        1305        0.179556-0.01370-0.02487
GRID        1306        0.179549-0.01788-0.05273
GRID        1307        0.179526-0.02206-0.08059
GRID        1308        0.199466-0.02384-0.05227
GRID        1309        0.199447-0.02865-0.08072
GRID        1310        0.199410-0.03345-0.10917
GRID        1311        0.219387-0.03518-0.08072
GRID        1312        0.219354-0.04061-0.10975
GRID        1313        0.239320-0.04770-0.11017
GRID        1314        0.1000000.0081110.049590
GRID        1315        0.1000000.0064700.024148
GRID        1316        0.1000000.004829-0.00129
GRID        1317        0.1198810.0022780.026052
GRID        1318        0.1198835.70E-181.10E-17
GRID        1319        0.119881-0.00227-0.02605
GRID        1320        0.139768-0.004790.001393
GRID        1321        0.139768-0.00771-0.02526
GRID        1322        0.139761-0.01062-0.05192
GRID        1323        0.159662-0.01310-0.02437
GRID        1324        0.159656-0.01665-0.05164
GRID        1325        0.159639-0.02020-0.07890
GRID        1326        0.179563-0.02264-0.05124
GRID        1327        0.179549-0.02682-0.07910
GRID        1328        0.179519-0.03100-0.10696
GRID        1329        0.199475-0.03339-0.07918
GRID        1330        0.199447-0.03820-0.10763
GRID        1331        0.219398-0.04534-0.10816
GRID        1332        0.1000000.0016400.025442
GRID        1333        0.1000001.52E-171.52E-17
GRID        1334        0.100000-0.00164-0.02544
GRID        1335        0.119883-0.004810.001343
GRID        1336        0.119883-0.00709-0.02470
GRID        1337        0.119880-0.00936-0.05076
GRID        1338        0.139772-0.01250-0.02387
GRID        1339        0.139768-0.01542-0.05053
GRID        1340        0.139757-0.01833-0.07719
GRID        1341        0.159667-0.02143-0.05020
GRID        1342        0.159656-0.02498-0.07746
GRID        1343        0.159634-0.02853-0.10472
GRID        1344        0.179571-0.03158-0.07761
GRID        1345        0.179549-0.03576-0.10547
GRID        1346        0.199484-0.04295-0.10609
GRID        1347        0.100000-0.004820.001294
GRID        1348        0.100000-0.00647-0.02414
GRID        1349        0.100000-0.00811-0.04959
GRID        1350        0.119885-0.01190-0.02336
GRID        1351        0.119883-0.01418-0.04941
GRID        1352        0.119878-0.01646-0.07546
GRID        1353        0.139776-0.02021-0.04914
GRID        1354        0.139768-0.02313-0.07580
GRID        1355        0.139753-0.02604-0.10246
GRID        1356        0.159673-0.02976-0.07602
GRID        1357        0.159656-0.03331-0.10328
GRID        1358        0.179578-0.04053-0.10398
GRID        1359        0.100000-0.01130-0.02285
GRID        1360        0.100000-0.01294-0.04829
GRID        1361        0.100000-0.01458-0.07373
GRID        1362        0.119887-0.01899-0.04807
GRID        1363        0.119883-0.02127-0.07412
GRID        1364        0.119876-0.02355-0.10017
GRID        1365        0.139779-0.02792-0.07440
GRID        1366        0.139768-0.03084-0.10107
GRID        1367        0.159678-0.03809-0.10184
GRID        1368        0.100000-0.01777-0.04700
GRID        1369        0.100000-0.01941-0.07244
GRID        1370        0.100000-0.02105-0.09788
GRID        1371        0.119889-0.02608-0.07278
GRID        1372        0.119883-0.02836-0.09883
GRID        1373        0.139783-0.03564-0.09967
GRID        1374        0.100000-0.02424-0.07115
GRID        1375        0.100000-0.02588-0.09659
GRID        1376        0.119891-0.03317-0.09749
GRID        1377        0.100000-0.03071-0.09529
GRID        1378         1.09006-0.07461-0.06883
GRID        1379         1.07019-0.07534-0.07213
GRID        1380         1.05031-0.07607-0.07543
GRID        1381         1.03042-0.07678-0.07870
GRID        1382         1.01054-0.07748-0.08194
GRID        1383        0.990641-0.07815-0.08515
GRID        1384        0.970738-0.07879-0.08831
GRID        1385        0.950825-0.07941-0.09141
GRID        1386        0.930901-0.07998-0.09445
GRID        1387        0.910964-0.08051-0.09742
GRID        1388        0.891015-0.08100-0.10031
GRID        1389        0.871051-0.08143-0.10310
GRID        1390        0.851073-0.08180-0.10580
GRID        1391        0.831079-0.08211-0.10839
GRID        1392        0.811070-0.08235-0.11086
GRID        1393        0.791045-0.08251-0.11320
GRID        1394        0.771003-0.08260-0.11541
GRID        1395        0.750946-0.08260-0.11748
GRID        1396        0.730874-0.08250-0.11939
GRID        1397        0.710788-0.08232-0.12113
GRID        1398        0.690689-0.08203-0.12271
GRID        1399        0.670578-0.08163-0.12410
GRID        1400        0.650457-0.08113-0.12530
GRID        1401        0.630329-0.08050-0.12630
GRID        1402        0.610196-0.07975-0.12708
GRID        1403        0.590060-0.07888-0.12765
GRID        1404        0.569926-0.07787-0.12800
GRID        1405        0.549795-0.07675-0.12814
GRID        1406        0.529670-0.07550-0.12807
GRID        1407        0.509554-0.07415-0.12781
GRID        1408        0.489449-0.07269-0.12737
GRID        1409        0.469357-0.07113-0.12676
GRID        1410        0.449277-0.06947-0.12598
GRID        1411        0.429212-0.06773-0.12504
GRID        1412        0.409161-0.06590-0.12396
GRID        1413        0.389126-0.06399-0.12274
GRID        1414        0.369106-0.06201-0.12140
GRID        1415        0.349101-0.05996-0.11993
GRID        1416        0.329111-0.05784-0.11836
GRID        1417        0.309134-0.05568-0.11669
GRID        1418        0.289172-0.05345-0.11492
GRID        1419        0.269223-0.05118-0.11308
GRID        1420        0.249285-0.04887-0.11116
GRID        1421        0.229358-0.04653-0.10917
GRID        1422        0.209440-0.04415-0.10713
GRID        1423        0.189530-0.04174-0.10504
GRID        1424        0.169628-0.03931-0.10292
GRID        1425        0.149730-0.03686-0.10076
GRID        1426        0.129837-0.03441-0.09858
GRID        1427        0.109945-0.03194-0.09639
GRID        1428         1.09005-0.06750-0.07586
GRID        1429         1.07016-0.06817-0.07909
GRID        1430         1.05027-0.06883-0.08231
GRID        1431         1.03037-0.06947-0.08550
GRID        1432         1.01047-0.07010-0.08867
GRID        1433        0.990560-0.07070-0.09180
GRID        1434        0.970642-0.07128-0.09488
GRID        1435        0.950715-0.07182-0.09791
GRID        1436        0.930777-0.07233-0.10087
GRID        1437        0.910828-0.07280-0.10376
GRID        1438        0.890866-0.07321-0.10656
GRID        1439        0.870889-0.07358-0.10928
GRID        1440        0.850899-0.07388-0.11189
GRID        1441        0.830894-0.07413-0.11440
GRID        1442        0.810874-0.07430-0.11679
GRID        1443        0.790839-0.07440-0.11905
GRID        1444        0.770788-0.07442-0.12118
GRID        1445        0.750723-0.07436-0.12315
GRID        1446        0.730643-0.07421-0.12498
GRID        1447        0.710551-0.07396-0.12664
GRID        1448        0.690446-0.07361-0.12812
GRID        1449        0.670330-0.07316-0.12943
GRID        1450        0.650205-0.07259-0.13053
GRID        1451        0.630074-0.07191-0.13144
GRID        1452        0.609940-0.07111-0.13214
GRID        1453        0.589804-0.07018-0.13261
GRID        1454        0.569671-0.06912-0.13287
GRID        1455        0.549543-0.06795-0.13291
GRID        1456        0.529422-0.06665-0.13275
GRID        1457        0.509311-0.06525-0.13239
GRID        1458        0.489212-0.06374-0.13186
GRID        1459        0.469126-0.06214-0.13115
GRID        1460        0.449054-0.06044-0.13027
GRID        1461        0.428997-0.05865-0.12924
GRID        1462        0.408955-0.05678-0.12806
GRID        1463        0.388930-0.05483-0.12675
GRID        1464        0.368921-0.05281-0.12530
GRID        1465        0.348927-0.05072-0.12374
GRID        1466        0.328949-0.04857-0.12207
GRID        1467        0.308985-0.04637-0.12030
GRID        1468        0.289036-0.04411-0.11844
GRID        1469        0.269099-0.04180-0.11650
GRID        1470        0.249175-0.03946-0.11448
GRID        1471        0.229262-0.03708-0.11240
GRID        1472        0.209359-0.03466-0.11026
GRID        1473        0.189464-0.03223-0.10807
GRID        1474        0.169575-0.02976-0.10585
GRID        1475        0.149693-0.02729-0.10359
GRID        1476        0.129814-0.02479-0.10132
GRID        1477        0.109938-0.02230-0.09903
GRID        1478         1.090050.0675080.075863
GRID        1479         1.070160.0681730.079094
GRID        1480         1.050270.0688300.082312
GRID        1481         1.030370.0694750.085508
GRID        1482         1.010470.0701020.088675
GRID        1483        0.9905600.0707070.091804
GRID        1484        0.9706420.0712840.094885
GRID        1485        0.9507150.0718290.097911
GRID        1486        0.9307770.0723370.100873
GRID        1487        0.9108280.0728010.103761
GRID        1488        0.8908660.0732190.106567
GRID        1489        0.8708890.0735830.109283
GRID        1490        0.8508990.0738890.111898
GRID        1491        0.8308940.0741320.114405
GRID        1492        0.8108740.0743060.116794
GRID        1493        0.7908390.0744070.119055
GRID        1494        0.7707880.0744280.121180
GRID        1495        0.7507230.0743650.123159
GRID        1496        0.7306430.0742120.124983
GRID        1497        0.7105510.0739650.126643
GRID        1498        0.6904460.0736160.128128
GRID        1499        0.6703300.0731620.129430
GRID        1500        0.6502050.0725970.130539
GRID        1501        0.6300740.0719150.131446
GRID        1502        0.6099400.0711120.132142
GRID        1503        0.5898040.0701830.132616
GRID        1504        0.5696710.0691270.132870
GRID        1505        0.5495430.0679500.132913
GRID        1506        0.5294220.0666580.132752
GRID        1507        0.5093110.0652550.132399
GRID        1508        0.4892120.0637480.131862
GRID        1509        0.4691260.0621420.131151
GRID        1510        0.4490540.0604420.130275
GRID        1511        0.4289970.0586540.129243
GRID        1512        0.4089550.0567830.128065
GRID        1513        0.3889300.0548350.126750
GRID        1514        0.3689210.0528140.125308
GRID        1515        0.3489270.0507260.123747
GRID        1516        0.3289490.0485770.122077
GRID        1517        0.3089850.0463710.120306
GRID        1518        0.2890360.0441130.118444
GRID        1519        0.2690990.0418090.116500
GRID        1520        0.2491750.0394640.114482
GRID        1521        0.2292620.0370820.112400
GRID        1522        0.2093590.0346690.110261
GRID        1523        0.1894640.0322300.108076
GRID        1524        0.1695750.0297680.105851
GRID        1525        0.1496930.0272900.103597
GRID        1526        0.1298140.0247990.101321
GRID        1527        0.1099380.0223020.099033
GRID        1528         1.090060.0746140.068830
GRID        1529         1.070190.0753470.072138
GRID        1530         1.050310.0760720.075432
GRID        1531         1.030420.0767850.078705
GRID        1532         1.010540.0774810.081949
GRID        1533        0.9906410.0781540.085155
GRID        1534        0.9707380.0787990.088314
GRID        1535        0.9508250.0794120.091418
GRID        1536        0.9309010.0799860.094458
GRID        1537        0.9109640.0805180.097425
GRID        1538        0.8910150.0810020.100312
GRID        1539        0.8710510.0814320.103107
GRID        1540        0.8510730.0818040.105804
GRID        1541        0.8310790.0821120.108393
GRID        1542        0.8110700.0823510.110864
GRID        1543        0.7910450.0825160.113209
GRID        1544        0.7710030.0826000.115418
GRID        1545        0.7509460.0826000.117482
GRID        1546        0.7308740.0825090.119393
GRID        1547        0.7107880.0823210.121139
GRID        1548        0.6906890.0820330.122713
GRID        1549        0.6705780.0816370.124104
GRID        1550        0.6504570.0811300.125303
GRID        1551        0.6303290.0805050.126301
GRID        1552        0.6101960.0797570.127088
GRID        1553        0.5900600.0788810.127656
GRID        1554        0.5699260.0778780.128004
GRID        1555        0.5497950.0767510.128141
GRID        1556        0.5296700.0755080.128076
GRID        1557        0.5095540.0741540.127818
GRID        1558        0.4894490.0726930.127377
GRID        1559        0.4693570.0711320.126762
GRID        1560        0.4492770.0694760.125982
GRID        1561        0.4292120.0677300.125047
GRID        1562        0.4091610.0659010.123966
GRID        1563        0.3891260.0639920.122748
GRID        1564        0.3691060.0620110.121403
GRID        1565        0.3491010.0599620.119939
GRID        1566        0.3291110.0578490.118366
GRID        1567        0.3091340.0556800.116693
GRID        1568        0.2891720.0534580.114929
GRID        1569        0.2692230.0511890.113082
GRID        1570        0.2492850.0488780.111162
GRID        1571        0.2293580.0465300.109177
GRID        1572        0.2094400.0441510.107136
GRID        1573        0.1895300.0417440.105048
GRID        1574        0.1696280.0393150.102922
GRID        1575        0.1497300.0368690.100765
GRID        1576        0.1298370.0344110.098586
GRID        1577        0.1099450.0319450.096396
GRID        1578        0.100000-0.02346-0.09723
GRID        1579        0.100000-0.02829-0.09594
GRID        1580        0.1000000.0178170.085812
GRID        1581        0.1000000.0113460.061664
GRID        1582        0.1000000.0048760.037516
GRID        1583        0.100000-0.001590.013368
GRID        1584        0.100000-0.00806-0.01078
GRID        1585        0.100000-0.01453-0.03492
GRID        1586        0.100000-0.02100-0.05907
GRID        1587        0.100000-0.02747-0.08322
GRID        1588        0.1000000.0274760.083224
GRID        1589        0.1000000.0210050.059076
GRID        1590        0.1000000.0145350.034928
GRID        1591        0.1000000.0080640.010780
GRID        1592        0.1000000.001594-0.01336
GRID        1593        0.100000-0.00487-0.03751
GRID        1594        0.100000-0.01134-0.06166
GRID        1595        0.100000-0.01781-0.08581
GRID        1596        0.1000000.0282960.095945
GRID        1597        0.1000000.0234670.097239
GRID        1598         1.10000-0.06894-0.07247
GRID        1599         1.10000-0.07247-0.06894
GRID        1600         1.100000.0583360.065407
GRID        1601         1.100000.0406580.047729
GRID        1602         1.100000.0229810.030052
GRID        1603         1.100000.0053030.012374
GRID        1604         1.10000-0.01237-0.00530
GRID        1605         1.10000-0.03005-0.02298
GRID        1606         1.10000-0.04772-0.04065
GRID        1607         1.10000-0.06540-0.05833
GRID        1608         1.100000.0654070.058336
GRID        1609         1.100000.0477290.040658
GRID        1610         1.100000.0300520.022981
GRID        1611         1.100000.0123740.005303
GRID        1612         1.10000-0.00530-0.01237
GRID        1613         1.10000-0.02298-0.03005
GRID        1614         1.10000-0.04065-0.04772
GRID        1615         1.10000-0.05833-0.06540
GRID        1616         1.100000.0724780.068942
GRID        1617         1.100000.0689420.072478
GRID        1618         1.08011-0.06962-0.07573
GRID        1619         1.09006-0.07106-0.07234
GRID        1620         1.06022-0.07030-0.07897
GRID        1621         1.07017-0.07176-0.07561
GRID        1622         1.08012-0.07319-0.07223
GRID        1623         1.04033-0.07097-0.08220
GRID        1624         1.05029-0.07245-0.07887
GRID        1625         1.06024-0.07390-0.07551
GRID        1626         1.02044-0.07162-0.08540
GRID        1627         1.03040-0.07313-0.08210
GRID        1628         1.04036-0.07461-0.07878
GRID        1629         1.00053-0.07226-0.08857
GRID        1630         1.01050-0.07379-0.08531
GRID        1631         1.02047-0.07529-0.08202
GRID        1632        0.980624-0.07286-0.09169
GRID        1633        0.990600-0.07443-0.08847
GRID        1634         1.00057-0.07596-0.08522
GRID        1635        0.960705-0.07344-0.09477
GRID        1636        0.970689-0.07504-0.09160
GRID        1637        0.980669-0.07661-0.08839
GRID        1638        0.950768-0.07562-0.09466
GRID        1639        0.940777-0.07399-0.09778
GRID        1640        0.960757-0.07722-0.09150
GRID        1641        0.930837-0.07616-0.09766
GRID        1642        0.920837-0.07449-0.10073
GRID        1643        0.940835-0.07780-0.09456
GRID        1644        0.910894-0.07666-0.10059
GRID        1645        0.900884-0.07495-0.10360
GRID        1646        0.920902-0.07833-0.09754
GRID        1647        0.890938-0.07711-0.10344
GRID        1648        0.880918-0.07536-0.10638
GRID        1649        0.900956-0.07882-0.10045
GRID        1650        0.870969-0.07750-0.10619
GRID        1651        0.860938-0.07571-0.10907
GRID        1652        0.880996-0.07927-0.10327
GRID        1653        0.850984-0.07784-0.10885
GRID        1654        0.840943-0.07600-0.11165
GRID        1655        0.861022-0.07965-0.10600
GRID        1656        0.830985-0.07812-0.11139
GRID        1657        0.820934-0.07623-0.11412
GRID        1658        0.841033-0.07998-0.10862
GRID        1659        0.810970-0.07832-0.11382
GRID        1660        0.800909-0.07638-0.11646
GRID        1661        0.821029-0.08023-0.11113
GRID        1662        0.790940-0.07846-0.11613
GRID        1663        0.780868-0.07646-0.11868
GRID        1664        0.801009-0.08042-0.11352
GRID        1665        0.770894-0.07851-0.11829
GRID        1666        0.760812-0.07645-0.12075
GRID        1667        0.780973-0.08053-0.11578
GRID        1668        0.750833-0.07848-0.12032
GRID        1669        0.740741-0.07636-0.12268
GRID        1670        0.760922-0.08056-0.11789
GRID        1671        0.730757-0.07836-0.12218
GRID        1672        0.720657-0.07618-0.12444
GRID        1673        0.740855-0.08050-0.11986
GRID        1674        0.710668-0.07814-0.12389
GRID        1675        0.700560-0.07590-0.12604
GRID        1676        0.720774-0.08034-0.12167
GRID        1677        0.690566-0.07782-0.12542
GRID        1678        0.680450-0.07551-0.12746
GRID        1679        0.700680-0.08009-0.12331
GRID        1680        0.670453-0.07740-0.12676
GRID        1681        0.660331-0.07502-0.12869
GRID        1682        0.680573-0.07973-0.12477
GRID        1683        0.650330-0.07686-0.12792
GRID        1684        0.640204-0.07441-0.12972
GRID        1685        0.660456-0.07927-0.12604
GRID        1686        0.630201-0.07621-0.12887
GRID        1687        0.620071-0.07368-0.13054
GRID        1688        0.640330-0.07869-0.12712
GRID        1689        0.599936-0.07283-0.13115
GRID        1690        0.610068-0.07543-0.12961
GRID        1691        0.620199-0.07799-0.12799
GRID        1692        0.579801-0.07185-0.13154
GRID        1693        0.589932-0.07453-0.13013
GRID        1694        0.600064-0.07716-0.12865
GRID        1695        0.559670-0.07074-0.13171
GRID        1696        0.569799-0.07350-0.13043
GRID        1697        0.579929-0.07621-0.12908
GRID        1698        0.539544-0.06952-0.13167
GRID        1699        0.549670-0.07235-0.13052
GRID        1700        0.559796-0.07513-0.12930
GRID        1701        0.519427-0.06818-0.13144
GRID        1702        0.529547-0.07108-0.13041
GRID        1703        0.539669-0.07393-0.12931
GRID        1704        0.499320-0.06674-0.13102
GRID        1705        0.509434-0.06970-0.13010
GRID        1706        0.519550-0.07262-0.12912
GRID        1707        0.479226-0.06519-0.13041
GRID        1708        0.489332-0.06822-0.12962
GRID        1709        0.499440-0.07120-0.12875
GRID        1710        0.459145-0.06355-0.12964
GRID        1711        0.469243-0.06663-0.12895
GRID        1712        0.479343-0.06968-0.12820
GRID        1713        0.439078-0.06182-0.12871
GRID        1714        0.449167-0.06495-0.12812
GRID        1715        0.459259-0.06806-0.12747
GRID        1716        0.419027-0.06000-0.12763
GRID        1717        0.429106-0.06319-0.12714
GRID        1718        0.439188-0.06635-0.12659
GRID        1719        0.398991-0.05810-0.12641
GRID        1720        0.409060-0.06134-0.12601
GRID        1721        0.419132-0.06455-0.12556
GRID        1722        0.378971-0.05612-0.12505
GRID        1723        0.389030-0.05941-0.12475
GRID        1724        0.399091-0.06267-0.12438
GRID        1725        0.358967-0.05408-0.12357
GRID        1726        0.369015-0.05741-0.12335
GRID        1727        0.379066-0.06071-0.12308
GRID        1728        0.338978-0.05197-0.12198
GRID        1729        0.349016-0.05534-0.12184
GRID        1730        0.359057-0.05869-0.12165
GRID        1731        0.319004-0.04980-0.12028
GRID        1732        0.329031-0.05321-0.12022
GRID        1733        0.339062-0.05659-0.12010
GRID        1734        0.299044-0.04758-0.11849
GRID        1735        0.309062-0.05102-0.11850
GRID        1736        0.319082-0.05444-0.11845
GRID        1737        0.279098-0.04530-0.11661
GRID        1738        0.289106-0.04878-0.11668
GRID        1739        0.299116-0.05224-0.11671
GRID        1740        0.259165-0.04299-0.11465
GRID        1741        0.269163-0.04650-0.11479
GRID        1742        0.279163-0.04998-0.11488
GRID        1743        0.239243-0.04063-0.11263
GRID        1744        0.249232-0.04417-0.11282
GRID        1745        0.259223-0.04768-0.11297
GRID        1746        0.219331-0.03824-0.11054
GRID        1747        0.229311-0.04180-0.11078
GRID        1748        0.239295-0.04535-0.11099
GRID        1749        0.209400-0.03941-0.10869
GRID        1750        0.199429-0.03582-0.10840
GRID        1751        0.219376-0.04297-0.10895
GRID        1752        0.189498-0.03698-0.10656
GRID        1753        0.179534-0.03338-0.10622
GRID        1754        0.199466-0.04057-0.10686
GRID        1755        0.169602-0.03454-0.10438
GRID        1756        0.159645-0.03092-0.10400
GRID        1757        0.179563-0.03814-0.10473
GRID        1758        0.149712-0.03207-0.10218
GRID        1759        0.139761-0.02844-0.10176
GRID        1760        0.159667-0.03570-0.10256
GRID        1761        0.129826-0.02960-0.09995
GRID        1762        0.119880-0.02595-0.09950
GRID        1763        0.139776-0.03324-0.10037
GRID        1764        0.109942-0.02712-0.09771
GRID        1765        0.119887-0.03077-0.09816
GRID        1766         1.080110.0589150.068231
GRID        1767         1.090060.0497430.057776
GRID        1768         1.060220.0594890.071049
GRID        1769         1.070170.0502330.060189
GRID        1770         1.080110.0410620.049735
GRID        1771         1.090060.0319770.039689
GRID        1772         1.040320.0600550.073851
GRID        1773         1.050270.0507170.062592
GRID        1774         1.060220.0414620.051736
GRID        1775         1.070170.0322920.041284
GRID        1776         1.080110.0232090.031239
GRID        1777         1.090060.0142120.021602
GRID        1778         1.020430.0606070.076631
GRID        1779         1.030380.0511920.064980
GRID        1780         1.040330.0418560.053726
GRID        1781         1.050280.0326040.042873
GRID        1782         1.060230.0234350.032424
GRID        1783         1.070170.0143520.022380
GRID        1784         1.080120.0053560.012743
GRID        1785         1.09006-0.003550.003515
GRID        1786         1.000520.0611430.079381
GRID        1787         1.010480.0516530.067345
GRID        1788         1.020430.0422410.055700
GRID        1789         1.030380.0329090.044452
GRID        1790         1.040340.0236580.033602
GRID        1791         1.050280.0144910.023155
GRID        1792         1.060230.0054080.013112
GRID        1793         1.07017-0.003580.003476
GRID        1794         1.09006-0.02131-0.01457
GRID        1795         1.08012-0.01249-0.00575
GRID        1796        0.9806080.0616560.082093
GRID        1797        0.9905690.0520980.069681
GRID        1798         1.000530.0426140.057653
GRID        1799         1.010490.0332050.046015
GRID        1800         1.020440.0238750.034770
GRID        1801         1.030390.0146260.023924
GRID        1802         1.040340.0054600.013478
GRID        1803         1.05029-0.003620.003436
GRID        1804         1.07018-0.02152-0.01542
GRID        1805         1.06023-0.01261-0.00619
GRID        1806         1.09006-0.03908-0.03265
GRID        1807         1.08012-0.03034-0.02424
GRID        1808        0.9606860.0621440.084761
GRID        1809        0.9706530.0525230.071982
GRID        1810        0.9806190.0429710.059579
GRID        1811        0.9905790.0334900.047559
GRID        1812         1.000540.0240850.035926
GRID        1813         1.010490.0147570.024686
GRID        1814         1.020450.0055090.013841
GRID        1815         1.03040-0.003650.003397
GRID        1816         1.05029-0.02173-0.01628
GRID        1817         1.04035-0.01273-0.00664
GRID        1818         1.07018-0.03946-0.03433
GRID        1819         1.06024-0.03064-0.02551
GRID        1820         1.09006-0.05684-0.05074
GRID        1821         1.08012-0.04820-0.04274
GRID        1822        0.9407550.0626000.087376
GRID        1823        0.9507270.0529230.074241
GRID        1824        0.9606990.0433090.061473
GRID        1825        0.9706650.0337620.049079
GRID        1826        0.9806300.0242850.037066
GRID        1827        0.9905890.0148830.025438
GRID        1828         1.000550.0055560.014200
GRID        1829         1.01050-0.003690.003357
GRID        1830         1.03040-0.02193-0.01712
GRID        1831         1.02046-0.01285-0.00708
GRID        1832         1.05030-0.03984-0.03599
GRID        1833         1.04035-0.03093-0.02676
GRID        1834         1.07018-0.05740-0.05323
GRID        1835         1.06024-0.04867-0.04482
GRID        1836         1.08012-0.06605-0.06123
GRID        1837        0.9208120.0630220.089931
GRID        1838        0.9307910.0532950.076452
GRID        1839        0.9407690.0436260.063330
GRID        1840        0.9507410.0340180.050572
GRID        1841        0.9607120.0244750.038186
GRID        1842        0.9706770.0150010.026178
GRID        1843        0.9806410.0056000.014553
GRID        1844        0.990600-0.003720.003317
GRID        1845         1.01051-0.02213-0.01797
GRID        1846         1.00056-0.01297-0.00752
GRID        1847         1.03041-0.04022-0.03765
GRID        1848         1.02046-0.03122-0.02801
GRID        1849         1.05030-0.05796-0.05571
GRID        1850         1.04036-0.04913-0.04688
GRID        1851         1.06025-0.06669-0.06413
GRID        1852        0.9008570.0634040.092419
GRID        1853        0.9108430.0536360.078608
GRID        1854        0.9208280.0439170.065143
GRID        1855        0.9308070.0342540.052033
GRID        1856        0.9407840.0246510.039284
GRID        1857        0.9507550.0151120.026904
GRID        1858        0.9607250.0056410.014900
GRID        1859        0.970689-0.003750.003278
GRID        1860        0.990610-0.02233-0.01880
GRID        1861        0.980652-0.01308-0.00795
GRID        1862         1.01052-0.04058-0.03929
GRID        1863         1.00057-0.03150-0.02924
GRID        1864         1.03042-0.05850-0.05818
GRID        1865         1.02047-0.04958-0.04894
GRID        1866         1.04036-0.06733-0.06701
GRID        1867        0.8808890.0637430.094830
GRID        1868        0.8908820.0539400.080702
GRID        1869        0.9008750.0441810.066908
GRID        1870        0.9108600.0344700.053456
GRID        1871        0.9208450.0248130.040356
GRID        1872        0.9308220.0152140.027614
GRID        1873        0.9407980.0056770.015239
GRID        1874        0.950768-0.003790.003238
GRID        1875        0.970701-0.02251-0.01962
GRID        1876        0.960738-0.01319-0.00838
GRID        1877        0.990620-0.04093-0.04092
GRID        1878        0.980663-0.03176-0.03046
GRID        1879         1.01053-0.05903-0.06062
GRID        1880         1.00058-0.05002-0.05097
GRID        1881         1.02048-0.06795-0.06986
GRID        1882        0.8609070.0640330.097158
GRID        1883        0.8709080.0542050.082729
GRID        1884        0.8809080.0444130.068619
GRID        1885        0.8909010.0346620.054839
GRID        1886        0.9008930.0249580.041399
GRID        1887        0.9108770.0153050.028306
GRID        1888        0.9208610.0057080.015570
GRID        1889        0.930837-0.003820.003197
GRID        1890        0.950782-0.02269-0.02042
GRID        1891        0.940813-0.01329-0.00880
GRID        1892        0.970713-0.04127-0.04252
GRID        1893        0.960750-0.03202-0.03166
GRID        1894        0.990630-0.05954-0.06303
GRID        1895        0.980674-0.05045-0.05297
GRID        1896         1.00059-0.06855-0.07269
GRID        1897        0.8409100.0642690.099395
GRID        1898        0.8509190.0544270.084680
GRID        1899        0.8609280.0446110.070270
GRID        1900        0.8709280.0348280.056177
GRID        1901        0.8809280.0250840.042409
GRID        1902        0.8909200.0153840.028977
GRID        1903        0.9009110.0057340.015891
GRID        1904        0.910894-0.003850.003157
GRID        1905        0.930853-0.02286-0.02121
GRID        1906        0.920877-0.01339-0.00921
GRID        1907        0.950796-0.04160-0.04409
GRID        1908        0.940828-0.03227-0.03284
GRID        1909        0.970725-0.06003-0.06541
GRID        1910        0.960763-0.05086-0.05495
GRID        1911        0.980685-0.06913-0.07548
GRID        1912        0.8208980.0644480.101533
GRID        1913        0.8309160.0546010.086550
GRID        1914        0.8409320.0447710.071856
GRID        1915        0.8509410.0349650.057464
GRID        1916        0.8609490.0251890.043383
GRID        1917        0.8709480.0154500.029626
GRID        1918        0.8809470.0057540.016200
GRID        1919        0.890938-0.003890.003117
GRID        1920        0.910912-0.02302-0.02199
GRID        1921        0.900929-0.01348-0.00961
GRID        1922        0.930868-0.04190-0.04563
GRID        1923        0.920893-0.03249-0.03399
GRID        1924        0.950810-0.06050-0.06775
GRID        1925        0.940842-0.05124-0.05688
GRID        1926        0.960776-0.06969-0.07823
GRID        1927        0.8008710.0645650.103563
GRID        1928        0.8108970.0547240.088331
GRID        1929        0.8209220.0448890.073371
GRID        1930        0.8309390.0350700.058697
GRID        1931        0.8409550.0252720.044319
GRID        1932        0.8509620.0155030.030249
GRID        1933        0.8609700.0057680.016498
GRID        1934        0.870969-0.003920.003076
GRID        1935        0.890957-0.02317-0.02274
GRID        1936        0.880967-0.01357-0.01000
GRID        1937        0.910929-0.04218-0.04713
GRID        1938        0.900947-0.03271-0.03512
GRID        1939        0.930884-0.06094-0.07004
GRID        1940        0.920910-0.05160-0.05878
GRID        1941        0.940857-0.07021-0.08092
GRID        1942        0.7808290.0646150.105478
GRID        1943        0.7908630.0547910.090017
GRID        1944        0.8008960.0449640.074810
GRID        1945        0.8109210.0351410.059870
GRID        1946        0.8209460.0253300.045211
GRID        1947        0.8309620.0155390.030845
GRID        1948        0.8409770.0057740.016782
GRID        1949        0.850984-0.003950.003035
GRID        1950        0.870989-0.02330-0.02347
GRID        1951        0.860991-0.01365-0.01038
GRID        1952        0.890976-0.04244-0.04859
GRID        1953        0.880986-0.03290-0.03621
GRID        1954        0.910946-0.06135-0.07228
GRID        1955        0.900965-0.05193-0.06062
GRID        1956        0.920926-0.07070-0.08356
GRID        1957        0.7607710.0645940.107270
GRID        1958        0.7708130.0548000.091600
GRID        1959        0.7808550.0449910.076165
GRID        1960        0.7908880.0351760.060980
GRID        1961        0.8009210.0253620.046057
GRID        1962        0.8109460.0155590.031411
GRID        1963        0.8209700.0057720.017052
GRID        1964        0.830985-0.003990.002994
GRID        1965        0.851006-0.02342-0.02417
GRID        1966        0.841000-0.01372-0.01075
GRID        1967        0.871009-0.04267-0.05001
GRID        1968        0.861012-0.03307-0.03726
GRID        1969        0.890994-0.06172-0.07445
GRID        1970        0.881006-0.05223-0.06241
GRID        1971        0.900982-0.07115-0.08612
GRID        1972        0.7406990.0644960.108930
GRID        1973        0.7507490.0547450.093074
GRID        1974        0.7607980.0449670.077433
GRID        1975        0.7708400.0351710.062022
GRID        1976        0.7808810.0253660.046854
GRID        1977        0.7909140.0155600.031945
GRID        1978        0.8009460.0057610.017307
GRID        1979        0.810970-0.004020.002953
GRID        1980        0.831008-0.02352-0.02485
GRID        1981        0.820993-0.01378-0.01110
GRID        1982        0.851028-0.04288-0.05138
GRID        1983        0.841022-0.03322-0.03828
GRID        1984        0.871029-0.06205-0.07656
GRID        1985        0.861032-0.05249-0.06414
GRID        1986        0.881025-0.07156-0.08862
GRID        1987        0.7206130.0643180.110449
GRID        1988        0.7306700.0546230.094432
GRID        1989        0.7407270.0448880.078607
GRID        1990        0.7507770.0351240.062990
GRID        1991        0.7608260.0253390.047598
GRID        1992        0.7708670.0155420.032445
GRID        1993        0.7809080.0057410.017545
GRID        1994        0.790940-0.004050.002911
GRID        1995        0.810995-0.02360-0.02550
GRID        1996        0.800972-0.01383-0.01144
GRID        1997        0.831031-0.04305-0.05270
GRID        1998        0.821017-0.03334-0.03926
GRID        1999        0.851049-0.06234-0.07859
GRID        2000        0.841044-0.05272-0.06581
GRID        2001        0.861053-0.07191-0.09102
GRID        2002        0.7005150.0640540.111821
GRID        2003        0.7105790.0544290.095666
GRID        2004        0.7206420.0447520.079680
GRID        2005        0.7306990.0350330.063881
GRID        2006        0.7407560.0252800.048285
GRID        2007        0.7508050.0155030.032908
GRID        2008        0.7608530.0057120.017765
GRID        2009        0.770894-0.004080.002869
GRID        2010        0.790966-0.02367-0.02612
GRID        2011        0.780934-0.01388-0.01176
GRID        2012        0.811019-0.04318-0.05395
GRID        2013        0.800997-0.03344-0.04018
GRID        2014        0.831054-0.06258-0.08054
GRID        2015        0.821041-0.05290-0.06741
GRID        2016        0.841067-0.07221-0.09334
GRID        2017        0.6804040.0637000.113036
GRID        2018        0.6904750.0541610.096769
GRID        2019        0.7005450.0445550.080648
GRID        2020        0.7106080.0348940.064690
GRID        2021        0.7206720.0251860.048912
GRID        2022        0.7307280.0154430.033332
GRID        2023        0.7407840.0056720.017965
GRID        2024        0.750833-0.004110.002827
GRID        2025        0.770921-0.02371-0.02670
GRID        2026        0.760881-0.01391-0.01206
GRID        2027        0.790991-0.04328-0.05515
GRID        2028        0.780960-0.03350-0.04107
GRID        2029        0.811044-0.06276-0.08241
GRID        2030        0.801022-0.05304-0.06893
GRID        2031        0.821065-0.07246-0.09556
GRID        2032        0.6602840.0632510.114087
GRID        2033        0.6703600.0538130.097735
GRID        2034        0.6804350.0442940.081503
GRID        2035        0.6905050.0347050.065411
GRID        2036        0.7005750.0250570.049476
GRID        2037        0.7106380.0153580.033715
GRID        2038        0.7207010.0056200.018146
GRID        2039        0.730757-0.004140.002785
GRID        2040        0.750861-0.02373-0.02725
GRID        2041        0.740813-0.01393-0.01235
GRID        2042        0.770948-0.04334-0.05627
GRID        2043        0.760908-0.03354-0.04189
GRID        2044        0.791017-0.06290-0.08418
GRID        2045        0.780986-0.05313-0.07037
GRID        2046        0.801047-0.07264-0.09768
GRID        2047        0.6401560.0627030.114964
GRID        2048        0.6502360.0533820.098556
GRID        2049        0.6603150.0439660.082241
GRID        2050        0.6703910.0344640.066041
GRID        2051        0.6804660.0248890.049972
GRID        2052        0.6905350.0152500.034054
GRID        2053        0.7006050.0055580.018305
GRID        2054        0.710668-0.004170.002742
GRID        2055        0.730786-0.02373-0.02776
GRID        2056        0.720730-0.01394-0.01261
GRID        2057        0.750888-0.04335-0.05733
GRID        2058        0.740841-0.03354-0.04267
GRID        2059        0.770974-0.06297-0.08584
GRID        2060        0.760935-0.05317-0.07172
GRID        2061        0.781013-0.07275-0.09967
GRID        2062        0.6200230.0620510.115661
GRID        2063        0.6301060.0528650.099225
GRID        2064        0.6401880.0435660.082856
GRID        2065        0.6502670.0341680.066573
GRID        2066        0.6603460.0246800.050397
GRID        2067        0.6704220.0151150.034347
GRID        2068        0.6804960.0054820.018442
GRID        2069        0.690566-0.004200.002699
GRID        2070        0.710698-0.02371-0.02822
GRID        2071        0.700635-0.01394-0.01286
GRID        2072        0.730815-0.04332-0.05830
GRID        2073        0.720760-0.03351-0.04338
GRID        2074        0.750916-0.06297-0.08740
GRID        2075        0.740869-0.05315-0.07298
GRID        2076        0.760963-0.07279-0.10155
GRID        2077        0.5998880.0612900.116168
GRID        2078        0.6099720.0522560.099736
GRID        2079        0.6200550.0430930.083341
GRID        2080        0.6301370.0338130.067005
GRID        2081        0.6402200.0244290.050749
GRID        2082        0.6502990.0149520.034592
GRID        2083        0.6603780.0053940.018554
GRID        2084        0.670453-0.004230.002655
GRID        2085        0.690596-0.02366-0.02865
GRID        2086        0.680527-0.01392-0.01308
GRID        2087        0.710727-0.04324-0.05920
GRID        2088        0.700665-0.03344-0.04403
GRID        2089        0.730844-0.06291-0.08885
GRID        2090        0.720789-0.05307-0.07414
GRID        2091        0.740898-0.07276-0.10330
GRID        2092        0.5797530.0604180.116481
GRID        2093        0.5898370.0515520.100081
GRID        2094        0.5999200.0425420.083691
GRID        2095        0.6100040.0333990.067331
GRID        2096        0.6200870.0241350.051022
GRID        2097        0.6301690.0147620.034786
GRID        2098        0.6402510.0052920.018642
GRID        2099        0.650330-0.004260.002611
GRID        2100        0.670484-0.02358-0.02903
GRID        2101        0.660409-0.01389-0.01328
GRID        2102        0.690627-0.04311-0.06000
GRID        2103        0.680558-0.03333-0.04461
GRID        2104        0.710757-0.06278-0.09017
GRID        2105        0.700695-0.05294-0.07519
GRID        2106        0.720818-0.07264-0.10490
GRID        2107        0.5596220.0594370.116604
GRID        2108        0.5697040.0507540.100260
GRID        2109        0.5797850.0419120.083901
GRID        2110        0.5898690.0329210.067546
GRID        2111        0.5999520.0237940.051214
GRID        2112        0.6100360.0145410.034926
GRID        2113        0.6201190.0051760.018703
GRID        2114        0.630201-0.004290.002567
GRID        2115        0.650362-0.02347-0.02936
GRID        2116        0.640283-0.01384-0.01346
GRID        2117        0.670515-0.04293-0.06072
GRID        2118        0.660440-0.03317-0.04512
GRID        2119        0.690657-0.06257-0.09136
GRID        2120        0.680589-0.05273-0.07614
GRID        2121        0.700725-0.07244-0.10636
GRID        2122        0.5394970.0583530.116545
GRID        2123        0.5495750.0498660.100281
GRID        2124        0.5596540.0412050.083976
GRID        2125        0.5697350.0323810.067650
GRID        2126        0.5798170.0234050.051322
GRID        2127        0.5899010.0142890.035011
GRID        2128        0.610068-0.004310.002522
GRID        2129        0.5999840.0050440.018738
GRID        2130        0.630233-0.02334-0.02965
GRID        2131        0.620151-0.01378-0.01361
GRID        2132        0.650393-0.04269-0.06134
GRID        2133        0.640315-0.03298-0.04556
GRID        2134        0.670546-0.06228-0.09241
GRID        2135        0.660472-0.05246-0.07696
GRID        2136        0.680620-0.07214-0.10766
GRID        2137        0.5193800.0571710.116314
GRID        2138        0.5294540.0488910.100150
GRID        2139        0.5395280.0404240.083922
GRID        2140        0.5496070.0317800.067649
GRID        2141        0.5596850.0229710.051349
GRID        2142        0.5697670.0140060.035041
GRID        2143        0.5798490.0048980.018743
GRID        2144        0.589932-0.004340.002477
GRID        2145        0.610099-0.02317-0.02988
GRID        2146        0.600016-0.01370-0.01373
GRID        2147        0.630265-0.04239-0.06186
GRID        2148        0.620183-0.03274-0.04593
GRID        2149        0.650425-0.06191-0.09332
GRID        2150        0.640346-0.05212-0.07767
GRID        2151        0.660503-0.07175-0.10880
GRID        2152        0.4992750.0558950.115918
GRID        2153        0.5093430.0478330.099873
GRID        2154        0.5194110.0395720.083743
GRID        2155        0.5294850.0311220.067546
GRID        2156        0.5395600.0224930.051298
GRID        2157        0.5496380.0136940.035017
GRID        2158        0.5597170.0047360.018722
GRID        2159        0.569799-0.004360.002431
GRID        2160        0.579881-0.01361-0.01383
GRID        2161        0.589964-0.02297-0.03005
GRID        2162        0.610131-0.04203-0.06228
GRID        2163        0.600048-0.03245-0.04621
GRID        2164        0.630296-0.06145-0.09408
GRID        2165        0.620215-0.05170-0.07824
GRID        2166        0.640378-0.07126-0.10977
GRID        2167        0.4791820.0545290.115365
GRID        2168        0.4892430.0466970.099459
GRID        2169        0.4993050.0386540.083447
GRID        2170        0.5093730.0304090.067346
GRID        2171        0.5194420.0219720.051173
GRID        2172        0.5295160.0133530.034943
GRID        2173        0.5395910.0045610.018674
GRID        2174        0.549670-0.004390.002385
GRID        2175        0.569831-0.02274-0.03017
GRID        2176        0.559749-0.01349-0.01390
GRID        2177        0.589996-0.04161-0.06259
GRID        2178        0.579913-0.03211-0.04641
GRID        2179        0.610163-0.06089-0.09468
GRID        2180        0.600080-0.05120-0.07868
GRID        2181        0.620247-0.07066-0.11056
GRID        2182        0.4591020.0530800.114664
GRID        2183        0.4691560.0454870.098914
GRID        2184        0.4792110.0376720.083039
GRID        2185        0.4892730.0296450.067055
GRID        2186        0.4993350.0214120.050976
GRID        2187        0.5094040.0129850.034820
GRID        2188        0.5194730.0043710.018602
GRID        2189        0.529547-0.004410.002339
GRID        2190        0.549701-0.02248-0.03024
GRID        2191        0.539622-0.01337-0.01394
GRID        2192        0.569863-0.04112-0.06278
GRID        2193        0.559780-0.03173-0.04653
GRID        2194        0.590028-0.06024-0.09512
GRID        2195        0.579945-0.05062-0.07899
GRID        2196        0.600112-0.06995-0.11116
GRID        2197        0.4390370.0515500.113822
GRID        2198        0.4490840.0442070.098245
GRID        2199        0.4591310.0366310.082525
GRID        2200        0.4691850.0288300.066676
GRID        2201        0.4792400.0208140.050713
GRID        2202        0.4893020.0125910.034650
GRID        2203        0.4993650.0041690.018505
GRID        2204        0.509434-0.004440.002293
GRID        2205        0.529578-0.02218-0.03026
GRID        2206        0.519504-0.01323-0.01396
GRID        2207        0.549733-0.04057-0.06287
GRID        2208        0.539654-0.03130-0.04657
GRID        2209        0.569894-0.05949-0.09539
GRID        2210        0.559812-0.04997-0.07915
GRID        2211        0.579977-0.06913-0.11156
GRID        2212        0.4189870.0499460.112849
GRID        2213        0.4290260.0428600.097459
GRID        2214        0.4390650.0355320.081910
GRID        2215        0.4491120.0279700.066214
GRID        2216        0.4591590.0201810.050385
GRID        2217        0.4692140.0121730.034437
GRID        2218        0.4792700.0039550.018386
GRID        2219        0.489332-0.004460.002246
GRID        2220        0.509465-0.02186-0.03023
GRID        2221        0.499395-0.01307-0.01396
GRID        2222        0.529609-0.03996-0.06286
GRID        2223        0.519534-0.03083-0.04654
GRID        2224        0.549764-0.05866-0.09550
GRID        2225        0.539685-0.04924-0.07919
GRID        2226        0.559844-0.06821-0.11178
GRID        2227        0.3989530.0482720.111751
GRID        2228        0.4089830.0414520.096564
GRID        2229        0.4190140.0343800.081201
GRID        2230        0.4290520.0270650.065675
GRID        2231        0.4390920.0195130.049997
GRID        2232        0.4491390.0117320.034183
GRID        2233        0.4591870.0037290.018245
GRID        2234        0.469243-0.004480.002198
GRID        2235        0.489362-0.02151-0.03015
GRID        2236        0.479299-0.01290-0.01394
GRID        2237        0.509495-0.03929-0.06276
GRID        2238        0.499425-0.03031-0.04643
GRID        2239        0.529640-0.05773-0.09547
GRID        2240        0.519565-0.04843-0.07911
GRID        2241        0.539716-0.06717-0.11182
GRID        2242        0.3789350.0465320.110538
GRID        2243        0.3889560.0399850.095566
GRID        2244        0.3989780.0331790.080403
GRID        2245        0.4090090.0261190.065062
GRID        2246        0.4190400.0188130.049553
GRID        2247        0.4290790.0112690.033889
GRID        2248        0.4391190.0034920.018084
GRID        2249        0.449167-0.004500.002151
GRID        2250        0.469272-0.02114-0.03004
GRID        2251        0.459216-0.01272-0.01389
GRID        2252        0.489392-0.03857-0.06256
GRID        2253        0.479328-0.02976-0.04626
GRID        2254        0.509525-0.05672-0.09528
GRID        2255        0.499455-0.04756-0.07891
GRID        2256        0.519596-0.06604-0.11168
GRID        2257        0.3589330.0447320.109216
GRID        2258        0.3689460.0384650.094472
GRID        2259        0.3789590.0319300.079523
GRID        2260        0.3889810.0251350.064380
GRID        2261        0.3990030.0180840.049055
GRID        2262        0.4090340.0107860.033559
GRID        2263        0.4190660.0032450.017904
GRID        2264        0.429106-0.004520.002103
GRID        2265        0.449195-0.02074-0.02988
GRID        2266        0.439147-0.01252-0.01382
GRID        2267        0.469301-0.03780-0.06228
GRID        2268        0.459244-0.02917-0.04603
GRID        2269        0.489421-0.05563-0.09497
GRID        2270        0.479358-0.04662-0.07859
GRID        2271        0.499485-0.06481-0.11138
GRID        2272        0.3389470.0428750.107796
GRID        2273        0.3489510.0368940.093289
GRID        2274        0.3589560.0306390.078565
GRID        2275        0.3689690.0241150.063635
GRID        2276        0.3789830.0173270.048507
GRID        2277        0.3890050.0102830.033194
GRID        2278        0.3990280.0029890.017706
GRID        2279        0.409060-0.004540.002055
GRID        2280        0.429133-0.02032-0.02968
GRID        2281        0.419092-0.01232-0.01374
GRID        2282        0.449223-0.03698-0.06191
GRID        2283        0.439174-0.02855-0.04574
GRID        2284        0.469330-0.05446-0.09452
GRID        2285        0.459273-0.04563-0.07817
GRID        2286        0.479387-0.06349-0.11092
GRID        2287        0.3189750.0409670.106283
GRID        2288        0.3289710.0352770.092024
GRID        2289        0.3389680.0293070.077536
GRID        2290        0.3489720.0230610.062830
GRID        2291        0.3589780.0165440.047914
GRID        2292        0.3689920.0097630.032797
GRID        2293        0.3790070.0027230.017491
GRID        2294        0.389030-0.004560.002007
GRID        2295        0.409086-0.01988-0.02944
GRID        2296        0.399054-0.01210-0.01364
GRID        2297        0.429160-0.03612-0.06147
GRID        2298        0.419119-0.02789-0.04539
GRID        2299        0.449251-0.05323-0.09394
GRID        2300        0.439202-0.04457-0.07765
GRID        2301        0.459301-0.06208-0.11032
GRID        2302        0.2990180.0390110.104687
GRID        2303        0.3090060.0336180.090684
GRID        2304        0.3189940.0279380.076442
GRID        2305        0.3289910.0219770.061971
GRID        2306        0.3389880.0157380.047277
GRID        2307        0.3489940.0092270.032371
GRID        2308        0.3590000.0024490.017261
GRID        2309        0.369015-0.004580.001959
GRID        2310        0.389054-0.01942-0.02918
GRID        2311        0.379030-0.01188-0.01352
GRID        2312        0.409112-0.03522-0.06095
GRID        2313        0.399079-0.02720-0.04499
GRID        2314        0.429187-0.05192-0.09325
GRID        2315        0.419145-0.04346-0.07704
GRID        2316        0.439229-0.06060-0.10957
GRID        2317        0.2790740.0370130.103014
GRID        2318        0.2890540.0319200.089275
GRID        2319        0.2990350.0265360.075288
GRID        2320        0.3090240.0208640.061061
GRID        2321        0.3190140.0149090.046601
GRID        2322        0.3290110.0086750.031916
GRID        2323        0.3390090.0021670.017016
GRID        2324        0.349016-0.004600.001910
GRID        2325        0.369038-0.01894-0.02888
GRID        2326        0.359023-0.01164-0.01339
GRID        2327        0.389079-0.03427-0.06036
GRID        2328        0.379054-0.02648-0.04454
GRID        2329        0.409137-0.05056-0.09245
GRID        2330        0.399104-0.04230-0.07634
GRID        2331        0.419171-0.05903-0.10869
GRID        2332        0.2591430.0349760.101274
GRID        2333        0.2691160.0301880.087804
GRID        2334        0.2790900.0251030.074079
GRID        2335        0.2890710.0197260.060105
GRID        2336        0.2990530.0140600.045889
GRID        2337        0.3090430.0081090.031437
GRID        2338        0.3190330.0018780.016758
GRID        2339        0.329031-0.004620.001861
GRID        2340        0.349038-0.01844-0.02855
GRID        2341        0.339030-0.01140-0.01324
GRID        2342        0.369061-0.03329-0.05972
GRID        2343        0.359045-0.02574-0.04404
GRID        2344        0.389103-0.04913-0.09155
GRID        2345        0.379078-0.04109-0.07556
GRID        2346        0.399129-0.05740-0.10769
GRID        2347        0.2392240.0329050.099473
GRID        2348        0.2491900.0284240.086279
GRID        2349        0.2591580.0236430.072822
GRID        2350        0.2691320.0185650.059108
GRID        2351        0.2791070.0131930.045144
GRID        2352        0.2890880.0075310.030935
GRID        2353        0.2990710.0015830.016488
GRID        2354        0.309062-0.004640.001813
GRID        2355        0.329052-0.01793-0.02819
GRID        2356        0.319053-0.01115-0.01308
GRID        2357        0.349059-0.03228-0.05901
GRID        2358        0.339051-0.02497-0.04350
GRID        2359        0.369084-0.04765-0.09056
GRID        2360        0.359068-0.03984-0.07470
GRID        2361        0.379102-0.05570-0.10658
GRID        2362        0.2193150.0308040.097619
GRID        2363        0.2292750.0266330.084704
GRID        2364        0.2392370.0221590.071521
GRID        2365        0.2492040.0173830.058075
GRID        2366        0.2591720.0123100.044370
GRID        2367        0.2691470.0069410.030412
GRID        2368        0.2791230.0012820.016207
GRID        2369        0.289106-0.004660.001763
GRID        2370        0.309080-0.01740-0.02781
GRID        2371        0.299089-0.01089-0.01291
GRID        2372        0.329072-0.03123-0.05825
GRID        2373        0.319072-0.02418-0.04292
GRID        2374        0.349081-0.04612-0.08947
GRID        2375        0.339072-0.03855-0.07376
GRID        2376        0.359090-0.05394-0.10535
GRID        2377        0.1994150.0286780.095720
GRID        2378        0.2093700.0248190.083088
GRID        2379        0.2193260.0206530.070183
GRID        2380        0.2292870.0161830.057009
GRID        2381        0.2392500.0114120.043569
GRID        2382        0.2492180.0063410.029870
GRID        2383        0.2591870.0009750.015917
GRID        2384        0.269163-0.004680.001714
GRID        2385        0.289123-0.01686-0.02740
GRID        2386        0.279139-0.01062-0.01272
GRID        2387        0.309099-0.03016-0.05743
GRID        2388        0.299107-0.02337-0.04231
GRID        2389        0.329092-0.04454-0.08830
GRID        2390        0.319092-0.03721-0.07277
GRID        2391        0.339093-0.05212-0.10403
GRID        2392        0.1795220.0265310.093783
GRID        2393        0.1894730.0229850.081436
GRID        2394        0.1994240.0191300.068812
GRID        2395        0.2093800.0149680.055915
GRID        2396        0.2193370.0105010.042747
GRID        2397        0.2292990.0057330.029313
GRID        2398        0.2392620.0006640.015617
GRID        2399        0.249232-0.004700.001665
GRID        2400        0.269178-0.01630-0.02698
GRID        2401        0.259202-0.01035-0.01253
GRID        2402        0.289140-0.02905-0.05658
GRID        2403        0.279155-0.02254-0.04166
GRID        2404        0.309118-0.04292-0.08706
GRID        2405        0.299125-0.03585-0.07171
GRID        2406        0.319111-0.05025-0.10261
GRID        2407        0.1596360.0243670.091817
GRID        2408        0.1695830.0211340.079756
GRID        2409        0.1795300.0175910.067415
GRID        2410        0.1894810.0137390.054797
GRID        2411        0.1994330.0095800.041904
GRID        2412        0.2093900.0051160.028741
GRID        2413        0.2193480.0003490.015310
GRID        2414        0.229311-0.004710.001616
GRID        2415        0.249245-0.01574-0.02654
GRID        2416        0.239275-0.01008-0.01233
GRID        2417        0.269193-0.02793-0.05568
GRID        2418        0.259216-0.02169-0.04099
GRID        2419        0.289157-0.04125-0.08575
GRID        2420        0.279172-0.03445-0.07060
GRID        2421        0.299143-0.04833-0.10112
GRID        2422        0.1397550.0221910.089828
GRID        2423        0.1496980.0192710.078052
GRID        2424        0.1596420.0160400.065996
GRID        2425        0.1695890.0125000.053660
GRID        2426        0.1795370.0086500.041046
GRID        2427        0.1894900.0044930.028157
GRID        2428        0.1994433.077E-50.014996
GRID        2429        0.209400-0.004730.001566
GRID        2430        0.229323-0.01517-0.02608
GRID        2431        0.219359-0.00980-0.01212
GRID        2432        0.249259-0.02678-0.05474
GRID        2433        0.239288-0.02083-0.04028
GRID        2434        0.269209-0.03956-0.08438
GRID        2435        0.259231-0.03303-0.06944
GRID        2436        0.279188-0.04637-0.09954
GRID        2437        0.1198770.0200060.087824
GRID        2438        0.1298170.0173990.076333
GRID        2439        0.1397590.0144800.064561
GRID        2440        0.1497030.0112520.052508
GRID        2441        0.1596480.0077130.040175
GRID        2442        0.1695960.0038650.027564
GRID        2443        0.179545-0.000290.014677
GRID        2444        0.189498-0.004750.001517
GRID        2445        0.209411-0.01458-0.02560
GRID        2446        0.199452-0.00951-0.01191
GRID        2447        0.229335-0.02562-0.05377
GRID        2448        0.219370-0.01995-0.03956
GRID        2449        0.249273-0.03783-0.08295
GRID        2450        0.239301-0.03158-0.06824
GRID        2451        0.259245-0.04437-0.09790
GRID        2452        0.1099390.0155210.074604
GRID        2453        0.1198790.0129150.063115
GRID        2454        0.1298200.0099980.051345
GRID        2455        0.1397620.0067700.039294
GRID        2456        0.1497070.0032320.026963
GRID        2457        0.159653-0.000610.014353
GRID        2458        0.169602-0.004770.001467
GRID        2459        0.189506-0.01400-0.02512
GRID        2460        0.179552-0.00923-0.01169
GRID        2461        0.209421-0.02444-0.05278
GRID        2462        0.199461-0.01907-0.03882
GRID        2463        0.229347-0.03607-0.08147
GRID        2464        0.219381-0.03011-0.06700
GRID        2465        0.239314-0.04233-0.09619
GRID        2466        0.1099400.0087400.050176
GRID        2467        0.1198800.0058240.038406
GRID        2468        0.1298230.0025970.026357
GRID        2469        0.139766-0.000940.014027
GRID        2470        0.149712-0.004780.001418
GRID        2471        0.169609-0.01340-0.02462
GRID        2472        0.159659-0.00894-0.01146
GRID        2473        0.189515-0.02324-0.05176
GRID        2474        0.179560-0.01817-0.03806
GRID        2475        0.209431-0.03429-0.07995
GRID        2476        0.199470-0.02862-0.06573
GRID        2477        0.219392-0.04026-0.09444
GRID        2478        0.1099410.0019590.025747
GRID        2479        0.119882-0.001260.013698
GRID        2480        0.129826-0.004800.001368
GRID        2481        0.149717-0.01280-0.02412
GRID        2482        0.139770-0.00865-0.01124
GRID        2483        0.169615-0.02204-0.05072
GRID        2484        0.159664-0.01727-0.03729
GRID        2485        0.189523-0.03249-0.07840
GRID        2486        0.179567-0.02711-0.06443
GRID        2487        0.199480-0.03817-0.09264
GRID        2488        0.109942-0.004820.001318
GRID        2489        0.129828-0.01220-0.02362
GRID        2490        0.119884-0.00835-0.01101
GRID        2491        0.149721-0.02082-0.04967
GRID        2492        0.139774-0.01636-0.03650
GRID        2493        0.169622-0.03067-0.07682
GRID        2494        0.159670-0.02560-0.06311
GRID        2495        0.179575-0.03606-0.09080
GRID        2496        0.109943-0.01160-0.02310
GRID        2497        0.129831-0.01960-0.04860
GRID        2498        0.119886-0.01544-0.03571
GRID        2499        0.149726-0.02884-0.07521
GRID        2500        0.139777-0.02407-0.06177
GRID        2501        0.159676-0.03392-0.08893
GRID        2502        0.109944-0.01838-0.04753
GRID        2503        0.129834-0.02700-0.07359
GRID        2504        0.119888-0.02254-0.06042
GRID        2505        0.139781-0.03178-0.08704
GRID        2506        0.109944-0.02516-0.07196
GRID        2507        0.119890-0.02963-0.08513
GRID        2508         1.090060.0568480.050744
GRID        2509         1.080120.0660540.061237
GRID        2510         1.070180.0574070.053234
GRID        2511         1.060250.0666970.064132
GRID        2512         1.090060.0390830.032657
GRID        2513         1.080120.0482020.042742
GRID        2514         1.050300.0579600.055715
GRID        2515         1.040360.0673320.067011
GRID        2516         1.070180.0394670.034331
GRID        2517         1.060240.0486710.044821
GRID        2518         1.090060.0213180.014571
GRID        2519         1.080120.0303490.024247
GRID        2520         1.030420.0585030.058181
GRID        2521         1.020480.0679530.069868
GRID        2522         1.050300.0398470.035998
GRID        2523         1.040360.0491340.046889
GRID        2524         1.070180.0215270.015427
GRID        2525         1.060240.0306440.025510
GRID        2526         1.090060.003552-0.00351
GRID        2527         1.080120.0124960.005751
GRID        2528         1.010530.0590330.060624
GRID        2529         1.000590.0685560.072696
GRID        2530         1.030410.0402210.037655
GRID        2531         1.020470.0495870.048942
GRID        2532         1.050290.0217340.016281
GRID        2533         1.040350.0309360.026767
GRID        2534         1.070170.003587-0.00347
GRID        2535         1.060230.0126170.006199
GRID        2536         1.09006-0.01421-0.02160
GRID        2537         1.08012-0.00535-0.01274
GRID        2538        0.9906300.0595470.063038
GRID        2539        0.9806850.0691380.075487
GRID        2540         1.010520.0405860.039297
GRID        2541         1.000580.0500280.050973
GRID        2542         1.030400.0219380.017129
GRID        2543         1.020460.0312220.028014
GRID        2544         1.050290.003621-0.00343
GRID        2545         1.040350.0127380.006644
GRID        2546         1.07017-0.01435-0.02238
GRID        2547         1.06023-0.00540-0.01311
GRID        2548         1.09006-0.03197-0.03968
GRID        2549         1.08011-0.02320-0.03123
GRID        2550        0.9707250.0600390.065417
GRID        2551        0.9607760.0696930.078233
GRID        2552        0.9906200.0409390.040920
GRID        2553        0.9806740.0504530.052978
GRID        2554         1.010510.0221380.017970
GRID        2555         1.000570.0315000.029249
GRID        2556         1.030400.003656-0.00339
GRID        2557         1.020460.0128560.007086
GRID        2558         1.05028-0.01449-0.02315
GRID        2559         1.04034-0.00546-0.01347
GRID        2560         1.07017-0.03229-0.04128
GRID        2561         1.06023-0.02343-0.03242
GRID        2562         1.09006-0.04974-0.05777
GRID        2563         1.08011-0.04106-0.04973
GRID        2564        0.9508100.0605070.067756
GRID        2565        0.9408570.0702170.080927
GRID        2566        0.9707130.0412790.042520
GRID        2567        0.9607630.0508600.054951
GRID        2568        0.9906100.0223320.018801
GRID        2569        0.9806630.0317690.030468
GRID        2570         1.010500.003690-0.00335
GRID        2571         1.000560.0129710.007524
GRID        2572         1.03039-0.01462-0.02392
GRID        2573         1.02045-0.00550-0.01384
GRID        2574         1.05028-0.03260-0.04287
GRID        2575         1.04034-0.02365-0.03360
GRID        2576         1.07017-0.05023-0.06018
GRID        2577         1.06022-0.04146-0.05173
GRID        2578         1.08011-0.05891-0.06823
GRID        2579        0.9308840.0609470.070046
GRID        2580        0.9209260.0707060.083561
GRID        2581        0.9507960.0416020.044092
GRID        2582        0.9408420.0512440.056887
GRID        2583        0.9707010.0225190.019621
GRID        2584        0.9607500.0320260.031668
GRID        2585        0.9906000.003724-0.00331
GRID        2586        0.9806520.0130840.007957
GRID        2587         1.01049-0.01475-0.02468
GRID        2588         1.00055-0.00555-0.01420
GRID        2589         1.03038-0.03290-0.04445
GRID        2590         1.02044-0.02387-0.03477
GRID        2591         1.05027-0.05071-0.06259
GRID        2592         1.04033-0.04185-0.05372
GRID        2593         1.06022-0.05948-0.07104
GRID        2594        0.9109460.0613540.072281
GRID        2595        0.9009820.0711550.086128
GRID        2596        0.9308680.0419070.045632
GRID        2597        0.9209100.0516030.058780
GRID        2598        0.9507820.0226970.020427
GRID        2599        0.9408280.0322700.032845
GRID        2600        0.9706890.003758-0.00327
GRID        2601        0.9607380.0131920.008384
GRID        2602        0.990589-0.01488-0.02543
GRID        2603        0.980641-0.00560-0.01455
GRID        2604         1.01049-0.03320-0.04601
GRID        2605         1.00054-0.02408-0.03592
GRID        2606         1.03038-0.05119-0.06498
GRID        2607         1.02043-0.04224-0.05570
GRID        2608         1.04032-0.06005-0.07385
GRID        2609        0.8909940.0617250.074456
GRID        2610        0.8810250.0715600.088620
GRID        2611        0.9109290.0421890.047136
GRID        2612        0.9009650.0519330.060625
GRID        2613        0.9308530.0228660.021217
GRID        2614        0.9208930.0324990.033997
GRID        2615        0.9507680.003792-0.00323
GRID        2616        0.9408130.0132960.008803
GRID        2617        0.970677-0.01500-0.02617
GRID        2618        0.960725-0.00564-0.01490
GRID        2619        0.990579-0.03349-0.04755
GRID        2620        0.980630-0.02428-0.03706
GRID        2621         1.01048-0.05165-0.06734
GRID        2622         1.00053-0.04261-0.05765
GRID        2623         1.02043-0.06060-0.07663
GRID        2624        0.8710290.0620560.076563
GRID        2625        0.8610530.0719160.091029
GRID        2626        0.8909760.0424480.048599
GRID        2627        0.8810060.0522310.062417
GRID        2628        0.9109120.0230240.021990
GRID        2629        0.9009470.0327100.035121
GRID        2630        0.9308370.003826-0.00319
GRID        2631        0.9208770.0133950.009214
GRID        2632        0.950755-0.01511-0.02690
GRID        2633        0.940798-0.00567-0.01523
GRID        2634        0.970665-0.03376-0.04907
GRID        2635        0.960712-0.02447-0.03818
GRID        2636        0.990569-0.05209-0.06968
GRID        2637        0.980619-0.04297-0.05957
GRID        2638         1.00052-0.06114-0.07938
GRID        2639        0.8510490.0623430.078596
GRID        2640        0.8410670.0722180.093347
GRID        2641        0.8710090.0426790.050018
GRID        2642        0.8610320.0524950.064149
GRID        2643        0.8909570.0231700.022742
GRID        2644        0.8809860.0329030.036212
GRID        2645        0.9108940.003859-0.00315
GRID        2646        0.9009290.0134880.009615
GRID        2647        0.930822-0.01521-0.02761
GRID        2648        0.920861-0.00570-0.01557
GRID        2649        0.950741-0.03401-0.05057
GRID        2650        0.940784-0.02465-0.03928
GRID        2651        0.970653-0.05252-0.07198
GRID        2652        0.960699-0.04330-0.06147
GRID        2653        0.980608-0.06165-0.08209
GRID        2654        0.8310540.0625820.080548
GRID        2655        0.8210650.0724610.095567
GRID        2656        0.8510280.0428820.051387
GRID        2657        0.8410440.0527200.065817
GRID        2658        0.8709890.0233030.023471
GRID        2659        0.8610120.0330740.037268
GRID        2660        0.8909380.003893-0.00311
GRID        2661        0.8809670.0135740.010006
GRID        2662        0.910877-0.01530-0.02830
GRID        2663        0.900911-0.00573-0.01589
GRID        2664        0.930807-0.03425-0.05203
GRID        2665        0.920845-0.02481-0.04035
GRID        2666        0.950727-0.05292-0.07424
GRID        2667        0.940769-0.04362-0.06333
GRID        2668        0.960686-0.06214-0.08476
GRID        2669        0.8110440.0627690.082411
GRID        2670        0.8010470.0726420.097680
GRID        2671        0.8310310.0430520.052701
GRID        2672        0.8210410.0529030.067414
GRID        2673        0.8510060.0234200.024176
GRID        2674        0.8410220.0332220.038285
GRID        2675        0.8709690.003926-0.00307
GRID        2676        0.8609910.0136530.010385
GRID        2677        0.890920-0.01538-0.02897
GRID        2678        0.880947-0.00575-0.01620
GRID        2679        0.910860-0.03447-0.05345
GRID        2680        0.900893-0.02495-0.04139
GRID        2681        0.930791-0.05329-0.07645
GRID        2682        0.920828-0.04391-0.06514
GRID        2683        0.940755-0.06260-0.08737
GRID        2684        0.7910170.0629000.084180
GRID        2685        0.7810130.0727560.099679
GRID        2686        0.8110190.0431870.053958
GRID        2687        0.8010220.0530410.068935
GRID        2688        0.8310080.0235210.024854
GRID        2689        0.8210170.0333450.039260
GRID        2690        0.8509840.003958-0.00303
GRID        2691        0.8410000.0137240.010752
GRID        2692        0.870948-0.01545-0.02962
GRID        2693        0.860970-0.00576-0.01649
GRID        2694        0.890901-0.03466-0.05483
GRID        2695        0.880928-0.02508-0.04240
GRID        2696        0.910843-0.05363-0.07860
GRID        2697        0.900875-0.04418-0.06690
GRID        2698        0.920812-0.06302-0.08993
GRID        2699        0.7709740.0629720.085848
GRID        2700        0.7609630.0727970.101555
GRID        2701        0.7909910.0432850.055151
GRID        2702        0.7809860.0531310.070375
GRID        2703        0.8109950.0236050.025503
GRID        2704        0.8009970.0334400.040189
GRID        2705        0.8309850.003991-0.00299
GRID        2706        0.8209930.0137860.011104
GRID        2707        0.850962-0.01550-0.03024
GRID        2708        0.840977-0.00577-0.01678
GRID        2709        0.870928-0.03482-0.05617
GRID        2710        0.860949-0.02518-0.04338
GRID        2711        0.890882-0.05394-0.08070
GRID        2712        0.880908-0.04441-0.06861
GRID        2713        0.900857-0.06340-0.09241
GRID        2714        0.7509160.0629790.087407
GRID        2715        0.7408980.0727610.103301
GRID        2716        0.7709480.0433430.056277
GRID        2717        0.7609350.0531700.071727
GRID        2718        0.7909660.0236700.026120
GRID        2719        0.7809600.0335070.041070
GRID        2720        0.8109700.004023-0.00295
GRID        2721        0.8009720.0138390.011441
GRID        2722        0.830962-0.01553-0.03084
GRID        2723        0.820970-0.00577-0.01705
GRID        2724        0.850941-0.03496-0.05746
GRID        2725        0.840955-0.02527-0.04431
GRID        2726        0.870908-0.05420-0.08272
GRID        2727        0.860928-0.04461-0.07027
GRID        2728        0.880889-0.06374-0.09483
GRID        2729        0.7308440.0629180.088850
GRID        2730        0.7208180.0726440.104907
GRID        2731        0.7508880.0433580.057330
GRID        2732        0.7408690.0531530.072985
GRID        2733        0.7709210.0237140.026704
GRID        2734        0.7609080.0335420.041897
GRID        2735        0.7909400.004054-0.00291
GRID        2736        0.7809340.0138820.011763
GRID        2737        0.810946-0.01555-0.03141
GRID        2738        0.800946-0.00576-0.01730
GRID        2739        0.830939-0.03507-0.05869
GRID        2740        0.820946-0.02533-0.04521
GRID        2741        0.850919-0.05442-0.08468
GRID        2742        0.840932-0.04477-0.07185
GRID        2743        0.860907-0.06403-0.09715
GRID        2744        0.7107570.0627850.090170
GRID        2745        0.7007250.0724400.106366
GRID        2746        0.7308150.0433270.058306
GRID        2747        0.7207890.0530770.074145
GRID        2748        0.7508610.0237370.027252
GRID        2749        0.7408410.0335440.042670
GRID        2750        0.7708940.004086-0.00286
GRID        2751        0.7608810.0139150.012067
GRID        2752        0.790914-0.01556-0.03194
GRID        2753        0.780908-0.00574-0.01754
GRID        2754        0.810921-0.03514-0.05987
GRID        2755        0.800921-0.02536-0.04605
GRID        2756        0.830916-0.05460-0.08655
GRID        2757        0.820922-0.04488-0.07337
GRID        2758        0.840910-0.06426-0.09939
GRID        2759        0.6906570.0625760.091361
GRID        2760        0.6806200.0721450.107669
GRID        2761        0.7107270.0432490.059201
GRID        2762        0.7006950.0529400.075199
GRID        2763        0.7307860.0237370.027761
GRID        2764        0.7207600.0335110.043382
GRID        2765        0.7508330.004116-0.00282
GRID        2766        0.7408130.0139360.012352
GRID        2767        0.770867-0.01554-0.03244
GRID        2768        0.760853-0.00571-0.01776
GRID        2769        0.790888-0.03517-0.06098
GRID        2770        0.780881-0.02536-0.04685
GRID        2771        0.810897-0.05472-0.08833
GRID        2772        0.800896-0.04496-0.07481
GRID        2773        0.820898-0.06444-0.10153
GRID        2774        0.6705460.0622860.092415
GRID        2775        0.6605030.0717540.108809
GRID        2776        0.6906270.0431190.060009
GRID        2777        0.6805890.0527370.076142
GRID        2778        0.7106980.0237120.028229
GRID        2779        0.7006650.0334400.044032
GRID        2780        0.7307570.004147-0.00278
GRID        2781        0.7207300.0139450.012618
GRID        2782        0.750805-0.01550-0.03290
GRID        2783        0.740784-0.00567-0.01796
GRID        2784        0.770840-0.03517-0.06202
GRID        2785        0.760826-0.02533-0.04759
GRID        2786        0.790863-0.05479-0.09001
GRID        2787        0.780855-0.04499-0.07616
GRID        2788        0.800871-0.06456-0.10356
GRID        2789        0.6504250.0619120.093325
GRID        2790        0.6403780.0712620.109776
GRID        2791        0.6705150.0429350.060726
GRID        2792        0.6604720.0524660.076969
GRID        2793        0.6905960.0236620.028655
GRID        2794        0.6805580.0333300.044615
GRID        2795        0.7106680.004176-0.00274
GRID        2796        0.7006350.0139410.012863
GRID        2797        0.730728-0.01544-0.03333
GRID        2798        0.720701-0.00562-0.01814
GRID        2799        0.750777-0.03512-0.06299
GRID        2800        0.740756-0.02528-0.04828
GRID        2801        0.770813-0.05480-0.09160
GRID        2802        0.760798-0.04496-0.07743
GRID        2803        0.780829-0.06461-0.10547
GRID        2804        0.6302960.0614500.094085
GRID        2805        0.6202470.0706660.110564
GRID        2806        0.6503930.0426950.061347
GRID        2807        0.6403460.0521230.077672
GRID        2808        0.6704840.0235850.029035
GRID        2809        0.6604400.0331790.045128
GRID        2810        0.6905660.004206-0.00269
GRID        2811        0.6805270.0139230.013087
GRID        2812        0.710638-0.01535-0.03371
GRID        2813        0.700605-0.00555-0.01830
GRID        2814        0.730699-0.03503-0.06388
GRID        2815        0.720672-0.02518-0.04891
GRID        2816        0.750749-0.05474-0.09307
GRID        2817        0.740727-0.04488-0.07860
GRID        2818        0.760771-0.06459-0.10727
GRID        2819        0.6101630.0608960.094686
GRID        2820        0.6001120.0699590.111163
GRID        2821        0.6302650.0423960.061868
GRID        2822        0.6202150.0517040.078247
GRID        2823        0.6503620.0234790.029368
GRID        2824        0.6403150.0329840.045568
GRID        2825        0.6704530.004234-0.00265
GRID        2826        0.6604090.0138920.013287
GRID        2827        0.690535-0.01525-0.03405
GRID        2828        0.680496-0.00548-0.01844
GRID        2829        0.710608-0.03489-0.06469
GRID        2830        0.700575-0.02505-0.04947
GRID        2831        0.730670-0.05462-0.09443
GRID        2832        0.720642-0.04475-0.07968
GRID        2833        0.740699-0.06449-0.10893
GRID        2834        0.5799770.0691390.111568
GRID        2835        0.5900280.0602450.095123
GRID        2836        0.6101310.0420350.062284
GRID        2837        0.6000800.0512070.078688
GRID        2838        0.6302330.0233430.029650
GRID        2839        0.6201830.0327430.045931
GRID        2840        0.6503300.004262-0.00261
GRID        2841        0.6402830.0138450.013463
GRID        2842        0.670422-0.01511-0.03434
GRID        2843        0.660378-0.00539-0.01855
GRID        2844        0.690505-0.03470-0.06541
GRID        2845        0.680466-0.02488-0.04997
GRID        2846        0.710579-0.05442-0.09566
GRID        2847        0.700545-0.04455-0.08064
GRID        2848        0.720613-0.06431-0.11044
GRID        2849        0.5598440.0682100.111785
GRID        2850        0.5698940.0594990.095395
GRID        2851        0.5799450.0506290.078990
GRID        2852        0.5899960.0416100.062590
GRID        2853        0.6100990.0231760.029881
GRID        2854        0.6000480.0324550.046213
GRID        2855        0.6302010.004290-0.00256
GRID        2856        0.6201510.0137830.013613
GRID        2857        0.650299-0.01495-0.03459
GRID        2858        0.640251-0.00529-0.01864
GRID        2859        0.670391-0.03446-0.06604
GRID        2860        0.660346-0.02468-0.05039
GRID        2861        0.690475-0.05416-0.09676
GRID        2862        0.680435-0.04429-0.08150
GRID        2863        0.700515-0.06405-0.11182
GRID        2864        0.5397160.0671760.111821
GRID        2865        0.5497640.0586600.095509
GRID        2866        0.5598120.0499720.079158
GRID        2867        0.5698630.0411210.062786
GRID        2868        0.5799130.0321190.046412
GRID        2869        0.5899640.0229760.030056
GRID        2870        0.6100680.004317-0.00252
GRID        2871        0.6000160.0137050.013737
GRID        2872        0.630169-0.01476-0.03478
GRID        2873        0.620119-0.00517-0.01870
GRID        2874        0.650267-0.03416-0.06657
GRID        2875        0.640220-0.02442-0.05074
GRID        2876        0.670360-0.05381-0.09773
GRID        2877        0.660315-0.04396-0.08224
GRID        2878        0.680404-0.06370-0.11303
GRID        2879        0.5195960.0660420.111684
GRID        2880        0.5296400.0577340.095471
GRID        2881        0.5396850.0492400.079196
GRID        2882        0.5497330.0405700.062877
GRID        2883        0.5597800.0317350.046531
GRID        2884        0.5698310.0227440.030177
GRID        2885        0.5798810.0136100.013834
GRID        2886        0.5899320.004343-0.00247
GRID        2887        0.610036-0.01454-0.03492
GRID        2888        0.599984-0.00504-0.01873
GRID        2889        0.630137-0.03381-0.06700
GRID        2890        0.620087-0.02413-0.05102
GRID        2891        0.650236-0.05338-0.09855
GRID        2892        0.640188-0.04356-0.08285
GRID        2893        0.660284-0.06325-0.11408
GRID        2894        0.4994850.0648120.111383
GRID        2895        0.5095250.0567240.095289
GRID        2896        0.5195650.0484370.079112
GRID        2897        0.5296090.0399600.062867
GRID        2898        0.5396540.0313050.046572
GRID        2899        0.5497010.0224810.030245
GRID        2900        0.5597490.0134980.013904
GRID        2901        0.5697990.004368-0.00243
GRID        2902        0.579849-0.00489-0.01874
GRID        2903        0.589901-0.01428-0.03501
GRID        2904        0.610004-0.03339-0.06733
GRID        2905        0.599952-0.02379-0.05121
GRID        2906        0.630106-0.05286-0.09922
GRID        2907        0.620055-0.04309-0.08334
GRID        2908        0.640156-0.06270-0.11496
GRID        2909        0.4793870.0634920.110926
GRID        2910        0.4894210.0556340.094970
GRID        2911        0.4994550.0475650.078910
GRID        2912        0.5094950.0392950.062761
GRID        2913        0.5195340.0308330.046540
GRID        2914        0.5295780.0221880.030263
GRID        2915        0.5396220.0133710.013949
GRID        2916        0.5496700.004393-0.00238
GRID        2917        0.559717-0.00473-0.01872
GRID        2918        0.569767-0.01400-0.03504
GRID        2919        0.579817-0.02340-0.05132
GRID        2920        0.589869-0.03292-0.06754
GRID        2921        0.609972-0.05225-0.09973
GRID        2922        0.599920-0.04254-0.08369
GRID        2923        0.620023-0.06205-0.11566
GRID        2924        0.4593010.0620870.110321
GRID        2925        0.4693300.0544690.094521
GRID        2926        0.4793580.0466290.078597
GRID        2927        0.4893920.0385760.062564
GRID        2928        0.4994250.0303190.046438
GRID        2929        0.5094650.0218670.030234
GRID        2930        0.5195040.0132300.013969
GRID        2931        0.5295470.004417-0.00233
GRID        2932        0.539591-0.00456-0.01867
GRID        2933        0.549638-0.01369-0.03501
GRID        2934        0.559685-0.02297-0.05134
GRID        2935        0.569735-0.03238-0.06765
GRID        2936        0.579785-0.04191-0.08390
GRID        2937        0.589837-0.05155-0.10008
GRID        2938        0.599888-0.06129-0.11616
GRID        2939        0.4392290.0606010.109575
GRID        2940        0.4492510.0532320.093947
GRID        2941        0.4592730.0456310.078178
GRID        2942        0.4693010.0378060.062280
GRID        2943        0.4793280.0297660.046269
GRID        2944        0.4893620.0215190.030159
GRID        2945        0.4993950.0130740.013966
GRID        2946        0.5094340.004440-0.00229
GRID        2947        0.519473-0.00437-0.01860
GRID        2948        0.529516-0.01335-0.03494
GRID        2949        0.539560-0.02249-0.05129
GRID        2950        0.549607-0.03178-0.06764
GRID        2951        0.559654-0.04120-0.08397
GRID        2952        0.569704-0.05075-0.10026
GRID        2953        0.579753-0.06041-0.11648
GRID        2954        0.4191710.0590390.108698
GRID        2955        0.4291870.0519280.093258
GRID        2956        0.4392020.0445750.077659
GRID        2957        0.4492230.0369890.061914
GRID        2958        0.4592440.0291760.046036
GRID        2959        0.4692720.0211450.030040
GRID        2960        0.4792990.0129040.013941
GRID        2961        0.4893320.004463-0.00224
GRID        2962        0.499365-0.00416-0.01850
GRID        2963        0.509404-0.01298-0.03482
GRID        2964        0.519442-0.02197-0.05117
GRID        2965        0.529485-0.03112-0.06754
GRID        2966        0.539528-0.04042-0.08392
GRID        2967        0.549575-0.04986-0.10028
GRID        2968        0.559622-0.05943-0.11660
GRID        2969        0.3991290.0574050.107697
GRID        2970        0.4091370.0505610.092459
GRID        2971        0.4191450.0434660.077046
GRID        2972        0.4291600.0361270.061470
GRID        2973        0.4391740.0285510.045744
GRID        2974        0.4491950.0207470.029881
GRID        2975        0.4592160.0127220.013895
GRID        2976        0.4692430.004485-0.00219
GRID        2977        0.479270-0.00395-0.01838
GRID        2978        0.489302-0.01259-0.03465
GRID        2979        0.499335-0.02141-0.05097
GRID        2980        0.509373-0.03040-0.06734
GRID        2981        0.519411-0.03957-0.08374
GRID        2982        0.529454-0.04889-0.10015
GRID        2983        0.539497-0.05835-0.11654
GRID        2984        0.3791020.0557050.106581
GRID        2985        0.3891030.0491350.091558
GRID        2986        0.3991040.0423050.076345
GRID        2987        0.4091120.0352220.060953
GRID        2988        0.4191190.0278940.045395
GRID        2989        0.4291330.0203270.029683
GRID        2990        0.4391470.0125280.013829
GRID        2991        0.4491670.004507-0.00215
GRID        2992        0.459187-0.00372-0.01824
GRID        2993        0.469214-0.01217-0.03443
GRID        2994        0.479240-0.02081-0.05071
GRID        2995        0.489273-0.02964-0.06705
GRID        2996        0.499305-0.03865-0.08344
GRID        2997        0.509343-0.04783-0.09987
GRID        2998        0.519380-0.05717-0.11631
GRID        2999        0.3590900.0539440.105357
GRID        3000        0.3690840.0476540.090561
GRID        3001        0.3790780.0410960.075561
GRID        3002        0.3890790.0342780.060368
GRID        3003        0.3990790.0272050.044993
GRID        3004        0.4090860.0198850.029448
GRID        3005        0.4190920.0123230.013745
GRID        3006        0.4291060.004528-0.00210
GRID        3007        0.439119-0.00349-0.01808
GRID        3008        0.449139-0.01173-0.03418
GRID        3009        0.459159-0.02018-0.05038
GRID        3010        0.469185-0.02883-0.06667
GRID        3011        0.479211-0.03767-0.08303
GRID        3012        0.489243-0.04669-0.09945
GRID        3013        0.499275-0.05589-0.11591
GRID        3014        0.3390930.0521250.104034
GRID        3015        0.3490810.0461220.089475
GRID        3016        0.3590680.0398440.074701
GRID        3017        0.3690610.0332970.059720
GRID        3018        0.3790540.0264880.044542
GRID        3019        0.3890540.0194230.029180
GRID        3020        0.3990540.0121070.013643
GRID        3021        0.4090600.004549-0.00205
GRID        3022        0.419066-0.00324-0.01790
GRID        3023        0.429079-0.01126-0.03388
GRID        3024        0.439092-0.01951-0.04999
GRID        3025        0.449112-0.02797-0.06621
GRID        3026        0.459131-0.03663-0.08252
GRID        3027        0.469156-0.04548-0.09891
GRID        3028        0.479182-0.05452-0.11536
GRID        3029        0.3191110.0502540.102619
GRID        3030        0.3290920.0445420.088308
GRID        3031        0.3390720.0385500.073769
GRID        3032        0.3490590.0322830.059012
GRID        3033        0.3590450.0257450.044046
GRID        3034        0.3690380.0189420.028880
GRID        3035        0.3790300.0118820.013525
GRID        3036        0.3890300.004569-0.00200
GRID        3037        0.399028-0.00298-0.01770
GRID        3038        0.409034-0.01078-0.03355
GRID        3039        0.419040-0.01881-0.04955
GRID        3040        0.429052-0.02706-0.06567
GRID        3041        0.439065-0.03553-0.08191
GRID        3042        0.449084-0.04420-0.09824
GRID        3043        0.459102-0.05308-0.11466
GRID        3044        0.2991430.0483340.101120
GRID        3045        0.3091180.0429200.087065
GRID        3046        0.3190920.0372190.072772
GRID        3047        0.3290720.0312360.058250
GRID        3048        0.3390510.0249760.043506
GRID        3049        0.3490380.0184450.028550
GRID        3050        0.3590230.0116470.013391
GRID        3051        0.3690150.004589-0.00195
GRID        3052        0.379007-0.00272-0.01749
GRID        3053        0.389005-0.01028-0.03319
GRID        3054        0.399003-0.01808-0.04905
GRID        3055        0.409009-0.02611-0.06506
GRID        3056        0.419014-0.03438-0.08120
GRID        3057        0.429026-0.04286-0.09745
GRID        3058        0.439037-0.05155-0.11382
GRID        3059        0.2791880.0463710.099545
GRID        3060        0.2891570.0412580.085754
GRID        3061        0.2991250.0358530.071716
GRID        3062        0.3090990.0301610.057438
GRID        3063        0.3190720.0241850.042928
GRID        3064        0.3290520.0179310.028193
GRID        3065        0.3390300.0114040.013244
GRID        3066        0.3490160.004608-0.00191
GRID        3067        0.359000-0.00244-0.01726
GRID        3068        0.368992-0.00976-0.03279
GRID        3069        0.378983-0.01732-0.04850
GRID        3070        0.388981-0.02513-0.06438
GRID        3071        0.398978-0.03317-0.08040
GRID        3072        0.408983-0.04145-0.09656
GRID        3073        0.418987-0.04994-0.11284
GRID        3074        0.2592450.0443700.097902
GRID        3075        0.2692090.0395610.084381
GRID        3076        0.2791720.0344560.070605
GRID        3077        0.2891400.0290590.056580
GRID        3078        0.2991070.0233730.042313
GRID        3079        0.3090800.0174030.027812
GRID        3080        0.3190530.0111520.013084
GRID        3081        0.3290310.004627-0.00186
GRID        3082        0.339009-0.00216-0.01701
GRID        3083        0.348994-0.00922-0.03237
GRID        3084        0.358978-0.01654-0.04791
GRID        3085        0.368969-0.02411-0.06363
GRID        3086        0.378959-0.03193-0.07952
GRID        3087        0.388956-0.03998-0.09556
GRID        3088        0.398953-0.04827-0.11175
GRID        3089        0.2393140.0423330.096199
GRID        3090        0.2492730.0378330.082954
GRID        3091        0.2592310.0330320.069446
GRID        3092        0.2691930.0279340.055682
GRID        3093        0.2791550.0225420.041667
GRID        3094        0.2891230.0168610.027408
GRID        3095        0.2990890.0108940.012912
GRID        3096        0.3090620.004646-0.00181
GRID        3097        0.319033-0.00187-0.01675
GRID        3098        0.329011-0.00867-0.03191
GRID        3099        0.338988-0.01573-0.04727
GRID        3100        0.348972-0.02306-0.06283
GRID        3101        0.358956-0.03063-0.07856
GRID        3102        0.368946-0.03846-0.09447
GRID        3103        0.378935-0.04653-0.11053
GRID        3104        0.2193920.0402660.094443
GRID        3105        0.2293470.0360760.081477
GRID        3106        0.2393010.0315820.068244
GRID        3107        0.2492590.0267880.054746
GRID        3108        0.2592160.0216950.040991
GRID        3109        0.2691780.0163080.026983
GRID        3110        0.2791390.0106290.012729
GRID        3111        0.2891060.004664-0.00176
GRID        3112        0.299071-0.00158-0.01648
GRID        3113        0.309043-0.00810-0.03143
GRID        3114        0.319014-0.01490-0.04660
GRID        3115        0.328991-0.02197-0.06197
GRID        3116        0.338968-0.02930-0.07753
GRID        3117        0.348951-0.03689-0.09328
GRID        3118        0.358933-0.04473-0.10921
GRID        3119        0.1994800.0381740.092642
GRID        3120        0.2094310.0342960.079959
GRID        3121        0.2193810.0301110.067004
GRID        3122        0.2293350.0256230.053779
GRID        3123        0.2392880.0208320.040289
GRID        3124        0.2492450.0157440.026540
GRID        3125        0.2592020.0103590.012536
GRID        3126        0.2691630.004682-0.00171
GRID        3127        0.279123-0.00128-0.01620
GRID        3128        0.289088-0.00753-0.03093
GRID        3129        0.299053-0.01406-0.04588
GRID        3130        0.309024-0.02086-0.06106
GRID        3131        0.318994-0.02793-0.07644
GRID        3132        0.328971-0.03527-0.09202
GRID        3133        0.338947-0.04287-0.10779
GRID        3134        0.1795750.0360600.090803
GRID        3135        0.1895230.0324950.078406
GRID        3136        0.1994700.0286220.065731
GRID        3137        0.2094210.0244420.052783
GRID        3138        0.2193700.0199570.039565
GRID        3139        0.2293230.0151700.026081
GRID        3140        0.2392750.0100830.012335
GRID        3141        0.2492320.004700-0.00166
GRID        3142        0.259187-0.00097-0.01591
GRID        3143        0.269147-0.00694-0.03041
GRID        3144        0.279107-0.01319-0.04514
GRID        3145        0.289071-0.01972-0.06010
GRID        3146        0.299035-0.02653-0.07528
GRID        3147        0.309006-0.03361-0.09068
GRID        3148        0.318975-0.04096-0.10628
GRID        3149        0.1596760.0339290.088935
GRID        3150        0.1696220.0306780.076823
GRID        3151        0.1795670.0271170.064432
GRID        3152        0.1895150.0232470.051764
GRID        3153        0.1994610.0190700.038821
GRID        3154        0.2094110.0145880.025608
GRID        3155        0.2193590.0098030.012127
GRID        3156        0.2293110.004718-0.00161
GRID        3157        0.239262-0.00066-0.01561
GRID        3158        0.249218-0.00634-0.02987
GRID        3159        0.259172-0.01231-0.04437
GRID        3160        0.269132-0.01856-0.05910
GRID        3161        0.279090-0.02510-0.07407
GRID        3162        0.289054-0.03192-0.08927
GRID        3163        0.299018-0.03901-0.10468
GRID        3164        0.1397810.0317850.087043
GRID        3165        0.1497260.0288480.075218
GRID        3166        0.1596700.0256000.063112
GRID        3167        0.1696150.0220420.050726
GRID        3168        0.1795600.0181740.038062
GRID        3169        0.1895060.0140000.025123
GRID        3170        0.1994520.0095190.011912
GRID        3171        0.2094000.004735-0.00156
GRID        3172        0.219348-0.00034-0.01531
GRID        3173        0.229299-0.00573-0.02931
GRID        3174        0.239250-0.01141-0.04356
GRID        3175        0.249204-0.01738-0.05807
GRID        3176        0.259158-0.02364-0.07282
GRID        3177        0.269116-0.03018-0.08780
GRID        3178        0.279074-0.03701-0.10301
GRID        3179        0.1198900.0296330.085137
GRID        3180        0.1298340.0270090.073597
GRID        3181        0.1397770.0240730.061775
GRID        3182        0.1497210.0208270.049672
GRID        3183        0.1596640.0172710.037290
GRID        3184        0.1696090.0134050.024629
GRID        3185        0.1795520.0092320.011692
GRID        3186        0.1894980.004753-0.00151
GRID        3187        0.199443-3.07E-5-0.01499
GRID        3188        0.209390-0.00511-0.02874
GRID        3189        0.219337-0.01050-0.04274
GRID        3190        0.229287-0.01618-0.05700
GRID        3191        0.239237-0.02215-0.07152
GRID        3192        0.249190-0.02842-0.08627
GRID        3193        0.259143-0.03497-0.10127
GRID        3194        0.1099440.0251640.071967
GRID        3195        0.1198880.0225410.060428
GRID        3196        0.1298310.0196070.048608
GRID        3197        0.1397740.0163620.036508
GRID        3198        0.1497170.0128070.024127
GRID        3199        0.1596590.0089420.011467
GRID        3200        0.1696020.004770-0.00146
GRID        3201        0.1795450.000290-0.01467
GRID        3202        0.189490-0.00449-0.02815
GRID        3203        0.199433-0.00958-0.04190
GRID        3204        0.209380-0.01496-0.05591
GRID        3205        0.219326-0.02065-0.07018
GRID        3206        0.229275-0.02663-0.08470
GRID        3207        0.239224-0.03290-0.09947
GRID        3208        0.1099440.0183830.047538
GRID        3209        0.1198860.0154490.035719
GRID        3210        0.1298280.0122050.023620
GRID        3211        0.1397700.0086510.011240
GRID        3212        0.1497120.004787-0.00141
GRID        3213        0.1596530.000614-0.01435
GRID        3214        0.169596-0.00386-0.02756
GRID        3215        0.179537-0.00865-0.04104
GRID        3216        0.189481-0.01373-0.05479
GRID        3217        0.199424-0.01913-0.06881
GRID        3218        0.209370-0.02481-0.08308
GRID        3219        0.219315-0.03080-0.09761
GRID        3220        0.1099430.0116020.023109
GRID        3221        0.1198840.0083580.011010
GRID        3222        0.1298260.004804-0.00136
GRID        3223        0.1397660.000940-0.01402
GRID        3224        0.149707-0.00323-0.02696
GRID        3225        0.159648-0.00771-0.04017
GRID        3226        0.169589-0.01250-0.05366
GRID        3227        0.179530-0.01759-0.06741
GRID        3228        0.189473-0.02298-0.08143
GRID        3229        0.199415-0.02867-0.09572
GRID        3230        0.1099420.004821-0.00131
GRID        3231        0.1198820.001267-0.01369
GRID        3232        0.129823-0.00259-0.02635
GRID        3233        0.139762-0.00677-0.03929
GRID        3234        0.149703-0.01125-0.05250
GRID        3235        0.159642-0.01604-0.06599
GRID        3236        0.169583-0.02113-0.07975
GRID        3237        0.179522-0.02653-0.09378
GRID        3238        0.109941-0.00195-0.02574
GRID        3239        0.119880-0.00582-0.03840
GRID        3240        0.129820-0.00999-0.05134
GRID        3241        0.139759-0.01448-0.06456
GRID        3242        0.149698-0.01927-0.07805
GRID        3243        0.159636-0.02436-0.09181
GRID        3244        0.109940-0.00874-0.05017
GRID        3245        0.119879-0.01291-0.06311
GRID        3246        0.129817-0.01739-0.07633
GRID        3247        0.139755-0.02219-0.08982
GRID        3248        0.109939-0.01552-0.07460
GRID        3249        0.119877-0.02000-0.08782
GRID        3250         1.080120.0731960.072234
GRID        3251         1.090060.0710610.072347
GRID        3252         1.060240.0739090.075516
GRID        3253         1.070170.0717600.075616
GRID        3254         1.080110.0696260.075731
GRID        3255         1.040360.0746110.078782
GRID        3256         1.050290.0724510.078872
GRID        3257         1.060220.0703050.078975
GRID        3258         1.020470.0752990.082023
GRID        3259         1.030400.0731300.082107
GRID        3260         1.040330.0709730.082203
GRID        3261         1.000570.0759670.085229
GRID        3262         1.010500.0737910.085312
GRID        3263         1.020440.0716270.085405
GRID        3264        0.9806690.0766100.088393
GRID        3265        0.9906000.0744300.088479
GRID        3266         1.000530.0722610.088573
GRID        3267        0.9706890.0750420.091600
GRID        3268        0.9607570.0772230.091506
GRID        3269        0.9806240.0728690.091698
GRID        3270        0.9507680.0756200.094665
GRID        3271        0.9408350.0778000.094560
GRID        3272        0.9607050.0734480.094772
GRID        3273        0.9308370.0761620.097665
GRID        3274        0.9209020.0783370.097545
GRID        3275        0.9407770.0739920.097787
GRID        3276        0.9108940.0766600.100594
GRID        3277        0.9009560.0788290.100453
GRID        3278        0.9208370.0744960.100733
GRID        3279        0.8909380.0771100.103440
GRID        3280        0.8809960.0792700.103275
GRID        3281        0.9008840.0749540.103601
GRID        3282        0.8709690.0775080.106195
GRID        3283        0.8610220.0796550.106002
GRID        3284        0.8809180.0753620.106383
GRID        3285        0.8509840.0778470.108852
GRID        3286        0.8410330.0799800.108626
GRID        3287        0.8609380.0757140.109070
GRID        3288        0.8309850.0781220.111399
GRID        3289        0.8210290.0802380.111136
GRID        3290        0.8409430.0760060.111652
GRID        3291        0.8109700.0783290.113829
GRID        3292        0.8010090.0804240.113525
GRID        3293        0.8209340.0762310.114122
GRID        3294        0.7909400.0784610.116132
GRID        3295        0.7809730.0805330.115782
GRID        3296        0.8009090.0763850.116469
GRID        3297        0.7708940.0785140.118299
GRID        3298        0.7609220.0805600.117899
GRID        3299        0.7808680.0764630.118684
GRID        3300        0.7508330.0784830.120321
GRID        3301        0.7408550.0805000.119866
GRID        3302        0.7608120.0764590.120759
GRID        3303        0.7307570.0783610.122188
GRID        3304        0.7207740.0803460.121674
GRID        3305        0.7407410.0763670.122683
GRID        3306        0.7106680.0781430.123891
GRID        3307        0.7006800.0800940.123313
GRID        3308        0.7206570.0761820.124448
GRID        3309        0.6905660.0778250.125421
GRID        3310        0.6805730.0797370.124775
GRID        3311        0.7005600.0759000.126043
GRID        3312        0.6704530.0774000.126768
GRID        3313        0.6604560.0792720.126049
GRID        3314        0.6804500.0755140.127460
GRID        3315        0.6503300.0768640.127922
GRID        3316        0.6403300.0786920.127126
GRID        3317        0.6603310.0750200.128690
GRID        3318        0.6302010.0762100.128874
GRID        3319        0.6201990.0779920.127997
GRID        3320        0.6402040.0744110.129721
GRID        3321        0.6100680.0754350.129615
GRID        3322        0.6000640.0771670.128652
GRID        3323        0.6200710.0736840.130546
GRID        3324        0.5899320.0745320.130136
GRID        3325        0.5799290.0762140.129086
GRID        3326        0.5999360.0728320.131155
GRID        3327        0.5597960.0751360.129303
GRID        3328        0.5697990.0735020.130437
GRID        3329        0.5798010.0718520.131542
GRID        3330        0.5396690.0739380.129314
GRID        3331        0.5496700.0723510.130527
GRID        3332        0.5596700.0707480.131713
GRID        3333        0.5195500.0726260.129128
GRID        3334        0.5295470.0710830.130415
GRID        3335        0.5395440.0695250.131676
GRID        3336        0.4994400.0712060.128753
GRID        3337        0.5094340.0697050.130109
GRID        3338        0.5194270.0681890.131442
GRID        3339        0.4793430.0696830.128200
GRID        3340        0.4893320.0682210.129620
GRID        3341        0.4993200.0667450.131020
GRID        3342        0.4592590.0680630.127478
GRID        3343        0.4692430.0666370.128957
GRID        3344        0.4792260.0651990.130419
GRID        3345        0.4391880.0663500.126595
GRID        3346        0.4491670.0649590.128129
GRID        3347        0.4591450.0635570.129648
GRID        3348        0.4191320.0645510.125561
GRID        3349        0.4291060.0631920.127146
GRID        3350        0.4390780.0618230.128717
GRID        3351        0.3990910.0626720.124387
GRID        3352        0.4090600.0613420.126016
GRID        3353        0.4190270.0600030.127635
GRID        3354        0.3790660.0607160.123080
GRID        3355        0.3890300.0594140.124750
GRID        3356        0.3989910.0581030.126412
GRID        3357        0.3590570.0586900.121650
GRID        3358        0.3690150.0574130.123356
GRID        3359        0.3789710.0561270.125056
GRID        3360        0.3390620.0565990.120106
GRID        3361        0.3490160.0553440.121843
GRID        3362        0.3589670.0540820.123578
GRID        3363        0.3190820.0544490.118457
GRID        3364        0.3290310.0532130.120222
GRID        3365        0.3389780.0519720.121985
GRID        3366        0.2991160.0522430.116713
GRID        3367        0.3090620.0510260.118500
GRID        3368        0.3190040.0498030.120288
GRID        3369        0.2791630.0499890.114882
GRID        3370        0.2891060.0487860.116687
GRID        3371        0.2990440.0475800.118495
GRID        3372        0.2592230.0476890.112973
GRID        3373        0.2691630.0465000.114791
GRID        3374        0.2790980.0453070.116615
GRID        3375        0.2392950.0453510.110995
GRID        3376        0.2492320.0441710.112822
GRID        3377        0.2591650.0429910.114657
GRID        3378        0.2293110.0418070.110788
GRID        3379        0.2193760.0429780.108957
GRID        3380        0.2392430.0406350.112631
GRID        3381        0.2094000.0394100.108699
GRID        3382        0.1994660.0405760.106867
GRID        3383        0.2193310.0382460.110543
GRID        3384        0.1894980.0369870.106562
GRID        3385        0.1795630.0381490.104734
GRID        3386        0.1994290.0358270.108405
GRID        3387        0.1696020.0345420.104387
GRID        3388        0.1596670.0357030.102567
GRID        3389        0.1795340.0333840.106223
GRID        3390        0.1497120.0320790.102181
GRID        3391        0.1397760.0332420.100374
GRID        3392        0.1596450.0309210.104007
GRID        3393        0.1298260.0296050.099954
GRID        3394        0.1198870.0307720.098164
GRID        3395        0.1397610.0284450.101766
GRID        3396        0.1099420.0271230.097714
GRID        3397        0.1198800.0259580.099506
GRID        3398        0.1000000.0218260.071797
GRID        3399        0.1000000.0226460.084518
GRID        3400        0.1000000.0169960.073091
GRID        3401        0.1000000.0153550.047649
GRID        3402        0.1000000.0161760.060370
GRID        3403        0.1000000.0105260.048943
GRID        3404        0.1000000.0088850.023501
GRID        3405        0.1000000.0097050.036222
GRID        3406        0.1000000.0040550.024795
GRID        3407        0.1000000.002414-0.00064
GRID        3408        0.1000000.0032350.012074
GRID        3409        0.100000-0.002410.000647
GRID        3410        0.100000-0.00405-0.02479
GRID        3411        0.100000-0.00323-0.01207
GRID        3412        0.100000-0.00888-0.02350
GRID        3413        0.100000-0.01052-0.04894
GRID        3414        0.100000-0.00970-0.03622
GRID        3415        0.100000-0.01535-0.04764
GRID        3416        0.100000-0.01699-0.07309
GRID        3417        0.100000-0.01617-0.06037
GRID        3418        0.100000-0.02182-0.07179
GRID        3419        0.100000-0.02264-0.08451
GRID        3420         1.100000.0548000.051265
GRID        3421         1.100000.0618710.061871
GRID        3422         1.100000.0512650.054800
GRID        3423         1.100000.0371230.033587
GRID        3424         1.100000.0441940.044194
GRID        3425         1.100000.0335870.037123
GRID        3426         1.100000.0194450.015909
GRID        3427         1.100000.0265160.026516
GRID        3428         1.100000.0159090.019445
GRID        3429         1.100000.001767-0.00176
GRID        3430         1.100000.0088380.008838
GRID        3431         1.10000-0.001760.001767
GRID        3432         1.10000-0.01590-0.01944
GRID        3433         1.10000-0.00883-0.00883
GRID        3434         1.10000-0.01944-0.01590
GRID        3435         1.10000-0.03358-0.03712
GRID        3436         1.10000-0.02651-0.02651
GRID        3437         1.10000-0.03712-0.03358
GRID        3438         1.10000-0.05126-0.05480
GRID        3439         1.10000-0.04419-0.04419
GRID        3440         1.10000-0.05480-0.05126
GRID        3441         1.10000-0.06187-0.06187
GRID        3442         1.090060.0532950.054260
GRID        3443         1.080120.0624840.064734
GRID        3444         1.080120.0553430.053738
GRID        3445         1.070170.0538190.056710
GRID        3446         1.060230.0630930.067590
GRID        3447         1.060240.0558820.056205
GRID        3448         1.080110.0517730.057235
GRID        3449         1.090060.0355300.036173
GRID        3450         1.080120.0446320.046239
GRID        3451         1.080120.0374900.035243
GRID        3452         1.050290.0543370.059152
GRID        3453         1.040340.0636930.070431
GRID        3454         1.040350.0564130.058660
GRID        3455         1.060230.0522780.059663
GRID        3456         1.070170.0358790.037807
GRID        3457         1.060230.0450660.048279
GRID        3458         1.060240.0378550.036894
GRID        3459         1.080110.0339200.038739
GRID        3460         1.090060.0177650.018086
GRID        3461         1.080120.0267790.027743
GRID        3462         1.080120.0196370.016747
GRID        3463         1.030400.0548460.061577
GRID        3464         1.020450.0642800.073250
GRID        3465         1.020460.0569340.061095
GRID        3466         1.040340.0527750.062079
GRID        3467         1.050290.0362250.039434
GRID        3468         1.040340.0454950.050308
GRID        3469         1.040350.0382150.038537
GRID        3470         1.060230.0342510.040351
GRID        3471         1.070170.0179390.018903
GRID        3472         1.060230.0270400.028967
GRID        3473         1.060230.0198290.017583
GRID        3474         1.080120.0160670.020243
GRID        3475         1.090065.02E-183.70E-18
GRID        3476         1.080120.0089260.009247
GRID        3477         1.080120.001785-0.00174
GRID        3478         1.010500.0553410.063980
GRID        3479         1.000550.0648500.076038
GRID        3480         1.000570.0574390.063505
GRID        3481         1.020440.0532610.064475
GRID        3482         1.030400.0365640.041051
GRID        3483         1.020450.0459140.052321
GRID        3484         1.020460.0385680.040167
GRID        3485         1.040340.0345770.041955
GRID        3486         1.050290.0181120.019717
GRID        3487         1.040340.0272970.030184
GRID        3488         1.040350.0200170.018414
GRID        3489         1.060230.0162240.021039
GRID        3490         1.070171.01E-177.50E-18
GRID        3491         1.060230.0090130.009655
GRID        3492         1.060230.001802-0.00172
GRID        3493         1.08012-0.001780.001748
GRID        3494         1.09006-0.01776-0.01808
GRID        3495         1.08012-0.01606-0.02024
GRID        3496         1.08012-0.00892-0.00924
GRID        3497        0.9906000.0558200.066355
GRID        3498        0.9806460.0653970.078790
GRID        3499        0.9806630.0579250.065883
GRID        3500         1.000540.0537320.066846
GRID        3501         1.010500.0368940.042653
GRID        3502         1.000550.0463210.054313
GRID        3503         1.000560.0389100.041781
GRID        3504         1.020440.0348950.043546
GRID        3505         1.030400.0182820.020525
GRID        3506         1.020450.0275480.031392
GRID        3507         1.020460.0202020.019239
GRID        3508         1.040340.0163780.021831
GRID        3509         1.050291.02E-177.91E-18
GRID        3510         1.040340.0090990.010061
GRID        3511         1.040340.001819-0.00170
GRID        3512         1.06023-0.001800.001728
GRID        3513         1.07017-0.01793-0.01890
GRID        3514         1.06023-0.01622-0.02103
GRID        3515         1.06023-0.00901-0.00965
GRID        3516         1.08012-0.01963-0.01674
GRID        3517         1.09006-0.03553-0.03617
GRID        3518         1.08011-0.03392-0.03873
GRID        3519         1.08012-0.02677-0.02774
GRID        3520        0.9706890.0562780.068694
GRID        3521        0.9607310.0659180.081497
GRID        3522        0.9607500.0583890.068223
GRID        3523        0.9806300.0541840.069185
GRID        3524        0.9906000.0372130.044236
GRID        3525        0.9806460.0467120.056278
GRID        3526        0.9806580.0392400.043373
GRID        3527         1.000540.0352030.045120
GRID        3528         1.010500.0184470.021327
GRID        3529         1.000550.0277920.032588
GRID        3530         1.000560.0203820.020056
GRID        3531         1.020450.0165290.022617
GRID        3532         1.030401.03E-178.42E-18
GRID        3533         1.020450.0091820.010464
GRID        3534         1.020450.001836-0.00168
GRID        3535         1.04034-0.001810.001708
GRID        3536         1.05029-0.01811-0.01971
GRID        3537         1.04034-0.01637-0.02183
GRID        3538         1.04034-0.00909-0.01006
GRID        3539         1.06023-0.01982-0.01758
GRID        3540         1.07017-0.03587-0.03780
GRID        3541         1.06023-0.03425-0.04035
GRID        3542         1.06023-0.02704-0.02896
GRID        3543         1.08012-0.03749-0.03524
GRID        3544         1.09006-0.05329-0.05426
GRID        3545         1.08011-0.05177-0.05723
GRID        3546         1.08012-0.04463-0.04623
GRID        3547        0.9507680.0567120.070992
GRID        3548        0.9408060.0664090.084152
GRID        3549        0.9408280.0588260.070518
GRID        3550        0.9607120.0546140.071486
GRID        3551        0.9706890.0375190.045796
GRID        3552        0.9607310.0470840.058212
GRID        3553        0.9607440.0395550.044939
GRID        3554        0.9806350.0354990.046672
GRID        3555        0.9906000.0186060.022118
GRID        3556        0.9806460.0280270.033767
GRID        3557        0.9806520.0205550.020862
GRID        3558         1.000550.0166740.023394
GRID        3559         1.000550.0092640.010862
GRID        3560         1.010501.05E-178.72E-18
GRID        3561         1.000550.001853-0.00166
GRID        3562         1.02045-0.001830.001688
GRID        3563         1.03040-0.01828-0.02052
GRID        3564         1.02045-0.01652-0.02261
GRID        3565         1.02045-0.00918-0.01046
GRID        3566         1.04035-0.02001-0.01841
GRID        3567         1.05029-0.03622-0.03943
GRID        3568         1.04034-0.03457-0.04195
GRID        3569         1.04034-0.02729-0.03018
GRID        3570         1.06024-0.03785-0.03689
GRID        3571         1.07017-0.05381-0.05671
GRID        3572         1.06023-0.05227-0.05966
GRID        3573         1.06023-0.04506-0.04827
GRID        3574         1.08012-0.05534-0.05373
GRID        3575         1.08012-0.06248-0.06473
GRID        3576        0.9308370.0571170.073242
GRID        3577        0.9208690.0668640.086746
GRID        3578        0.9208930.0592330.072762
GRID        3579        0.9407840.0550170.073741
GRID        3580        0.9507680.0378080.047328
GRID        3581        0.9408060.0474350.060108
GRID        3582        0.9408200.0398520.046476
GRID        3583        0.9607180.0357800.048199
GRID        3584        0.9706890.0187590.022898
GRID        3585        0.9607310.0282500.034927
GRID        3586        0.9607380.0207210.021655
GRID        3587        0.9806410.0168140.024160
GRID        3588        0.9806460.0093420.011255
GRID        3589        0.9906001.11E-179.12E-18
GRID        3590        0.9806460.001870-0.00164
GRID        3591         1.00055-0.001850.001668
GRID        3592         1.01050-0.01844-0.02132
GRID        3593         1.00055-0.01667-0.02339
GRID        3594         1.00055-0.00926-0.01086
GRID        3595         1.02046-0.02020-0.01923
GRID        3596         1.03040-0.03656-0.04105
GRID        3597         1.02044-0.03489-0.04354
GRID        3598         1.02045-0.02754-0.03139
GRID        3599         1.04035-0.03821-0.03853
GRID        3600         1.05029-0.05433-0.05915
GRID        3601         1.04034-0.05277-0.06207
GRID        3602         1.04034-0.04549-0.05030
GRID        3603         1.06024-0.05588-0.05620
GRID        3604         1.06023-0.06309-0.06759
GRID        3605        0.9108940.0574900.075437
GRID        3606        0.9009200.0672800.089273
GRID        3607        0.9009470.0596060.074948
GRID        3608        0.9208450.0553910.075945
GRID        3609        0.9308370.0380780.048828
GRID        3610        0.9208690.0477600.061961
GRID        3611        0.9208850.0401290.047979
GRID        3612        0.9407910.0360430.049696
GRID        3613        0.9507680.0189040.023664
GRID        3614        0.9408060.0284610.036065
GRID        3615        0.9408130.0208780.022434
GRID        3616        0.9607250.0169460.024914
GRID        3617        0.9607310.0094160.011642
GRID        3618        0.9706891.12E-179.51E-18
GRID        3619        0.9607310.001887-0.00162
GRID        3620        0.980646-0.001870.001648
GRID        3621        0.990600-0.01860-0.02211
GRID        3622        0.980641-0.01681-0.02416
GRID        3623        0.980646-0.00934-0.01125
GRID        3624         1.00056-0.02038-0.02005
GRID        3625         1.01050-0.03689-0.04265
GRID        3626         1.00054-0.03520-0.04512
GRID        3627         1.00055-0.02779-0.03258
GRID        3628         1.02046-0.03856-0.04016
GRID        3629         1.03040-0.05484-0.06157
GRID        3630         1.02044-0.05326-0.06447
GRID        3631         1.02045-0.04591-0.05232
GRID        3632         1.04035-0.05641-0.05866
GRID        3633         1.04034-0.06369-0.07043
GRID        3634        0.8909380.0578280.077571
GRID        3635        0.8809570.0676510.091725
GRID        3636        0.8809860.0599410.077070
GRID        3637        0.9008930.0557310.078091
GRID        3638        0.9108940.0383270.050291
GRID        3639        0.9009200.0480570.063766
GRID        3640        0.9009380.0403840.049443
GRID        3641        0.9208530.0362870.051159
GRID        3642        0.9308370.0190390.024414
GRID        3643        0.9208690.0286560.037177
GRID        3644        0.9208770.0210250.023195
GRID        3645        0.9407980.0170690.025652
GRID        3646        0.9408060.0094870.012021
GRID        3647        0.9507681.08E-179.79E-18
GRID        3648        0.9408060.001904-0.00160
GRID        3649        0.960731-0.001880.001629
GRID        3650        0.970689-0.01875-0.02289
GRID        3651        0.960725-0.01694-0.02491
GRID        3652        0.960731-0.00941-0.01164
GRID        3653        0.980652-0.02055-0.02086
GRID        3654        0.990600-0.03721-0.04423
GRID        3655        0.980635-0.03549-0.04667
GRID        3656        0.980646-0.02802-0.03376
GRID        3657         1.00056-0.03891-0.04178
GRID        3658         1.01050-0.05534-0.06398
GRID        3659         1.00054-0.05373-0.06684
GRID        3660         1.00055-0.04632-0.05431
GRID        3661         1.02046-0.05693-0.06109
GRID        3662         1.02045-0.06428-0.07325
GRID        3663        0.8709690.0581250.079636
GRID        3664        0.8609800.0679740.094094
GRID        3665        0.8610120.0602340.079120
GRID        3666        0.8809280.0560320.080173
GRID        3667        0.8909380.0385520.051714
GRID        3668        0.8809570.0483220.065518
GRID        3669        0.8809770.0406120.050864
GRID        3670        0.9009020.0365070.052583
GRID        3671        0.9108940.0191630.025145
GRID        3672        0.9009200.0288340.038260
GRID        3673        0.9009290.0211610.023937
GRID        3674        0.9208610.0171820.026374
GRID        3675        0.9208690.0095520.012392
GRID        3676        0.9308371.09E-171.01E-17
GRID        3677        0.9208690.001921-0.00158
GRID        3678        0.940806-0.001900.001609
GRID        3679        0.950768-0.01890-0.02366
GRID        3680        0.940798-0.01706-0.02565
GRID        3681        0.940806-0.00948-0.01202
GRID        3682        0.960738-0.02072-0.02165
GRID        3683        0.970689-0.03751-0.04579
GRID        3684        0.960718-0.03578-0.04819
GRID        3685        0.960731-0.02825-0.03492
GRID        3686        0.980658-0.03924-0.04337
GRID        3687        0.990600-0.05582-0.06635
GRID        3688        0.980630-0.05418-0.06918
GRID        3689        0.980646-0.04671-0.05627
GRID        3690         1.00057-0.05743-0.06350
GRID        3691         1.00055-0.06485-0.07603
GRID        3692        0.8509840.0583790.081628
GRID        3693        0.8409880.0682440.096371
GRID        3694        0.8410220.0604820.081093
GRID        3695        0.8709690.0387500.053091
GRID        3696        0.8609800.0485530.067210
GRID        3697        0.8610010.0408130.052238
GRID        3698        0.8609490.0562930.082183
GRID        3699        0.8809380.0367030.053964
GRID        3700        0.8909380.0192760.025857
GRID        3701        0.8809570.0289930.039310
GRID        3702        0.8809670.0212830.024658
GRID        3703        0.9009110.0172840.027075
GRID        3704        0.9009200.001938-0.00156
GRID        3705        0.9009200.0096110.012753
GRID        3706        0.9108941.10E-171.05E-17
GRID        3707        0.920869-0.001920.001588
GRID        3708        0.930837-0.01903-0.02441
GRID        3709        0.920869-0.00955-0.01239
GRID        3710        0.920861-0.01718-0.02637
GRID        3711        0.940813-0.02087-0.02243
GRID        3712        0.950768-0.03780-0.04732
GRID        3713        0.940791-0.03604-0.04969
GRID        3714        0.940806-0.02846-0.03606
GRID        3715        0.960744-0.03955-0.04493
GRID        3716        0.970689-0.05627-0.06869
GRID        3717        0.960712-0.05461-0.07148
GRID        3718        0.960731-0.04708-0.05821
GRID        3719        0.980663-0.05792-0.06588
GRID        3720        0.980646-0.06539-0.07879
GRID        3721        0.8309850.0585850.083538
GRID        3722        0.8209810.0684550.098550
GRID        3723        0.8210170.0606790.082981
GRID        3724        0.8409550.0565070.084115
GRID        3725        0.8509840.0389190.054418
GRID        3726        0.8409880.0487450.068836
GRID        3727        0.8410110.0409830.053560
GRID        3728        0.8709690.0193750.026545
GRID        3729        0.8609800.0291310.040326
GRID        3730        0.8609910.0213920.025355
GRID        3731        0.8609590.0368710.055297
GRID        3732        0.8809470.0173740.027756
GRID        3733        0.8809570.001954-0.00154
GRID        3734        0.8809570.0096640.013103
GRID        3735        0.8909386.77E-184.17E-18
GRID        3736        0.900920-0.001930.001568
GRID        3737        0.910894-0.01916-0.02514
GRID        3738        0.900920-0.00961-0.01275
GRID        3739        0.900911-0.01728-0.02707
GRID        3740        0.920877-0.02102-0.02319
GRID        3741        0.930837-0.03807-0.04882
GRID        3742        0.920853-0.03628-0.05115
GRID        3743        0.920869-0.02865-0.03717
GRID        3744        0.940820-0.03985-0.04647
GRID        3745        0.950768-0.05671-0.07099
GRID        3746        0.940784-0.05501-0.07374
GRID        3747        0.940806-0.04743-0.06010
GRID        3748        0.960750-0.05838-0.06822
GRID        3749        0.960731-0.06591-0.08149
GRID        3750        0.8109700.0587390.085359
GRID        3751        0.8009590.0686040.100622
GRID        3752        0.8009970.0608230.084777
GRID        3753        0.8209460.0566720.085961
GRID        3754        0.8309850.0390560.055692
GRID        3755        0.8209810.0488960.070393
GRID        3756        0.8210050.0411200.054826
GRID        3757        0.8409660.0370090.056578
GRID        3758        0.8509840.0194590.027209
GRID        3759        0.8409880.0292470.041302
GRID        3760        0.8410000.0214850.026026
GRID        3761        0.8609800.001971-0.00152
GRID        3762        0.8609800.0097100.013442
GRID        3763        0.870969-2.0E-18-8.0E-18
GRID        3764        0.8609700.0174500.028412
GRID        3765        0.880957-0.001950.001548
GRID        3766        0.890938-0.01927-0.02585
GRID        3767        0.880957-0.00966-0.01310
GRID        3768        0.880947-0.01737-0.02775
GRID        3769        0.900929-0.02116-0.02393
GRID        3770        0.910894-0.03832-0.05029
GRID        3771        0.900902-0.03650-0.05258
GRID        3772        0.900920-0.02883-0.03826
GRID        3773        0.920885-0.04012-0.04797
GRID        3774        0.930837-0.05711-0.07324
GRID        3775        0.920845-0.05539-0.07594
GRID        3776        0.920869-0.04776-0.06196
GRID        3777        0.940828-0.05882-0.07051
GRID        3778        0.940806-0.06640-0.08415
GRID        3779        0.7909400.0588380.087086
GRID        3780        0.7809210.0686860.102579
GRID        3781        0.7809600.0609090.086476
GRID        3782        0.8009210.0567840.087717
GRID        3783        0.8109700.0391590.056906
GRID        3784        0.8009590.0490030.071872
GRID        3785        0.8009840.0412210.056030
GRID        3786        0.8209580.0371130.057802
GRID        3787        0.8309850.0195280.027846
GRID        3788        0.8209810.0293380.042235
GRID        3789        0.8209930.0215620.026669
GRID        3790        0.8409770.0175100.029042
GRID        3791        0.8409880.001987-0.00150
GRID        3792        0.8409880.0097490.013767
GRID        3793        0.8509842.12E-18-8.7E-19
GRID        3794        0.870969-0.01937-0.02654
GRID        3795        0.860980-0.00971-0.01344
GRID        3796        0.860970-0.01745-0.02841
GRID        3797        0.860980-0.001970.001528
GRID        3798        0.880967-0.02128-0.02465
GRID        3799        0.890938-0.03855-0.05171
GRID        3800        0.880938-0.03670-0.05396
GRID        3801        0.880957-0.02899-0.03931
GRID        3802        0.900938-0.04038-0.04944
GRID        3803        0.910894-0.05749-0.07543
GRID        3804        0.900893-0.05573-0.07809
GRID        3805        0.900920-0.04805-0.06376
GRID        3806        0.920893-0.05923-0.07276
GRID        3807        0.920869-0.06686-0.08674
GRID        3808        0.7708940.0588780.088710
GRID        3809        0.7608670.0686960.104413
GRID        3810        0.7609080.0609330.088069
GRID        3811        0.7808810.0568380.089373
GRID        3812        0.7909400.0392250.058057
GRID        3813        0.7809210.0490610.073270
GRID        3814        0.7809470.0412840.057169
GRID        3815        0.8009340.0371830.058966
GRID        3816        0.8109700.0195800.028453
GRID        3817        0.8009590.0294010.043123
GRID        3818        0.8009720.0216200.027282
GRID        3819        0.8209700.0175550.029644
GRID        3820        0.8209810.002003-0.00148
GRID        3821        0.8209810.0097790.014078
GRID        3822        0.8309851.10E-171.20E-17
GRID        3823        0.840988-0.001980.001507
GRID        3824        0.850984-0.01945-0.02720
GRID        3825        0.840988-0.00974-0.01376
GRID        3826        0.840977-0.01751-0.02904
GRID        3827        0.870969-0.03875-0.05309
GRID        3828        0.860959-0.03687-0.05529
GRID        3829        0.860980-0.02913-0.04032
GRID        3830        0.860991-0.02139-0.02535
GRID        3831        0.880977-0.04061-0.05086
GRID        3832        0.890938-0.05782-0.07757
GRID        3833        0.880928-0.05603-0.08017
GRID        3834        0.880957-0.04832-0.06551
GRID        3835        0.900947-0.05960-0.07494
GRID        3836        0.900920-0.06728-0.08927
GRID        3837        0.7508330.0588530.090226
GRID        3838        0.7407980.0686290.106115
GRID        3839        0.7408410.0608910.089549
GRID        3840        0.7608260.0568310.090924
GRID        3841        0.7708940.0392520.059140
GRID        3842        0.7608670.0490680.074580
GRID        3843        0.7608940.0413050.058238
GRID        3844        0.7808940.0372140.060063
GRID        3845        0.7909400.0196120.029028
GRID        3846        0.7809210.0294360.043962
GRID        3847        0.7809340.0216590.027862
GRID        3848        0.8009460.0175810.030215
GRID        3849        0.8009590.002019-0.00146
GRID        3850        0.8009590.0098000.014374
GRID        3851        0.8109701.54E-171.86E-17
GRID        3852        0.820981-0.002000.001487
GRID        3853        0.830985-0.01952-0.02784
GRID        3854        0.820981-0.00977-0.01407
GRID        3855        0.820970-0.01755-0.02964
GRID        3856        0.841000-0.02148-0.02602
GRID        3857        0.850984-0.03891-0.05441
GRID        3858        0.840966-0.03700-0.05657
GRID        3859        0.840988-0.02924-0.04130
GRID        3860        0.870969-0.05812-0.07963
GRID        3861        0.860949-0.05629-0.08218
GRID        3862        0.860980-0.04855-0.06721
GRID        3863        0.861001-0.04081-0.05223
GRID        3864        0.880986-0.05994-0.07707
GRID        3865        0.880957-0.06765-0.09172
GRID        3866        0.7307570.0587610.091625
GRID        3867        0.7207160.0684810.107678
GRID        3868        0.7207600.0607790.090910
GRID        3869        0.7407560.0567580.092362
GRID        3870        0.7508330.0392350.060150
GRID        3871        0.7407980.0490200.075796
GRID        3872        0.7408270.0412820.059232
GRID        3873        0.7608390.0372040.061090
GRID        3874        0.7708940.0196260.029570
GRID        3875        0.7608670.0294410.044748
GRID        3876        0.7608810.0216780.028407
GRID        3877        0.7809080.0175890.030754
GRID        3878        0.7809210.002035-0.00144
GRID        3879        0.7809210.0098120.014654
GRID        3880        0.7909401.54E-171.89E-17
GRID        3881        0.800959-0.002010.001466
GRID        3882        0.810970-0.01958-0.02845
GRID        3883        0.800959-0.00980-0.01437
GRID        3884        0.800946-0.01758-0.03021
GRID        3885        0.820993-0.02156-0.02666
GRID        3886        0.830985-0.03905-0.05569
GRID        3887        0.820958-0.03711-0.05780
GRID        3888        0.820981-0.02933-0.04223
GRID        3889        0.841011-0.04098-0.05356
GRID        3890        0.850984-0.05837-0.08162
GRID        3891        0.840955-0.05650-0.08411
GRID        3892        0.840988-0.04874-0.06883
GRID        3893        0.860980-0.06797-0.09409
GRID        3894        0.861012-0.06023-0.07912
GRID        3895        0.7106680.0585980.092902
GRID        3896        0.7006200.0682470.109093
GRID        3897        0.7006650.0605940.092145
GRID        3898        0.7307570.0391740.061083
GRID        3899        0.7207160.0489150.076912
GRID        3900        0.7207450.0412130.060147
GRID        3901        0.7206720.0566170.093680
GRID        3902        0.7407700.0371500.062041
GRID        3903        0.7508330.0196170.030075
GRID        3904        0.7407980.0294120.045477
GRID        3905        0.7408130.0216740.028915
GRID        3906        0.7608530.0175760.031256
GRID        3907        0.7608670.002050-0.00142
GRID        3908        0.7608670.0098130.014916
GRID        3909        0.7708941.13E-171.28E-17
GRID        3910        0.780921-0.002030.001445
GRID        3911        0.790940-0.01961-0.02902
GRID        3912        0.780921-0.00981-0.01465
GRID        3913        0.780908-0.01758-0.03075
GRID        3914        0.800972-0.02162-0.02728
GRID        3915        0.810970-0.03915-0.05690
GRID        3916        0.800934-0.03718-0.05896
GRID        3917        0.800959-0.02940-0.04312
GRID        3918        0.821005-0.04112-0.05482
GRID        3919        0.830985-0.05858-0.08353
GRID        3920        0.820946-0.05667-0.08596
GRID        3921        0.820981-0.04889-0.07039
GRID        3922        0.841022-0.06048-0.08109
GRID        3923        0.840988-0.06824-0.09637
GRID        3924        0.6905660.0583580.094048
GRID        3925        0.6805120.0679230.110353
GRID        3926        0.6805580.0603300.093247
GRID        3927        0.7106680.0390650.061934
GRID        3928        0.7006200.0487480.077923
GRID        3929        0.7006500.0410940.060977
GRID        3930        0.7005750.0564010.094871
GRID        3931        0.7307570.0195870.030541
GRID        3932        0.7207160.0293490.046147
GRID        3933        0.7207300.0216470.029383
GRID        3934        0.7206860.0370510.062913
GRID        3935        0.7407840.0175420.031722
GRID        3936        0.7407980.002066-0.00140
GRID        3937        0.7407980.0098040.015159
GRID        3938        0.7508331.13E-171.30E-17
GRID        3939        0.760867-0.002050.001424
GRID        3940        0.760853-0.01757-0.03125
GRID        3941        0.760867-0.00981-0.01491
GRID        3942        0.770894-0.01962-0.02957
GRID        3943        0.780934-0.02165-0.02786
GRID        3944        0.790940-0.03922-0.05805
GRID        3945        0.780894-0.03721-0.06006
GRID        3946        0.780921-0.02943-0.04396
GRID        3947        0.800984-0.04122-0.05603
GRID        3948        0.810970-0.05873-0.08535
GRID        3949        0.800921-0.05678-0.08771
GRID        3950        0.800959-0.04900-0.07187
GRID        3951        0.821017-0.06067-0.08298
GRID        3952        0.820981-0.06845-0.09855
GRID        3953        0.6704530.0580390.095057
GRID        3954        0.6603930.0675030.111448
GRID        3955        0.6604400.0599850.094207
GRID        3956        0.6905660.0389050.062698
GRID        3957        0.6805120.0485160.078823
GRID        3958        0.6805430.0409230.061719
GRID        3959        0.6804660.0561080.095929
GRID        3960        0.7106680.0195320.030967
GRID        3961        0.7006200.0292480.046754
GRID        3962        0.7006350.0215950.029808
GRID        3963        0.7005900.0369020.063700
GRID        3964        0.7307571.13E-171.33E-17
GRID        3965        0.7207160.0097830.015382
GRID        3966        0.7207160.002081-0.00138
GRID        3967        0.7207010.0174850.032147
GRID        3968        0.740798-0.002060.001403
GRID        3969        0.740784-0.01754-0.03172
GRID        3970        0.740798-0.00980-0.01515
GRID        3971        0.750833-0.01961-0.03007
GRID        3972        0.760881-0.02167-0.02840
GRID        3973        0.770894-0.03925-0.05914
GRID        3974        0.760839-0.03720-0.06109
GRID        3975        0.760867-0.02944-0.04474
GRID        3976        0.780947-0.04128-0.05716
GRID        3977        0.790940-0.05883-0.08708
GRID        3978        0.780881-0.05683-0.08937
GRID        3979        0.780921-0.04906-0.07327
GRID        3980        0.800997-0.06082-0.08477
GRID        3981        0.800959-0.06860-0.10062
GRID        3982        0.6503300.0576360.095922
GRID        3983        0.6402670.0669830.112371
GRID        3984        0.6403150.0595530.095021
GRID        3985        0.6704530.0386930.063371
GRID        3986        0.6603930.0482160.079605
GRID        3987        0.6604250.0406980.062366
GRID        3988        0.6603460.0557340.096845
GRID        3989        0.6905660.0194520.031349
GRID        3990        0.6805120.0291090.047294
GRID        3991        0.6805270.0215160.030190
GRID        3992        0.6804810.0367020.064398
GRID        3993        0.7106681.13E-171.36E-17
GRID        3994        0.7006200.0097490.015584
GRID        3995        0.7006200.002095-0.00136
GRID        3996        0.7006050.0174030.032530
GRID        3997        0.720701-0.01748-0.03214
GRID        3998        0.720716-0.00978-0.01538
GRID        3999        0.730757-0.01958-0.03054
GRID        4000        0.720716-0.002080.001381
GRID        4001        0.740813-0.02167-0.02891
GRID        4002        0.740770-0.03715-0.06204
GRID        4003        0.750833-0.03923-0.06015
GRID        4004        0.740798-0.02941-0.04547
GRID        4005        0.760894-0.04130-0.05823
GRID        4006        0.770894-0.05887-0.08871
GRID        4007        0.760826-0.05683-0.09092
GRID        4008        0.760867-0.04906-0.07458
GRID        4009        0.780960-0.06090-0.08647
GRID        4010        0.780921-0.06868-0.10257
GRID        4011        0.6302010.0571460.096635
GRID        4012        0.6201350.0663580.113113
GRID        4013        0.6201830.0590320.095679
GRID        4014        0.6402200.0552740.097613
GRID        4015        0.6503300.0384240.063948
GRID        4016        0.6402670.0478450.080264
GRID        4017        0.6402990.0404140.062916
GRID        4018        0.6704530.0193460.031685
GRID        4019        0.6603930.0289290.047763
GRID        4020        0.6604090.0214110.030525
GRID        4021        0.6603620.0364480.065002
GRID        4022        0.6805120.0097030.015764
GRID        4023        0.6805120.002110-0.00133
GRID        4024        0.6905661.13E-171.38E-17
GRID        4025        0.6804960.0172960.032868
GRID        4026        0.700605-0.01740-0.03253
GRID        4027        0.700620-0.00974-0.01558
GRID        4028        0.710668-0.01953-0.03096
GRID        4029        0.700620-0.002090.001360
GRID        4030        0.720686-0.03705-0.06291
GRID        4031        0.730757-0.03917-0.06108
GRID        4032        0.720716-0.02934-0.04614
GRID        4033        0.720730-0.02164-0.02938
GRID        4034        0.740827-0.04128-0.05923
GRID        4035        0.740756-0.05675-0.09236
GRID        4036        0.750833-0.05885-0.09022
GRID        4037        0.740798-0.04902-0.07579
GRID        4038        0.760908-0.06093-0.08806
GRID        4039        0.760867-0.06869-0.10441
GRID        4040        0.6100680.0565640.097190
GRID        4041        0.6000000.0656240.113666
GRID        4042        0.6000480.0584160.096176
GRID        4043        0.6200870.0547250.098227
GRID        4044        0.6302010.0380970.064423
GRID        4045        0.6201350.0473990.080794
GRID        4046        0.6201670.0400710.063362
GRID        4047        0.6402350.0361370.065507
GRID        4048        0.6503300.0192120.031974
GRID        4049        0.6402670.0287070.048158
GRID        4050        0.6402830.0212760.030810
GRID        4051        0.6603930.0096430.015921
GRID        4052        0.6603930.002124-0.00131
GRID        4053        0.6704531.13E-171.39E-17
GRID        4054        0.6603780.0171620.033159
GRID        4055        0.690566-0.01945-0.03134
GRID        4056        0.680496-0.01729-0.03286
GRID        4057        0.680512-0.00970-0.01576
GRID        4058        0.680512-0.002110.001338
GRID        4059        0.700590-0.03690-0.06370
GRID        4060        0.710668-0.03906-0.06193
GRID        4061        0.700620-0.02924-0.04675
GRID        4062        0.700635-0.02159-0.02980
GRID        4063        0.720672-0.05661-0.09368
GRID        4064        0.730757-0.05876-0.09162
GRID        4065        0.720716-0.04891-0.07691
GRID        4066        0.720745-0.04121-0.06014
GRID        4067        0.740841-0.06089-0.08954
GRID        4068        0.740798-0.06862-0.10611
GRID        4069        0.5799130.0577040.096507
GRID        4070        0.5798650.0647790.114025
GRID        4071        0.5899320.0558870.097581
GRID        4072        0.5999520.0540830.098678
GRID        4073        0.6100680.0377090.064793
GRID        4074        0.6000000.0468740.081189
GRID        4075        0.6000320.0396650.063701
GRID        4076        0.6201030.0357660.065908
GRID        4077        0.6302010.0190480.032211
GRID        4078        0.6201350.0284390.048476
GRID        4079        0.6201510.0211110.031045
GRID        4080        0.6402510.0169990.033400
GRID        4081        0.6402670.0095690.016052
GRID        4082        0.6402670.002138-0.00129
GRID        4083        0.6503302.79E-18-1.2E-18
GRID        4084        0.670453-0.01934-0.03168
GRID        4085        0.660378-0.01716-0.03315
GRID        4086        0.660393-0.00964-0.01592
GRID        4087        0.660393-0.002120.001316
GRID        4088        0.680481-0.03670-0.06439
GRID        4089        0.690566-0.03890-0.06269
GRID        4090        0.680512-0.02910-0.04729
GRID        4091        0.680527-0.02151-0.03019
GRID        4092        0.700575-0.05640-0.09487
GRID        4093        0.710668-0.05859-0.09290
GRID        4094        0.700620-0.04874-0.07792
GRID        4095        0.700650-0.04109-0.06097
GRID        4096        0.720716-0.06848-0.10767
GRID        4097        0.720760-0.06077-0.09091
GRID        4098        0.5597800.0568980.096676
GRID        4099        0.5597330.0638240.114194
GRID        4100        0.5697990.0551150.097808
GRID        4101        0.5798170.0533450.098963
GRID        4102        0.5798970.0391950.063929
GRID        4103        0.5798650.0462700.081446
GRID        4104        0.5899320.0372580.065054
GRID        4105        0.5999680.0353340.066202
GRID        4106        0.6100680.0188540.032396
GRID        4107        0.6000000.0281240.048713
GRID        4108        0.6000160.0209150.031225
GRID        4109        0.6201190.0168070.033590
GRID        4110        0.6302012.73E-18-1.0E-18
GRID        4111        0.6201350.0094790.016158
GRID        4112        0.6201350.002151-0.00127
GRID        4113        0.640267-0.002130.001294
GRID        4114        0.650330-0.01921-0.03197
GRID        4115        0.640251-0.01699-0.03340
GRID        4116        0.640267-0.00956-0.01605
GRID        4117        0.660362-0.03644-0.06500
GRID        4118        0.670453-0.03869-0.06337
GRID        4119        0.660393-0.02892-0.04776
GRID        4120        0.660409-0.02141-0.03052
GRID        4121        0.680466-0.05610-0.09592
GRID        4122        0.690566-0.05835-0.09404
GRID        4123        0.680512-0.04851-0.07882
GRID        4124        0.680543-0.04092-0.06171
GRID        4125        0.700620-0.06824-0.10909
GRID        4126        0.700665-0.06059-0.09214
GRID        4127        0.5396540.0560030.096690
GRID        4128        0.5396070.0627650.114183
GRID        4129        0.5496700.0542520.097876
GRID        4130        0.5596850.0525130.099085
GRID        4131        0.5597650.0386620.064049
GRID        4132        0.5597330.0455880.081567
GRID        4133        0.5697990.0367430.065205
GRID        4134        0.5798330.0348370.066384
GRID        4135        0.5798810.0206860.031351
GRID        4136        0.5798650.0277620.048867
GRID        4137        0.5899320.0186290.032527
GRID        4138        0.5999840.0165840.033726
GRID        4139        0.6100681.11E-171.43E-17
GRID        4140        0.6000000.0093740.016237
GRID        4141        0.6000000.002165-0.00125
GRID        4142        0.620135-0.002150.001272
GRID        4143        0.620135-0.00947-0.01615
GRID        4144        0.630201-0.01904-0.03221
GRID        4145        0.620119-0.01680-0.03359
GRID        4146        0.640283-0.02127-0.03081
GRID        4147        0.640235-0.03613-0.06550
GRID        4148        0.650330-0.03842-0.06394
GRID        4149        0.640267-0.02870-0.04815
GRID        4150        0.660346-0.05573-0.09684
GRID        4151        0.670453-0.05803-0.09505
GRID        4152        0.660393-0.04821-0.07960
GRID        4153        0.660425-0.04069-0.06236
GRID        4154        0.680512-0.06792-0.11035
GRID        4155        0.680558-0.06033-0.09324
GRID        4156        0.5195340.0550220.096556
GRID        4157        0.5194880.0616060.113999
GRID        4158        0.5295470.0533020.097792
GRID        4159        0.5395600.0515930.099052
GRID        4160        0.5396380.0380690.064066
GRID        4161        0.5396070.0448320.081559
GRID        4162        0.5496700.0361680.065250
GRID        4163        0.5597010.0342790.066458
GRID        4164        0.5597490.0204260.031422
GRID        4165        0.5597330.0273530.048940
GRID        4166        0.5697990.0183710.032602
GRID        4167        0.5798490.0163300.033805
GRID        4168        0.5899321.57E-172.06E-17
GRID        4169        0.5798650.0092540.016289
GRID        4170        0.5798650.002177-0.00122
GRID        4171        0.600000-0.002160.001250
GRID        4172        0.600000-0.00937-0.01623
GRID        4173        0.610068-0.01885-0.03239
GRID        4174        0.599984-0.01658-0.03372
GRID        4175        0.620151-0.02111-0.03104
GRID        4176        0.620103-0.03576-0.06590
GRID        4177        0.630201-0.03809-0.06442
GRID        4178        0.620135-0.02843-0.04847
GRID        4179        0.640299-0.04041-0.06291
GRID        4180        0.640220-0.05527-0.09761
GRID        4181        0.650330-0.05763-0.09592
GRID        4182        0.640267-0.04784-0.08026
GRID        4183        0.660393-0.06750-0.11144
GRID        4184        0.660440-0.05998-0.09420
GRID        4185        0.4994250.0539600.096280
GRID        4186        0.4993800.0603530.113651
GRID        4187        0.5094340.0522680.097564
GRID        4188        0.5194420.0505890.098871
GRID        4189        0.5195190.0374190.063984
GRID        4190        0.5194880.0440040.081428
GRID        4191        0.5295470.0355340.065195
GRID        4192        0.5395750.0336620.066428
GRID        4193        0.5396220.0201350.031442
GRID        4194        0.5396070.0268990.048935
GRID        4195        0.5496700.0180840.032625
GRID        4196        0.5597170.0160440.033831
GRID        4197        0.5697991.58E-172.09E-17
GRID        4198        0.5597330.0091170.016313
GRID        4199        0.5597330.002190-0.00120
GRID        4200        0.579865-0.002170.001227
GRID        4201        0.579865-0.00925-0.01628
GRID        4202        0.589932-0.01862-0.03252
GRID        4203        0.579849-0.01633-0.03380
GRID        4204        0.600016-0.02091-0.03122
GRID        4205        0.599968-0.03533-0.06620
GRID        4206        0.610068-0.03770-0.06479
GRID        4207        0.600000-0.02812-0.04871
GRID        4208        0.620167-0.04007-0.06336
GRID        4209        0.620087-0.05472-0.09822
GRID        4210        0.630201-0.05714-0.09663
GRID        4211        0.620135-0.04739-0.08079
GRID        4212        0.640315-0.05955-0.09502
GRID        4213        0.640267-0.06698-0.11237
GRID        4214        0.4793280.0528200.095871
GRID        4215        0.4792840.0590110.113146
GRID        4216        0.4893320.0511560.097198
GRID        4217        0.4993350.0495030.098548
GRID        4218        0.4994100.0367150.063808
GRID        4219        0.4993800.0431090.081179
GRID        4220        0.5094340.0348450.065042
GRID        4221        0.5194570.0329880.066300
GRID        4222        0.5195040.0198160.031413
GRID        4223        0.5194880.0264020.048856
GRID        4224        0.5295470.0177670.032597
GRID        4225        0.5395910.0157300.033805
GRID        4226        0.5396070.0089660.016311
GRID        4227        0.5496701.12E-171.47E-17
GRID        4228        0.5396070.002202-0.00118
GRID        4229        0.559733-0.002190.001204
GRID        4230        0.559733-0.00911-0.01631
GRID        4231        0.569799-0.01837-0.03260
GRID        4232        0.559717-0.01604-0.03383
GRID        4233        0.579881-0.02068-0.03135
GRID        4234        0.579865-0.02776-0.04886
GRID        4235        0.589932-0.03725-0.06505
GRID        4236        0.579833-0.03483-0.06638
GRID        4237        0.600032-0.03966-0.06370
GRID        4238        0.599952-0.05408-0.09867
GRID        4239        0.610068-0.05656-0.09719
GRID        4240        0.600000-0.04687-0.08118
GRID        4241        0.620183-0.05903-0.09567
GRID        4242        0.620135-0.06635-0.11311
GRID        4243        0.4592440.0516080.095335
GRID        4244        0.4592020.0575830.112492
GRID        4245        0.4692430.0499690.096702
GRID        4246        0.4792400.0483410.098092
GRID        4247        0.4793140.0359590.063543
GRID        4248        0.4792840.0421500.080818
GRID        4249        0.4893320.0341040.064799
GRID        4250        0.4993500.0322600.066077
GRID        4251        0.4993950.0194700.031336
GRID        4252        0.4993800.0258650.048707
GRID        4253        0.5094340.0174220.032521
GRID        4254        0.5194730.0153870.033729
GRID        4255        0.5194880.0088000.016285
GRID        4256        0.5295471.08E-171.45E-17
GRID        4257        0.5194880.002214-0.00115
GRID        4258        0.539607-0.002200.001181
GRID        4259        0.539591-0.01573-0.03380
GRID        4260        0.549670-0.01808-0.03262
GRID        4261        0.539607-0.00896-0.01631
GRID        4262        0.559749-0.02042-0.03142
GRID        4263        0.559733-0.02735-0.04894
GRID        4264        0.569799-0.03674-0.06520
GRID        4265        0.559701-0.03427-0.06645
GRID        4266        0.579897-0.03919-0.06392
GRID        4267        0.579865-0.04627-0.08144
GRID        4268        0.589932-0.05588-0.09758
GRID        4269        0.579817-0.05334-0.09896
GRID        4270        0.600048-0.05841-0.09617
GRID        4271        0.600000-0.06562-0.11366
GRID        4272        0.4391740.0503260.094679
GRID        4273        0.4391330.0560760.111699
GRID        4274        0.4491670.0487110.096081
GRID        4275        0.4591590.0471060.097508
GRID        4276        0.4592300.0351540.063194
GRID        4277        0.4592020.0411310.080351
GRID        4278        0.4692430.0333120.064468
GRID        4279        0.4792550.0314820.065765
GRID        4280        0.4792990.0190970.031216
GRID        4281        0.4792840.0252900.048491
GRID        4282        0.4893320.0170520.032399
GRID        4283        0.4993650.0150170.033606
GRID        4284        0.4993800.0086210.016235
GRID        4285        0.5094341.04E-171.44E-17
GRID        4286        0.4993800.002225-0.00113
GRID        4287        0.519488-0.002210.001158
GRID        4288        0.519473-0.01538-0.03372
GRID        4289        0.529547-0.01776-0.03259
GRID        4290        0.519488-0.00880-0.01628
GRID        4291        0.539622-0.02013-0.03144
GRID        4292        0.539607-0.02689-0.04893
GRID        4293        0.549670-0.03616-0.06525
GRID        4294        0.539575-0.03366-0.06642
GRID        4295        0.559765-0.03866-0.06404
GRID        4296        0.559733-0.04558-0.08156
GRID        4297        0.569799-0.05511-0.09780
GRID        4298        0.559685-0.05251-0.09908
GRID        4299        0.579913-0.05770-0.09650
GRID        4300        0.579865-0.06477-0.11402
GRID        4301        0.4190790.0544920.110773
GRID        4302        0.4191190.0489800.093910
GRID        4303        0.4291060.0473860.095345
GRID        4304        0.4390920.0458030.096804
GRID        4305        0.4391610.0343030.062764
GRID        4306        0.4391330.0400540.079784
GRID        4307        0.4491670.0324740.064054
GRID        4308        0.4591730.0306550.065368
GRID        4309        0.4592160.0187010.031053
GRID        4310        0.4592020.0246780.048211
GRID        4311        0.4692430.0166560.032234
GRID        4312        0.4792700.0146220.033438
GRID        4313        0.4792840.002237-0.00111
GRID        4314        0.4893321.03E-171.43E-17
GRID        4315        0.4792840.0084300.016163
GRID        4316        0.499380-0.002220.001134
GRID        4317        0.499365-0.01501-0.03360
GRID        4318        0.509434-0.01742-0.03252
GRID        4319        0.499380-0.00862-0.01623
GRID        4320        0.519504-0.01981-0.03141
GRID        4321        0.519488-0.02640-0.04885
GRID        4322        0.529547-0.03553-0.06519
GRID        4323        0.519457-0.03298-0.06630
GRID        4324        0.539638-0.03806-0.06406
GRID        4325        0.539607-0.04483-0.08155
GRID        4326        0.549670-0.05425-0.09787
GRID        4327        0.539560-0.05159-0.09905
GRID        4328        0.559780-0.05689-0.09667
GRID        4329        0.559733-0.06382-0.11419
GRID        4330        0.3990410.0528390.109724
GRID        4331        0.3990790.0475730.093035
GRID        4332        0.4090600.0459990.094498
GRID        4333        0.4190400.0444360.095986
GRID        4334        0.4190790.0389230.079123
GRID        4335        0.4191060.0334090.062259
GRID        4336        0.4291060.0315910.063563
GRID        4337        0.4391060.0297830.064891
GRID        4338        0.4391470.0182800.030850
GRID        4339        0.4391330.0240320.047870
GRID        4340        0.4491670.0162370.032027
GRID        4341        0.4591870.0142040.033228
GRID        4342        0.4592020.002248-0.00108
GRID        4343        0.4692431.03E-171.43E-17
GRID        4344        0.4592020.0082260.016070
GRID        4345        0.479284-0.002230.001111
GRID        4346        0.479284-0.00843-0.01616
GRID        4347        0.489332-0.01705-0.03239
GRID        4348        0.479270-0.01462-0.03343
GRID        4349        0.499395-0.01947-0.03133
GRID        4350        0.499380-0.02586-0.04870
GRID        4351        0.509434-0.03484-0.06504
GRID        4352        0.499350-0.03226-0.06607
GRID        4353        0.519519-0.03741-0.06398
GRID        4354        0.519488-0.04400-0.08142
GRID        4355        0.529547-0.05330-0.09779
GRID        4356        0.519442-0.05058-0.09887
GRID        4357        0.539654-0.05600-0.09669
GRID        4358        0.539607-0.06276-0.11418
GRID        4359        0.3790190.0511190.108559
GRID        4360        0.3790540.0461080.092061
GRID        4361        0.3890300.0445530.093550
GRID        4362        0.3990030.0430080.095063
GRID        4363        0.3990410.0377420.078374
GRID        4364        0.3990660.0324740.061684
GRID        4365        0.4090600.0306660.062999
GRID        4366        0.4190530.0288680.064338
GRID        4367        0.4190790.0233540.047474
GRID        4368        0.4190920.0178390.030609
GRID        4369        0.4291060.0157950.031781
GRID        4370        0.4391190.0137620.032977
GRID        4371        0.4391330.002258-0.00106
GRID        4372        0.4491671.01E-171.44E-17
GRID        4373        0.4391330.0080100.015957
GRID        4374        0.459202-0.002240.001087
GRID        4375        0.459202-0.00822-0.01607
GRID        4376        0.469243-0.01665-0.03223
GRID        4377        0.459187-0.01420-0.03322
GRID        4378        0.479299-0.01909-0.03121
GRID        4379        0.479284-0.02529-0.04849
GRID        4380        0.489332-0.03410-0.06479
GRID        4381        0.479255-0.03148-0.06576
GRID        4382        0.499410-0.03671-0.06380
GRID        4383        0.499380-0.04310-0.08117
GRID        4384        0.509434-0.05226-0.09756
GRID        4385        0.499335-0.04950-0.09854
GRID        4386        0.519534-0.05502-0.09655
GRID        4387        0.519488-0.06160-0.11399
GRID        4388        0.3590120.0493380.107287
GRID        4389        0.3590450.0445920.090994
GRID        4390        0.3690150.0430530.092505
GRID        4391        0.3789830.0415240.094040
GRID        4392        0.3790190.0365130.077542
GRID        4393        0.3790420.0315010.061043
GRID        4394        0.3890300.0297020.062366
GRID        4395        0.3990160.0279120.063714
GRID        4396        0.3990410.0226450.047024
GRID        4397        0.3990540.0173760.030334
GRID        4398        0.4090600.0153330.031499
GRID        4399        0.4190660.0132990.032689
GRID        4400        0.4190790.002269-0.00103
GRID        4401        0.4291069.74E-181.42E-17
GRID        4402        0.4190790.0077840.015824
GRID        4403        0.439133-0.002250.001063
GRID        4404        0.439119-0.01376-0.03297
GRID        4405        0.449167-0.01623-0.03202
GRID        4406        0.439133-0.00801-0.01595
GRID        4407        0.459216-0.01870-0.03105
GRID        4408        0.459202-0.02467-0.04821
GRID        4409        0.469243-0.03331-0.06446
GRID        4410        0.459173-0.03065-0.06536
GRID        4411        0.479314-0.03595-0.06354
GRID        4412        0.479284-0.04215-0.08081
GRID        4413        0.489332-0.05115-0.09719
GRID        4414        0.479240-0.04834-0.09809
GRID        4415        0.499425-0.05396-0.09628
GRID        4416        0.499380-0.06035-0.11365
GRID        4417        0.3390200.0475000.105915
GRID        4418        0.3390510.0430260.089842
GRID        4419        0.3490160.0415020.091372
GRID        4420        0.3589780.0399880.092925
GRID        4421        0.3590120.0352410.076633
GRID        4422        0.3590340.0304930.060340
GRID        4423        0.3690150.0287020.061670
GRID        4424        0.3789950.0269200.063024
GRID        4425        0.3790190.0219080.046525
GRID        4426        0.3790300.0168950.030025
GRID        4427        0.3890300.0148510.031183
GRID        4428        0.3990280.0128170.032365
GRID        4429        0.3990410.0075480.015674
GRID        4430        0.4090609.31E-181.41E-17
GRID        4431        0.3990410.002279-0.00101
GRID        4432        0.419079-0.002260.001039
GRID        4433        0.419066-0.01329-0.03268
GRID        4434        0.429106-0.01579-0.03178
GRID        4435        0.419079-0.00778-0.01582
GRID        4436        0.439147-0.01828-0.03085
GRID        4437        0.439133-0.02403-0.04787
GRID        4438        0.449167-0.03247-0.06405
GRID        4439        0.439106-0.02978-0.06489
GRID        4440        0.459230-0.03515-0.06319
GRID        4441        0.459202-0.04113-0.08035
GRID        4442        0.469243-0.04996-0.09670
GRID        4443        0.459159-0.04710-0.09750
GRID        4444        0.479328-0.05282-0.09587
GRID        4445        0.479284-0.05901-0.11314
GRID        4446        0.3190430.0456100.104451
GRID        4447        0.3190720.0414150.088612
GRID        4448        0.3290310.0399040.090156
GRID        4449        0.3390200.0339290.075653
GRID        4450        0.3390410.0294530.059580
GRID        4451        0.3490160.0276680.060914
GRID        4452        0.3389880.0384030.091725
GRID        4453        0.3589890.0258920.062273
GRID        4454        0.3590120.0211450.045980
GRID        4455        0.3590230.0163960.029686
GRID        4456        0.3690150.0143510.030835
GRID        4457        0.3790070.0123150.032008
GRID        4458        0.3790190.0073020.015508
GRID        4459        0.3890309.09E-181.39E-17
GRID        4460        0.3790190.002289-0.00099
GRID        4461        0.399041-0.002270.001015
GRID        4462        0.399028-0.01281-0.03236
GRID        4463        0.409060-0.01533-0.03149
GRID        4464        0.399041-0.00754-0.01567
GRID        4465        0.419092-0.01783-0.03060
GRID        4466        0.419053-0.02886-0.06433
GRID        4467        0.419079-0.02335-0.04747
GRID        4468        0.429106-0.03159-0.06356
GRID        4469        0.439161-0.03430-0.06276
GRID        4470        0.439133-0.04005-0.07978
GRID        4471        0.449167-0.04871-0.09608
GRID        4472        0.439092-0.04580-0.09680
GRID        4473        0.459244-0.05160-0.09533
GRID        4474        0.459202-0.05758-0.11249
GRID        4475        0.2990800.0436730.102903
GRID        4476        0.2991070.0397640.087310
GRID        4477        0.3090620.0382640.088866
GRID        4478        0.3190430.0325790.074607
GRID        4479        0.3190620.0283820.058768
GRID        4480        0.3290310.0266030.060104
GRID        4481        0.3190140.0367740.090446
GRID        4482        0.3390200.0203570.045392
GRID        4483        0.3390300.0158800.029318
GRID        4484        0.3490160.0138340.030457
GRID        4485        0.3389990.0248330.061464
GRID        4486        0.3590000.0117970.031620
GRID        4487        0.3590120.0070480.015326
GRID        4488        0.3690158.86E-181.38E-17
GRID        4489        0.3590120.002299-0.00096
GRID        4490        0.379019-0.002280.000991
GRID        4491        0.379007-0.01231-0.03200
GRID        4492        0.389030-0.01485-0.03118
GRID        4493        0.379019-0.00730-0.01550
GRID        4494        0.399054-0.01737-0.03033
GRID        4495        0.399016-0.02791-0.06371
GRID        4496        0.399041-0.02264-0.04702
GRID        4497        0.409060-0.03066-0.06299
GRID        4498        0.419106-0.03340-0.06225
GRID        4499        0.419040-0.04443-0.09598
GRID        4500        0.419079-0.03892-0.07912
GRID        4501        0.429106-0.04738-0.09534
GRID        4502        0.439174-0.05032-0.09467
GRID        4503        0.439133-0.05607-0.11169
GRID        4504        0.2791310.0416920.101280
GRID        4505        0.2791550.0380750.085943
GRID        4506        0.2891060.0365850.087507
GRID        4507        0.2990800.0311950.073502
GRID        4508        0.2990980.0272840.057908
GRID        4509        0.3090620.0255090.059244
GRID        4510        0.2990530.0351040.089095
GRID        4511        0.3190430.0195470.044764
GRID        4512        0.3190530.0153500.028924
GRID        4513        0.3290310.0133010.030052
GRID        4514        0.3190230.0237430.060604
GRID        4515        0.3390200.0067850.015130
GRID        4516        0.3490168.40E-181.37E-17
GRID        4517        0.3390200.002309-0.00094
GRID        4518        0.3390090.0112620.031204
GRID        4519        0.359012-0.002290.000967
GRID        4520        0.359000-0.01179-0.03162
GRID        4521        0.369015-0.01435-0.03083
GRID        4522        0.359012-0.00704-0.01532
GRID        4523        0.379030-0.01689-0.03002
GRID        4524        0.378995-0.02692-0.06302
GRID        4525        0.379019-0.02190-0.04652
GRID        4526        0.389030-0.02970-0.06236
GRID        4527        0.399066-0.03247-0.06168
GRID        4528        0.399003-0.04300-0.09506
GRID        4529        0.399041-0.03774-0.07837
GRID        4530        0.409060-0.04599-0.09449
GRID        4531        0.419119-0.04898-0.09391
GRID        4532        0.419079-0.05449-0.11077
GRID        4533        0.2591940.0396730.099588
GRID        4534        0.2592160.0363530.084517
GRID        4535        0.2691630.0348700.086086
GRID        4536        0.2791310.0297800.072342
GRID        4537        0.2791470.0261620.057005
GRID        4538        0.2891060.0243900.058338
GRID        4539        0.2791070.0333970.087679
GRID        4540        0.2990800.0187170.044101
GRID        4541        0.2990890.0148060.028506
GRID        4542        0.3090620.0127540.029622
GRID        4543        0.2990620.0226270.059695
GRID        4544        0.3190430.0065150.014921
GRID        4545        0.3290318.59E-181.36E-17
GRID        4546        0.3190430.002318-0.00091
GRID        4547        0.3190330.0107120.030761
GRID        4548        0.339009-0.01126-0.03120
GRID        4549        0.349016-0.01383-0.03045
GRID        4550        0.339020-0.00678-0.01513
GRID        4551        0.339020-0.002300.000943
GRID        4552        0.359023-0.01639-0.02968
GRID        4553        0.358989-0.02589-0.06227
GRID        4554        0.359012-0.02114-0.04598
GRID        4555        0.369015-0.02870-0.06167
GRID        4556        0.379042-0.03150-0.06104
GRID        4557        0.378983-0.04152-0.09404
GRID        4558        0.379019-0.03651-0.07754
GRID        4559        0.389030-0.04455-0.09355
GRID        4560        0.399079-0.04757-0.09303
GRID        4561        0.399041-0.05283-0.10972
GRID        4562        0.2392690.0376190.097836
GRID        4563        0.2392880.0346010.083040
GRID        4564        0.2492320.0331250.084610
GRID        4565        0.2591940.0283370.071134
GRID        4566        0.2592090.0250170.056063
GRID        4567        0.2691630.0232470.057390
GRID        4568        0.2591720.0316570.086204
GRID        4569        0.2791310.0178680.043405
GRID        4570        0.2791390.0142490.028067
GRID        4571        0.2891060.0121950.029169
GRID        4572        0.2791150.0214860.058743
GRID        4573        0.2990800.0062390.014700
GRID        4574        0.3090625.95E-187.64E-18
GRID        4575        0.2990800.002327-0.00089
GRID        4576        0.2990710.0101500.030295
GRID        4577        0.319033-0.01071-0.03076
GRID        4578        0.329031-0.01330-0.03005
GRID        4579        0.319043-0.00651-0.01492
GRID        4580        0.319043-0.002310.000918
GRID        4581        0.338999-0.02483-0.06146
GRID        4582        0.339020-0.02035-0.04539
GRID        4583        0.349016-0.02766-0.06091
GRID        4584        0.339030-0.01588-0.02931
GRID        4585        0.359034-0.03049-0.06034
GRID        4586        0.358978-0.03998-0.09292
GRID        4587        0.359012-0.03524-0.07663
GRID        4588        0.369015-0.04305-0.09250
GRID        4589        0.379054-0.04610-0.09206
GRID        4590        0.379019-0.05111-0.10855
GRID        4591        0.2193540.0355350.096031
GRID        4592        0.2193700.0328240.081518
GRID        4593        0.2293110.0313520.083085
GRID        4594        0.2392690.0268710.069882
GRID        4595        0.2392820.0238520.055086
GRID        4596        0.2492320.0220830.056406
GRID        4597        0.2392500.0298880.084678
GRID        4598        0.2591940.0170020.042680
GRID        4599        0.2592020.0136810.027608
GRID        4600        0.2691630.0116230.028695
GRID        4601        0.2591800.0203230.057751
GRID        4602        0.2791310.0059560.014468
GRID        4603        0.2891065.48E-187.55E-18
GRID        4604        0.2791310.002336-0.00086
GRID        4605        0.2791230.0095750.029806
GRID        4606        0.299071-0.01015-0.03029
GRID        4607        0.309062-0.01275-0.02962
GRID        4608        0.299080-0.00623-0.01470
GRID        4609        0.299080-0.002320.000894
GRID        4610        0.319023-0.02374-0.06060
GRID        4611        0.319043-0.01954-0.04476
GRID        4612        0.329031-0.02660-0.06010
GRID        4613        0.319053-0.01535-0.02892
GRID        4614        0.338988-0.03840-0.09172
GRID        4615        0.339020-0.03392-0.07565
GRID        4616        0.349016-0.04150-0.09137
GRID        4617        0.339041-0.02945-0.05958
GRID        4618        0.359045-0.04459-0.09099
GRID        4619        0.359012-0.04933-0.10728
GRID        4620        0.1994470.0334260.094181
GRID        4621        0.1994610.0310240.079956
GRID        4622        0.2094000.0295550.081519
GRID        4623        0.2193370.0280940.083106
GRID        4624        0.2193540.0253820.068593
GRID        4625        0.2193650.0226700.054079
GRID        4626        0.2293110.0209010.055390
GRID        4627        0.2392690.0161220.041929
GRID        4628        0.2392750.0131030.027132
GRID        4629        0.2492320.0110410.028203
GRID        4630        0.2392560.0191410.056726
GRID        4631        0.2591940.0056670.014226
GRID        4632        0.2691637.38E-181.33E-17
GRID        4633        0.2591940.002345-0.00084
GRID        4634        0.2591870.0089890.029298
GRID        4635        0.279123-0.00957-0.02980
GRID        4636        0.289106-0.01219-0.02916
GRID        4637        0.279131-0.00595-0.01446
GRID        4638        0.279131-0.002330.000869
GRID        4639        0.299062-0.02262-0.05969
GRID        4640        0.299080-0.01871-0.04410
GRID        4641        0.309062-0.02550-0.05924
GRID        4642        0.299089-0.01480-0.02850
GRID        4643        0.319014-0.03677-0.09044
GRID        4644        0.319043-0.03257-0.07460
GRID        4645        0.329031-0.03990-0.09015
GRID        4646        0.319062-0.02838-0.05876
GRID        4647        0.339020-0.04750-0.10591
GRID        4648        0.339051-0.04302-0.08984
GRID        4649        0.1795490.0312960.092293
GRID        4650        0.1795600.0292070.078363
GRID        4651        0.1894980.0277380.079917
GRID        4652        0.1994330.0262770.081496
GRID        4653        0.1994470.0238760.067272
GRID        4654        0.1994560.0214730.053047
GRID        4655        0.2094000.0197030.054346
GRID        4656        0.2193420.0179420.055670
GRID        4657        0.2193540.0152290.041156
GRID        4658        0.2193590.0125160.026641
GRID        4659        0.2293110.0104500.027695
GRID        4660        0.2492326.89E-181.30E-17
GRID        4661        0.2392690.002354-0.00082
GRID        4662        0.2392690.0053740.013976
GRID        4663        0.2392620.0083930.028773
GRID        4664        0.259187-0.00898-0.02929
GRID        4665        0.269163-0.01162-0.02869
GRID        4666        0.259194-0.00566-0.01422
GRID        4667        0.259194-0.002340.000845
GRID        4668        0.279115-0.02148-0.05874
GRID        4669        0.279131-0.01786-0.04340
GRID        4670        0.289106-0.02439-0.05833
GRID        4671        0.279139-0.01424-0.02806
GRID        4672        0.299053-0.03510-0.08909
GRID        4673        0.299080-0.03119-0.07350
GRID        4674        0.309062-0.03826-0.08886
GRID        4675        0.299098-0.02728-0.05790
GRID        4676        0.319043-0.04561-0.10445
GRID        4677        0.319072-0.04141-0.08861
GRID        4678        0.1596560.0291480.090376
GRID        4679        0.1596640.0273740.076744
GRID        4680        0.1696020.0259040.078287
GRID        4681        0.1795370.0244430.079854
GRID        4682        0.1795490.0223540.065924
GRID        4683        0.1795560.0202640.051993
GRID        4684        0.1894980.0184920.053278
GRID        4685        0.1994380.0167280.054588
GRID        4686        0.1994470.0143250.040363
GRID        4687        0.1994520.0119220.026138
GRID        4688        0.2094000.0098510.027173
GRID        4689        0.2193480.0077890.028233
GRID        4690        0.2293116.83E-181.27E-17
GRID        4691        0.2193540.002363-0.00079
GRID        4692        0.2193540.0050760.013718
GRID        4693        0.239262-0.00839-0.02877
GRID        4694        0.249232-0.01104-0.02820
GRID        4695        0.239269-0.00537-0.01397
GRID        4696        0.239269-0.002350.000820
GRID        4697        0.259180-0.02032-0.05775
GRID        4698        0.259194-0.01700-0.04268
GRID        4699        0.269163-0.02324-0.05739
GRID        4700        0.259202-0.01368-0.02760
GRID        4701        0.279107-0.03339-0.08767
GRID        4702        0.279131-0.02978-0.07234
GRID        4703        0.289106-0.03658-0.08750
GRID        4704        0.279147-0.02616-0.05700
GRID        4705        0.299080-0.04367-0.10290
GRID        4706        0.299107-0.03976-0.08731
GRID        4707        0.1397680.0269880.088436
GRID        4708        0.1397740.0255310.075106
GRID        4709        0.1497120.0240580.076633
GRID        4710        0.1596480.0225940.078186
GRID        4711        0.1596560.0208200.064554
GRID        4712        0.1596620.0190460.050922
GRID        4713        0.1696020.0172690.052191
GRID        4714        0.1795410.0155020.053485
GRID        4715        0.1795490.0134120.039554
GRID        4716        0.1795520.0113220.025623
GRID        4717        0.1894980.0092460.026639
GRID        4718        0.1994430.0071780.027679
GRID        4719        0.2094006.77E-181.23E-17
GRID        4720        0.1994470.002372-0.00077
GRID        4721        0.1994470.0047750.013454
GRID        4722        0.219354-0.002360.000795
GRID        4723        0.219348-0.00778-0.02823
GRID        4724        0.229311-0.01045-0.02769
GRID        4725        0.219354-0.00507-0.01371
GRID        4726        0.239256-0.01914-0.05672
GRID        4727        0.239269-0.01612-0.04192
GRID        4728        0.249232-0.02208-0.05640
GRID        4729        0.239275-0.01310-0.02713
GRID        4730        0.259172-0.03165-0.08620
GRID        4731        0.259194-0.02833-0.07113
GRID        4732        0.269163-0.03487-0.08608
GRID        4733        0.259209-0.02501-0.05606
GRID        4734        0.279131-0.04169-0.10128
GRID        4735        0.279155-0.03807-0.08594
GRID        4736        0.1198830.0248190.086481
GRID        4737        0.1198860.0236800.073454
GRID        4738        0.1298260.0222030.074964
GRID        4739        0.1397620.0207340.076498
GRID        4740        0.1397680.0192770.063168
GRID        4741        0.1397720.0178200.049838
GRID        4742        0.1497120.0160390.051089
GRID        4743        0.1596500.0142660.052364
GRID        4744        0.1596560.0124920.038732
GRID        4745        0.1596590.0107170.025100
GRID        4746        0.1696020.0086340.026095
GRID        4747        0.1795450.0065600.027115
GRID        4748        0.1894986.49E-181.20E-17
GRID        4749        0.1795490.002380-0.00074
GRID        4750        0.1795490.0044700.013184
GRID        4751        0.199447-0.002370.000771
GRID        4752        0.199443-0.00717-0.02767
GRID        4753        0.209400-0.00985-0.02717
GRID        4754        0.199447-0.00477-0.01345
GRID        4755        0.219359-0.01251-0.02664
GRID        4756        0.219342-0.01794-0.05567
GRID        4757        0.219354-0.01522-0.04115
GRID        4758        0.229311-0.02090-0.05539
GRID        4759        0.239250-0.02988-0.08467
GRID        4760        0.239269-0.02687-0.06988
GRID        4761        0.249232-0.03312-0.08461
GRID        4762        0.239282-0.02385-0.05508
GRID        4763        0.259194-0.03967-0.09958
GRID        4764        0.259216-0.03635-0.08451
GRID        4765        0.1099420.0203420.073285
GRID        4766        0.1198800.0188670.074798
GRID        4767        0.1198830.0177280.061772
GRID        4768        0.1198850.0165890.048745
GRID        4769        0.1298260.0148020.049976
GRID        4770        0.1397640.0130230.051231
GRID        4771        0.1397680.0115660.037901
GRID        4772        0.1397700.0101080.024570
GRID        4773        0.1497120.0080190.025544
GRID        4774        0.1596530.0059380.026543
GRID        4775        0.1596560.0041640.012910
GRID        4776        0.1596560.002389-0.00072
GRID        4777        0.1696026.20E-181.19E-17
GRID        4778        0.179549-0.002380.000746
GRID        4779        0.179545-0.00656-0.02711
GRID        4780        0.189498-0.00924-0.02663
GRID        4781        0.179549-0.00447-0.01318
GRID        4782        0.199452-0.01192-0.02613
GRID        4783        0.199438-0.01672-0.05458
GRID        4784        0.199447-0.01432-0.04036
GRID        4785        0.209400-0.01970-0.05434
GRID        4786        0.219365-0.02267-0.05407
GRID        4787        0.219337-0.02809-0.08310
GRID        4788        0.219354-0.02538-0.06859
GRID        4789        0.229311-0.03135-0.08308
GRID        4790        0.239269-0.03761-0.09783
GRID        4791        0.239288-0.03460-0.08304
GRID        4792        0.1099420.0135610.048857
GRID        4793        0.1198810.0117760.050089
GRID        4794        0.1198830.0106370.037063
GRID        4795        0.1198840.0094970.024037
GRID        4796        0.1298260.0074010.024988
GRID        4797        0.1397660.0053130.025964
GRID        4798        0.1397680.0038550.012633
GRID        4799        0.1397680.002397-0.00069
GRID        4800        0.1497125.92E-181.16E-17
GRID        4801        0.159656-0.002380.000721
GRID        4802        0.159653-0.00593-0.02654
GRID        4803        0.159656-0.00416-0.01291
GRID        4804        0.169602-0.00863-0.02609
GRID        4805        0.179552-0.01132-0.02562
GRID        4806        0.179541-0.01550-0.05348
GRID        4807        0.179549-0.01341-0.03955
GRID        4808        0.189498-0.01849-0.05327
GRID        4809        0.199456-0.02147-0.05304
GRID        4810        0.199433-0.02627-0.08149
GRID        4811        0.199447-0.02387-0.06727
GRID        4812        0.209400-0.02955-0.08151
GRID        4813        0.219370-0.03282-0.08151
GRID        4814        0.219354-0.03553-0.09603
GRID        4815        0.1099420.0067800.024428
GRID        4816        0.1198820.0046840.025380
GRID        4817        0.1198830.0035450.012354
GRID        4818        0.1198830.002406-0.00067
GRID        4819        0.1298265.63E-181.12E-17
GRID        4820        0.139768-0.002390.000696
GRID        4821        0.139766-0.00531-0.02596
GRID        4822        0.139768-0.00385-0.01263
GRID        4823        0.149712-0.00801-0.02554
GRID        4824        0.159659-0.01071-0.02510
GRID        4825        0.159650-0.01426-0.05236
GRID        4826        0.159656-0.01249-0.03873
GRID        4827        0.169602-0.01726-0.05219
GRID        4828        0.179556-0.02026-0.05199
GRID        4829        0.179537-0.02444-0.07985
GRID        4830        0.179549-0.02235-0.06592
GRID        4831        0.189498-0.02773-0.07991
GRID        4832        0.199461-0.03102-0.07995
GRID        4833        0.199447-0.03342-0.09418
GRID        4834        0.1099421.04E-171.31E-17
GRID        4835        0.119883-0.002400.000671
GRID        4836        0.119882-0.00468-0.02538
GRID        4837        0.119883-0.00354-0.01235
GRID        4838        0.129826-0.00740-0.02498
GRID        4839        0.139770-0.01010-0.02457
GRID        4840        0.139764-0.01302-0.05123
GRID        4841        0.139768-0.01156-0.03790
GRID        4842        0.149712-0.01603-0.05108
GRID        4843        0.159662-0.01904-0.05092
GRID        4844        0.159648-0.02259-0.07818
GRID        4845        0.159656-0.02082-0.06455
GRID        4846        0.169602-0.02590-0.07828
GRID        4847        0.179560-0.02920-0.07836
GRID        4848        0.179549-0.03129-0.09229
GRID        4849        0.109942-0.00678-0.02442
GRID        4850        0.119884-0.00949-0.02403
GRID        4851        0.119881-0.01177-0.05008
GRID        4852        0.119883-0.01063-0.03706
GRID        4853        0.129826-0.01480-0.04997
GRID        4854        0.139772-0.01782-0.04983
GRID        4855        0.139762-0.02073-0.07649
GRID        4856        0.139768-0.01927-0.06316
GRID        4857        0.149712-0.02405-0.07663
GRID        4858        0.159664-0.02737-0.07674
GRID        4859        0.159656-0.02914-0.09037
GRID        4860        0.109942-0.01356-0.04885
GRID        4861        0.119885-0.01658-0.04874
GRID        4862        0.119880-0.01886-0.07479
GRID        4863        0.119883-0.01772-0.06177
GRID        4864        0.129826-0.02220-0.07496
GRID        4865        0.139774-0.02553-0.07510
GRID        4866        0.139768-0.02698-0.08843
GRID        4867        0.109942-0.02034-0.07328
GRID        4868        0.119886-0.02368-0.07345
GRID        4869        0.119883-0.02481-0.08648
$ Element data section
CHEXA          1       1       3       1       4       9       6       2+CONT
+CONT          7      15    1616    1608    3420    3421    3251    1528+CONT
+CONT       2508    3442    3250    2509    3444    3443
CHEXA          2       1       6       2       7      15      12       5+CONT
+CONT         13      24    3250    2509    3444    3443    3253    1529+CONT
+CONT       2510    3445    3252    2511    3447    3446
CHEXA          3       1       8       3       9      17      14       6+CONT
+CONT         15      26    1617    3421    3422    1600    1478    3251+CONT
+CONT       3442    1767    3254    3443    3448    1766
CHEXA          4       1       9       4      10      18      15       7+CONT
+CONT         16      27    3420    1609    3423    3424    3442    2508+CONT
+CONT       2512    3449    3444    2513    3451    3450
CHEXA          5       1      12       5      13      24      21      11+CONT
+CONT         22      36    3252    2511    3447    3446    3256    1530+CONT
+CONT       2514    3452    3255    2515    3454    3453
CHEXA          6       1      14       6      15      26      23      12+CONT
+CONT         24      38    3254    3443    3448    1766    1479    3253+CONT
+CONT       3445    1769    3257    3446    3455    1768
CHEXA          7       1      15       7      16      27      24      13+CONT
+CONT         25      39    3444    2513    3451    3450    3445    2510+CONT
+CONT       2516    3456    3447    2517    3458    3457
CHEXA          8       1      17       9      18      29      26      15+CONT
+CONT         27      41    3422    3424    3425    1601    1767    3442+CONT
+CONT       3449    1771    3448    3450    3459    1770
CHEXA          9       1      18      10      19      30      27      16+CONT
+CONT         28      42    3423    1610    3426    3427    3449    2512+CONT
+CONT       2518    3460    3451    2519    3462    3461
CHEXA         10       1      21      11      22      36      33      20+CONT
+CONT         34      51    3255    2515    3454    3453    3259    1531+CONT
+CONT       2520    3463    3258    2521    3465    3464
CHEXA         11       1      23      12      24      38      35      21+CONT
+CONT         36      53    3257    3446    3455    1768    1480    3256+CONT
+CONT       3452    1773    3260    3453    3466    1772
CHEXA         12       1      24      13      25      39      36      22+CONT
+CONT         37      54    3447    2517    3458    3457    3452    2514+CONT
+CONT       2522    3467    3454    2523    3469    3468
CHEXA         13       1      26      15      27      41      38      24+CONT
+CONT         39      56    3448    3450    3459    1770    1769    3445+CONT
+CONT       3456    1775    3455    3457    3470    1774
CHEXA         14       1      27      16      28      42      39      25+CONT
+CONT         40      57    3451    2519    3462    3461    3456    2516+CONT
+CONT       2524    3471    3458    2525    3473    3472
CHEXA         15       1      29      18      30      44      41      27+CONT
+CONT         42      59    3425    3427    3428    1602    1771    3449+CONT
+CONT       3460    1777    3459    3461    3474    1776
CHEXA         16       1      30      19      31      45      42      28+CONT
+CONT         43      60    3426    1611    3429    3430    3460    2518+CONT
+CONT       2526    3475    3462    2527    3477    3476
CHEXA         17       1      33      20      34      51      48      32+CONT
+CONT         49      69    3258    2521    3465    3464    3262    1532+CONT
+CONT       2528    3478    3261    2529    3480    3479
CHEXA         18       1      35      21      36      53      50      33+CONT
+CONT         51      71    3260    3453    3466    1772    1481    3259+CONT
+CONT       3463    1779    3263    3464    3481    1778
CHEXA         19       1      36      22      37      54      51      34+CONT
+CONT         52      72    3454    2523    3469    3468    3463    2520+CONT
+CONT       2530    3482    3465    2531    3484    3483
CHEXA         20       1      38      24      39      56      53      36+CONT
+CONT         54      74    3455    3457    3470    1774    1773    3452+CONT
+CONT       3467    1781    3466    3468    3485    1780
CHEXA         21       1      39      25      40      57      54      37+CONT
+CONT         55      75    3458    2525    3473    3472    3467    2522+CONT
+CONT       2532    3486    3469    2533    3488    3487
CHEXA         22       1      41      27      42      59      56      39+CONT
+CONT         57      77    3459    3461    3474    1776    1775    3456+CONT
+CONT       3471    1783    3470    3472    3489    1782
CHEXA         23       1      42      28      43      60      57      40+CONT
+CONT         58      78    3462    2527    3477    3476    3471    2524+CONT
+CONT       2534    3490    3473    2535    3492    3491
CHEXA         24       1      44      30      45      62      59      42+CONT
+CONT         60      80    3428    3430    3431    1603    1777    3460+CONT
+CONT       3475    1785    3474    3476    3493    1784
CHEXA         25       1      46      63      45      31      61      81+CONT
+CONT         60      43    3432    3433    3429    1612    2536    3494+CONT
+CONT       3475    2526    3495    3496    3477    2537
CHEXA         26       1      48      32      49      69      66      47+CONT
+CONT         67      90    3261    2529    3480    3479    3265    1533+CONT
+CONT       2538    3497    3264    2539    3499    3498
CHEXA         27       1      50      33      51      71      68      48+CONT
+CONT         69      92    3263    3464    3481    1778    1482    3262+CONT
+CONT       3478    1787    3266    3479    3500    1786
CHEXA         28       1      51      34      52      72      69      49+CONT
+CONT         70      93    3465    2531    3484    3483    3478    2528+CONT
+CONT       2540    3501    3480    2541    3503    3502
CHEXA         29       1      53      36      54      74      71      51+CONT
+CONT         72      95    3466    3468    3485    1780    1779    3463+CONT
+CONT       3482    1789    3481    3483    3504    1788
CHEXA         30       1      54      37      55      75      72      52+CONT
+CONT         73      96    3469    2533    3488    3487    3482    2530+CONT
+CONT       2542    3505    3484    2543    3507    3506
CHEXA         31       1      56      39      57      77      74      54+CONT
+CONT         75      98    3470    3472    3489    1782    1781    3467+CONT
+CONT       3486    1791    3485    3487    3508    1790
CHEXA         32       1      57      40      58      78      75      55+CONT
+CONT         76      99    3473    2535    3492    3491    3486    2532+CONT
+CONT       2544    3509    3488    2545    3511    3510
CHEXA         33       1      59      42      60      80      77      57+CONT
+CONT         78     101    3474    3476    3493    1784    1783    3471+CONT
+CONT       3490    1793    3489    3491    3512    1792
CHEXA         34       1      61      81      60      43      79     102+CONT
+CONT         78      58    3495    3496    3477    2537    2546    3513+CONT
+CONT       3490    2534    3514    3515    3492    2547
CHEXA         35       1      63      83      62      45      81     104+CONT
+CONT         80      60    3434    1604    3431    3433    3494    1794+CONT
+CONT       1785    3475    3516    1795    3493    3496
CHEXA         36       1      64      84      63      46      82     105+CONT
+CONT         81      61    3435    3436    3432    1613    2548    3517+CONT
+CONT       3494    2536    3518    3519    3495    2549
CHEXA         37       1      66      47      67      90      87      65+CONT
+CONT         88     114    3264    2539    3499    3498    3267    1534+CONT
+CONT       2550    3520    3268    2551    3522    3521
CHEXA         38       1      68      48      69      92      89      66+CONT
+CONT         90     116    3266    3479    3500    1786    1483    3265+CONT
+CONT       3497    1797    3269    3498    3523    1796
CHEXA         39       1      69      49      70      93      90      67+CONT
+CONT         91     117    3480    2541    3503    3502    3497    2538+CONT
+CONT       2552    3524    3499    2553    3526    3525
CHEXA         40       1      71      51      72      95      92      69+CONT
+CONT         93     119    3481    3483    3504    1788    1787    3478+CONT
+CONT       3501    1799    3500    3502    3527    1798
CHEXA         41       1      72      52      73      96      93      70+CONT
+CONT         94     120    3484    2543    3507    3506    3501    2540+CONT
+CONT       2554    3528    3503    2555    3530    3529
CHEXA         42       1      74      54      75      98      95      72+CONT
+CONT         96     122    3485    3487    3508    1790    1789    3482+CONT
+CONT       3505    1801    3504    3506    3531    1800
CHEXA         43       1      75      55      76      99      96      73+CONT
+CONT         97     123    3488    2545    3511    3510    3505    2542+CONT
+CONT       2556    3532    3507    2557    3534    3533
CHEXA         44       1      77      57      78     101      98      75+CONT
+CONT         99     125    3489    3491    3512    1792    1791    3486+CONT
+CONT       3509    1803    3508    3510    3535    1802
CHEXA         45       1      79     102      78      58     100     126+CONT
+CONT         99      76    3514    3515    3492    2547    2558    3536+CONT
+CONT       3509    2544    3537    3538    3511    2559
CHEXA         46       1      81     104      80      60     102     128+CONT
+CONT        101      78    3516    1795    3493    3496    3513    1804+CONT
+CONT       1793    3490    3539    1805    3512    3515
CHEXA         47       1      82     105      81      61     103     129+CONT
+CONT        102      79    3518    3519    3495    2549    2560    3540+CONT
+CONT       3513    2546    3541    3542    3514    2561
CHEXA         48       1      84     107      83      63     105     131+CONT
+CONT        104      81    3437    1605    3434    3436    3517    1806+CONT
+CONT       1794    3494    3543    1807    3516    3519
CHEXA         49       1      85     108      84      64     106     132+CONT
+CONT        105      82    3438    3439    3435    1614    2562    3544+CONT
+CONT       3517    2548    3545    3546    3518    2563
CHEXA         50       1      87      65      88     114     111      86+CONT
+CONT        112     140    3268    2551    3522    3521    3270    1535+CONT
+CONT       2564    3547    3271    2565    3549    3548
CHEXA         51       1      89      66      90     116     113      87+CONT
+CONT        114     142    3269    3498    3523    1796    1484    3267+CONT
+CONT       3520    1809    3272    3521    3550    1808
CHEXA         52       1      90      67      91     117     114      88+CONT
+CONT        115     143    3499    2553    3526    3525    3520    2550+CONT
+CONT       2566    3551    3522    2567    3553    3552
CHEXA         53       1      92      69      93     119     116      90+CONT
+CONT        117     145    3500    3502    3527    1798    1797    3497+CONT
+CONT       3524    1811    3523    3525    3554    1810
CHEXA         54       1      93      70      94     120     117      91+CONT
+CONT        118     146    3503    2555    3530    3529    3524    2552+CONT
+CONT       2568    3555    3526    2569    3557    3556
CHEXA         55       1      95      72      96     122     119      93+CONT
+CONT        120     148    3504    3506    3531    1800    1799    3501+CONT
+CONT       3528    1813    3527    3529    3558    1812
CHEXA         56       1      73      96     120      94      97     123+CONT
+CONT        149     121    3507    3528    3530    2554    2557    3533+CONT
+CONT       3559    2571    3534    3560    3561    2570
CHEXA         57       1      98      75      99     125     122      96+CONT
+CONT        123     151    3508    3510    3535    1802    1801    3505+CONT
+CONT       3532    1815    3531    3533    3562    1814
CHEXA         58       1     100     126      99      76     124     152+CONT
+CONT        123      97    3537    3538    3511    2559    2572    3563+CONT
+CONT       3532    2556    3564    3565    3534    2573
CHEXA         59       1     102     128     101      78     126     154+CONT
+CONT        125      99    3539    1805    3512    3515    3536    1816+CONT
+CONT       1803    3509    3566    1817    3535    3538
CHEXA         60       1     103     129     102      79     127     155+CONT
+CONT        126     100    3541    3542    3514    2561    2574    3567+CONT
+CONT       3536    2558    3568    3569    3537    2575
CHEXA         61       1     105     131     104      81     129     157+CONT
+CONT        128     102    3543    1807    3516    3519    3540    1818+CONT
+CONT       1804    3513    3570    1819    3539    3542
CHEXA         62       1     106     132     105      82     130     158+CONT
+CONT        129     103    3545    3546    3518    2563    2576    3571+CONT
+CONT       3540    2560    3572    3573    3541    2577
CHEXA         63       1     108     134     107      84     132     160+CONT
+CONT        131     105    3440    1606    3437    3439    3544    1820+CONT
+CONT       1806    3517    3574    1821    3543    3546
CHEXA         64       1     109     135     108      85     133     161+CONT
+CONT        132     106    1598    3441    3438    1615    1428    1619+CONT
+CONT       3544    2562    1618    3575    3545    2578
CHEXA         65       1     111      86     112     140     137     110+CONT
+CONT        138     167    3271    2565    3549    3548    3273    1536+CONT
+CONT       2579    3576    3274    2580    3578    3577
CHEXA         66       1     113      87     114     142     139     111+CONT
+CONT        140     169    3272    3521    3550    1808    1485    3270+CONT
+CONT       3547    1823    3275    3548    3579    1822
CHEXA         67       1     114      88     115     143     140     112+CONT
+CONT        141     170    3522    2567    3553    3552    3547    2564+CONT
+CONT       2581    3580    3549    2582    3582    3581
CHEXA         68       1     116      90     117     145     142     114+CONT
+CONT        143     172    3523    3525    3554    1810    1809    3520+CONT
+CONT       3551    1825    3550    3552    3583    1824
CHEXA         69       1     117      91     118     146     143     115+CONT
+CONT        144     173    3526    2569    3557    3556    3551    2566+CONT
+CONT       2583    3584    3553    2584    3586    3585
CHEXA         70       1     119      93     120     148     145     117+CONT
+CONT        146     175    3527    3529    3558    1812    1811    3524+CONT
+CONT       3555    1827    3554    3556    3587    1826
CHEXA         71       1      94     120     146     118     121     149+CONT
+CONT        176     147    3530    3555    3557    2568    2571    3559+CONT
+CONT       3588    2586    3561    3589    3590    2585
CHEXA         72       1      96     122     148     120     123     151+CONT
+CONT        178     149    3531    1813    3558    3528    3533    1814+CONT
+CONT       1828    3559    3562    1829    3591    3560
CHEXA         73       1     152     124     150     179     123      97+CONT
+CONT        121     149    3564    2587    3593    3592    3565    2573+CONT
+CONT       2588    3594    3534    2570    3561    3560
CHEXA         74       1     126     154     125      99     152     181+CONT
+CONT        151     123    3566    1817    3535    3538    3563    1830+CONT
+CONT       1815    3532    3595    1831    3562    3565
CHEXA         75       1     127     155     126     100     153     182+CONT
+CONT        152     124    3568    3569    3537    2575    2589    3596+CONT
+CONT       3563    2572    3597    3598    3564    2590
CHEXA         76       1     129     157     128     102     155     184+CONT
+CONT        154     126    3570    1819    3539    3542    3567    1832+CONT
+CONT       1816    3536    3599    1833    3566    3569
CHEXA         77       1     130     158     129     103     156     185+CONT
+CONT        155     127    3572    3573    3541    2577    2591    3600+CONT
+CONT       3567    2574    3601    3602    3568    2592
CHEXA         78       1     132     160     131     105     158     187+CONT
+CONT        157     129    3574    1821    3543    3546    3571    1834+CONT
+CONT       1818    3540    3603    1835    3570    3573
CHEXA         79       1     133     161     132     106     159     188+CONT
+CONT        158     130    1618    3575    3545    2578    1429    1621+CONT
+CONT       3571    2576    1620    3604    3572    2593
CHEXA         80       1     135     162     134     108     161     189+CONT
+CONT        160     132    1599    1607    3440    3441    1619    1378+CONT
+CONT       1820    3544    1622    1836    3574    3575
CHEXA         81       1     137     110     138     167     164     136+CONT
+CONT        165     194    3274    2580    3578    3577    3276    1537+CONT
+CONT       2594    3605    3277    2595    3607    3606
CHEXA         82       1     139     111     140     169     166     137+CONT
+CONT        167     196    3275    3548    3579    1822    1486    3273+CONT
+CONT       3576    1838    3278    3577    3608    1837
CHEXA         83       1     140     112     141     170     167     138+CONT
+CONT        168     197    3549    2582    3582    3581    3576    2579+CONT
+CONT       2596    3609    3578    2597    3611    3610
CHEXA         84       1     142     114     143     172     169     140+CONT
+CONT        170     199    3550    3552    3583    1824    1823    3547+CONT
+CONT       3580    1840    3579    3581    3612    1839
CHEXA         85       1     143     115     144     173     170     141+CONT
+CONT        171     200    3553    2584    3586    3585    3580    2581+CONT
+CONT       2598    3613    3582    2599    3615    3614
CHEXA         86       1     145     117     146     175     172     143+CONT
+CONT        173     202    3554    3556    3587    1826    1825    3551+CONT
+CONT       3584    1842    3583    3585    3616    1841
CHEXA         87       1     118     146     173     144     147     176+CONT
+CONT        203     174    3557    3584    3586    2583    2586    3588+CONT
+CONT       3617    2601    3590    3618    3619    2600
CHEXA         88       1     120     148     175     146     149     178+CONT
+CONT        205     176    3558    1827    3587    3555    3559    1828+CONT
+CONT       1843    3588    3591    1844    3620    3589
CHEXA         89       1     179     150     177     206     149     121+CONT
+CONT        147     176    3593    2602    3622    3621    3594    2588+CONT
+CONT       2603    3623    3561    2585    3590    3589
CHEXA         90       1     181     152     179     208     151     123+CONT
+CONT        149     178    3595    3592    3624    1845    1831    3565+CONT
+CONT       3594    1846    3562    3560    3591    1829
CHEXA         91       1     153     182     152     124     180     209+CONT
+CONT        179     150    3597    3598    3564    2590    2604    3625+CONT
+CONT       3592    2587    3626    3627    3593    2605
CHEXA         92       1     155     184     154     126     182     211+CONT
+CONT        181     152    3599    1833    3566    3569    3596    1847+CONT
+CONT       1830    3563    3628    1848    3595    3598
CHEXA         93       1     156     185     155     127     183     212+CONT
+CONT        182     153    3601    3602    3568    2592    2606    3629+CONT
+CONT       3596    2589    3630    3631    3597    2607
CHEXA         94       1     158     187     157     129     185     214+CONT
+CONT        184     155    3603    1835    3570    3573    3600    1849+CONT
+CONT       1832    3567    3632    1850    3599    3602
CHEXA         95       1     159     188     158     130     186     215+CONT
+CONT        185     156    1620    3604    3572    2593    1430    1624+CONT
+CONT       3600    2591    1623    3633    3601    2608
CHEXA         96       1     161     189     160     132     188     216+CONT
+CONT        187     158    1622    1836    3574    3575    1621    1379+CONT
+CONT       1834    3571    1625    1851    3603    3604
CHEXA         97       1     164     136     165     194     191     163+CONT
+CONT        192     221    3277    2595    3607    3606    3279    1538+CONT
+CONT       2609    3634    3280    2610    3636    3635
CHEXA         98       1     166     137     167     196     193     164+CONT
+CONT        194     223    3278    3577    3608    1837    1487    3276+CONT
+CONT       3605    1853    3281    3606    3637    1852
CHEXA         99       1     167     138     168     197     194     165+CONT
+CONT        195     224    3578    2597    3611    3610    3605    2594+CONT
+CONT       2611    3638    3607    2612    3640    3639
CHEXA        100       1     169     140     170     199     196     167+CONT
+CONT        197     226    3579    3581    3612    1839    1838    3576+CONT
+CONT       3609    1855    3608    3610    3641    1854
CHEXA        101       1     170     141     171     200     197     168+CONT
+CONT        198     227    3582    2599    3615    3614    3609    2596+CONT
+CONT       2613    3642    3611    2614    3644    3643
CHEXA        102       1     172     143     173     202     199     170+CONT
+CONT        200     229    3583    3585    3616    1841    1840    3580+CONT
+CONT       3613    1857    3612    3614    3645    1856
CHEXA        103       1     144     173     200     171     174     203+CONT
+CONT        230     201    3586    3613    3615    2598    2601    3617+CONT
+CONT       3646    2616    3619    3647    3648    2615
CHEXA        104       1     146     175     202     173     176     205+CONT
+CONT        232     203    3587    1842    3616    3584    3588    1843+CONT
+CONT       1858    3617    3620    1859    3649    3618
CHEXA        105       1     206     177     204     233     176     147+CONT
+CONT        174     203    3622    2617    3651    3650    3623    2603+CONT
+CONT       2618    3652    3590    2600    3619    3618
CHEXA        106       1     208     179     206     235     178     149+CONT
+CONT        176     205    3624    3621    3653    1860    1846    3594+CONT
+CONT       3623    1861    3591    3589    3620    1844
CHEXA        107       1     180     209     179     150     207     236+CONT
+CONT        206     177    3626    3627    3593    2605    2619    3654+CONT
+CONT       3621    2602    3655    3656    3622    2620
CHEXA        108       1     182     211     181     152     209     238+CONT
+CONT        208     179    3628    1848    3595    3598    3625    1862+CONT
+CONT       1845    3592    3657    1863    3624    3627
CHEXA        109       1     183     212     182     153     210     239+CONT
+CONT        209     180    3630    3631    3597    2607    2621    3658+CONT
+CONT       3625    2604    3659    3660    3626    2622
CHEXA        110       1     185     214     184     155     212     241+CONT
+CONT        211     182    3632    1850    3599    3602    3629    1864+CONT
+CONT       1847    3596    3661    1865    3628    3631
CHEXA        111       1     186     215     185     156     213     242+CONT
+CONT        212     183    1623    3633    3601    2608    1431    1627+CONT
+CONT       3629    2606    1626    3662    3630    2623
CHEXA        112       1     188     216     187     158     215     243+CONT
+CONT        214     185    1625    1851    3603    3604    1624    1380+CONT
+CONT       1849    3600    1628    1866    3632    3633
CHEXA        113       1     191     163     192     221     219     190+CONT
+CONT        218     248    3280    2610    3636    3635    3282    1539+CONT
+CONT       2624    3663    3283    2625    3665    3664
CHEXA        114       1     193     164     194     223     220     191+CONT
+CONT        221     250    3281    3606    3637    1852    1488    3279+CONT
+CONT       3634    1868    3284    3635    3666    1867
CHEXA        115       1     194     165     195     224     221     192+CONT
+CONT        222     251    3607    2612    3640    3639    3634    2609+CONT
+CONT       2626    3667    3636    2627    3669    3668
CHEXA        116       1     196     167     197     226     223     194+CONT
+CONT        224     253    3608    3610    3641    1854    1853    3605+CONT
+CONT       3638    1870    3637    3639    3670    1869
CHEXA        117       1     197     168     198     227     224     195+CONT
+CONT        225     254    3611    2614    3644    3643    3638    2611+CONT
+CONT       2628    3671    3640    2629    3673    3672
CHEXA        118       1     199     170     200     229     226     197+CONT
+CONT        227     256    3612    3614    3645    1856    1855    3609+CONT
+CONT       3642    1872    3641    3643    3674    1871
CHEXA        119       1     171     200     227     198     201     230+CONT
+CONT        257     228    3615    3642    3644    2613    2616    3646+CONT
+CONT       3675    2631    3648    3676    3677    2630
CHEXA        120       1     173     202     229     200     203     232+CONT
+CONT        259     230    3616    1857    3645    3613    3617    1858+CONT
+CONT       1873    3646    3649    1874    3678    3647
CHEXA        121       1     233     204     231     260     203     174+CONT
+CONT        201     230    3651    2632    3680    3679    3652    2618+CONT
+CONT       2633    3681    3619    2615    3648    3647
CHEXA        122       1     235     206     233     262     205     176+CONT
+CONT        203     232    3653    3650    3682    1875    1861    3623+CONT
+CONT       3652    1876    3620    3618    3649    1859
CHEXA        123       1     207     236     206     177     234     263+CONT
+CONT        233     204    3655    3656    3622    2620    2634    3683+CONT
+CONT       3650    2617    3684    3685    3651    2635
CHEXA        124       1     209     238     208     179     236     265+CONT
+CONT        235     206    3657    1863    3624    3627    3654    1877+CONT
+CONT       1860    3621    3686    1878    3653    3656
CHEXA        125       1     210     239     209     180     237     266+CONT
+CONT        236     207    3659    3660    3626    2622    2636    3687+CONT
+CONT       3654    2619    3688    3689    3655    2637
CHEXA        126       1     212     241     211     182     239     268+CONT
+CONT        238     209    3661    1865    3628    3631    3658    1879+CONT
+CONT       1862    3625    3690    1880    3657    3660
CHEXA        127       1     213     242     212     183     240     269+CONT
+CONT        239     210    1626    3662    3630    2623    1432    1630+CONT
+CONT       3658    2621    1629    3691    3659    2638
CHEXA        128       1     215     243     214     185     242     270+CONT
+CONT        241     212    1628    1866    3632    3633    1627    1381+CONT
+CONT       1864    3629    1631    1881    3661    3662
CHEXA        129       1     219     190     218     248     245     217+CONT
+CONT        246     275    3283    2625    3665    3664    3285    1540+CONT
+CONT       2639    3692    3286    2640    3694    3693
CHEXA        130       1     221     192     222     251     248     218+CONT
+CONT        247     278    3636    2627    3669    3668    3663    2624+CONT
+CONT       2641    3695    3665    2642    3697    3696
CHEXA        131       1     220     191     221     250     249     219+CONT
+CONT        248     279    3284    3635    3666    1867    1489    3282+CONT
+CONT       3663    1883    3287    3664    3698    1882
CHEXA        132       1     223     194     224     253     250     221+CONT
+CONT        251     280    3637    3639    3670    1869    1868    3634+CONT
+CONT       3667    1885    3666    3668    3699    1884
CHEXA        133       1     224     195     225     254     251     222+CONT
+CONT        252     281    3640    2629    3673    3672    3667    2626+CONT
+CONT       2643    3700    3669    2644    3702    3701
CHEXA        134       1     226     197     227     256     253     224+CONT
+CONT        254     283    3641    3643    3674    1871    1870    3638+CONT
+CONT       3671    1887    3670    3672    3703    1886
CHEXA        135       1     198     225     255     228     227     254+CONT
+CONT        284     257    2628    2646    2645    2631    3644    3673+CONT
+CONT       3704    3677    3671    3705    3706    3675
CHEXA        136       1     200     227     257     230     229     256+CONT
+CONT        286     259    3642    3675    3676    3646    3645    3674+CONT
+CONT       3707    3678    1872    1888    1889    1873
CHEXA        137       1     260     287     257     230     231     258+CONT
+CONT        228     201    3708    3709    3676    3681    3680    3710+CONT
+CONT       3677    3648    2647    2648    2630    2633
CHEXA        138       1     262     233     260     289     232     203+CONT
+CONT        230     259    3682    3679    3711    1890    1876    3652+CONT
+CONT       3681    1891    3649    3647    3678    1874
CHEXA        139       1     234     263     233     204     261     290+CONT
+CONT        260     231    3684    3685    3651    2635    2649    3712+CONT
+CONT       3679    2632    3713    3714    3680    2650
CHEXA        140       1     236     265     235     206     263     292+CONT
+CONT        262     233    3686    1878    3653    3656    3683    1892+CONT
+CONT       1875    3650    3715    1893    3682    3685
CHEXA        141       1     237     266     236     207     264     293+CONT
+CONT        263     234    3688    3689    3655    2637    2651    3716+CONT
+CONT       3683    2634    3717    3718    3684    2652
CHEXA        142       1     239     268     238     209     266     295+CONT
+CONT        265     236    3690    1880    3657    3660    3687    1894+CONT
+CONT       1877    3654    3719    1895    3686    3689
CHEXA        143       1     240     269     239     210     267     296+CONT
+CONT        266     237    1629    3691    3659    2638    1433    1633+CONT
+CONT       3687    2636    1632    3720    3688    2653
CHEXA        144       1     242     270     241     212     269     297+CONT
+CONT        268     239    1631    1881    3661    3662    1630    1382+CONT
+CONT       1879    3658    1634    1896    3690    3691
CHEXA        145       1     245     217     246     275     272     244+CONT
+CONT        273     302    3286    2640    3694    3693    3288    1541+CONT
+CONT       2654    3721    3289    2655    3723    3722
CHEXA        146       1     249     219     248     279     274     245+CONT
+CONT        275     304    3287    3664    3698    1882    1490    3285+CONT
+CONT       3692    1898    3290    3693    3724    1897
CHEXA        147       1     248     218     247     278     275     246+CONT
+CONT        276     305    3665    2642    3697    3696    3692    2639+CONT
+CONT       2656    3725    3694    2657    3727    3726
CHEXA        148       1     251     222     252     281     278     247+CONT
+CONT        277     308    3669    2644    3702    3701    3695    2641+CONT
+CONT       2658    3728    3697    2659    3730    3729
CHEXA        149       1     250     221     251     280     279     248+CONT
+CONT        278     309    3666    3668    3699    1884    1883    3663+CONT
+CONT       3695    1900    3698    3696    3731    1899
CHEXA        150       1     253     224     254     283     280     251+CONT
+CONT        281     310    3670    3672    3703    1886    1885    3667+CONT
+CONT       3700    1902    3699    3701    3732    1901
CHEXA        151       1     225     252     282     255     254     281+CONT
+CONT        311     284    2643    2661    2660    2646    3673    3702+CONT
+CONT       3733    3704    3700    3734    3735    3705
CHEXA        152       1     227     254     284     257     256     283+CONT
+CONT        313     286    3671    3705    3706    3675    3674    3703+CONT
+CONT       3736    3707    1887    1903    1904    1888
CHEXA        153       1     287     314     284     257     258     285+CONT
+CONT        255     228    3737    3738    3706    3709    3710    3739+CONT
+CONT       3704    3677    2662    2663    2645    2648
CHEXA        154       1     289     260     287     316     259     230+CONT
+CONT        257     286    3711    3708    3740    1905    1891    3681+CONT
+CONT       3709    1906    3678    3676    3707    1889
CHEXA        155       1     261     290     260     231     288     317+CONT
+CONT        287     258    3713    3714    3680    2650    2664    3741+CONT
+CONT       3708    2647    3742    3743    3710    2665
CHEXA        156       1     263     292     262     233     290     319+CONT
+CONT        289     260    3715    1893    3682    3685    3712    1907+CONT
+CONT       1890    3679    3744    1908    3711    3714
CHEXA        157       1     264     293     263     234     291     320+CONT
+CONT        290     261    3717    3718    3684    2652    2666    3745+CONT
+CONT       3712    2649    3746    3747    3713    2667
CHEXA        158       1     266     295     265     236     293     322+CONT
+CONT        292     263    3719    1895    3686    3689    3716    1909+CONT
+CONT       1892    3683    3748    1910    3715    3718
CHEXA        159       1     267     296     266     237     294     323+CONT
+CONT        293     264    1632    3720    3688    2653    1434    1636+CONT
+CONT       3716    2651    1635    3749    3717    2668
CHEXA        160       1     269     297     268     239     296     324+CONT
+CONT        295     266    1634    1896    3690    3691    1633    1383+CONT
+CONT       1894    3687    1637    1911    3719    3720
CHEXA        161       1     272     244     273     302     299     271+CONT
+CONT        300     329    3289    2655    3723    3722    3291    1542+CONT
+CONT       2669    3750    3292    2670    3752    3751
CHEXA        162       1     274     245     275     304     301     272+CONT
+CONT        302     331    3290    3693    3724    1897    1491    3288+CONT
+CONT       3721    1913    3293    3722    3753    1912
CHEXA        163       1     275     246     276     305     302     273+CONT
+CONT        303     332    3694    2657    3727    3726    3721    2654+CONT
+CONT       2671    3754    3723    2672    3756    3755
CHEXA        164       1     279     248     278     309     304     275+CONT
+CONT        305     334    3698    3696    3731    1899    1898    3692+CONT
+CONT       3725    1915    3724    3726    3757    1914
CHEXA        165       1     278     247     277     308     305     276+CONT
+CONT        306     335    3697    2659    3730    3729    3725    2656+CONT
+CONT       2673    3758    3727    2674    3760    3759
CHEXA        166       1     252     277     307     282     281     308+CONT
+CONT        338     311    2658    2676    2675    2661    3702    3730+CONT
+CONT       3761    3733    3728    3762    3763    3734
CHEXA        167       1     280     251     281     310     309     278+CONT
+CONT        308     339    3699    3701    3732    1901    1900    3695+CONT
+CONT       3728    1917    3731    3729    3764    1916
CHEXA        168       1     254     281     311     284     283     310+CONT
+CONT        340     313    3700    3734    3735    3705    3703    3732+CONT
+CONT       3765    3736    1902    1918    1919    1903
CHEXA        169       1     314     341     311     284     285     312+CONT
+CONT        282     255    3766    3767    3735    3738    3739    3768+CONT
+CONT       3733    3704    2677    2678    2660    2663
CHEXA        170       1     316     343     313     286     287     314+CONT
+CONT        284     257    1920    1921    1904    1906    3740    3769+CONT
+CONT       3736    3707    3737    3738    3706    3709
CHEXA        171       1     288     317     287     258     315     344+CONT
+CONT        314     285    3742    3743    3710    2665    2679    3770+CONT
+CONT       3737    2662    3771    3772    3739    2680
CHEXA        172       1     290     319     289     260     317     346+CONT
+CONT        316     287    3744    1908    3711    3714    3741    1922+CONT
+CONT       1905    3708    3773    1923    3740    3743
CHEXA        173       1     291     320     290     261     318     347+CONT
+CONT        317     288    3746    3747    3713    2667    2681    3774+CONT
+CONT       3741    2664    3775    3776    3742    2682
CHEXA        174       1     293     322     292     263     320     349+CONT
+CONT        319     290    3748    1910    3715    3718    3745    1924+CONT
+CONT       1907    3712    3777    1925    3744    3747
CHEXA        175       1     294     323     293     264     321     350+CONT
+CONT        320     291    1635    3749    3717    2668    1435    1638+CONT
+CONT       3745    2666    1639    3778    3746    2683
CHEXA        176       1     296     324     295     266     323     351+CONT
+CONT        322     293    1637    1911    3719    3720    1636    1384+CONT
+CONT       1909    3716    1640    1926    3748    3749
CHEXA        177       1     299     271     300     329     326     298+CONT
+CONT        327     356    3292    2670    3752    3751    3294    1543+CONT
+CONT       2684    3779    3295    2685    3781    3780
CHEXA        178       1     301     272     302     331     328     299+CONT
+CONT        329     358    3293    3722    3753    1912    1492    3291+CONT
+CONT       3750    1928    3296    3751    3782    1927
CHEXA        179       1     302     273     303     332     329     300+CONT
+CONT        330     359    3723    2672    3756    3755    3750    2669+CONT
+CONT       2686    3783    3752    2687    3785    3784
CHEXA        180       1     304     275     305     334     331     302+CONT
+CONT        332     361    3724    3726    3757    1914    1913    3721+CONT
+CONT       3754    1930    3753    3755    3786    1929
CHEXA        181       1     305     276     306     335     332     303+CONT
+CONT        333     362    3727    2674    3760    3759    3754    2671+CONT
+CONT       2688    3787    3756    2689    3789    3788
CHEXA        182       1     309     278     308     339     334     305+CONT
+CONT        335     364    3731    3729    3764    1916    1915    3725+CONT
+CONT       3758    1932    3757    3759    3790    1931
CHEXA        183       1     277     306     336     307     308     335+CONT
+CONT        365     338    2673    2691    2690    2676    3730    3760+CONT
+CONT       3791    3761    3758    3792    3793    3762
CHEXA        184       1     341     368     338     311     312     337+CONT
+CONT        307     282    3794    3795    3763    3767    3768    3796+CONT
+CONT       3761    3733    2692    2693    2675    2678
CHEXA        185       1     281     308     338     311     310     339+CONT
+CONT        369     340    3728    3762    3763    3734    3732    3764+CONT
+CONT       3797    3765    1917    1933    1934    1918
CHEXA        186       1     343     370     340     313     314     341+CONT
+CONT        311     284    1935    1936    1919    1921    3769    3798+CONT
+CONT       3765    3736    3766    3767    3735    3738
CHEXA        187       1     315     344     314     285     342     371+CONT
+CONT        341     312    3771    3772    3739    2680    2694    3799+CONT
+CONT       3766    2677    3800    3801    3768    2695
CHEXA        188       1     317     346     316     287     344     373+CONT
+CONT        343     314    3773    1923    3740    3743    3770    1937+CONT
+CONT       1920    3737    3802    1938    3769    3772
CHEXA        189       1     318     347     317     288     345     374+CONT
+CONT        344     315    3775    3776    3742    2682    2696    3803+CONT
+CONT       3770    2679    3804    3805    3771    2697
CHEXA        190       1     320     349     319     290     347     376+CONT
+CONT        346     317    3777    1925    3744    3747    3774    1939+CONT
+CONT       1922    3741    3806    1940    3773    3776
CHEXA        191       1     321     350     320     291     348     377+CONT
+CONT        347     318    1639    3778    3746    2683    1436    1641+CONT
+CONT       3774    2681    1642    3807    3775    2698
CHEXA        192       1     323     351     322     293     350     378+CONT
+CONT        349     320    1640    1926    3748    3749    1638    1385+CONT
+CONT       1924    3745    1643    1941    3777    3778
CHEXA        193       1     326     298     327     356     353     325+CONT
+CONT        354     383    3295    2685    3781    3780    3297    1544+CONT
+CONT       2699    3808    3298    2700    3810    3809
CHEXA        194       1     328     299     329     358     355     326+CONT
+CONT        356     385    3296    3751    3782    1927    1493    3294+CONT
+CONT       3779    1943    3299    3780    3811    1942
CHEXA        195       1     329     300     330     359     356     327+CONT
+CONT        357     386    3752    2687    3785    3784    3779    2684+CONT
+CONT       2701    3812    3781    2702    3814    3813
CHEXA        196       1     331     302     332     361     358     329+CONT
+CONT        359     388    3753    3755    3786    1929    1928    3750+CONT
+CONT       3783    1945    3782    3784    3815    1944
CHEXA        197       1     332     303     333     362     359     330+CONT
+CONT        360     389    3756    2689    3789    3788    3783    2686+CONT
+CONT       2703    3816    3785    2704    3818    3817
CHEXA        198       1     334     305     335     364     361     332+CONT
+CONT        362     391    3757    3759    3790    1931    1930    3754+CONT
+CONT       3787    1947    3786    3788    3819    1946
CHEXA        199       1     306     333     363     336     335     362+CONT
+CONT        392     365    2688    2706    2705    2691    3760    3789+CONT
+CONT       3820    3791    3787    3821    3822    3792
CHEXA        200       1     308     335     365     338     339     364+CONT
+CONT        394     369    3758    3792    3793    3762    3764    3790+CONT
+CONT       3823    3797    1932    1948    1949    1933
CHEXA        201       1     368     395     365     338     337     366+CONT
+CONT        336     307    3824    3825    3793    3795    3796    3826+CONT
+CONT       3791    3761    2707    2708    2690    2693
CHEXA        202       1     342     371     341     312     367     398+CONT
+CONT        368     337    3800    3801    3768    2695    2709    3827+CONT
+CONT       3794    2692    3828    3829    3796    2710
CHEXA        203       1     370     399     369     340     341     368+CONT
+CONT        338     311    1950    1951    1934    1936    3798    3830+CONT
+CONT       3797    3765    3794    3795    3763    3767
CHEXA        204       1     344     373     343     314     371     400+CONT
+CONT        370     341    3802    1938    3769    3772    3799    1952+CONT
+CONT       1935    3766    3831    1953    3798    3801
CHEXA        205       1     345     374     344     315     372     401+CONT
+CONT        371     342    3804    3805    3771    2697    2711    3832+CONT
+CONT       3799    2694    3833    3834    3800    2712
CHEXA        206       1     347     376     346     317     374     403+CONT
+CONT        373     344    3806    1940    3773    3776    3803    1954+CONT
+CONT       1937    3770    3835    1955    3802    3805
CHEXA        207       1     348     377     347     318     375     404+CONT
+CONT        374     345    1642    3807    3775    2698    1437    1644+CONT
+CONT       3803    2696    1645    3836    3804    2713
CHEXA        208       1     350     378     349     320     377     405+CONT
+CONT        376     347    1643    1941    3777    3778    1641    1386+CONT
+CONT       1939    3774    1646    1956    3806    3807
CHEXA        209       1     353     383     410     380     325     354+CONT
+CONT        381     352    3809    3837    3838    3300    3298    3810+CONT
+CONT       3839    3301    2700    2714    2715    1545
CHEXA        210       1     355     326     356     385     382     353+CONT
+CONT        383     412    3299    3780    3811    1942    1494    3297+CONT
+CONT       3808    1958    3302    3809    3840    1957
CHEXA        211       1     356     327     357     386     383     354+CONT
+CONT        384     413    3781    2702    3814    3813    3808    2699+CONT
+CONT       2716    3841    3810    2717    3843    3842
CHEXA        212       1     358     329     359     388     385     356+CONT
+CONT        386     415    3782    3784    3815    1944    1943    3779+CONT
+CONT       3812    1960    3811    3813    3844    1959
CHEXA        213       1     359     330     360     389     386     357+CONT
+CONT        387     416    3785    2704    3818    3817    3812    2701+CONT
+CONT       2718    3845    3814    2719    3847    3846
CHEXA        214       1     361     332     362     391     388     359+CONT
+CONT        389     418    3786    3788    3819    1946    1945    3783+CONT
+CONT       3816    1962    3815    3817    3848    1961
CHEXA        215       1     333     360     390     363     362     389+CONT
+CONT        419     392    2703    2721    2720    2706    3789    3818+CONT
+CONT       3849    3820    3816    3850    3851    3821
CHEXA        216       1     335     362     392     365     364     391+CONT
+CONT        421     394    3787    3821    3822    3792    3790    3819+CONT
+CONT       3852    3823    1947    1963    1964    1948
CHEXA        217       1     395     422     392     365     366     393+CONT
+CONT        363     336    3853    3854    3822    3825    3826    3855+CONT
+CONT       3820    3791    2722    2723    2705    2708
CHEXA        218       1     399     424     394     369     368     395+CONT
+CONT        365     338    1965    1966    1949    1951    3830    3856+CONT
+CONT       3823    3797    3824    3825    3793    3795
CHEXA        219       1     367     398     368     337     396     425+CONT
+CONT        395     366    3828    3829    3796    2710    2724    3857+CONT
+CONT       3824    2707    3858    3859    3826    2725
CHEXA        220       1     372     401     371     342     397     428+CONT
+CONT        398     367    3833    3834    3800    2712    2726    3860+CONT
+CONT       3827    2709    3861    3862    3828    2727
CHEXA        221       1     371     400     370     341     398     429+CONT
+CONT        399     368    3831    1953    3798    3801    3827    1967+CONT
+CONT       1950    3794    3863    1968    3830    3829
CHEXA        222       1     374     403     373     344     401     430+CONT
+CONT        400     371    3835    1955    3802    3805    3832    1969+CONT
+CONT       1952    3799    3864    1970    3831    3834
CHEXA        223       1     375     404     374     345     402     431+CONT
+CONT        401     372    1645    3836    3804    2713    1438    1647+CONT
+CONT       3832    2711    1648    3865    3833    2728
CHEXA        224       1     377     405     376     347     404     432+CONT
+CONT        403     374    1646    1956    3806    3807    1644    1387+CONT
+CONT       1954    3803    1649    1971    3835    3836
CHEXA        225       1     380     410     437     408     352     381+CONT
+CONT        407     379    3838    3866    3867    3303    3301    3839+CONT
+CONT       3868    3304    2715    2729    2730    1546
CHEXA        226       1     382     412     439     409     353     383+CONT
+CONT        410     380    1957    1973    1972    1495    3302    3840+CONT
+CONT       3869    3305    3809    3837    3838    3300
CHEXA        227       1     383     413     440     410     354     384+CONT
+CONT        411     381    3842    3870    3871    3837    3810    3843+CONT
+CONT       3872    3839    2717    2731    2732    2714
CHEXA        228       1     385     356     386     415     412     383+CONT
+CONT        413     442    3811    3813    3844    1959    1958    3808+CONT
+CONT       3841    1975    3840    3842    3873    1974
CHEXA        229       1     386     357     387     416     413     384+CONT
+CONT        414     443    3814    2719    3847    3846    3841    2716+CONT
+CONT       2733    3874    3843    2734    3876    3875
CHEXA        230       1     388     359     389     418     415     386+CONT
+CONT        416     445    3815    3817    3848    1961    1960    3812+CONT
+CONT       3845    1977    3844    3846    3877    1976
CHEXA        231       1     360     387     417     390     389     416+CONT
+CONT        446     419    2718    2736    2735    2721    3818    3847+CONT
+CONT       3878    3849    3845    3879    3880    3850
CHEXA        232       1     362     389     419     392     391     418+CONT
+CONT        448     421    3816    3850    3851    3821    3819    3848+CONT
+CONT       3881    3852    1962    1978    1979    1963
CHEXA        233       1     422     449     419     392     393     420+CONT
+CONT        390     363    3882    3883    3851    3854    3855    3884+CONT
+CONT       3849    3820    2737    2738    2720    2723
CHEXA        234       1     424     451     421     394     395     422+CONT
+CONT        392     365    1980    1981    1964    1966    3856    3885+CONT
+CONT       3852    3823    3853    3854    3822    3825
CHEXA        235       1     396     425     395     366     423     452+CONT
+CONT        422     393    3858    3859    3826    2725    2739    3886+CONT
+CONT       3853    2722    3887    3888    3855    2740
CHEXA        236       1     398     429     399     368     425     454+CONT
+CONT        424     395    3863    1968    3830    3829    3857    1982+CONT
+CONT       1965    3824    3889    1983    3856    3859
CHEXA        237       1     397     428     398     367     426     455+CONT
+CONT        425     396    3861    3862    3828    2727    2741    3890+CONT
+CONT       3857    2724    3891    3892    3858    2742
CHEXA        238       1     402     431     401     372     427     457+CONT
+CONT        428     397    1648    3865    3833    2728    1439    1650+CONT
+CONT       3860    2726    1651    3893    3861    2743
CHEXA        239       1     401     430     400     371     428     458+CONT
+CONT        429     398    3864    1970    3831    3834    3860    1984+CONT
+CONT       1967    3827    3894    1985    3863    3862
CHEXA        240       1     404     432     403     374     431     459+CONT
+CONT        430     401    1649    1971    3835    3836    1647    1388+CONT
+CONT       1969    3832    1652    1986    3864    3865
CHEXA        241       1     408     437     464     435     379     407+CONT
+CONT        434     406    3867    3895    3896    3306    3304    3868+CONT
+CONT       3897    3307    2730    2744    2745    1547
CHEXA        242       1     410     440     467     437     381     411+CONT
+CONT        436     407    3871    3898    3899    3866    3839    3872+CONT
+CONT       3900    3868    2732    2746    2747    2729
CHEXA        243       1     409     439     468     438     380     410+CONT
+CONT        437     408    1972    1988    1987    1496    3305    3869+CONT
+CONT       3901    3308    3838    3866    3867    3303
CHEXA        244       1     412     442     469     439     383     413+CONT
+CONT        440     410    1974    1990    1989    1973    3840    3873+CONT
+CONT       3902    3869    3842    3870    3871    3837
CHEXA        245       1     413     443     470     440     384     414+CONT
+CONT        441     411    3875    3903    3904    3870    3843    3876+CONT
+CONT       3905    3872    2734    2748    2749    2731
CHEXA        246       1     415     386     416     445     442     413+CONT
+CONT        443     472    3844    3846    3877    1976    1975    3841+CONT
+CONT       3874    1992    3873    3875    3906    1991
CHEXA        247       1     387     414     444     417     416     443+CONT
+CONT        473     446    2733    2751    2750    2736    3847    3876+CONT
+CONT       3907    3878    3874    3908    3909    3879
CHEXA        248       1     389     416     446     419     418     445+CONT
+CONT        475     448    3845    3879    3880    3850    3848    3877+CONT
+CONT       3910    3881    1977    1993    1994    1978
CHEXA        249       1     449     476     446     419     420     447+CONT
+CONT        417     390    3911    3912    3880    3883    3884    3913+CONT
+CONT       3878    3849    2752    2753    2735    2738
CHEXA        250       1     451     478     448     421     422     449+CONT
+CONT        419     392    1995    1996    1979    1981    3885    3914+CONT
+CONT       3881    3852    3882    3883    3851    3854
CHEXA        251       1     423     452     422     393     450     479+CONT
+CONT        449     420    3887    3888    3855    2740    2754    3915+CONT
+CONT       3882    2737    3916    3917    3884    2755
CHEXA        252       1     425     454     424     395     452     481+CONT
+CONT        451     422    3889    1983    3856    3859    3886    1997+CONT
+CONT       1980    3853    3918    1998    3885    3888
CHEXA        253       1     426     455     425     396     453     482+CONT
+CONT        452     423    3891    3892    3858    2742    2756    3919+CONT
+CONT       3886    2739    3920    3921    3887    2757
CHEXA        254       1     428     458     429     398     455     484+CONT
+CONT        454     425    3894    1985    3863    3862    3890    1999+CONT
+CONT       1982    3857    3922    2000    3889    3892
CHEXA        255       1     427     457     428     397     456     485+CONT
+CONT        455     426    1651    3893    3861    2743    1440    1653+CONT
+CONT       3890    2741    1654    3923    3891    2758
CHEXA        256       1     431     459     430     401     457     486+CONT
+CONT        458     428    1652    1986    3864    3865    1650    1389+CONT
+CONT       1984    3860    1655    2001    3894    3893
CHEXA        257       1     435     464     491     462     406     434+CONT
+CONT        461     433    3896    3924    3925    3309    3307    3897+CONT
+CONT       3926    3310    2745    2759    2760    1548
CHEXA        258       1     437     467     494     464     407     436+CONT
+CONT        463     434    3899    3927    3928    3895    3868    3900+CONT
+CONT       3929    3897    2747    2761    2762    2744
CHEXA        259       1     438     468     495     465     408     437+CONT
+CONT        464     435    1987    2003    2002    1497    3308    3901+CONT
+CONT       3930    3311    3867    3895    3896    3306
CHEXA        260       1     440     470     497     467     411     441+CONT
+CONT        466     436    3904    3931    3932    3898    3872    3905+CONT
+CONT       3933    3900    2749    2763    2764    2746
CHEXA        261       1     439     469     498     468     410     440+CONT
+CONT        467     437    1989    2005    2004    1988    3869    3902+CONT
+CONT       3934    3901    3871    3898    3899    3866
CHEXA        262       1     442     472     499     469     413     443+CONT
+CONT        470     440    1991    2007    2006    1990    3873    3906+CONT
+CONT       3935    3902    3875    3903    3904    3870
CHEXA        263       1     414     441     471     444     443     470+CONT
+CONT        500     473    2748    2766    2765    2751    3876    3905+CONT
+CONT       3936    3907    3903    3937    3938    3908
CHEXA        264       1     475     502     472     445     446     473+CONT
+CONT        443     416    2009    2008    1992    1993    3910    3939+CONT
+CONT       3906    3877    3909    3908    3874    3879
CHEXA        265       1     417     444     474     447     446     473+CONT
+CONT        503     476    2750    2768    2767    2753    3878    3907+CONT
+CONT       3940    3913    3909    3941    3942    3912
CHEXA        266       1     478     505     475     448     449     476+CONT
+CONT        446     419    2010    2011    1994    1996    3914    3943+CONT
+CONT       3910    3881    3911    3912    3880    3883
CHEXA        267       1     450     479     449     420     477     506+CONT
+CONT        476     447    3916    3917    3884    2755    2769    3944+CONT
+CONT       3911    2752    3945    3946    3913    2770
CHEXA        268       1     452     481     451     422     479     508+CONT
+CONT        478     449    3918    1998    3885    3888    3915    2012+CONT
+CONT       1995    3882    3947    2013    3914    3917
CHEXA        269       1     453     482     452     423     480     509+CONT
+CONT        479     450    3920    3921    3887    2757    2771    3948+CONT
+CONT       3915    2754    3949    3950    3916    2772
CHEXA        270       1     455     484     454     425     482     511+CONT
+CONT        481     452    3922    2000    3889    3892    3919    2014+CONT
+CONT       1997    3886    3951    2015    3918    3921
CHEXA        271       1     456     485     455     426     483     512+CONT
+CONT        482     453    1654    3923    3891    2758    1441    1656+CONT
+CONT       3919    2756    1657    3952    3920    2773
CHEXA        272       1     457     486     458     428     485     513+CONT
+CONT        484     455    1655    2001    3894    3893    1653    1390+CONT
+CONT       1999    3890    1658    2016    3922    3923
CHEXA        273       1     462     491     518     489     433     461+CONT
+CONT        488     460    3925    3953    3954    3312    3310    3926+CONT
+CONT       3955    3313    2760    2774    2775    1549
CHEXA        274       1     464     494     521     491     434     463+CONT
+CONT        490     461    3928    3956    3957    3924    3897    3929+CONT
+CONT       3958    3926    2762    2776    2777    2759
CHEXA        275       1     465     495     522     492     435     464+CONT
+CONT        491     462    2002    2018    2017    1498    3311    3930+CONT
+CONT       3959    3314    3896    3924    3925    3309
CHEXA        276       1     467     497     524     494     436     466+CONT
+CONT        493     463    3932    3960    3961    3927    3900    3933+CONT
+CONT       3962    3929    2764    2778    2779    2761
CHEXA        277       1     468     498     525     495     437     467+CONT
+CONT        494     464    2004    2020    2019    2003    3901    3934+CONT
+CONT       3963    3930    3899    3927    3928    3895
CHEXA        278       1     500     527     497     470     471     496+CONT
+CONT        466     441    3964    3965    3931    3937    3936    3966+CONT
+CONT       3933    3905    2780    2781    2763    2766
CHEXA        279       1     469     499     528     498     440     470+CONT
+CONT        497     467    2006    2022    2021    2005    3902    3935+CONT
+CONT       3967    3934    3904    3931    3932    3898
CHEXA        280       1     502     529     499     472     473     500+CONT
+CONT        470     443    2024    2023    2007    2008    3939    3968+CONT
+CONT       3935    3906    3938    3937    3903    3908
CHEXA        281       1     444     471     501     474     473     500+CONT
+CONT        530     503    2765    2783    2782    2768    3907    3936+CONT
+CONT       3969    3940    3938    3970    3971    3941
CHEXA        282       1     505     532     502     475     476     503+CONT
+CONT        473     446    2025    2026    2009    2011    3943    3972+CONT
+CONT       3939    3910    3942    3941    3909    3912
CHEXA        283       1     477     506     476     447     504     533+CONT
+CONT        503     474    3945    3946    3913    2770    2784    3973+CONT
+CONT       3942    2767    3974    3975    3940    2785
CHEXA        284       1     479     508     478     449     506     535+CONT
+CONT        505     476    3947    2013    3914    3917    3944    2027+CONT
+CONT       2010    3911    3976    2028    3943    3946
CHEXA        285       1     480     509     479     450     507     536+CONT
+CONT        506     477    3949    3950    3916    2772    2786    3977+CONT
+CONT       3944    2769    3978    3979    3945    2787
CHEXA        286       1     482     511     481     452     509     538+CONT
+CONT        508     479    3951    2015    3918    3921    3948    2029+CONT
+CONT       2012    3915    3980    2030    3947    3950
CHEXA        287       1     483     512     482     453     510     539+CONT
+CONT        509     480    1657    3952    3920    2773    1442    1659+CONT
+CONT       3948    2771    1660    3981    3949    2788
CHEXA        288       1     485     513     484     455     512     540+CONT
+CONT        511     482    1658    2016    3922    3923    1656    1391+CONT
+CONT       2014    3919    1661    2031    3951    3952
CHEXA        289       1     489     518     545     515     460     488+CONT
+CONT        516     487    3954    3982    3983    3315    3313    3955+CONT
+CONT       3984    3316    2775    2789    2790    1550
CHEXA        290       1     491     521     548     518     461     490+CONT
+CONT        517     488    3957    3985    3986    3953    3926    3958+CONT
+CONT       3987    3955    2777    2791    2792    2774
CHEXA        291       1     492     522     549     519     462     491+CONT
+CONT        518     489    2017    2033    2032    1499    3314    3959+CONT
+CONT       3988    3317    3925    3953    3954    3312
CHEXA        292       1     494     524     551     521     463     493+CONT
+CONT        520     490    3961    3989    3990    3956    3929    3962+CONT
+CONT       3991    3958    2779    2793    2794    2776
CHEXA        293       1     495     525     552     522     464     494+CONT
+CONT        521     491    2019    2035    2034    2018    3930    3963+CONT
+CONT       3992    3959    3928    3956    3957    3924
CHEXA        294       1     527     554     524     497     496     523+CONT
+CONT        493     466    3993    3994    3960    3965    3966    3995+CONT
+CONT       3962    3933    2795    2796    2778    2781
CHEXA        295       1     498     528     555     525     467     497+CONT
+CONT        524     494    2021    2037    2036    2020    3934    3967+CONT
+CONT       3996    3963    3932    3960    3961    3927
CHEXA        296       1     471     496     526     501     500     527+CONT
+CONT        557     530    2780    2798    2797    2783    3936    3966+CONT
+CONT       3997    3969    3964    3998    3999    3970
CHEXA        297       1     529     558     528     499     500     527+CONT
+CONT        497     470    2039    2038    2022    2023    3968    4000+CONT
+CONT       3967    3935    3964    3965    3931    3937
CHEXA        298       1     532     559     529     502     503     530+CONT
+CONT        500     473    2040    2041    2024    2026    3972    4001+CONT
+CONT       3968    3939    3971    3970    3938    3941
CHEXA        299       1     504     474     501     531     533     503+CONT
+CONT        530     560    2785    2782    2800    2799    3974    3940+CONT
+CONT       3969    4002    3975    3971    4004    4003
CHEXA        300       1     506     535     505     476     533     562+CONT
+CONT        532     503    3976    2028    3943    3946    3973    2042+CONT
+CONT       2025    3942    4005    2043    3972    3975
CHEXA        301       1     507     536     506     477     534     563+CONT
+CONT        533     504    3978    3979    3945    2787    2801    4006+CONT
+CONT       3973    2784    4007    4008    3974    2802
CHEXA        302       1     509     538     508     479     536     565+CONT
+CONT        535     506    3980    2030    3947    3950    3977    2044+CONT
+CONT       2027    3944    4009    2045    3976    3979
CHEXA        303       1     510     539     509     480     537     566+CONT
+CONT        536     507    1660    3981    3949    2788    1443    1662+CONT
+CONT       3977    2786    1663    4010    3978    2803
CHEXA        304       1     512     540     511     482     539     567+CONT
+CONT        538     509    1661    2031    3951    3952    1659    1392+CONT
+CONT       2029    3948    1664    2046    3980    3981
CHEXA        305       1     515     545     572     542     487     516+CONT
+CONT        543     514    3983    4011    4012    3318    3316    3984+CONT
+CONT       4013    3319    2790    2804    2805    1551
CHEXA        306       1     519     549     574     544     489     518+CONT
+CONT        545     515    2032    2048    2047    1500    3317    3988+CONT
+CONT       4014    3320    3954    3982    3983    3315
CHEXA        307       1     518     548     575     545     488     517+CONT
+CONT        546     516    3986    4015    4016    3982    3955    3987+CONT
+CONT       4017    3984    2792    2806    2807    2789
CHEXA        308       1     521     551     578     548     490     520+CONT
+CONT        547     517    3990    4018    4019    3985    3958    3991+CONT
+CONT       4020    3987    2794    2808    2809    2791
CHEXA        309       1     522     552     579     549     491     521+CONT
+CONT        548     518    2034    2050    2049    2033    3959    3992+CONT
+CONT       4021    3988    3957    3985    3986    3953
CHEXA        310       1     520     493     524     551     550     523+CONT
+CONT        554     581    2793    3962    3989    3991    2811    2796+CONT
+CONT       3994    4022    2810    3995    4024    4023
CHEXA        311       1     525     555     582     552     494     524+CONT
+CONT        551     521    2036    2052    2051    2035    3963    3996+CONT
+CONT       4025    3992    3961    3989    3990    3956
CHEXA        312       1     496     523     553     526     527     554+CONT
+CONT        584     557    2795    2813    2812    2798    3966    3995+CONT
+CONT       4026    3997    3993    4027    4028    3998
CHEXA        313       1     558     585     555     528     527     554+CONT
+CONT        524     497    2054    2053    2037    2038    4000    4029+CONT
+CONT       3996    3967    3993    3994    3960    3965
CHEXA        314       1     531     501     526     556     560     530+CONT
+CONT        557     587    2800    2797    2815    2814    4002    3969+CONT
+CONT       3997    4030    4004    3999    4032    4031
CHEXA        315       1     500     527     557     530     529     558+CONT
+CONT        588     559    3964    3998    3999    3970    3968    4000+CONT
+CONT       4033    4001    2039    2056    2055    2041
CHEXA        316       1     533     503     530     560     562     532+CONT
+CONT        559     589    3975    3971    4004    4003    4005    3972+CONT
+CONT       4001    4034    2043    2040    2058    2057
CHEXA        317       1     534     504     531     561     563     533+CONT
+CONT        560     590    2802    2799    2817    2816    4007    3974+CONT
+CONT       4002    4035    4008    4003    4037    4036
CHEXA        318       1     536     565     535     506     563     592+CONT
+CONT        562     533    4009    2045    3976    3979    4006    2059+CONT
+CONT       2042    3973    4038    2060    4005    4008
CHEXA        319       1     537     566     536     507     564     593+CONT
+CONT        563     534    1663    4010    3978    2803    1444    1665+CONT
+CONT       4006    2801    1666    4039    4007    2818
CHEXA        320       1     539     567     538     509     566     594+CONT
+CONT        565     536    1664    2046    3980    3981    1662    1393+CONT
+CONT       2044    3977    1667    2061    4009    4010
CHEXA        321       1     542     572     599     569     514     543+CONT
+CONT        570     541    4012    4040    4041    3321    3319    4013+CONT
+CONT       4042    3322    2805    2819    2820    1552
CHEXA        322       1     544     574     601     571     515     545+CONT
+CONT        572     542    2047    2063    2062    1501    3320    4014+CONT
+CONT       4043    3323    3983    4011    4012    3318
CHEXA        323       1     545     575     602     572     516     546+CONT
+CONT        573     543    4016    4044    4045    4011    3984    4017+CONT
+CONT       4046    4013    2807    2821    2822    2804
CHEXA        324       1     549     579     604     574     518     548+CONT
+CONT        575     545    2049    2065    2064    2048    3988    4021+CONT
+CONT       4047    4014    3986    4015    4016    3982
CHEXA        325       1     548     578     605     575     517     547+CONT
+CONT        576     546    4019    4048    4049    4015    3987    4020+CONT
+CONT       4050    4017    2809    2823    2824    2806
CHEXA        326       1     547     520     551     578     577     550+CONT
+CONT        581     608    2808    3991    4018    4020    2826    2811+CONT
+CONT       4022    4051    2825    4023    4053    4052
CHEXA        327       1     552     582     609     579     521     551+CONT
+CONT        578     548    2051    2067    2066    2050    3992    4025+CONT
+CONT       4054    4021    3990    4018    4019    3985
CHEXA        328       1     611     584     553     580     581     554+CONT
+CONT        523     550    4055    4026    2827    4056    4057    4027+CONT
+CONT       2813    2828    4024    3995    2810    4023
CHEXA        329       1     551     524     555     582     581     554+CONT
+CONT        585     612    3989    3996    2052    4025    4022    3994+CONT
+CONT       2053    2068    4024    4029    2069    4058
CHEXA        330       1     556     526     553     583     587     557+CONT
+CONT        584     614    2815    2812    2830    2829    4030    3997+CONT
+CONT       4026    4059    4032    4028    4061    4060
CHEXA        331       1     527     554     584     557     558     585+CONT
+CONT        615     588    3993    4027    4028    3998    4000    4029+CONT
+CONT       4062    4033    2054    2071    2070    2056
CHEXA        332       1     561     531     556     586     590     560+CONT
+CONT        587     617    2817    2814    2832    2831    4035    4002+CONT
+CONT       4030    4063    4037    4031    4065    4064
CHEXA        333       1     560     530     557     587     589     559+CONT
+CONT        588     618    4004    3999    4032    4031    4034    4001+CONT
+CONT       4033    4066    2058    2055    2073    2072
CHEXA        334       1     563     533     560     590     592     562+CONT
+CONT        589     619    4008    4003    4037    4036    4038    4005+CONT
+CONT       4034    4067    2060    2057    2075    2074
CHEXA        335       1     564     534     561     591     593     563+CONT
+CONT        590     620    2818    2816    2833    1445    1666    4007+CONT
+CONT       4035    1669    4039    4036    4068    1668
CHEXA        336       1     566     594     565     536     593     621+CONT
+CONT        592     563    1667    2061    4009    4010    1665    1394+CONT
+CONT       2059    4006    1670    2076    4038    4039
CHEXA        337       1     568     597     570     541     596     626+CONT
+CONT        599     569    2834    2835    2820    1553    3325    4069+CONT
+CONT       4042    3322    4070    4071    4041    3324
CHEXA        338       1     571     601     628     598     542     572+CONT
+CONT        599     569    2062    2078    2077    1502    3323    4043+CONT
+CONT       4072    3326    4012    4040    4041    3321
CHEXA        339       1     572     602     629     599     543     573+CONT
+CONT        600     570    4045    4073    4074    4040    4013    4046+CONT
+CONT       4075    4042    2822    2836    2837    2819
CHEXA        340       1     574     604     631     601     545     575+CONT
+CONT        602     572    2064    2080    2079    2063    4014    4047+CONT
+CONT       4076    4043    4016    4044    4045    4011
CHEXA        341       1     575     605     632     602     546     576+CONT
+CONT        603     573    4049    4077    4078    4044    4017    4050+CONT
+CONT       4079    4046    2824    2838    2839    2821
CHEXA        342       1     579     609     634     604     548     578+CONT
+CONT        605     575    2066    2082    2081    2065    4021    4054+CONT
+CONT       4080    4047    4019    4048    4049    4015
CHEXA        343       1     576     547     578     605     606     577+CONT
+CONT        608     635    2823    4020    4048    4050    2841    2826+CONT
+CONT       4051    4081    2840    4052    4083    4082
CHEXA        344       1     638     611     580     607     608     581+CONT
+CONT        550     577    4084    4056    2842    4085    4086    4057+CONT
+CONT       2828    2843    4053    4023    2825    4052
CHEXA        345       1     578     551     582     609     608     581+CONT
+CONT        612     639    4018    4025    2067    4054    4051    4022+CONT
+CONT       2068    2083    4053    4058    2084    4087
CHEXA        346       1     583     553     580     610     614     584+CONT
+CONT        611     641    2830    2827    2845    2844    4059    4026+CONT
+CONT       4056    4088    4061    4055    4090    4089
CHEXA        347       1     642     615     584     611     612     585+CONT
+CONT        554     581    2085    4062    4055    4091    2086    2071+CONT
+CONT       4027    4057    2069    4029    4024    4058
CHEXA        348       1     586     556     583     613     617     587+CONT
+CONT        614     644    2832    2829    2847    2846    4063    4030+CONT
+CONT       4059    4092    4065    4060    4094    4093
CHEXA        349       1     587     557     584     614     618     588+CONT
+CONT        615     645    4032    4028    4061    4060    4066    4033+CONT
+CONT       4062    4095    2073    2070    2088    2087
CHEXA        350       1     591     561     586     616     620     590+CONT
+CONT        617     646    2833    2831    2848    1446    1669    4035+CONT
+CONT       4063    1672    4068    4064    4096    1671
CHEXA        351       1     590     560     587     617     619     589+CONT
+CONT        618     647    4037    4031    4065    4064    4067    4034+CONT
+CONT       4066    4097    2075    2072    2090    2089
CHEXA        352       1     593     563     590     620     621     592+CONT
+CONT        619     648    4039    4036    4068    1668    1670    4038+CONT
+CONT       4067    1673    2076    2074    2091    1395
CHEXA        353       1     595     624     597     568     623     653+CONT
+CONT        626     596    2849    2850    2834    1554    3327    4098+CONT
+CONT       4069    3325    4099    4100    4070    3328
CHEXA        354       1     596     626     599     569     625     655+CONT
+CONT        628     598    4070    4071    4041    3324    3329    4101+CONT
+CONT       4072    3326    2092    2093    2077    1503
CHEXA        355       1     597     627     600     570     626     656+CONT
+CONT        629     599    2851    2852    2837    2835    4069    4102+CONT
+CONT       4075    4042    4103    4104    4074    4071
CHEXA        356       1     601     631     658     628     572     602+CONT
+CONT        629     599    2079    2095    2094    2078    4043    4076+CONT
+CONT       4105    4072    4045    4073    4074    4040
CHEXA        357       1     602     632     659     629     573     603+CONT
+CONT        630     600    4078    4106    4107    4073    4046    4079+CONT
+CONT       4108    4075    2839    2853    2854    2836
CHEXA        358       1     604     634     661     631     575     605+CONT
+CONT        632     602    2081    2097    2096    2080    4047    4080+CONT
+CONT       4109    4076    4049    4077    4078    4044
CHEXA        359       1     605     635     662     632     576     606+CONT
+CONT        633     603    4081    4110    4111    4077    4050    4082+CONT
+CONT       4112    4079    2841    2855    2856    2838
CHEXA        360       1     605     578     609     634     635     608+CONT
+CONT        639     664    4048    4054    2082    4080    4081    4051+CONT
+CONT       2083    2098    4083    4087    2099    4113
CHEXA        361       1     665     638     607     636     635     608+CONT
+CONT        577     606    4114    4085    2857    4115    4116    4086+CONT
+CONT       2843    2858    4083    4052    2840    4082
CHEXA        362       1     610     580     607     637     641     611+CONT
+CONT        638     668    2845    2842    2860    2859    4088    4056+CONT
+CONT       4085    4117    4090    4084    4119    4118
CHEXA        363       1     669     642     611     638     639     612+CONT
+CONT        581     608    2100    4091    4084    4120    2101    2086+CONT
+CONT       4057    4086    2084    4058    4053    4087
CHEXA        364       1     613     583     610     640     644     614+CONT
+CONT        641     671    2847    2844    2862    2861    4092    4059+CONT
+CONT       4088    4121    4094    4089    4123    4122
CHEXA        365       1     614     584     611     641     645     615+CONT
+CONT        642     672    4061    4055    4090    4089    4095    4062+CONT
+CONT       4091    4124    2088    2085    2103    2102
CHEXA        366       1     616     586     613     643     646     617+CONT
+CONT        644     673    2848    2846    2863    1447    1672    4063+CONT
+CONT       4092    1675    4096    4093    4125    1674
CHEXA        367       1     617     587     614     644     647     618+CONT
+CONT        645     674    4065    4060    4094    4093    4097    4066+CONT
+CONT       4095    4126    2090    2087    2105    2104
CHEXA        368       1     620     590     617     646     648     619+CONT
+CONT        647     675    4068    4064    4096    1671    1673    4067+CONT
+CONT       4097    1676    2091    2089    2106    1396
CHEXA        369       1     622     651     624     595     650     680+CONT
+CONT        653     623    2864    2865    2849    1555    3330    4127+CONT
+CONT       4098    3327    4128    4129    4099    3331
CHEXA        370       1     623     653     626     596     652     682+CONT
+CONT        655     625    4099    4100    4070    3328    3332    4130+CONT
+CONT       4101    3329    2107    2108    2092    1504
CHEXA        371       1     624     654     627     597     653     683+CONT
+CONT        656     626    2866    2867    2851    2850    4098    4131+CONT
+CONT       4102    4069    4132    4133    4103    4100
CHEXA        372       1     626     656     629     599     655     685+CONT
+CONT        658     628    4103    4104    4074    4071    4101    4134+CONT
+CONT       4105    4072    2109    2110    2094    2093
CHEXA        373       1     627     657     630     600     656     686+CONT
+CONT        659     629    2868    2869    2854    2852    4102    4135+CONT
+CONT       4108    4075    4136    4137    4107    4104
CHEXA        374       1     631     661     688     658     602     632+CONT
+CONT        659     629    2096    2112    2111    2095    4076    4109+CONT
+CONT       4138    4105    4078    4106    4107    4073
CHEXA        375       1     632     662     689     659     603     633+CONT
+CONT        660     630    4111    4139    4140    4106    4079    4112+CONT
+CONT       4141    4108    2856    2870    2871    2853
CHEXA        376       1     632     662     635     605     661     691+CONT
+CONT        664     634    4111    4110    4081    4077    4109    4142+CONT
+CONT       4113    4080    2113    2114    2098    2097
CHEXA        377       1     692     662     635     665     663     633+CONT
+CONT        606     636    4143    4110    4116    4144    4145    4112+CONT
+CONT       4082    4115    2873    2855    2858    2872
CHEXA        378       1     694     669     638     665     664     639+CONT
+CONT        608     635    2115    4120    4114    4146    2116    2101+CONT
+CONT       4086    4116    2099    4087    4083    4113
CHEXA        379       1     637     607     636     666     668     638+CONT
+CONT        665     695    2860    2857    2875    2874    4117    4085+CONT
+CONT       4115    4147    4119    4114    4149    4148
CHEXA        380       1     640     610     637     667     671     641+CONT
+CONT        668     698    2862    2859    2877    2876    4121    4088+CONT
+CONT       4117    4150    4123    4118    4152    4151
CHEXA        381       1     641     611     638     668     672     642+CONT
+CONT        669     699    4090    4084    4119    4118    4124    4091+CONT
+CONT       4120    4153    2103    2100    2118    2117
CHEXA        382       1     643     613     640     670     673     644+CONT
+CONT        671     700    2863    2861    2878    1448    1675    4092+CONT
+CONT       4121    1678    4125    4122    4154    1677
CHEXA        383       1     644     614     641     671     674     645+CONT
+CONT        672     701    4094    4089    4123    4122    4126    4095+CONT
+CONT       4124    4155    2105    2102    2120    2119
CHEXA        384       1     646     617     644     673     675     647+CONT
+CONT        674     702    4096    4093    4125    1674    1676    4097+CONT
+CONT       4126    1679    2106    2104    2121    1397
CHEXA        385       1     649     678     651     622     677     707+CONT
+CONT        680     650    2879    2880    2864    1556    3333    4156+CONT
+CONT       4127    3330    4157    4158    4128    3334
CHEXA        386       1     650     680     653     623     679     709+CONT
+CONT        682     652    4128    4129    4099    3331    3335    4159+CONT
+CONT       4130    3332    2122    2123    2107    1505
CHEXA        387       1     651     681     654     624     680     710+CONT
+CONT        683     653    2881    2882    2866    2865    4127    4160+CONT
+CONT       4131    4098    4161    4162    4132    4129
CHEXA        388       1     653     683     656     626     682     712+CONT
+CONT        685     655    4132    4133    4103    4100    4130    4163+CONT
+CONT       4134    4101    2124    2125    2109    2108
CHEXA        389       1     654     684     657     627     683     713+CONT
+CONT        686     656    2883    2884    2868    2867    4131    4164+CONT
+CONT       4135    4102    4165    4166    4136    4133
CHEXA        390       1     656     686     659     629     685     715+CONT
+CONT        688     658    4136    4137    4107    4104    4134    4167+CONT
+CONT       4138    4105    2126    2127    2111    2110
CHEXA        391       1     659     689     716     686     630     660+CONT
+CONT        687     657    4140    4168    4169    4137    4108    4141+CONT
+CONT       4170    4135    2871    2886    2885    2869
CHEXA        392       1     659     689     662     632     688     718+CONT
+CONT        691     661    4140    4139    4111    4106    4138    4171+CONT
+CONT       4142    4109    2129    2128    2113    2112
CHEXA        393       1     719     689     662     692     690     660+CONT
+CONT        633     663    4172    4139    4143    4173    4174    4141+CONT
+CONT       4112    4145    2888    2870    2873    2887
CHEXA        394       1     665     635     662     692     694     664+CONT
+CONT        691     721    4116    4110    4143    4144    4146    4113+CONT
+CONT       4142    4175    2116    2114    2131    2130
CHEXA        395       1     666     636     663     693     695     665+CONT
+CONT        692     722    2875    2872    2890    2889    4147    4115+CONT
+CONT       4145    4176    4149    4144    4178    4177
CHEXA        396       1     668     638     665     695     699     669+CONT
+CONT        694     724    4119    4114    4149    4148    4153    4120+CONT
+CONT       4146    4179    2118    2115    2133    2132
CHEXA        397       1     667     637     666     696     698     668+CONT
+CONT        695     725    2877    2874    2892    2891    4150    4117+CONT
+CONT       4147    4180    4152    4148    4182    4181
CHEXA        398       1     670     640     667     697     700     671+CONT
+CONT        698     727    2878    2876    2893    1449    1678    4121+CONT
+CONT       4150    1681    4154    4151    4183    1680
CHEXA        399       1     671     641     668     698     701     672+CONT
+CONT        699     728    4123    4118    4152    4151    4155    4124+CONT
+CONT       4153    4184    2120    2117    2135    2134
CHEXA        400       1     673     644     671     700     702     674+CONT
+CONT        701     729    4125    4122    4154    1677    1679    4126+CONT
+CONT       4155    1682    2121    2119    2136    1398
CHEXA        401       1     676     705     678     649     704     734+CONT
+CONT        707     677    2894    2895    2879    1557    3336    4185+CONT
+CONT       4156    3333    4186    4187    4157    3337
CHEXA        402       1     677     707     680     650     706     736+CONT
+CONT        709     679    4157    4158    4128    3334    3338    4188+CONT
+CONT       4159    3335    2137    2138    2122    1506
CHEXA        403       1     678     708     681     651     707     737+CONT
+CONT        710     680    2896    2897    2881    2880    4156    4189+CONT
+CONT       4160    4127    4190    4191    4161    4158
CHEXA        404       1     680     710     683     653     709     739+CONT
+CONT        712     682    4161    4162    4132    4129    4159    4192+CONT
+CONT       4163    4130    2139    2140    2124    2123
CHEXA        405       1     681     711     684     654     710     740+CONT
+CONT        713     683    2898    2899    2883    2882    4160    4193+CONT
+CONT       4164    4131    4194    4195    4165    4162
CHEXA        406       1     683     713     686     656     712     742+CONT
+CONT        715     685    4165    4166    4136    4133    4163    4196+CONT
+CONT       4167    4134    2141    2142    2126    2125
CHEXA        407       1     686     716     743     713     657     687+CONT
+CONT        714     684    4169    4197    4198    4166    4135    4170+CONT
+CONT       4199    4164    2885    2901    2900    2884
CHEXA        408       1     686     716     689     659     715     745+CONT
+CONT        718     688    4169    4168    4140    4137    4167    4200+CONT
+CONT       4171    4138    2143    2144    2129    2127
CHEXA        409       1     746     716     689     719     717     687+CONT
+CONT        660     690    4201    4168    4172    4202    4203    4170+CONT
+CONT       4141    4174    2902    2886    2888    2903
CHEXA        410       1     692     662     689     719     721     691+CONT
+CONT        718     748    4143    4139    4172    4173    4175    4142+CONT
+CONT       4171    4204    2131    2128    2146    2145
CHEXA        411       1     693     663     690     720     722     692+CONT
+CONT        719     749    2890    2887    2905    2904    4176    4145+CONT
+CONT       4174    4205    4178    4173    4207    4206
CHEXA        412       1     695     665     692     722     724     694+CONT
+CONT        721     751    4149    4144    4178    4177    4179    4146+CONT
+CONT       4175    4208    2133    2130    2148    2147
CHEXA        413       1     696     666     693     723     725     695+CONT
+CONT        722     752    2892    2889    2907    2906    4180    4147+CONT
+CONT       4176    4209    4182    4177    4211    4210
CHEXA        414       1     698     668     695     725     728     699+CONT
+CONT        724     754    4152    4148    4182    4181    4184    4153+CONT
+CONT       4179    4212    2135    2132    2150    2149
CHEXA        415       1     697     667     696     726     727     698+CONT
+CONT        725     755    2893    2891    2908    1450    1681    4150+CONT
+CONT       4180    1684    4183    4181    4213    1683
CHEXA        416       1     700     671     698     727     729     701+CONT
+CONT        728     756    4154    4151    4183    1680    1682    4155+CONT
+CONT       4184    1685    2136    2134    2151    1399
CHEXA        417       1     703     732     705     676     731     761+CONT
+CONT        734     704    2909    2910    2894    1558    3339    4214+CONT
+CONT       4185    3336    4215    4216    4186    3340
CHEXA        418       1     704     734     707     677     733     763+CONT
+CONT        736     706    4186    4187    4157    3337    3341    4217+CONT
+CONT       4188    3338    2152    2153    2137    1507
CHEXA        419       1     705     735     708     678     734     764+CONT
+CONT        737     707    2911    2912    2896    2895    4185    4218+CONT
+CONT       4189    4156    4219    4220    4190    4187
CHEXA        420       1     707     737     710     680     736     766+CONT
+CONT        739     709    4190    4191    4161    4158    4188    4221+CONT
+CONT       4192    4159    2154    2155    2139    2138
CHEXA        421       1     708     738     711     681     737     767+CONT
+CONT        740     710    2913    2914    2898    2897    4189    4222+CONT
+CONT       4193    4160    4223    4224    4194    4191
CHEXA        422       1     710     740     713     683     739     769+CONT
+CONT        742     712    4194    4195    4165    4162    4192    4225+CONT
+CONT       4196    4163    2156    2157    2141    2140
CHEXA        423       1     713     740     711     684     743     770+CONT
+CONT        741     714    4195    4193    2899    4164    4198    4226+CONT
+CONT       2915    2900    4227    4228    2916    4199
CHEXA        424       1     713     743     716     686     742     772+CONT
+CONT        745     715    4198    4197    4169    4166    4196    4229+CONT
+CONT       4200    4167    2158    2159    2143    2142
CHEXA        425       1     773     743     716     746     744     714+CONT
+CONT        687     717    4230    4197    4201    4231    4232    4199+CONT
+CONT       4170    4203    2917    2901    2902    2918
CHEXA        426       1     719     689     716     746     748     718+CONT
+CONT        745     775    4172    4168    4201    4202    4204    4171+CONT
+CONT       4200    4233    2146    2144    2160    2161
CHEXA        427       1     776     746     719     749     747     717+CONT
+CONT        690     720    4234    4202    4207    4235    4236    4203+CONT
+CONT       4174    4205    2919    2903    2905    2920
CHEXA        428       1     722     692     719     749     751     721+CONT
+CONT        748     778    4178    4173    4207    4206    4208    4175+CONT
+CONT       4204    4237    2148    2145    2163    2162
CHEXA        429       1     723     693     720     750     752     722+CONT
+CONT        749     779    2907    2904    2922    2921    4209    4176+CONT
+CONT       4205    4238    4211    4206    4240    4239
CHEXA        430       1     725     695     722     752     754     724+CONT
+CONT        751     781    4182    4177    4211    4210    4212    4179+CONT
+CONT       4208    4241    2150    2147    2165    2164
CHEXA        431       1     726     696     723     753     755     725+CONT
+CONT        752     782    2908    2906    2923    1451    1684    4180+CONT
+CONT       4209    1687    4213    4210    4242    1686
CHEXA        432       1     727     698     725     755     756     728+CONT
+CONT        754     783    4183    4181    4213    1683    1685    4184+CONT
+CONT       4212    1688    2151    2149    2166    1400
CHEXA        433       1     730     759     732     703     758     788+CONT
+CONT        761     731    2924    2925    2909    1559    3342    4243+CONT
+CONT       4214    3339    4244    4245    4215    3343
CHEXA        434       1     731     761     734     704     760     790+CONT
+CONT        763     733    4215    4216    4186    3340    3344    4246+CONT
+CONT       4217    3341    2167    2168    2152    1508
CHEXA        435       1     732     762     735     705     761     791+CONT
+CONT        764     734    2926    2927    2911    2910    4214    4247+CONT
+CONT       4218    4185    4248    4249    4219    4216
CHEXA        436       1     734     764     737     707     763     793+CONT
+CONT        766     736    4219    4220    4190    4187    4217    4250+CONT
+CONT       4221    4188    2169    2170    2154    2153
CHEXA        437       1     735     765     738     708     764     794+CONT
+CONT        767     737    2928    2929    2913    2912    4218    4251+CONT
+CONT       4222    4189    4252    4253    4223    4220
CHEXA        438       1     737     767     740     710     766     796+CONT
+CONT        769     739    4223    4224    4194    4191    4221    4254+CONT
+CONT       4225    4192    2171    2172    2156    2155
CHEXA        439       1     740     767     738     711     770     797+CONT
+CONT        768     741    4224    4222    2914    4193    4226    4255+CONT
+CONT       2930    2915    4256    4257    2931    4228
CHEXA        440       1     742     769     740     713     772     799+CONT
+CONT        770     743    2157    4225    4195    4196    2158    2173+CONT
+CONT       4226    4198    2174    4258    4227    4229
CHEXA        441       1     744     771     800     773     714     741+CONT
+CONT        770     743    2933    4259    4260    4232    2917    2932+CONT
+CONT       4261    4230    2916    4228    4227    4199
CHEXA        442       1     746     716     743     773     775     745+CONT
+CONT        772     802    4201    4197    4230    4231    4233    4200+CONT
+CONT       4229    4262    2160    2159    2176    2175
CHEXA        443       1     803     773     746     776     774     744+CONT
+CONT        717     747    4263    4231    4234    4264    4265    4232+CONT
+CONT       4203    4236    2934    2918    2919    2935
CHEXA        444       1     805     775     748     778     776     746+CONT
+CONT        719     749    2178    2161    2163    2177    4266    4233+CONT
+CONT       4204    4237    4234    4202    4207    4235
CHEXA        445       1     806     776     749     779     777     747+CONT
+CONT        720     750    4267    4235    4240    4268    4269    4236+CONT
+CONT       4205    4238    2936    2920    2922    2937
CHEXA        446       1     752     722     749     779     781     751+CONT
+CONT        778     808    4211    4206    4240    4239    4241    4208+CONT
+CONT       4237    4270    2165    2162    2180    2179
CHEXA        447       1     753     723     750     780     782     752+CONT
+CONT        779     809    2923    2921    2938    1452    1687    4209+CONT
+CONT       4238    1689    4242    4239    4271    1690
CHEXA        448       1     755     725     752     782     783     754+CONT
+CONT        781     810    4213    4210    4242    1686    1688    4212+CONT
+CONT       4241    1691    2166    2164    2181    1401
CHEXA        449       1     757     786     759     730     785     815+CONT
+CONT        788     758    2939    2940    2924    1560    3345    4272+CONT
+CONT       4243    3342    4273    4274    4244    3346
CHEXA        450       1     758     788     761     731     787     817+CONT
+CONT        790     760    4244    4245    4215    3343    3347    4275+CONT
+CONT       4246    3344    2182    2183    2167    1509
CHEXA        451       1     759     789     762     732     788     818+CONT
+CONT        791     761    2941    2942    2926    2925    4243    4276+CONT
+CONT       4247    4214    4277    4278    4248    4245
CHEXA        452       1     761     791     764     734     790     820+CONT
+CONT        793     763    4248    4249    4219    4216    4246    4279+CONT
+CONT       4250    4217    2184    2185    2169    2168
CHEXA        453       1     762     792     765     735     791     821+CONT
+CONT        794     764    2943    2944    2928    2927    4247    4280+CONT
+CONT       4251    4218    4281    4282    4252    4249
CHEXA        454       1     764     794     767     737     793     823+CONT
+CONT        796     766    4252    4253    4223    4220    4250    4283+CONT
+CONT       4254    4221    2186    2187    2171    2170
CHEXA        455       1     767     794     765     738     797     824+CONT
+CONT        795     768    4253    4251    2929    4222    4255    4284+CONT
+CONT       2945    2930    4285    4286    2946    4257
CHEXA        456       1     769     796     767     740     799     826+CONT
+CONT        797     770    2172    4254    4224    4225    2173    2188+CONT
+CONT       4255    4226    2189    4287    4256    4258
CHEXA        457       1     771     798     827     800     741     768+CONT
+CONT        797     770    2948    4288    4289    4259    2932    2947+CONT
+CONT       4290    4261    2931    4257    4256    4228
CHEXA        458       1     773     800     829     802     743     770+CONT
+CONT        799     772    4260    4291    2190    4262    4230    4261+CONT
+CONT       2191    2176    4227    4258    2174    4229
CHEXA        459       1     830     800     773     803     801     771+CONT
+CONT        744     774    4292    4260    4263    4293    4294    4259+CONT
+CONT       4232    4265    2949    2933    2934    2950
CHEXA        460       1     832     802     775     805     803     773+CONT
+CONT        746     776    2193    2175    2178    2192    4295    4262+CONT
+CONT       4233    4266    4263    4231    4234    4264
CHEXA        461       1     833     803     776     806     804     774+CONT
+CONT        747     777    4296    4264    4267    4297    4298    4265+CONT
+CONT       4236    4269    2951    2935    2936    2952
CHEXA        462       1     835     805     778     808     806     776+CONT
+CONT        749     779    2195    2177    2180    2194    4299    4266+CONT
+CONT       4237    4270    4267    4235    4240    4268
CHEXA        463       1     836     806     779     809     807     777+CONT
+CONT        750     780    4300    4268    4271    1693    1692    4269+CONT
+CONT       4238    1689    2953    2937    2938    1453
CHEXA        464       1     782     752     779     809     810     781+CONT
+CONT        808     837    4242    4239    4271    1690    1691    4241+CONT
+CONT       4270    1694    2181    2179    2196    1402
CHEXA        465       1     784     812     842     813     757     785+CONT
+CONT        815     786    3348    4301    4302    2954    1561    3349+CONT
+CONT       4303    2955    3345    4273    4272    2939
CHEXA        466       1     785     815     788     758     814     844+CONT
+CONT        817     787    4273    4274    4244    3346    3350    4304+CONT
+CONT       4275    3347    2197    2198    2182    1510
CHEXA        467       1     786     816     789     759     815     845+CONT
+CONT        818     788    2956    2957    2941    2940    4272    4305+CONT
+CONT       4276    4243    4306    4307    4277    4274
CHEXA        468       1     788     818     791     761     817     847+CONT
+CONT        820     790    4277    4278    4248    4245    4275    4308+CONT
+CONT       4279    4246    2199    2200    2184    2183
CHEXA        469       1     789     819     792     762     818     848+CONT
+CONT        821     791    2958    2959    2943    2942    4276    4309+CONT
+CONT       4280    4247    4310    4311    4281    4278
CHEXA        470       1     791     821     794     764     820     850+CONT
+CONT        823     793    4281    4282    4252    4249    4279    4312+CONT
+CONT       4283    4250    2201    2202    2186    2185
CHEXA        471       1     822     795     765     792     851     824+CONT
+CONT        794     821    2961    2945    2944    2960    4313    4286+CONT
+CONT       4251    4280    4314    4284    4282    4315
CHEXA        472       1     796     823     794     767     826     853+CONT
+CONT        824     797    2187    4283    4253    4254    2188    2203+CONT
+CONT       4284    4255    2204    4316    4285    4287
CHEXA        473       1     798     825     854     827     768     795+CONT
+CONT        824     797    2963    4317    4318    4288    2947    2962+CONT
+CONT       4319    4290    2946    4286    4285    4257
CHEXA        474       1     800     827     856     829     770     797+CONT
+CONT        826     799    4289    4320    2205    4291    4261    4290+CONT
+CONT       2206    2191    4256    4287    2189    4258
CHEXA        475       1     857     827     800     830     828     798+CONT
+CONT        771     801    4321    4289    4292    4322    4323    4288+CONT
+CONT       4259    4294    2964    2948    2949    2965
CHEXA        476       1     859     829     802     832     830     800+CONT
+CONT        773     803    2208    2190    2193    2207    4324    4291+CONT
+CONT       4262    4295    4292    4260    4263    4293
CHEXA        477       1     860     830     803     833     831     801+CONT
+CONT        774     804    4325    4293    4296    4326    4327    4294+CONT
+CONT       4265    4298    2966    2950    2951    2967
CHEXA        478       1     862     832     805     835     833     803+CONT
+CONT        776     806    2210    2192    2195    2209    4328    4295+CONT
+CONT       4266    4299    4296    4264    4267    4297
CHEXA        479       1     863     833     806     836     834     804+CONT
+CONT        777     807    4329    4297    4300    1696    1695    4298+CONT
+CONT       4269    1692    2968    2952    2953    1454
CHEXA        480       1     864     835     808     837     836     806+CONT
+CONT        779     809    2211    2194    2196    1403    1697    4299+CONT
+CONT       4270    1694    4300    4268    4271    1693
CHEXA        481       1     811     839     869     840     784     812+CONT
+CONT        842     813    3351    4330    4331    2969    1562    3352+CONT
+CONT       4332    2970    3348    4301    4302    2954
CHEXA        482       1     812     841     871     842     785     814+CONT
+CONT        844     815    3353    2212    4333    4301    3349    1511+CONT
+CONT       2213    4303    3350    2197    4304    4273
CHEXA        483       1     813     842     872     843     786     815+CONT
+CONT        845     816    4302    4334    4335    2971    2955    4303+CONT
+CONT       4336    2972    4272    4306    4305    2956
CHEXA        484       1     815     845     818     788     844     874+CONT
+CONT        847     817    4306    4307    4277    4274    4304    4337+CONT
+CONT       4308    4275    2214    2215    2199    2198
CHEXA        485       1     816     846     819     789     845     875+CONT
+CONT        848     818    2973    2974    2958    2957    4305    4338+CONT
+CONT       4309    4276    4339    4340    4310    4307
CHEXA        486       1     818     848     821     791     847     877+CONT
+CONT        850     820    4310    4311    4281    4278    4308    4341+CONT
+CONT       4312    4279    2216    2217    2201    2200
CHEXA        487       1     849     822     792     819     878     851+CONT
+CONT        821     848    2976    2960    2959    2975    4342    4313+CONT
+CONT       4280    4309    4343    4315    4311    4344
CHEXA        488       1     851     824     794     821     880     853+CONT
+CONT        823     850    4314    4284    4282    4315    4345    4316+CONT
+CONT       4283    4312    2219    2203    2202    2218
CHEXA        489       1     851     824     854     881     822     795+CONT
+CONT        825     852    4314    4319    4347    4346    4313    4286+CONT
+CONT       4317    4348    2961    2962    2978    2977
CHEXA        490       1     827     854     883     856     797     824+CONT
+CONT        853     826    4318    4349    2220    4320    4290    4319+CONT
+CONT       2221    2206    4285    4316    2204    4287
CHEXA        491       1     884     854     827     857     855     825+CONT
+CONT        798     828    4350    4318    4321    4351    4352    4317+CONT
+CONT       4288    4323    2979    2963    2964    2980
CHEXA        492       1     886     856     829     859     857     827+CONT
+CONT        800     830    2223    2205    2208    2222    4353    4320+CONT
+CONT       4291    4324    4321    4289    4292    4322
CHEXA        493       1     887     857     830     860     858     828+CONT
+CONT        801     831    4354    4322    4325    4355    4356    4323+CONT
+CONT       4294    4327    2981    2965    2966    2982
CHEXA        494       1     889     859     832     862     860     830+CONT
+CONT        803     833    2225    2207    2210    2224    4357    4324+CONT
+CONT       4295    4328    4325    4293    4296    4326
CHEXA        495       1     890     860     833     863     861     831+CONT
+CONT        804     834    4358    4326    4329    1699    1698    4327+CONT
+CONT       4298    1695    2983    2967    2968    1455
CHEXA        496       1     891     862     835     864     863     833+CONT
+CONT        806     836    2226    2209    2211    1404    1700    4328+CONT
+CONT       4299    1697    4329    4297    4300    1696
CHEXA        497       1     838     866     896     867     811     839+CONT
+CONT        869     840    3354    4359    4360    2984    1563    3355+CONT
+CONT       4361    2985    3351    4330    4331    2969
CHEXA        498       1     839     868     898     869     812     841+CONT
+CONT        871     842    3356    2227    4362    4330    3352    1512+CONT
+CONT       2228    4332    3353    2212    4333    4301
CHEXA        499       1     840     869     899     870     813     842+CONT
+CONT        872     843    4331    4363    4364    2986    2970    4332+CONT
+CONT       4365    2987    4302    4334    4335    2971
CHEXA        500       1     842     871     901     872     815     844+CONT
+CONT        874     845    4333    2229    4366    4334    4303    2213+CONT
+CONT       2230    4336    4304    2214    4337    4306
CHEXA        501       1     843     872     902     873     816     845+CONT
+CONT        875     846    4335    4367    4368    2988    2972    4336+CONT
+CONT       4369    2989    4305    4339    4338    2973
CHEXA        502       1     845     875     848     818     874     904+CONT
+CONT        877     847    4339    4340    4310    4307    4337    4370+CONT
+CONT       4341    4308    2231    2232    2216    2215
CHEXA        503       1     876     849     819     846     905     878+CONT
+CONT        848     875    2991    2975    2974    2990    4371    4342+CONT
+CONT       4309    4338    4372    4344    4340    4373
CHEXA        504       1     878     851     821     848     907     880+CONT
+CONT        850     877    4343    4315    4311    4344    4374    4345+CONT
+CONT       4312    4341    2234    2218    2217    2233
CHEXA        505       1     878     851     881     908     849     822+CONT
+CONT        852     879    4343    4346    4376    4375    4342    4313+CONT
+CONT       4348    4377    2976    2977    2993    2992
CHEXA        506       1     880     853     883     910     851     824+CONT
+CONT        854     881    2219    2221    2235    2236    4345    4316+CONT
+CONT       4349    4378    4314    4319    4347    4346
CHEXA        507       1     911     881     854     884     882     852+CONT
+CONT        825     855    4379    4347    4350    4380    4381    4348+CONT
+CONT       4317    4352    2994    2978    2979    2995
CHEXA        508       1     913     883     856     886     884     854+CONT
+CONT        827     857    2238    2220    2223    2237    4382    4349+CONT
+CONT       4320    4353    4350    4318    4321    4351
CHEXA        509       1     914     884     857     887     885     855+CONT
+CONT        828     858    4383    4351    4354    4384    4385    4352+CONT
+CONT       4323    4356    2996    2980    2981    2997
CHEXA        510       1     916     886     859     889     887     857+CONT
+CONT        830     860    2240    2222    2225    2239    4386    4353+CONT
+CONT       4324    4357    4354    4322    4325    4355
CHEXA        511       1     917     887     860     890     888     858+CONT
+CONT        831     861    4387    4355    4358    1702    1701    4356+CONT
+CONT       4327    1698    2998    2982    2983    1456
CHEXA        512       1     918     889     862     891     890     860+CONT
+CONT        833     863    2241    2224    2226    1405    1703    4357+CONT
+CONT       4328    1700    4358    4326    4329    1699
CHEXA        513       1     865     893     923     894     838     866+CONT
+CONT        896     867    3357    4388    4389    2999    1564    3358+CONT
+CONT       4390    3000    3354    4359    4360    2984
CHEXA        514       1     866     895     925     896     839     868+CONT
+CONT        898     869    3359    2242    4391    4359    3355    1513+CONT
+CONT       2243    4361    3356    2227    4362    4330
CHEXA        515       1     867     896     926     897     840     869+CONT
+CONT        899     870    4360    4392    4393    3001    2985    4361+CONT
+CONT       4394    3002    4331    4363    4364    2986
CHEXA        516       1     869     898     928     899     842     871+CONT
+CONT        901     872    4362    2244    4395    4363    4332    2228+CONT
+CONT       2245    4365    4333    2229    4366    4334
CHEXA        517       1     870     899     929     900     843     872+CONT
+CONT        902     873    4364    4396    4397    3003    2987    4365+CONT
+CONT       4398    3004    4335    4367    4368    2988
CHEXA        518       1     872     901     931     902     845     874+CONT
+CONT        904     875    4366    2246    4399    4367    4336    2230+CONT
+CONT       2247    4369    4337    2231    4370    4339
CHEXA        519       1     903     876     846     873     932     905+CONT
+CONT        875     902    3006    2990    2989    3005    4400    4371+CONT
+CONT       4338    4368    4401    4373    4369    4402
CHEXA        520       1     904     877     907     934     875     848+CONT
+CONT        878     905    2232    2233    2249    2248    4370    4341+CONT
+CONT       4374    4403    4340    4344    4372    4373
CHEXA        521       1     906     879     849     876     935     908+CONT
+CONT        878     905    3008    2992    2991    3007    4404    4377+CONT
+CONT       4342    4371    4405    4375    4372    4406
CHEXA        522       1     907     880     910     937     878     851+CONT
+CONT        881     908    2234    2236    2250    2251    4374    4345+CONT
+CONT       4378    4407    4343    4346    4376    4375
CHEXA        523       1     938     908     881     911     909     879+CONT
+CONT        852     882    4408    4376    4379    4409    4410    4377+CONT
+CONT       4348    4381    3009    2993    2994    3010
CHEXA        524       1     940     910     883     913     911     881+CONT
+CONT        854     884    2253    2235    2238    2252    4411    4378+CONT
+CONT       4349    4382    4379    4347    4350    4380
CHEXA        525       1     941     911     884     914     912     882+CONT
+CONT        855     885    4412    4380    4383    4413    4414    4381+CONT
+CONT       4352    4385    3011    2995    2996    3012
CHEXA        526       1     943     913     886     916     914     884+CONT
+CONT        857     887    2255    2237    2240    2254    4415    4382+CONT
+CONT       4353    4386    4383    4351    4354    4384
CHEXA        527       1     944     914     887     917     915     885+CONT
+CONT        858     888    4416    4384    4387    1705    1704    4385+CONT
+CONT       4356    1701    3013    2997    2998    1457
CHEXA        528       1     945     916     889     918     917     887+CONT
+CONT        860     890    2256    2239    2241    1406    1706    4386+CONT
+CONT       4357    1703    4387    4355    4358    1702
CHEXA        529       1     892     921     950     920     865     893+CONT
+CONT        923     894    3360    4417    4418    3014    1565    3361+CONT
+CONT       4419    3015    3357    4388    4389    2999
CHEXA        530       1     893     922     952     923     866     895+CONT
+CONT        925     896    3362    2257    4420    4388    3358    1514+CONT
+CONT       2258    4390    3359    2242    4391    4359
CHEXA        531       1     894     923     953     924     867     896+CONT
+CONT        926     897    4389    4421    4422    3016    3000    4390+CONT
+CONT       4423    3017    4360    4392    4393    3001
CHEXA        532       1     896     925     955     926     869     898+CONT
+CONT        928     899    4391    2259    4424    4392    4361    2243+CONT
+CONT       2260    4394    4362    2244    4395    4363
CHEXA        533       1     897     926     956     927     870     899+CONT
+CONT        929     900    4393    4425    4426    3018    3002    4394+CONT
+CONT       4427    3019    4364    4396    4397    3003
CHEXA        534       1     899     928     958     929     872     901+CONT
+CONT        931     902    4395    2261    4428    4396    4365    2245+CONT
+CONT       2262    4398    4366    2246    4399    4367
CHEXA        535       1     929     902     932     959     900     873+CONT
+CONT        903     930    4398    4402    4430    4429    4397    4368+CONT
+CONT       4400    4431    3004    3005    3021    3020
CHEXA        536       1     931     904     934     961     902     875+CONT
+CONT        905     932    2247    2248    2264    2263    4399    4370+CONT
+CONT       4403    4432    4369    4373    4401    4402
CHEXA        537       1     933     906     876     903     962     935+CONT
+CONT        905     932    3023    3007    3006    3022    4433    4404+CONT
+CONT       4371    4400    4434    4406    4401    4435
CHEXA        538       1     934     907     937     964     905     878+CONT
+CONT        908     935    2249    2251    2265    2266    4403    4374+CONT
+CONT       4407    4436    4372    4375    4405    4406
CHEXA        539       1     965     935     908     938     936     906+CONT
+CONT        879     909    4437    4405    4408    4438    4439    4404+CONT
+CONT       4377    4410    3024    3008    3009    3025
CHEXA        540       1     967     937     910     940     938     908+CONT
+CONT        881     911    2268    2250    2253    2267    4440    4407+CONT
+CONT       4378    4411    4408    4376    4379    4409
CHEXA        541       1     968     938     911     941     939     909+CONT
+CONT        882     912    4441    4409    4412    4442    4443    4410+CONT
+CONT       4381    4414    3026    3010    3011    3027
CHEXA        542       1     970     940     913     943     941     911+CONT
+CONT        884     914    2270    2252    2255    2269    4444    4411+CONT
+CONT       4382    4415    4412    4380    4383    4413
CHEXA        543       1     971     941     914     944     942     912+CONT
+CONT        885     915    4445    4413    4416    1708    1707    4414+CONT
+CONT       4385    1704    3028    3012    3013    1458
CHEXA        544       1     972     943     916     945     944     914+CONT
+CONT        887     917    2271    2254    2256    1407    1709    4415+CONT
+CONT       4386    1706    4416    4384    4387    1705
CHEXA        545       1     919     948     977     947     892     921+CONT
+CONT        950     920    3363    4446    4447    3029    1566    3364+CONT
+CONT       4448    3030    3360    4417    4418    3014
CHEXA        546       1     920     950     980     949     894     923+CONT
+CONT        953     924    4418    4449    4450    3031    3015    4419+CONT
+CONT       4451    3032    4389    4421    4422    3016
CHEXA        547       1     921     951     981     950     893     922+CONT
+CONT        952     923    3365    2272    4452    4417    3361    1515+CONT
+CONT       2273    4419    3362    2257    4420    4388
CHEXA        548       1     923     952     982     953     896     925+CONT
+CONT        955     926    4420    2274    4453    4421    4390    2258+CONT
+CONT       2275    4423    4391    2259    4424    4392
CHEXA        549       1     924     953     983     954     897     926+CONT
+CONT        956     927    4422    4454    4455    3033    3017    4423+CONT
+CONT       4456    3034    4393    4425    4426    3018
CHEXA        550       1     926     955     985     956     899     928+CONT
+CONT        958     929    4424    2276    4457    4425    4394    2260+CONT
+CONT       2277    4427    4395    2261    4428    4396
CHEXA        551       1     956     929     959     986     927     900+CONT
+CONT        930     957    4427    4429    4459    4458    4426    4397+CONT
+CONT       4431    4460    3019    3020    3036    3035
CHEXA        552       1     958     931     961     988     929     902+CONT
+CONT        932     959    2262    2263    2279    2278    4428    4399+CONT
+CONT       4432    4461    4398    4402    4430    4429
CHEXA        553       1     960     933     903     930     989     962+CONT
+CONT        932     959    3038    3022    3021    3037    4462    4433+CONT
+CONT       4400    4431    4463    4435    4430    4464
CHEXA        554       1     961     934     964     991     932     905+CONT
+CONT        935     962    2264    2266    2280    2281    4432    4403+CONT
+CONT       4436    4465    4401    4406    4434    4435
CHEXA        555       1     992     963     933     962     965     936+CONT
+CONT        906     935    4466    3039    4433    4467    4468    3040+CONT
+CONT       3023    4434    4439    3024    4404    4437
CHEXA        556       1     994     964     937     967     965     935+CONT
+CONT        908     938    2283    2265    2268    2282    4469    4436+CONT
+CONT       4407    4440    4437    4405    4408    4438
CHEXA        557       1     995     965     938     968     966     936+CONT
+CONT        909     939    4470    4438    4441    4471    4472    4439+CONT
+CONT       4410    4443    3041    3025    3026    3042
CHEXA        558       1     997     967     940     970     968     938+CONT
+CONT        911     941    2285    2267    2270    2284    4473    4440+CONT
+CONT       4411    4444    4441    4409    4412    4442
CHEXA        559       1     998     968     941     971     969     939+CONT
+CONT        912     942    4474    4442    4445    1711    1710    4443+CONT
+CONT       4414    1707    3043    3027    3028    1459
CHEXA        560       1     999     970     943     972     971     941+CONT
+CONT        914     944    2286    2269    2271    1408    1712    4444+CONT
+CONT       4415    1709    4445    4413    4416    1708
CHEXA        561       1     946     975    1004     974     919     948+CONT
+CONT        977     947    3366    4475    4476    3044    1567    3367+CONT
+CONT       4477    3045    3363    4446    4447    3029
CHEXA        562       1     947     977    1007     976     920     950+CONT
+CONT        980     949    4447    4478    4479    3046    3030    4448+CONT
+CONT       4480    3047    4418    4449    4450    3031
CHEXA        563       1     948     978    1008     977     921     951+CONT
+CONT        981     950    3368    2287    4481    4446    3364    1516+CONT
+CONT       2288    4448    3365    2272    4452    4417
CHEXA        564       1     949     980    1010     979     924     953+CONT
+CONT        983     954    4450    4482    4483    3048    3032    4451+CONT
+CONT       4484    3049    4422    4454    4455    3033
CHEXA        565       1     950     981    1011     980     923     952+CONT
+CONT        982     953    4452    2289    4485    4449    4419    2273+CONT
+CONT       2290    4451    4420    2274    4453    4421
CHEXA        566       1     953     982    1012     983     926     955+CONT
+CONT        985     956    4453    2291    4486    4454    4423    2275+CONT
+CONT       2292    4456    4424    2276    4457    4425
CHEXA        567       1     983     956     986    1013     954     927+CONT
+CONT        957     984    4456    4458    4488    4487    4455    4426+CONT
+CONT       4460    4489    3034    3035    3051    3050
CHEXA        568       1     985     958     988    1015     956     929+CONT
+CONT        959     986    2277    2278    2294    2293    4457    4428+CONT
+CONT       4461    4490    4427    4429    4459    4458
CHEXA        569       1     987     960     930     957    1016     989+CONT
+CONT        959     986    3053    3037    3036    3052    4491    4462+CONT
+CONT       4431    4460    4492    4464    4459    4493
CHEXA        570       1     989     962     932     959    1018     991+CONT
+CONT        961     988    4463    4435    4430    4464    4494    4465+CONT
+CONT       4432    4461    2295    2281    2279    2296
CHEXA        571       1    1019     990     960     989     992     963+CONT
+CONT        933     962    4495    3054    4462    4496    4497    3055+CONT
+CONT       3038    4463    4466    3039    4433    4467
CHEXA        572       1    1021     992     962     991     994     965+CONT
+CONT        935     964    4498    4467    4465    2298    2297    4468+CONT
+CONT       4434    2280    4469    4437    4436    2283
CHEXA        573       1    1022     993     963     992     995     966+CONT
+CONT        936     965    4499    3056    4466    4500    4501    3057+CONT
+CONT       3040    4468    4472    3041    4439    4470
CHEXA        574       1    1024     994     967     997     995     965+CONT
+CONT        938     968    2300    2282    2285    2299    4502    4469+CONT
+CONT       4440    4473    4470    4438    4441    4471
CHEXA        575       1    1025     995     968     998     996     966+CONT
+CONT        939     969    4503    4471    4474    1714    1713    4472+CONT
+CONT       4443    1710    3058    3042    3043    1460
CHEXA        576       1    1026     997     970     999     998     968+CONT
+CONT        941     971    2301    2284    2286    1409    1715    4473+CONT
+CONT       4444    1712    4474    4442    4445    1711
CHEXA        577       1     973    1002    1031    1001     946     975+CONT
+CONT       1004     974    3369    4504    4505    3059    1568    3370+CONT
+CONT       4506    3060    3366    4475    4476    3044
CHEXA        578       1     974    1004    1034    1003     947     977+CONT
+CONT       1007     976    4476    4507    4508    3061    3045    4477+CONT
+CONT       4509    3062    4447    4478    4479    3046
CHEXA        579       1     975    1005    1035    1004     948     978+CONT
+CONT       1008     977    3371    2302    4510    4475    3367    1517+CONT
+CONT       2303    4477    3368    2287    4481    4446
CHEXA        580       1     976    1007    1037    1006     949     980+CONT
+CONT       1010     979    4479    4511    4512    3063    3047    4480+CONT
+CONT       4513    3064    4450    4482    4483    3048
CHEXA        581       1     977    1008    1038    1007     950     981+CONT
+CONT       1011     980    4481    2304    4514    4478    4448    2288+CONT
+CONT       2305    4480    4452    2289    4485    4449
CHEXA        582       1    1010     983    1013    1040     979     954+CONT
+CONT        984    1009    4484    4487    4516    4515    4483    4455+CONT
+CONT       4489    4517    3049    3050    3066    3065
CHEXA        583       1     980    1011    1041    1010     953     982+CONT
+CONT       1012     983    4485    2306    4518    4482    4451    2290+CONT
+CONT       2307    4484    4453    2291    4486    4454
CHEXA        584       1    1012     985    1015    1042     983     956+CONT
+CONT        986    1013    2292    2293    2309    2308    4486    4457+CONT
+CONT       4490    4519    4456    4458    4488    4487
CHEXA        585       1    1014     987     957     984    1043    1016+CONT
+CONT        986    1013    3068    3052    3051    3067    4520    4491+CONT
+CONT       4460    4489    4521    4493    4488    4522
CHEXA        586       1    1016     989     959     986    1045    1018+CONT
+CONT        988    1015    4492    4464    4459    4493    4523    4494+CONT
+CONT       4461    4490    2310    2296    2294    2311
CHEXA        587       1    1046    1017     987    1016    1019     990+CONT
+CONT        960     989    4524    3069    4491    4525    4526    3070+CONT
+CONT       3053    4492    4495    3054    4462    4496
CHEXA        588       1    1048    1019     989    1018    1021     992+CONT
+CONT        962     991    4527    4496    4494    2313    2312    4497+CONT
+CONT       4463    2295    4498    4467    4465    2298
CHEXA        589       1    1049    1020     990    1019    1022     993+CONT
+CONT        963     992    4528    3071    4495    4529    4530    3072+CONT
+CONT       3055    4497    4499    3056    4466    4500
CHEXA        590       1    1051    1022     992    1021    1024     995+CONT
+CONT        965     994    4531    4500    4498    2315    2314    4501+CONT
+CONT       4468    2297    4502    4470    4469    2300
CHEXA        591       1    1052    1023     993    1022    1025     996+CONT
+CONT        966     995    1716    3073    4499    4532    1717    1461+CONT
+CONT       3057    4501    1713    3058    4472    4503
CHEXA        592       1    1053    1024     997    1026    1025     995+CONT
+CONT        968     998    2316    2299    2301    1410    1718    4502+CONT
+CONT       4473    1715    4503    4471    4474    1714
CHEXA        593       1    1000    1029    1058    1028     973    1002+CONT
+CONT       1031    1001    3372    4533    4534    3074    1569    3373+CONT
+CONT       4535    3075    3369    4504    4505    3059
CHEXA        594       1    1001    1031    1061    1030     974    1004+CONT
+CONT       1034    1003    4505    4536    4537    3076    3060    4506+CONT
+CONT       4538    3077    4476    4507    4508    3061
CHEXA        595       1    1002    1032    1062    1031     975    1005+CONT
+CONT       1035    1004    3374    2317    4539    4504    3370    1518+CONT
+CONT       2318    4506    3371    2302    4510    4475
CHEXA        596       1    1003    1034    1064    1033     976    1007+CONT
+CONT       1037    1006    4508    4540    4541    3078    3062    4509+CONT
+CONT       4542    3079    4479    4511    4512    3063
CHEXA        597       1    1004    1035    1065    1034     977    1008+CONT
+CONT       1038    1007    4510    2319    4543    4507    4477    2303+CONT
+CONT       2320    4509    4481    2304    4514    4478
CHEXA        598       1    1037    1010    1040    1067    1006     979+CONT
+CONT       1009    1036    4513    4515    4545    4544    4512    4483+CONT
+CONT       4517    4546    3064    3065    3081    3080
CHEXA        599       1    1007    1038    1068    1037     980    1011+CONT
+CONT       1041    1010    4514    2321    4547    4511    4480    2305+CONT
+CONT       2322    4513    4485    2306    4518    4482
CHEXA        600       1    1039    1014     984    1009    1070    1043+CONT
+CONT       1013    1040    3083    3067    3066    3082    4548    4520+CONT
+CONT       4489    4517    4549    4522    4516    4550
CHEXA        601       1    1041    1012    1042    1071    1010     983+CONT
+CONT       1013    1040    2307    2308    2324    2323    4518    4486+CONT
+CONT       4519    4551    4484    4487    4516    4515
CHEXA        602       1    1043    1016     986    1013    1072    1045+CONT
+CONT       1015    1042    4521    4493    4488    4522    4552    4523+CONT
+CONT       4490    4519    2325    2311    2309    2326
CHEXA        603       1    1073    1044    1014    1043    1046    1017+CONT
+CONT        987    1016    4553    3084    4520    4554    4555    3085+CONT
+CONT       3068    4521    4524    3069    4491    4525
CHEXA        604       1    1075    1046    1016    1045    1048    1019+CONT
+CONT        989    1018    4556    4525    4523    2328    2327    4526+CONT
+CONT       4492    2310    4527    4496    4494    2313
CHEXA        605       1    1076    1047    1017    1046    1049    1020+CONT
+CONT        990    1019    4557    3086    4524    4558    4559    3087+CONT
+CONT       3070    4526    4528    3071    4495    4529
CHEXA        606       1    1078    1049    1019    1048    1051    1022+CONT
+CONT        992    1021    4560    4529    4527    2330    2329    4530+CONT
+CONT       4497    2312    4531    4500    4498    2315
CHEXA        607       1    1079    1050    1020    1049    1052    1023+CONT
+CONT        993    1022    1719    3088    4528    4561    1720    1462+CONT
+CONT       3072    4530    1716    3073    4499    4532
CHEXA        608       1    1080    1052    1022    1051    1053    1025+CONT
+CONT        995    1024    1721    4532    4531    2331    1411    1717+CONT
+CONT       4501    2314    1718    4503    4502    2316
CHEXA        609       1    1027    1056    1085    1055    1000    1029+CONT
+CONT       1058    1028    3375    4562    4563    3089    1570    3376+CONT
+CONT       4564    3090    3372    4533    4534    3074
CHEXA        610       1    1028    1058    1088    1057    1001    1031+CONT
+CONT       1061    1030    4534    4565    4566    3091    3075    4535+CONT
+CONT       4567    3092    4505    4536    4537    3076
CHEXA        611       1    1029    1059    1089    1058    1002    1032+CONT
+CONT       1062    1031    3377    2332    4568    4533    3373    1519+CONT
+CONT       2333    4535    3374    2317    4539    4504
CHEXA        612       1    1030    1061    1091    1060    1003    1034+CONT
+CONT       1064    1033    4537    4569    4570    3093    3077    4538+CONT
+CONT       4571    3094    4508    4540    4541    3078
CHEXA        613       1    1031    1062    1092    1061    1004    1035+CONT
+CONT       1065    1034    4539    2334    4572    4536    4506    2318+CONT
+CONT       2335    4538    4510    2319    4543    4507
CHEXA        614       1    1064    1037    1067    1094    1033    1006+CONT
+CONT       1036    1063    4542    4544    4574    4573    4541    4512+CONT
+CONT       4546    4575    3079    3080    3096    3095
CHEXA        615       1    1034    1065    1095    1064    1007    1038+CONT
+CONT       1068    1037    4543    2336    4576    4540    4509    2320+CONT
+CONT       2337    4542    4514    2321    4547    4511
CHEXA        616       1    1066    1039    1009    1036    1097    1070+CONT
+CONT       1040    1067    3098    3082    3081    3097    4577    4548+CONT
+CONT       4517    4546    4578    4550    4545    4579
CHEXA        617       1    1068    1041    1071    1098    1037    1010+CONT
+CONT       1040    1067    2322    2323    2339    2338    4547    4518+CONT
+CONT       4551    4580    4513    4515    4545    4544
CHEXA        618       1    1100    1069    1039    1070    1073    1044+CONT
+CONT       1014    1043    4581    3099    4548    4582    4583    3100+CONT
+CONT       3083    4549    4553    3084    4520    4554
CHEXA        619       1    1070    1043    1013    1040    1101    1072+CONT
+CONT       1042    1071    4549    4522    4516    4550    4584    4552+CONT
+CONT       4519    4551    2340    2326    2324    2341
CHEXA        620       1    1102    1073    1043    1072    1075    1046+CONT
+CONT       1016    1045    4585    4554    4552    2343    2342    4555+CONT
+CONT       4521    2325    4556    4525    4523    2328
CHEXA        621       1    1103    1074    1044    1073    1076    1047+CONT
+CONT       1017    1046    4586    3101    4553    4587    4588    3102+CONT
+CONT       3085    4555    4557    3086    4524    4558
CHEXA        622       1    1105    1076    1046    1075    1078    1049+CONT
+CONT       1019    1048    4589    4558    4556    2345    2344    4559+CONT
+CONT       4526    2327    4560    4529    4527    2330
CHEXA        623       1    1106    1077    1047    1076    1079    1050+CONT
+CONT       1020    1049    1722    3103    4557    4590    1723    1463+CONT
+CONT       3087    4559    1719    3088    4528    4561
CHEXA        624       1    1107    1079    1049    1078    1080    1052+CONT
+CONT       1022    1051    1724    4561    4560    2346    1412    1720+CONT
+CONT       4530    2329    1721    4532    4531    2331
CHEXA        625       1    1054    1082    1112    1083    1027    1056+CONT
+CONT       1085    1055    3379    4591    4592    3104    1571    3378+CONT
+CONT       4593    3105    3375    4562    4563    3089
CHEXA        626       1    1055    1085    1115    1084    1028    1058+CONT
+CONT       1088    1057    4563    4594    4595    3106    3090    4564+CONT
+CONT       4596    3107    4534    4565    4566    3091
CHEXA        627       1    1056    1086    1116    1085    1029    1059+CONT
+CONT       1089    1058    3380    2347    4597    4562    3376    1520+CONT
+CONT       2348    4564    3377    2332    4568    4533
CHEXA        628       1    1057    1088    1118    1087    1030    1061+CONT
+CONT       1091    1060    4566    4598    4599    3108    3092    4567+CONT
+CONT       4600    3109    4537    4569    4570    3093
CHEXA        629       1    1058    1089    1119    1088    1031    1062+CONT
+CONT       1092    1061    4568    2349    4601    4565    4535    2333+CONT
+CONT       2350    4567    4539    2334    4572    4536
CHEXA        630       1    1091    1064    1094    1121    1060    1033+CONT
+CONT       1063    1090    4571    4573    4603    4602    4570    4541+CONT
+CONT       4575    4604    3094    3095    3111    3110
CHEXA        631       1    1061    1092    1122    1091    1034    1065+CONT
+CONT       1095    1064    4572    2351    4605    4569    4538    2335+CONT
+CONT       2352    4571    4543    2336    4576    4540
CHEXA        632       1    1093    1066    1036    1063    1124    1097+CONT
+CONT       1067    1094    3113    3097    3096    3112    4606    4577+CONT
+CONT       4546    4575    4607    4579    4574    4608
CHEXA        633       1    1095    1068    1098    1125    1064    1037+CONT
+CONT       1067    1094    2337    2338    2354    2353    4576    4547+CONT
+CONT       4580    4609    4542    4544    4574    4573
CHEXA        634       1    1127    1096    1066    1097    1100    1069+CONT
+CONT       1039    1070    4610    3114    4577    4611    4612    3115+CONT
+CONT       3098    4578    4581    3099    4548    4582
CHEXA        635       1    1097    1070    1040    1067    1128    1101+CONT
+CONT       1071    1098    4578    4550    4545    4579    4613    4584+CONT
+CONT       4551    4580    2355    2341    2339    2356
CHEXA        636       1    1130    1099    1069    1100    1103    1074+CONT
+CONT       1044    1073    4614    3116    4581    4615    4616    3117+CONT
+CONT       3100    4583    4586    3101    4553    4587
CHEXA        637       1    1131    1100    1070    1101    1102    1073+CONT
+CONT       1043    1072    4617    4582    4584    2358    2357    4583+CONT
+CONT       4549    2340    4585    4554    4552    2343
CHEXA        638       1    1132    1103    1073    1102    1105    1076+CONT
+CONT       1046    1075    4618    4587    4585    2360    2359    4588+CONT
+CONT       4555    2342    4589    4558    4556    2345
CHEXA        639       1    1133    1104    1074    1103    1106    1077+CONT
+CONT       1047    1076    1725    3118    4586    4619    1726    1464+CONT
+CONT       3102    4588    1722    3103    4557    4590
CHEXA        640       1    1134    1106    1076    1105    1107    1079+CONT
+CONT       1049    1078    1727    4590    4589    2361    1413    1723+CONT
+CONT       4559    2344    1724    4561    4560    2346
CHEXA        641       1    1081    1109    1139    1110    1054    1082+CONT
+CONT       1112    1083    3382    4620    4621    3119    1572    3381+CONT
+CONT       4622    3120    3379    4591    4592    3104
CHEXA        642       1    1082    1111    1141    1112    1056    1086+CONT
+CONT       1116    1085    3383    2362    4623    4591    3378    1521+CONT
+CONT       2363    4593    3380    2347    4597    4562
CHEXA        643       1    1083    1112    1142    1113    1055    1085+CONT
+CONT       1115    1084    4592    4624    4625    3121    3105    4593+CONT
+CONT       4626    3122    4563    4594    4595    3106
CHEXA        644       1    1084    1115    1145    1114    1057    1088+CONT
+CONT       1118    1087    4595    4627    4628    3123    3107    4596+CONT
+CONT       4629    3124    4566    4598    4599    3108
CHEXA        645       1    1085    1116    1146    1115    1058    1089+CONT
+CONT       1119    1088    4597    2364    4630    4594    4564    2348+CONT
+CONT       2365    4596    4568    2349    4601    4565
CHEXA        646       1    1118    1091    1121    1148    1087    1060+CONT
+CONT       1090    1117    4600    4602    4632    4631    4599    4570+CONT
+CONT       4604    4633    3109    3110    3126    3125
CHEXA        647       1    1088    1119    1149    1118    1061    1092+CONT
+CONT       1122    1091    4601    2366    4634    4598    4567    2350+CONT
+CONT       2367    4600    4572    2351    4605    4569
CHEXA        648       1    1120    1093    1063    1090    1151    1124+CONT
+CONT       1094    1121    3128    3112    3111    3127    4635    4606+CONT
+CONT       4575    4604    4636    4608    4603    4637
CHEXA        649       1    1122    1095    1125    1152    1091    1064+CONT
+CONT       1094    1121    2352    2353    2369    2368    4605    4576+CONT
+CONT       4609    4638    4571    4573    4603    4602
CHEXA        650       1    1154    1123    1093    1124    1127    1096+CONT
+CONT       1066    1097    4639    3129    4606    4640    4641    3130+CONT
+CONT       3113    4607    4610    3114    4577    4611
CHEXA        651       1    1124    1097    1067    1094    1155    1128+CONT
+CONT       1098    1125    4607    4579    4574    4608    4642    4613+CONT
+CONT       4580    4609    2370    2356    2354    2371
CHEXA        652       1    1157    1126    1096    1127    1130    1099+CONT
+CONT       1069    1100    4643    3131    4610    4644    4645    3132+CONT
+CONT       3115    4612    4614    3116    4581    4615
CHEXA        653       1    1158    1127    1097    1128    1131    1100+CONT
+CONT       1070    1101    4646    4611    4613    2373    2372    4612+CONT
+CONT       4578    2355    4617    4582    4584    2358
CHEXA        654       1    1159    1129    1099    1130    1133    1104+CONT
+CONT       1074    1103    1728    3133    4614    4647    1729    1465+CONT
+CONT       3117    4616    1725    3118    4586    4619
CHEXA        655       1    1160    1130    1100    1131    1132    1103+CONT
+CONT       1073    1102    4648    4615    4617    2375    2374    4616+CONT
+CONT       4583    2357    4618    4587    4585    2360
CHEXA        656       1    1161    1133    1103    1132    1134    1106+CONT
+CONT       1076    1105    1730    4619    4618    2376    1414    1726+CONT
+CONT       4588    2359    1727    4590    4589    2361
CHEXA        657       1    1108    1136    1166    1137    1081    1109+CONT
+CONT       1139    1110    3385    4649    4650    3134    1573    3384+CONT
+CONT       4651    3135    3382    4620    4621    3119
CHEXA        658       1    1109    1138    1168    1139    1082    1111+CONT
+CONT       1141    1112    3386    2377    4652    4620    3381    1522+CONT
+CONT       2378    4622    3383    2362    4623    4591
CHEXA        659       1    1110    1139    1169    1140    1083    1112+CONT
+CONT       1142    1113    4621    4653    4654    3136    3120    4622+CONT
+CONT       4655    3137    4592    4624    4625    3121
CHEXA        660       1    1112    1141    1171    1142    1085    1116+CONT
+CONT       1146    1115    4623    2379    4656    4624    4593    2363+CONT
+CONT       2380    4626    4597    2364    4630    4594
CHEXA        661       1    1113    1142    1172    1143    1084    1115+CONT
+CONT       1145    1114    4625    4657    4658    3138    3122    4626+CONT
+CONT       4659    3139    4595    4627    4628    3123
CHEXA        662       1    1117    1148    1118    1087    1144    1175+CONT
+CONT       1145    1114    4633    4631    4599    3125    3141    4660+CONT
+CONT       4629    3124    4661    4662    4628    3140
CHEXA        663       1    1115    1146    1176    1145    1088    1119+CONT
+CONT       1149    1118    4630    2381    4663    4627    4596    2365+CONT
+CONT       2382    4629    4601    2366    4634    4598
CHEXA        664       1    1147    1178    1151    1120    1117    1148+CONT
+CONT       1121    1090    4664    4665    4635    3143    3142    4666+CONT
+CONT       4637    3127    4633    4632    4604    3126
CHEXA        665       1    1121    1152    1122    1091    1148    1179+CONT
+CONT       1149    1118    4638    2368    4605    4602    4632    2384+CONT
+CONT       2367    4600    4667    2383    4634    4631
CHEXA        666       1    1181    1150    1120    1151    1154    1123+CONT
+CONT       1093    1124    4668    3144    4635    4669    4670    3145+CONT
+CONT       3128    4636    4639    3129    4606    4640
CHEXA        667       1    1151    1124    1094    1121    1182    1155+CONT
+CONT       1125    1152    4636    4608    4603    4637    4671    4642+CONT
+CONT       4609    4638    2385    2371    2369    2386
CHEXA        668       1    1184    1153    1123    1154    1157    1126+CONT
+CONT       1096    1127    4672    3146    4639    4673    4674    3147+CONT
+CONT       3130    4641    4643    3131    4610    4644
CHEXA        669       1    1185    1154    1124    1155    1158    1127+CONT
+CONT       1097    1128    4675    4640    4642    2388    2387    4641+CONT
+CONT       4607    2370    4646    4611    4613    2373
CHEXA        670       1    1186    1156    1126    1157    1159    1129+CONT
+CONT       1099    1130    1731    3148    4643    4676    1732    1466+CONT
+CONT       3132    4645    1728    3133    4614    4647
CHEXA        671       1    1187    1157    1127    1158    1160    1130+CONT
+CONT       1100    1131    4677    4644    4646    2390    2389    4645+CONT
+CONT       4612    2372    4648    4615    4617    2375
CHEXA        672       1    1188    1159    1130    1160    1161    1133+CONT
+CONT       1103    1132    1733    4647    4648    2391    1415    1729+CONT
+CONT       4616    2374    1730    4619    4618    2376
CHEXA        673       1    1135    1163    1193    1164    1108    1136+CONT
+CONT       1166    1137    3388    4678    4679    3149    1574    3387+CONT
+CONT       4680    3150    3385    4649    4650    3134
CHEXA        674       1    1136    1165    1195    1166    1109    1138+CONT
+CONT       1168    1139    3389    2392    4681    4649    3384    1523+CONT
+CONT       2393    4651    3386    2377    4652    4620
CHEXA        675       1    1137    1166    1196    1167    1110    1139+CONT
+CONT       1169    1140    4650    4682    4683    3151    3135    4651+CONT
+CONT       4684    3152    4621    4653    4654    3136
CHEXA        676       1    1139    1168    1198    1169    1112    1141+CONT
+CONT       1171    1142    4652    2394    4685    4653    4622    2378+CONT
+CONT       2395    4655    4623    2379    4656    4624
CHEXA        677       1    1140    1169    1199    1170    1113    1142+CONT
+CONT       1172    1143    4654    4686    4687    3153    3137    4655+CONT
+CONT       4688    3154    4625    4657    4658    3138
CHEXA        678       1    1142    1171    1201    1172    1115    1146+CONT
+CONT       1176    1145    4656    2396    4689    4657    4626    2380+CONT
+CONT       2397    4659    4630    2381    4663    4627
CHEXA        679       1    1144    1175    1145    1114    1173    1202+CONT
+CONT       1172    1143    4661    4662    4628    3140    3156    4690+CONT
+CONT       4659    3139    4691    4692    4658    3155
CHEXA        680       1    1174    1205    1178    1147    1144    1175+CONT
+CONT       1148    1117    4693    4694    4664    3158    3157    4695+CONT
+CONT       4666    3142    4661    4660    4633    3141
CHEXA        681       1    1148    1179    1149    1118    1175    1206+CONT
+CONT       1176    1145    4667    2383    4634    4631    4660    2399+CONT
+CONT       2382    4629    4696    2398    4663    4662
CHEXA        682       1    1208    1177    1147    1178    1181    1150+CONT
+CONT       1120    1151    4697    3159    4664    4698    4699    3160+CONT
+CONT       3143    4665    4668    3144    4635    4669
CHEXA        683       1    1178    1151    1121    1148    1209    1182+CONT
+CONT       1152    1179    4665    4637    4632    4666    4700    4671+CONT
+CONT       4638    4667    2400    2386    2384    2401
CHEXA        684       1    1211    1180    1150    1181    1184    1153+CONT
+CONT       1123    1154    4701    3161    4668    4702    4703    3162+CONT
+CONT       3145    4670    4672    3146    4639    4673
CHEXA        685       1    1212    1181    1151    1182    1185    1154+CONT
+CONT       1124    1155    4704    4669    4671    2403    2402    4670+CONT
+CONT       4636    2385    4675    4640    4642    2388
CHEXA        686       1    1213    1183    1153    1184    1186    1156+CONT
+CONT       1126    1157    1734    3163    4672    4705    1735    1467+CONT
+CONT       3147    4674    1731    3148    4643    4676
CHEXA        687       1    1214    1184    1154    1185    1187    1157+CONT
+CONT       1127    1158    4706    4673    4675    2405    2404    4674+CONT
+CONT       4641    2387    4677    4644    4646    2390
CHEXA        688       1    1215    1186    1157    1187    1188    1159+CONT
+CONT       1130    1160    1736    4676    4677    2406    1416    1732+CONT
+CONT       4645    2389    1733    4647    4648    2391
CHEXA        689       1    1162    1190    1220    1191    1135    1163+CONT
+CONT       1193    1164    3391    4707    4708    3164    1575    3390+CONT
+CONT       4709    3165    3388    4678    4679    3149
CHEXA        690       1    1163    1192    1222    1193    1136    1165+CONT
+CONT       1195    1166    3392    2407    4710    4678    3387    1524+CONT
+CONT       2408    4680    3389    2392    4681    4649
CHEXA        691       1    1164    1193    1223    1194    1137    1166+CONT
+CONT       1196    1167    4679    4711    4712    3166    3150    4680+CONT
+CONT       4713    3167    4650    4682    4683    3151
CHEXA        692       1    1166    1195    1225    1196    1139    1168+CONT
+CONT       1198    1169    4681    2409    4714    4682    4651    2393+CONT
+CONT       2410    4684    4652    2394    4685    4653
CHEXA        693       1    1167    1196    1226    1197    1140    1169+CONT
+CONT       1199    1170    4683    4715    4716    3168    3152    4684+CONT
+CONT       4717    3169    4654    4686    4687    3153
CHEXA        694       1    1169    1198    1228    1199    1142    1171+CONT
+CONT       1201    1172    4685    2411    4718    4686    4655    2395+CONT
+CONT       2412    4688    4656    2396    4689    4657
CHEXA        695       1    1173    1202    1172    1143    1200    1229+CONT
+CONT       1199    1170    4691    4692    4658    3155    3171    4719+CONT
+CONT       4688    3154    4720    4721    4687    3170
CHEXA        696       1    1175    1206    1176    1145    1202    1231+CONT
+CONT       1201    1172    4696    2398    4663    4662    4690    2414+CONT
+CONT       2397    4659    4722    2413    4689    4692
CHEXA        697       1    1203    1232    1205    1174    1173    1202+CONT
+CONT       1175    1144    4723    4724    4693    3173    3172    4725+CONT
+CONT       4695    3157    4691    4690    4661    3156
CHEXA        698       1    1235    1204    1174    1205    1208    1177+CONT
+CONT       1147    1178    4726    3174    4693    4727    4728    3175+CONT
+CONT       3158    4694    4697    3159    4664    4698
CHEXA        699       1    1205    1236    1209    1178    1175    1206+CONT
+CONT       1179    1148    4729    2415    4700    4694    4695    2416+CONT
+CONT       2401    4666    4696    2399    4667    4660
CHEXA        700       1    1238    1207    1177    1208    1211    1180+CONT
+CONT       1150    1181    4730    3176    4697    4731    4732    3177+CONT
+CONT       3160    4699    4701    3161    4668    4702
CHEXA        701       1    1239    1208    1178    1209    1212    1181+CONT
+CONT       1151    1182    4733    4698    4700    2418    2417    4699+CONT
+CONT       4665    2400    4704    4669    4671    2403
CHEXA        702       1    1240    1210    1180    1211    1213    1183+CONT
+CONT       1153    1184    1737    3178    4701    4734    1738    1468+CONT
+CONT       3162    4703    1734    3163    4672    4705
CHEXA        703       1    1241    1211    1181    1212    1214    1184+CONT
+CONT       1154    1185    4735    4702    4704    2420    2419    4703+CONT
+CONT       4670    2402    4706    4673    4675    2405
CHEXA        704       1    1242    1213    1184    1214    1215    1186+CONT
+CONT       1157    1187    1739    4705    4706    2421    1417    1735+CONT
+CONT       4674    2404    1736    4676    4677    2406
CHEXA        705       1    1189    1217    1246    1218    1162    1190+CONT
+CONT       1220    1191    3394    4736    4737    3179    1576    3393+CONT
+CONT       4738    3180    3391    4707    4708    3164
CHEXA        706       1    1190    1219    1248    1220    1163    1192+CONT
+CONT       1222    1193    3395    2422    4739    4707    3390    1525+CONT
+CONT       2423    4709    3392    2407    4710    4678
CHEXA        707       1    1191    1220    1249    1221    1164    1193+CONT
+CONT       1223    1194    4708    4740    4741    3181    3165    4709+CONT
+CONT       4742    3182    4679    4711    4712    3166
CHEXA        708       1    1193    1222    1251    1223    1166    1195+CONT
+CONT       1225    1196    4710    2424    4743    4711    4680    2408+CONT
+CONT       2425    4713    4681    2409    4714    4682
CHEXA        709       1    1194    1223    1252    1224    1167    1196+CONT
+CONT       1226    1197    4712    4744    4745    3183    3167    4713+CONT
+CONT       4746    3184    4683    4715    4716    3168
CHEXA        710       1    1196    1225    1254    1226    1169    1198+CONT
+CONT       1228    1199    4714    2426    4747    4715    4684    2410+CONT
+CONT       2427    4717    4685    2411    4718    4686
CHEXA        711       1    1200    1229    1199    1170    1227    1255+CONT
+CONT       1226    1197    4720    4721    4687    3170    3186    4748+CONT
+CONT       4717    3169    4749    4750    4716    3185
CHEXA        712       1    1202    1231    1201    1172    1229    1257+CONT
+CONT       1228    1199    4722    2413    4689    4692    4719    2429+CONT
+CONT       2412    4688    4751    2428    4718    4721
CHEXA        713       1    1230    1258    1232    1203    1200    1229+CONT
+CONT       1202    1173    4752    4753    4723    3188    3187    4754+CONT
+CONT       4725    3172    4720    4719    4691    3171
CHEXA        714       1    1232    1260    1236    1205    1202    1231+CONT
+CONT       1206    1175    4755    2430    4729    4724    4725    2431+CONT
+CONT       2416    4695    4722    2414    4696    4690
CHEXA        715       1    1261    1233    1203    1232    1235    1204+CONT
+CONT       1174    1205    4756    3189    4723    4757    4758    3190+CONT
+CONT       3173    4724    4726    3174    4693    4727
CHEXA        716       1    1264    1234    1204    1235    1238    1207+CONT
+CONT       1177    1208    4759    3191    4726    4760    4761    3192+CONT
+CONT       3175    4728    4730    3176    4697    4731
CHEXA        717       1    1265    1235    1205    1236    1239    1208+CONT
+CONT       1178    1209    4762    4727    4729    2433    2432    4728+CONT
+CONT       4694    2415    4733    4698    4700    2418
CHEXA        718       1    1266    1237    1207    1238    1240    1210+CONT
+CONT       1180    1211    1740    3193    4730    4763    1741    1469+CONT
+CONT       3177    4732    1737    3178    4701    4734
CHEXA        719       1    1267    1238    1208    1239    1241    1211+CONT
+CONT       1181    1212    4764    4731    4733    2435    2434    4732+CONT
+CONT       4699    2417    4735    4702    4704    2420
CHEXA        720       1    1268    1240    1211    1241    1242    1213+CONT
+CONT       1184    1214    1742    4734    4735    2436    1418    1738+CONT
+CONT       4703    2419    1739    4705    4706    2421
CHEXA        721       1    1216    1243    1270    1244    1189    1217+CONT
+CONT       1246    1218    1596    3399    3398    1588    1577    3396+CONT
+CONT       4765    3194    3394    4736    4737    3179
CHEXA        722       1    1217    1245    1272    1246    1190    1219+CONT
+CONT       1248    1220    3397    2437    4766    4736    3393    1526+CONT
+CONT       2438    4738    3395    2422    4739    4707
CHEXA        723       1    1218    1246    1273    1247    1191    1220+CONT
+CONT       1249    1221    4737    4767    4768    3195    3180    4738+CONT
+CONT       4769    3196    4708    4740    4741    3181
CHEXA        724       1    1220    1248    1275    1249    1193    1222+CONT
+CONT       1251    1223    4739    2439    4770    4740    4709    2423+CONT
+CONT       2440    4742    4710    2424    4743    4711
CHEXA        725       1    1221    1249    1276    1250    1194    1223+CONT
+CONT       1252    1224    4741    4771    4772    3197    3182    4742+CONT
+CONT       4773    3198    4712    4744    4745    3183
CHEXA        726       1    1223    1251    1278    1252    1196    1225+CONT
+CONT       1254    1226    4743    2441    4774    4744    4713    2425+CONT
+CONT       2442    4746    4714    2426    4747    4715
CHEXA        727       1    1224    1252    1279    1253    1197    1226+CONT
+CONT       1255    1227    4745    4775    4776    3199    3184    4746+CONT
+CONT       4777    3200    4716    4750    4749    3185
CHEXA        728       1    1229    1257    1228    1199    1255    1281+CONT
+CONT       1254    1226    4751    2428    4718    4721    4748    2444+CONT
+CONT       2427    4717    4778    2443    4747    4750
CHEXA        729       1    1256    1282    1258    1230    1227    1255+CONT
+CONT       1229    1200    4779    4780    4752    3202    3201    4781+CONT
+CONT       4754    3187    4749    4748    4720    3186
CHEXA        730       1    1258    1284    1260    1232    1229    1257+CONT
+CONT       1231    1202    4782    2445    4755    4753    4754    2446+CONT
+CONT       2431    4725    4751    2429    4722    4719
CHEXA        731       1    1285    1259    1230    1258    1261    1233+CONT
+CONT       1203    1232    4783    3203    4752    4784    4785    3204+CONT
+CONT       3188    4753    4756    3189    4723    4757
CHEXA        732       1    1287    1261    1232    1260    1265    1235+CONT
+CONT       1205    1236    4786    4757    4755    2448    2447    4758+CONT
+CONT       4724    2430    4762    4727    4729    2433
CHEXA        733       1    1288    1262    1233    1261    1264    1234+CONT
+CONT       1204    1235    4787    3205    4756    4788    4789    3206+CONT
+CONT       3190    4758    4759    3191    4726    4760
CHEXA        734       1    1290    1263    1234    1264    1266    1237+CONT
+CONT       1207    1238    1743    3207    4759    4790    1744    1470+CONT
+CONT       3192    4761    1740    3193    4730    4763
CHEXA        735       1    1291    1264    1235    1265    1267    1238+CONT
+CONT       1208    1239    4791    4760    4762    2450    2449    4761+CONT
+CONT       4728    2432    4764    4731    4733    2435
CHEXA        736       1    1292    1266    1238    1267    1268    1240+CONT
+CONT       1211    1241    1745    4763    4764    2451    1419    1741+CONT
+CONT       4732    2434    1742    4734    4735    2436
CHEXA        737       1    1243    1269    1293    1270    1217    1245+CONT
+CONT       1272    1246    1597    1580    3400    3399    3396    1527+CONT
+CONT       2452    4765    3397    2437    4766    4736
CHEXA        738       1    1244    1270    1294    1271    1218    1246+CONT
+CONT       1273    1247    3398    3402    3401    1589    3194    4765+CONT
+CONT       4792    3208    4737    4767    4768    3195
CHEXA        739       1    1246    1272    1296    1273    1220    1248+CONT
+CONT       1275    1249    4766    2453    4793    4767    4738    2438+CONT
+CONT       2454    4769    4739    2439    4770    4740
CHEXA        740       1    1247    1273    1297    1274    1221    1249+CONT
+CONT       1276    1250    4768    4794    4795    3209    3196    4769+CONT
+CONT       4796    3210    4741    4771    4772    3197
CHEXA        741       1    1249    1275    1299    1276    1223    1251+CONT
+CONT       1278    1252    4770    2455    4797    4771    4742    2440+CONT
+CONT       2456    4773    4743    2441    4774    4744
CHEXA        742       1    1250    1276    1300    1277    1224    1252+CONT
+CONT       1279    1253    4772    4798    4799    3211    3198    4773+CONT
+CONT       4800    3212    4745    4775    4776    3199
CHEXA        743       1    1252    1278    1302    1279    1226    1254+CONT
+CONT       1281    1255    4774    2457    4801    4775    4746    2442+CONT
+CONT       2458    4777    4747    2443    4778    4750
CHEXA        744       1    1303    1280    1253    1279    1282    1256+CONT
+CONT       1227    1255    4802    3213    4776    4803    4804    3214+CONT
+CONT       3200    4777    4779    3201    4749    4781
CHEXA        745       1    1282    1305    1284    1258    1255    1281+CONT
+CONT       1257    1229    4805    2459    4782    4780    4781    2460+CONT
+CONT       2446    4754    4778    2444    4751    4748
CHEXA        746       1    1306    1283    1256    1282    1285    1259+CONT
+CONT       1230    1258    4806    3215    4779    4807    4808    3216+CONT
+CONT       3202    4780    4783    3203    4752    4784
CHEXA        747       1    1308    1285    1258    1284    1287    1261+CONT
+CONT       1232    1260    4809    4784    4782    2462    2461    4785+CONT
+CONT       4753    2445    4786    4757    4755    2448
CHEXA        748       1    1309    1286    1259    1285    1288    1262+CONT
+CONT       1233    1261    4810    3217    4783    4811    4812    3218+CONT
+CONT       3204    4785    4787    3205    4756    4788
CHEXA        749       1    1311    1288    1261    1287    1291    1264+CONT
+CONT       1235    1265    4813    4788    4786    2464    2463    4789+CONT
+CONT       4758    2447    4791    4760    4762    2450
CHEXA        750       1    1312    1289    1262    1288    1290    1263+CONT
+CONT       1234    1264    1746    3219    4787    4814    1747    1471+CONT
+CONT       3206    4789    1743    3207    4759    4790
CHEXA        751       1    1313    1290    1264    1291    1292    1266+CONT
+CONT       1238    1267    1748    4790    4791    2465    1420    1744+CONT
+CONT       4761    2449    1745    4763    4764    2451
CHEXA        752       1    1270    1293    1314    1294    1246    1272+CONT
+CONT       1296    1273    3400    1581    3403    3402    4765    2452+CONT
+CONT       2466    4792    4766    2453    4793    4767
CHEXA        753       1    1271    1294    1315    1295    1247    1273+CONT
+CONT       1297    1274    3401    3405    3404    1590    3208    4792+CONT
+CONT       4815    3220    4768    4794    4795    3209
CHEXA        754       1    1273    1296    1317    1297    1249    1275+CONT
+CONT       1299    1276    4793    2467    4816    4794    4769    2454+CONT
+CONT       2468    4796    4770    2455    4797    4771
CHEXA        755       1    1274    1297    1318    1298    1250    1276+CONT
+CONT       1300    1277    4795    4817    4818    3221    3210    4796+CONT
+CONT       4819    3222    4772    4798    4799    3211
CHEXA        756       1    1276    1299    1320    1300    1252    1278+CONT
+CONT       1302    1279    4797    2469    4820    4798    4773    2456+CONT
+CONT       2470    4800    4774    2457    4801    4775
CHEXA        757       1    1321    1301    1277    1300    1303    1280+CONT
+CONT       1253    1279    4821    3223    4799    4822    4823    3224+CONT
+CONT       3212    4800    4802    3213    4776    4803
CHEXA        758       1    1323    1303    1279    1302    1305    1282+CONT
+CONT       1255    1281    4824    4803    4801    2472    2471    4804+CONT
+CONT       4777    2458    4805    4781    4778    2460
CHEXA        759       1    1324    1304    1280    1303    1306    1283+CONT
+CONT       1256    1282    4825    3225    4802    4826    4827    3226+CONT
+CONT       3214    4804    4806    3215    4779    4807
CHEXA        760       1    1326    1306    1282    1305    1308    1285+CONT
+CONT       1258    1284    4828    4807    4805    2474    2473    4808+CONT
+CONT       4780    2459    4809    4784    4782    2462
CHEXA        761       1    1327    1307    1283    1306    1309    1286+CONT
+CONT       1259    1285    4829    3227    4806    4830    4831    3228+CONT
+CONT       3216    4808    4810    3217    4783    4811
CHEXA        762       1    1329    1309    1285    1308    1311    1288+CONT
+CONT       1261    1287    4832    4811    4809    2476    2475    4812+CONT
+CONT       4785    2461    4813    4788    4786    2464
CHEXA        763       1    1330    1310    1286    1309    1312    1289+CONT
+CONT       1262    1288    1750    3229    4810    4833    1749    1472+CONT
+CONT       3218    4812    1746    3219    4787    4814
CHEXA        764       1    1331    1312    1288    1311    1313    1290+CONT
+CONT       1264    1291    1751    4814    4813    2477    1421    1747+CONT
+CONT       4789    2463    1748    4790    4791    2465
CHEXA        765       1    1294    1314    1332    1315    1273    1296+CONT
+CONT       1317    1297    3403    1582    3406    3405    4792    2466+CONT
+CONT       2478    4815    4793    2467    4816    4794
CHEXA        766       1    1295    1315    1333    1316    1274    1297+CONT
+CONT       1318    1298    3404    3408    3407    1591    3220    4815+CONT
+CONT       4834    3230    4795    4817    4818    3221
CHEXA        767       1    1297    1317    1335    1318    1276    1299+CONT
+CONT       1320    1300    4816    2479    4835    4817    4796    2468+CONT
+CONT       2480    4819    4797    2469    4820    4798
CHEXA        768       1    1336    1319    1298    1318    1321    1301+CONT
+CONT       1277    1300    4836    3231    4818    4837    4838    3232+CONT
+CONT       3222    4819    4821    3223    4799    4822
CHEXA        769       1    1338    1321    1300    1320    1323    1303+CONT
+CONT       1279    1302    4839    4822    4820    2482    2481    4823+CONT
+CONT       4800    2470    4824    4803    4801    2472
CHEXA        770       1    1339    1322    1301    1321    1324    1304+CONT
+CONT       1280    1303    4840    3233    4821    4841    4842    3234+CONT
+CONT       3224    4823    4825    3225    4802    4826
CHEXA        771       1    1341    1324    1303    1323    1326    1306+CONT
+CONT       1282    1305    4843    4826    4824    2484    2483    4827+CONT
+CONT       4804    2471    4828    4807    4805    2474
CHEXA        772       1    1342    1325    1304    1324    1327    1307+CONT
+CONT       1283    1306    4844    3235    4825    4845    4846    3236+CONT
+CONT       3226    4827    4829    3227    4806    4830
CHEXA        773       1    1344    1327    1306    1326    1329    1309+CONT
+CONT       1285    1308    4847    4830    4828    2486    2485    4831+CONT
+CONT       4808    2473    4832    4811    4809    2476
CHEXA        774       1    1345    1328    1307    1327    1330    1310+CONT
+CONT       1286    1309    1753    3237    4829    4848    1752    1473+CONT
+CONT       3228    4831    1750    3229    4810    4833
CHEXA        775       1    1346    1330    1309    1329    1331    1312+CONT
+CONT       1288    1311    1754    4833    4832    2487    1422    1749+CONT
+CONT       4812    2475    1751    4814    4813    2477
CHEXA        776       1    1315    1332    1347    1333    1297    1317+CONT
+CONT       1335    1318    3406    1583    3409    3408    4815    2478+CONT
+CONT       2488    4834    4816    2479    4835    4817
CHEXA        777       1    1348    1334    1316    1333    1336    1319+CONT
+CONT       1298    1318    3410    1592    3407    3411    4849    3238+CONT
+CONT       3230    4834    4836    3231    4818    4837
CHEXA        778       1    1350    1336    1318    1335    1338    1321+CONT
+CONT       1300    1320    4850    4837    4835    2490    2489    4838+CONT
+CONT       4819    2480    4839    4822    4820    2482
CHEXA        779       1    1351    1337    1319    1336    1339    1322+CONT
+CONT       1301    1321    4851    3239    4836    4852    4853    3240+CONT
+CONT       3232    4838    4840    3233    4821    4841
CHEXA        780       1    1353    1339    1321    1338    1341    1324+CONT
+CONT       1303    1323    4854    4841    4839    2492    2491    4842+CONT
+CONT       4823    2481    4843    4826    4824    2484
CHEXA        781       1    1354    1340    1322    1339    1342    1325+CONT
+CONT       1304    1324    4855    3241    4840    4856    4857    3242+CONT
+CONT       3234    4842    4844    3235    4825    4845
CHEXA        782       1    1356    1342    1324    1341    1344    1327+CONT
+CONT       1306    1326    4858    4845    4843    2494    2493    4846+CONT
+CONT       4827    2483    4847    4830    4828    2486
CHEXA        783       1    1357    1343    1325    1342    1345    1328+CONT
+CONT       1307    1327    1756    3243    4844    4859    1755    1474+CONT
+CONT       3236    4846    1753    3237    4829    4848
CHEXA        784       1    1358    1345    1327    1344    1346    1330+CONT
+CONT       1309    1329    1757    4848    4847    2495    1423    1752+CONT
+CONT       4831    2485    1754    4833    4832    2487
CHEXA        785       1    1359    1348    1333    1347    1350    1336+CONT
+CONT       1318    1335    3412    3411    3409    1584    2496    4849+CONT
+CONT       4834    2488    4850    4837    4835    2490
CHEXA        786       1    1360    1349    1334    1348    1351    1337+CONT
+CONT       1319    1336    3413    1593    3410    3414    4860    3244+CONT
+CONT       3238    4849    4851    3239    4836    4852
CHEXA        787       1    1362    1351    1336    1350    1353    1339+CONT
+CONT       1321    1338    4861    4852    4850    2498    2497    4853+CONT
+CONT       4838    2489    4854    4841    4839    2492
CHEXA        788       1    1363    1352    1337    1351    1354    1340+CONT
+CONT       1322    1339    4862    3245    4851    4863    4864    3246+CONT
+CONT       3240    4853    4855    3241    4840    4856
CHEXA        789       1    1365    1354    1339    1353    1356    1342+CONT
+CONT       1324    1341    4865    4856    4854    2500    2499    4857+CONT
+CONT       4842    2491    4858    4845    4843    2494
CHEXA        790       1    1366    1355    1340    1354    1357    1343+CONT
+CONT       1325    1342    1759    3247    4855    4866    1758    1475+CONT
+CONT       3242    4857    1756    3243    4844    4859
CHEXA        791       1    1367    1357    1342    1356    1358    1345+CONT
+CONT       1327    1344    1760    4859    4858    2501    1424    1755+CONT
+CONT       4846    2493    1757    4848    4847    2495
CHEXA        792       1    1368    1360    1348    1359    1362    1351+CONT
+CONT       1336    1350    3415    3414    3412    1585    2502    4860+CONT
+CONT       4849    2496    4861    4852    4850    2498
CHEXA        793       1    1369    1361    1349    1360    1363    1352+CONT
+CONT       1337    1351    3416    1594    3413    3417    4867    3248+CONT
+CONT       3244    4860    4862    3245    4851    4863
CHEXA        794       1    1371    1363    1351    1362    1365    1354+CONT
+CONT       1339    1353    4868    4863    4861    2504    2503    4864+CONT
+CONT       4853    2497    4865    4856    4854    2500
CHEXA        795       1    1372    1364    1352    1363    1366    1355+CONT
+CONT       1340    1354    1762    3249    4862    4869    1761    1476+CONT
+CONT       3246    4864    1759    3247    4855    4866
CHEXA        796       1    1373    1366    1354    1365    1367    1357+CONT
+CONT       1342    1356    1763    4866    4865    2505    1425    1758+CONT
+CONT       4857    2499    1760    4859    4858    2501
CHEXA        797       1    1374    1369    1360    1368    1371    1363+CONT
+CONT       1351    1362    3418    3417    3415    1586    2506    4867+CONT
+CONT       4860    2502    4868    4863    4861    2504
CHEXA        798       1    1375    1370    1361    1369    1372    1364+CONT
+CONT       1352    1363    1578    1595    3416    3419    1764    1477+CONT
+CONT       3248    4867    1762    3249    4862    4869
CHEXA        799       1    1376    1372    1363    1371    1373    1366+CONT
+CONT       1354    1365    1765    4869    4868    2507    1426    1761+CONT
+CONT       4864    2503    1763    4866    4865    2505
CHEXA        800       1    1377    1375    1369    1374    1376    1372+CONT
+CONT       1363    1371    1579    3419    3418    1587    1427    1764+CONT
+CONT       4867    2506    1765    4869    4868    2507
$ Property data section
PSOLID         1
ENDDATA
