$ Generated by COMSOL 6.2.0.290
$ Aug 13 2026, 19:36
BEGIN BULK
$ Grid data section
GRID           1         1.000000.0053560.005358
GRID           2         1.000000.0059070.003098
GRID           3         1.000000.0030950.005910
GRID           4         1.000000.0070710.007071
GRID           5        0.9800000.0053560.005358
GRID           6         1.000000.0092380.003826
GRID           7         1.000000.0061911.214E-5
GRID           8         1.000000.0029880.002994
GRID           9        0.9800000.0059070.003098
GRID          10         1.000005.781E-60.006193
GRID          11         1.000000.0038260.009238
GRID          12        0.9800000.0030950.005910
GRID          13        0.9800000.0070710.007071
GRID          14        0.9600000.0053560.005358
GRID          15         1.000000.0100006.06E-17
GRID          16        0.9800000.0092380.003826
GRID          17         1.000000.005910-0.00308
GRID          18        0.9800000.0061911.214E-5
GRID          19         1.000000.0030352.437E-5
GRID          20         1.000001.535E-50.003038
GRID          21        0.9800000.0029880.002994
GRID          22        0.9600000.0059070.003098
GRID          23         1.00000-0.003080.005910
GRID          24         1.000001.22E-180.010000
GRID          25        0.9800005.781E-60.006193
GRID          26        0.9800000.0038260.009238
GRID          27        0.9600000.0030950.005910
GRID          28        0.9600000.0070710.007071
GRID          29        0.9400000.0053560.005358
GRID          30         1.000000.005359-0.00534
GRID          31         1.000000.009238-0.00382
GRID          32        0.9800000.0100005.93E-17
GRID          33        0.9600000.0092380.003826
GRID          34         1.000000.002999-0.00295
GRID          35        0.9800000.005910-0.00308
GRID          36        0.9600000.0061911.214E-5
GRID          37        0.9800000.0030352.437E-5
GRID          38         1.000002.295E-52.932E-5
GRID          39         1.00000-0.002960.002996
GRID          40        0.9800001.535E-50.003038
GRID          41        0.9600000.0029880.002994
GRID          42        0.9400000.0059070.003098
GRID          43         1.00000-0.005340.005358
GRID          44         1.00000-0.003820.009238
GRID          45        0.980000-0.003080.005910
GRID          46        0.9800001.22E-180.010000
GRID          47        0.9600005.781E-60.006193
GRID          48        0.9600000.0038260.009238
GRID          49        0.9400000.0030950.005910
GRID          50        0.9400000.0070710.007071
GRID          51        0.9200000.0053560.005358
GRID          52         1.000000.003099-0.00589
GRID          53         1.000000.007071-0.00707
GRID          54        0.9800000.005359-0.00534
GRID          55        0.9800000.009238-0.00382
GRID          56        0.9600000.0100005.81E-17
GRID          57        0.9400000.0092380.003826
GRID          58         1.000002.473E-5-0.00299
GRID          59        0.9800000.002999-0.00295
GRID          60        0.9600000.005910-0.00308
GRID          61        0.9400000.0061911.214E-5
GRID          62        0.9600000.0030352.437E-5
GRID          63        0.9800002.295E-52.932E-5
GRID          64         1.00000-0.003002.392E-5
GRID          65         1.00000-0.005890.003098
GRID          66        0.980000-0.002960.002996
GRID          67        0.9600001.535E-50.003038
GRID          68        0.9400000.0029880.002994
GRID          69        0.9200000.0059070.003098
GRID          70         1.00000-0.007070.007071
GRID          71        0.980000-0.005340.005358
GRID          72        0.980000-0.003820.009238
GRID          73        0.960000-0.003080.005910
GRID          74        0.9600001.22E-180.010000
GRID          75        0.9400005.781E-60.006193
GRID          76        0.9400000.0038260.009238
GRID          77        0.9200000.0030950.005910
GRID          78        0.9200000.0070710.007071
GRID          79        0.9000000.0053560.005358
GRID          80         1.000001.267E-5-0.00617
GRID          81        0.9800000.003099-0.00589
GRID          82         1.000000.003826-0.00923
GRID          83        0.9800000.007071-0.00707
GRID          84        0.9600000.005359-0.00534
GRID          85        0.9600000.009238-0.00382
GRID          86        0.9400000.0100005.69E-17
GRID          87        0.9200000.0092380.003826
GRID          88         1.00000-0.00296-0.00296
GRID          89        0.9800002.473E-5-0.00299
GRID          90        0.9600000.002999-0.00295
GRID          91        0.9400000.005910-0.00308
GRID          92        0.9200000.0061911.214E-5
GRID          93        0.9400000.0030352.437E-5
GRID          94        0.9600002.295E-52.932E-5
GRID          95        0.980000-0.003002.392E-5
GRID          96         1.00000-0.006178.086E-6
GRID          97         1.00000-0.009230.003826
GRID          98        0.980000-0.005890.003098
GRID          99        0.960000-0.002960.002996
GRID         100        0.9400001.535E-50.003038
GRID         101        0.9200000.0029880.002994
GRID         102        0.9000000.0059070.003098
GRID         103        0.980000-0.007070.007071
GRID         104        0.960000-0.005340.005358
GRID         105        0.960000-0.003820.009238
GRID         106        0.940000-0.003080.005910
GRID         107        0.9400001.22E-180.010000
GRID         108        0.9200005.781E-60.006193
GRID         109        0.9200000.0038260.009238
GRID         110        0.9000000.0030950.005910
GRID         111        0.9000000.0070710.007071
GRID         112        0.8800000.0053560.005358
GRID         113         1.00000-0.00308-0.00589
GRID         114         1.00000 0.00000-0.01000
GRID         115        0.9800001.267E-5-0.00617
GRID         116        0.9600000.003099-0.00589
GRID         117        0.9800000.003826-0.00923
GRID         118        0.9600000.007071-0.00707
GRID         119        0.9400000.005359-0.00534
GRID         120        0.9400000.009238-0.00382
GRID         121        0.9200000.0100005.57E-17
GRID         122        0.9000000.0092380.003826
GRID         123         1.00000-0.00589-0.00308
GRID         124        0.980000-0.00296-0.00296
GRID         125        0.9600002.473E-5-0.00299
GRID         126        0.9400000.002999-0.00295
GRID         127        0.9200000.005910-0.00308
GRID         128        0.9000000.0061911.214E-5
GRID         129        0.9200000.0030352.437E-5
GRID         130        0.9400002.295E-52.932E-5
GRID         131        0.960000-0.003002.392E-5
GRID         132        0.980000-0.006178.086E-6
GRID         133         1.00000-0.010006.30E-17
GRID         134        0.980000-0.009230.003826
GRID         135        0.960000-0.005890.003098
GRID         136        0.940000-0.002960.002996
GRID         137        0.9200001.535E-50.003038
GRID         138        0.9000000.0029880.002994
GRID         139        0.8800000.0059070.003098
GRID         140        0.960000-0.007070.007071
GRID         141        0.940000-0.005340.005358
GRID         142        0.940000-0.003820.009238
GRID         143        0.920000-0.003080.005910
GRID         144        0.9200001.22E-180.010000
GRID         145        0.9000005.781E-60.006193
GRID         146        0.9000000.0038260.009238
GRID         147        0.8800000.0030950.005910
GRID         148        0.8800000.0070710.007071
GRID         149        0.8600000.0053560.005358
GRID         150         1.00000-0.00534-0.00534
GRID         151         1.00000-0.00382-0.00923
GRID         152        0.980000-0.00308-0.00589
GRID         153        0.980000 0.00000-0.01000
GRID         154        0.9600001.267E-5-0.00617
GRID         155        0.9400000.003099-0.00589
GRID         156        0.9600000.003826-0.00923
GRID         157        0.9400000.007071-0.00707
GRID         158        0.9200000.005359-0.00534
GRID         159        0.9200000.009238-0.00382
GRID         160        0.9000000.0100005.44E-17
GRID         161        0.8800000.0092380.003826
GRID         162         1.00000-0.00923-0.00382
GRID         163        0.980000-0.00589-0.00308
GRID         164        0.960000-0.00296-0.00296
GRID         165        0.9400002.473E-5-0.00299
GRID         166        0.9200000.002999-0.00295
GRID         167        0.9000000.005910-0.00308
GRID         168        0.8800000.0061911.214E-5
GRID         169        0.9000000.0030352.437E-5
GRID         170        0.9200002.295E-52.932E-5
GRID         171        0.940000-0.003002.392E-5
GRID         172        0.960000-0.006178.086E-6
GRID         173        0.980000-0.010006.18E-17
GRID         174        0.960000-0.009230.003826
GRID         175        0.940000-0.005890.003098
GRID         176        0.920000-0.002960.002996
GRID         177        0.9000001.535E-50.003038
GRID         178        0.8800000.0029880.002994
GRID         179        0.8600000.0059070.003098
GRID         180        0.940000-0.007070.007071
GRID         181        0.920000-0.005340.005358
GRID         182        0.920000-0.003820.009238
GRID         183        0.900000-0.003080.005910
GRID         184        0.9000001.22E-180.010000
GRID         185        0.8800005.781E-60.006193
GRID         186        0.8800000.0038260.009238
GRID         187        0.8600000.0030950.005910
GRID         188        0.8600000.0070710.007071
GRID         189        0.8400000.0053560.005358
GRID         190         1.00000-0.00707-0.00707
GRID         191        0.980000-0.00534-0.00534
GRID         192        0.980000-0.00382-0.00923
GRID         193        0.960000-0.00308-0.00589
GRID         194        0.960000 0.00000-0.01000
GRID         195        0.9400001.267E-5-0.00617
GRID         196        0.9200000.003099-0.00589
GRID         197        0.9400000.003826-0.00923
GRID         198        0.9200000.007071-0.00707
GRID         199        0.9000000.005359-0.00534
GRID         200        0.9000000.009238-0.00382
GRID         201        0.8800000.0100005.32E-17
GRID         202        0.8600000.0092380.003826
GRID         203        0.980000-0.00923-0.00382
GRID         204        0.960000-0.00589-0.00308
GRID         205        0.940000-0.00296-0.00296
GRID         206        0.9200002.473E-5-0.00299
GRID         207        0.9000000.002999-0.00295
GRID         208        0.8800000.005910-0.00308
GRID         209        0.8600000.0061911.214E-5
GRID         210        0.8800000.0030352.437E-5
GRID         211        0.9000002.295E-52.932E-5
GRID         212        0.920000-0.003002.392E-5
GRID         213        0.940000-0.006178.086E-6
GRID         214        0.960000-0.010006.06E-17
GRID         215        0.940000-0.009230.003826
GRID         216        0.920000-0.005890.003098
GRID         217        0.900000-0.002960.002996
GRID         218        0.8800001.535E-50.003038
GRID         219        0.8600000.0029880.002994
GRID         220        0.8400000.0059070.003098
GRID         221        0.920000-0.007070.007071
GRID         222        0.900000-0.005340.005358
GRID         223        0.900000-0.003820.009238
GRID         224        0.880000-0.003080.005910
GRID         225        0.8800001.22E-180.010000
GRID         226        0.8600005.781E-60.006193
GRID         227        0.8600000.0038260.009238
GRID         228        0.8400000.0030950.005910
GRID         229        0.8400000.0070710.007071
GRID         230        0.8200000.0053560.005358
GRID         231        0.980000-0.00707-0.00707
GRID         232        0.960000-0.00534-0.00534
GRID         233        0.960000-0.00382-0.00923
GRID         234        0.940000-0.00308-0.00589
GRID         235        0.940000 0.00000-0.01000
GRID         236        0.9200001.267E-5-0.00617
GRID         237        0.9000000.003099-0.00589
GRID         238        0.9200000.003826-0.00923
GRID         239        0.9000000.007071-0.00707
GRID         240        0.8800000.005359-0.00534
GRID         241        0.8800000.009238-0.00382
GRID         242        0.8600000.0100005.20E-17
GRID         243        0.8400000.0092380.003826
GRID         244        0.960000-0.00923-0.00382
GRID         245        0.940000-0.00589-0.00308
GRID         246        0.920000-0.00296-0.00296
GRID         247        0.9000002.473E-5-0.00299
GRID         248        0.8800000.002999-0.00295
GRID         249        0.8600000.005910-0.00308
GRID         250        0.8400000.0061911.214E-5
GRID         251        0.8600000.0030352.437E-5
GRID         252        0.8800002.295E-52.932E-5
GRID         253        0.900000-0.003002.392E-5
GRID         254        0.920000-0.006178.086E-6
GRID         255        0.940000-0.010005.93E-17
GRID         256        0.920000-0.009230.003826
GRID         257        0.900000-0.005890.003098
GRID         258        0.880000-0.002960.002996
GRID         259        0.8600001.535E-50.003038
GRID         260        0.8400000.0029880.002994
GRID         261        0.8200000.0059070.003098
GRID         262        0.900000-0.007070.007071
GRID         263        0.880000-0.005340.005358
GRID         264        0.880000-0.003820.009238
GRID         265        0.860000-0.003080.005910
GRID         266        0.8600001.22E-180.010000
GRID         267        0.8400005.781E-60.006193
GRID         268        0.8400000.0038260.009238
GRID         269        0.8200000.0030950.005910
GRID         270        0.8200000.0070710.007071
GRID         271        0.8000000.0053560.005358
GRID         272        0.960000-0.00707-0.00707
GRID         273        0.940000-0.00534-0.00534
GRID         274        0.940000-0.00382-0.00923
GRID         275        0.920000-0.00308-0.00589
GRID         276        0.920000 0.00000-0.01000
GRID         277        0.9000001.267E-5-0.00617
GRID         278        0.8800000.003099-0.00589
GRID         279        0.9000000.003826-0.00923
GRID         280        0.8800000.007071-0.00707
GRID         281        0.8600000.005359-0.00534
GRID         282        0.8600000.009238-0.00382
GRID         283        0.8400000.0100005.08E-17
GRID         284        0.8200000.0092380.003826
GRID         285        0.940000-0.00923-0.00382
GRID         286        0.920000-0.00589-0.00308
GRID         287        0.900000-0.00296-0.00296
GRID         288        0.8800002.473E-5-0.00299
GRID         289        0.8600000.002999-0.00295
GRID         290        0.8400000.005910-0.00308
GRID         291        0.8200000.0061911.214E-5
GRID         292        0.8400000.0030352.437E-5
GRID         293        0.8600002.295E-52.932E-5
GRID         294        0.880000-0.003002.392E-5
GRID         295        0.900000-0.006178.086E-6
GRID         296        0.920000-0.010005.81E-17
GRID         297        0.900000-0.009230.003826
GRID         298        0.880000-0.005890.003098
GRID         299        0.860000-0.002960.002996
GRID         300        0.8400001.535E-50.003038
GRID         301        0.8200000.0029880.002994
GRID         302        0.8000000.0059070.003098
GRID         303        0.880000-0.007070.007071
GRID         304        0.860000-0.005340.005358
GRID         305        0.860000-0.003820.009238
GRID         306        0.840000-0.003080.005910
GRID         307        0.8400001.22E-180.010000
GRID         308        0.8200005.781E-60.006193
GRID         309        0.8200000.0038260.009238
GRID         310        0.8000000.0030950.005910
GRID         311        0.8000000.0070710.007071
GRID         312        0.7200000.0424260.042426
GRID         313        0.7800000.0053560.005358
GRID         314        0.940000-0.00707-0.00707
GRID         315        0.920000-0.00534-0.00534
GRID         316        0.920000-0.00382-0.00923
GRID         317        0.900000-0.00308-0.00589
GRID         318        0.900000 0.00000-0.01000
GRID         319        0.8800001.267E-5-0.00617
GRID         320        0.8600000.003099-0.00589
GRID         321        0.8800000.003826-0.00923
GRID         322        0.8600000.007071-0.00707
GRID         323        0.8400000.005359-0.00534
GRID         324        0.8400000.009238-0.00382
GRID         325        0.8200000.0100004.95E-17
GRID         326        0.8000000.0092380.003826
GRID         327        0.7200000.0554320.022961
GRID         328        0.920000-0.00923-0.00382
GRID         329        0.900000-0.00589-0.00308
GRID         330        0.880000-0.00296-0.00296
GRID         331        0.8600002.473E-5-0.00299
GRID         332        0.8400000.002999-0.00295
GRID         333        0.8200000.005910-0.00308
GRID         334        0.8000000.0061911.214E-5
GRID         335        0.8200000.0030352.437E-5
GRID         336        0.8400002.295E-52.932E-5
GRID         337        0.860000-0.003002.392E-5
GRID         338        0.880000-0.006178.086E-6
GRID         339        0.900000-0.010005.69E-17
GRID         340        0.880000-0.009230.003826
GRID         341        0.860000-0.005890.003098
GRID         342        0.840000-0.002960.002996
GRID         343        0.8200001.535E-50.003038
GRID         344        0.8000000.0029880.002994
GRID         345        0.7800000.0059070.003098
GRID         346        0.860000-0.007070.007071
GRID         347        0.840000-0.005340.005358
GRID         348        0.840000-0.003820.009238
GRID         349        0.820000-0.003080.005910
GRID         350        0.8200001.22E-180.010000
GRID         351        0.8000005.781E-60.006193
GRID         352        0.8000000.0038260.009238
GRID         353        0.7200000.0229610.055432
GRID         354        0.7800000.0030950.005910
GRID         355        0.7800000.0070710.007071
GRID         356        0.7200000.0335870.033587
GRID         357        0.7000000.0424260.042426
GRID         358        0.7600000.0053560.005358
GRID         359        0.920000-0.00707-0.00707
GRID         360        0.900000-0.00534-0.00534
GRID         361        0.900000-0.00382-0.00923
GRID         362        0.880000-0.00308-0.00589
GRID         363        0.880000 0.00000-0.01000
GRID         364        0.8600001.267E-5-0.00617
GRID         365        0.8400000.003099-0.00589
GRID         366        0.8600000.003826-0.00923
GRID         367        0.8400000.007071-0.00707
GRID         368        0.8200000.005359-0.00534
GRID         369        0.8200000.009238-0.00382
GRID         370        0.8000000.0100004.83E-17
GRID         371        0.7200000.060000-3.6E-18
GRID         372        0.7800000.0092380.003826
GRID         373        0.7200000.0438840.018177
GRID         374        0.7000000.0554320.022961
GRID         375        0.900000-0.00923-0.00382
GRID         376        0.880000-0.00589-0.00308
GRID         377        0.860000-0.00296-0.00296
GRID         378        0.8400002.473E-5-0.00299
GRID         379        0.8200000.002999-0.00295
GRID         380        0.8000000.005910-0.00308
GRID         381        0.7800000.0061911.214E-5
GRID         382        0.8000000.0030352.437E-5
GRID         383        0.8200002.295E-52.932E-5
GRID         384        0.840000-0.003002.392E-5
GRID         385        0.860000-0.006178.086E-6
GRID         386        0.880000-0.010005.57E-17
GRID         387        0.860000-0.009230.003826
GRID         388        0.840000-0.005890.003098
GRID         389        0.820000-0.002960.002996
GRID         390        0.8000001.535E-50.003038
GRID         391        0.7800000.0029880.002994
GRID         392        0.7600000.0059070.003098
GRID         393        0.840000-0.007070.007071
GRID         394        0.820000-0.005340.005358
GRID         395        0.820000-0.003820.009238
GRID         396        0.800000-0.003080.005910
GRID         397        0.8000001.22E-180.010000
GRID         398        0.7200007.34E-180.060000
GRID         399        0.7800005.781E-60.006193
GRID         400        0.7800000.0038260.009238
GRID         401        0.7200000.0181770.043884
GRID         402        0.7000000.0229610.055432
GRID         403        0.7600000.0030950.005910
GRID         404        0.7600000.0070710.007071
GRID         405        0.7200000.0247480.024748
GRID         406        0.7000000.0335870.033587
GRID         407        0.7400000.0053560.005358
GRID         408        0.900000-0.00707-0.00707
GRID         409        0.880000-0.00534-0.00534
GRID         410        0.880000-0.00382-0.00923
GRID         411        0.860000-0.00308-0.00589
GRID         412        0.860000 0.00000-0.01000
GRID         413        0.8400001.267E-5-0.00617
GRID         414        0.8200000.003099-0.00589
GRID         415        0.8400000.003826-0.00923
GRID         416        0.8200000.007071-0.00707
GRID         417        0.8000000.005359-0.00534
GRID         418        0.8000000.009238-0.00382
GRID         419        0.7200000.055432-0.02296
GRID         420        0.7800000.0100004.71E-17
GRID         421        0.7000000.060000-3.6E-18
GRID         422        0.7200000.047500 0.00000
GRID         423        0.7600000.0092380.003826
GRID         424        0.7200000.0323350.013393
GRID         425        0.7000000.0438840.018177
GRID         426        0.880000-0.00923-0.00382
GRID         427        0.860000-0.00589-0.00308
GRID         428        0.840000-0.00296-0.00296
GRID         429        0.8200002.473E-5-0.00299
GRID         430        0.8000000.002999-0.00295
GRID         431        0.7800000.005910-0.00308
GRID         432        0.7600000.0061911.214E-5
GRID         433        0.7800000.0030352.437E-5
GRID         434        0.8000002.295E-52.932E-5
GRID         435        0.820000-0.003002.392E-5
GRID         436        0.840000-0.006178.086E-6
GRID         437        0.860000-0.010005.44E-17
GRID         438        0.840000-0.009230.003826
GRID         439        0.820000-0.005890.003098
GRID         440        0.800000-0.002960.002996
GRID         441        0.7800001.535E-50.003038
GRID         442        0.7600000.0029880.002994
GRID         443        0.7400000.0059070.003098
GRID         444        0.820000-0.007070.007071
GRID         445        0.800000-0.005340.005358
GRID         446        0.800000-0.003820.009238
GRID         447        0.720000-0.022960.055432
GRID         448        0.780000-0.003080.005910
GRID         449        0.7800001.22E-180.010000
GRID         450        0.7000007.34E-180.060000
GRID         451        0.720000-1.7E-170.047500
GRID         452        0.7600005.781E-60.006193
GRID         453        0.7600000.0038260.009238
GRID         454        0.7200000.0133930.032335
GRID         455        0.7000000.0181770.043884
GRID         456        0.7400000.0030950.005910
GRID         457        0.7400000.0070710.007071
GRID         458        0.7200000.0159090.015909
GRID         459        0.7000000.0247480.024748
GRID         460        0.7200000.0053560.005358
GRID         461        0.880000-0.00707-0.00707
GRID         462        0.860000-0.00534-0.00534
GRID         463        0.860000-0.00382-0.00923
GRID         464        0.840000-0.00308-0.00589
GRID         465        0.840000 0.00000-0.01000
GRID         466        0.8200001.267E-5-0.00617
GRID         467        0.8000000.003099-0.00589
GRID         468        0.8200000.003826-0.00923
GRID         469        0.8000000.007071-0.00707
GRID         470        0.7200000.042426-0.04242
GRID         471        0.7800000.005359-0.00534
GRID         472        0.7800000.009238-0.00382
GRID         473        0.7000000.055432-0.02296
GRID         474        0.7200000.043884-0.01817
GRID         475        0.7600000.0100004.59E-17
GRID         476        0.7000000.047500-2.1E-18
GRID         477        0.7200000.0350008.88E-18
GRID         478        0.7400000.0092380.003826
GRID         479        0.7200000.0207870.008610
GRID         480        0.7000000.0323350.013393
GRID         481        0.860000-0.00923-0.00382
GRID         482        0.840000-0.00589-0.00308
GRID         483        0.820000-0.00296-0.00296
GRID         484        0.8000002.473E-5-0.00299
GRID         485        0.7800000.002999-0.00295
GRID         486        0.7600000.005910-0.00308
GRID         487        0.7400000.0061911.214E-5
GRID         488        0.7600000.0030352.437E-5
GRID         489        0.7800002.295E-52.932E-5
GRID         490        0.800000-0.003002.392E-5
GRID         491        0.820000-0.006178.086E-6
GRID         492        0.840000-0.010005.32E-17
GRID         493        0.820000-0.009230.003826
GRID         494        0.800000-0.005890.003098
GRID         495        0.780000-0.002960.002996
GRID         496        0.7600001.535E-50.003038
GRID         497        0.7400000.0029880.002994
GRID         498        0.7200000.0059070.003098
GRID         499        0.800000-0.007070.007071
GRID         500        0.720000-0.042420.042426
GRID         501        0.780000-0.005340.005358
GRID         502        0.780000-0.003820.009238
GRID         503        0.700000-0.022960.055432
GRID         504        0.720000-0.018170.043884
GRID         505        0.760000-0.003080.005910
GRID         506        0.7600001.22E-180.010000
GRID         507        0.7000006.58E-180.047500
GRID         508        0.720000-1.7E-170.035000
GRID         509        0.7400005.781E-60.006193
GRID         510        0.7400000.0038260.009238
GRID         511        0.7200000.0086100.020787
GRID         512        0.7000000.0133930.032335
GRID         513        0.7200000.0030950.005910
GRID         514        0.7200000.0070710.007071
GRID         515        0.7000000.0159090.015909
GRID         516        0.7000000.0053560.005358
GRID         517        0.860000-0.00707-0.00707
GRID         518        0.840000-0.00534-0.00534
GRID         519        0.840000-0.00382-0.00923
GRID         520        0.820000-0.00308-0.00589
GRID         521        0.820000 0.00000-0.01000
GRID         522        0.8000001.267E-5-0.00617
GRID         523        0.7800000.003099-0.00589
GRID         524        0.8000000.003826-0.00923
GRID         525        0.7200000.022961-0.05543
GRID         526        0.7800000.007071-0.00707
GRID         527        0.7000000.042426-0.04242
GRID         528        0.7200000.033587-0.03358
GRID         529        0.7600000.005359-0.00534
GRID         530        0.7600000.009238-0.00382
GRID         531        0.7000000.043884-0.01817
GRID         532        0.7200000.032335-0.01339
GRID         533        0.7400000.0100004.46E-17
GRID         534        0.7000000.035000-6.1E-19
GRID         535        0.7200000.0225008.88E-18
GRID         536        0.7200000.0092380.003826
GRID         537        0.7000000.0207870.008610
GRID         538        0.840000-0.00923-0.00382
GRID         539        0.820000-0.00589-0.00308
GRID         540        0.800000-0.00296-0.00296
GRID         541        0.7800002.473E-5-0.00299
GRID         542        0.7600000.002999-0.00295
GRID         543        0.7400000.005910-0.00308
GRID         544        0.7200000.0061911.214E-5
GRID         545        0.7400000.0030352.437E-5
GRID         546        0.7600002.295E-52.932E-5
GRID         547        0.780000-0.003002.392E-5
GRID         548        0.800000-0.006178.086E-6
GRID         549        0.820000-0.010005.20E-17
GRID         550        0.800000-0.009230.003826
GRID         551        0.720000-0.055430.022961
GRID         552        0.780000-0.005890.003098
GRID         553        0.760000-0.002960.002996
GRID         554        0.7400001.535E-50.003038
GRID         555        0.7200000.0029880.002994
GRID         556        0.7000000.0059070.003098
GRID         557        0.780000-0.007070.007071
GRID         558        0.700000-0.042420.042426
GRID         559        0.720000-0.033580.033587
GRID         560        0.760000-0.005340.005358
GRID         561        0.760000-0.003820.009238
GRID         562        0.700000-0.018170.043884
GRID         563        0.720000-0.013390.032335
GRID         564        0.740000-0.003080.005910
GRID         565        0.7400001.22E-180.010000
GRID         566        0.720000-8.8E-180.022500
GRID         567        0.7000005.81E-180.035000
GRID         568        0.7200005.781E-60.006193
GRID         569        0.7200000.0038260.009238
GRID         570        0.7000000.0086100.020787
GRID         571        0.7000000.0030950.005910
GRID         572        0.7000000.0070710.007071
GRID         573        0.6800000.0053560.005358
GRID         574        0.840000-0.00707-0.00707
GRID         575        0.820000-0.00534-0.00534
GRID         576        0.820000-0.00382-0.00923
GRID         577        0.800000-0.00308-0.00589
GRID         578        0.800000 0.00000-0.01000
GRID         579        0.720000 0.00000-0.06000
GRID         580        0.7800001.267E-5-0.00617
GRID         581        0.7600000.003099-0.00589
GRID         582        0.7800000.003826-0.00923
GRID         583        0.7000000.022961-0.05543
GRID         584        0.7200000.018177-0.04388
GRID         585        0.7600000.007071-0.00707
GRID         586        0.7000000.033587-0.03358
GRID         587        0.7200000.024748-0.02474
GRID         588        0.7400000.005359-0.00534
GRID         589        0.7400000.009238-0.00382
GRID         590        0.7200000.020787-0.00861
GRID         591        0.7000000.032335-0.01339
GRID         592        0.7200000.0100004.34E-17
GRID         593        0.7000000.0225009.18E-19
GRID         594        0.7000000.0092380.003826
GRID         595        0.820000-0.00923-0.00382
GRID         596        0.800000-0.00589-0.00308
GRID         597        0.780000-0.00296-0.00296
GRID         598        0.7600002.473E-5-0.00299
GRID         599        0.7400000.002999-0.00295
GRID         600        0.7200000.005910-0.00308
GRID         601        0.7000000.0061911.214E-5
GRID         602        0.7200000.0030352.437E-5
GRID         603        0.7400002.295E-52.932E-5
GRID         604        0.760000-0.003002.392E-5
GRID         605        0.780000-0.006178.086E-6
GRID         606        0.800000-0.010005.08E-17
GRID         607        0.720000-0.060001.10E-17
GRID         608        0.780000-0.009230.003826
GRID         609        0.700000-0.055430.022961
GRID         610        0.720000-0.043880.018177
GRID         611        0.760000-0.005890.003098
GRID         612        0.740000-0.002960.002996
GRID         613        0.7200001.535E-50.003038
GRID         614        0.7000000.0029880.002994
GRID         615        0.6800000.0059070.003098
GRID         616        0.760000-0.007070.007071
GRID         617        0.700000-0.033580.033587
GRID         618        0.720000-0.024740.024748
GRID         619        0.740000-0.005340.005358
GRID         620        0.740000-0.003820.009238
GRID         621        0.700000-0.013390.032335
GRID         622        0.720000-0.008610.020787
GRID         623        0.720000-0.003080.005910
GRID         624        0.7200001.22E-180.010000
GRID         625        0.7000005.05E-180.022500
GRID         626        0.7000005.781E-60.006193
GRID         627        0.7000000.0038260.009238
GRID         628        0.6800000.0030950.005910
GRID         629        0.6800000.0070710.007071
GRID         630        0.6600000.0053560.005358
GRID         631        0.820000-0.00707-0.00707
GRID         632        0.800000-0.00534-0.00534
GRID         633        0.800000-0.00382-0.00923
GRID         634        0.720000-0.02296-0.05543
GRID         635        0.780000-0.00308-0.00589
GRID         636        0.780000 0.00000-0.01000
GRID         637        0.720000 0.00000-0.04750
GRID         638        0.700000 0.00000-0.06000
GRID         639        0.7600001.267E-5-0.00617
GRID         640        0.7400000.003099-0.00589
GRID         641        0.7600000.003826-0.00923
GRID         642        0.7000000.018177-0.04388
GRID         643        0.7200000.013393-0.03233
GRID         644        0.7400000.007071-0.00707
GRID         645        0.7000000.024748-0.02474
GRID         646        0.7200000.015909-0.01590
GRID         647        0.7200000.005359-0.00534
GRID         648        0.7200000.009238-0.00382
GRID         649        0.7000000.020787-0.00861
GRID         650        0.7000000.0100004.22E-17
GRID         651        0.6800000.0092380.003826
GRID         652        0.800000-0.00923-0.00382
GRID         653        0.720000-0.05543-0.02296
GRID         654        0.780000-0.00589-0.00308
GRID         655        0.760000-0.00296-0.00296
GRID         656        0.7400002.473E-5-0.00299
GRID         657        0.7200000.002999-0.00295
GRID         658        0.7000000.005910-0.00308
GRID         659        0.6800000.0061911.214E-5
GRID         660        0.7000000.0030352.437E-5
GRID         661        0.7200002.295E-52.932E-5
GRID         662        0.740000-0.003002.392E-5
GRID         663        0.760000-0.006178.086E-6
GRID         664        0.780000-0.010004.95E-17
GRID         665        0.700000-0.060001.10E-17
GRID         666        0.720000-0.04750 0.00000
GRID         667        0.760000-0.009230.003826
GRID         668        0.700000-0.043880.018177
GRID         669        0.720000-0.032330.013393
GRID         670        0.740000-0.005890.003098
GRID         671        0.720000-0.002960.002996
GRID         672        0.7000001.535E-50.003038
GRID         673        0.6800000.0029880.002994
GRID         674        0.6600000.0059070.003098
GRID         675        0.740000-0.007070.007071
GRID         676        0.700000-0.024740.024748
GRID         677        0.720000-0.015900.015909
GRID         678        0.720000-0.005340.005358
GRID         679        0.720000-0.003820.009238
GRID         680        0.700000-0.008610.020787
GRID         681        0.700000-0.003080.005910
GRID         682        0.7000001.22E-180.010000
GRID         683        0.6800005.781E-60.006193
GRID         684        0.6800000.0038260.009238
GRID         685        0.6600000.0030950.005910
GRID         686        0.6600000.0070710.007071
GRID         687        0.6400000.0053560.005358
GRID         688        0.800000-0.00707-0.00707
GRID         689        0.720000-0.04242-0.04242
GRID         690        0.780000-0.00534-0.00534
GRID         691        0.780000-0.00382-0.00923
GRID         692        0.720000-0.01817-0.04388
GRID         693        0.700000-0.02296-0.05543
GRID         694        0.760000-0.00308-0.00589
GRID         695        0.760000 0.00000-0.01000
GRID         696        0.720000 0.00000-0.03500
GRID         697        0.7000007.65E-19-0.04750
GRID         698        0.7400001.267E-5-0.00617
GRID         699        0.7200000.003099-0.00589
GRID         700        0.7400000.003826-0.00923
GRID         701        0.7200000.008610-0.02078
GRID         702        0.7000000.013393-0.03233
GRID         703        0.7200000.007071-0.00707
GRID         704        0.7000000.015909-0.01590
GRID         705        0.7000000.005359-0.00534
GRID         706        0.7000000.009238-0.00382
GRID         707        0.6800000.0100004.10E-17
GRID         708        0.6600000.0092380.003826
GRID         709        0.780000-0.00923-0.00382
GRID         710        0.700000-0.05543-0.02296
GRID         711        0.720000-0.04388-0.01817
GRID         712        0.760000-0.00589-0.00308
GRID         713        0.740000-0.00296-0.00296
GRID         714        0.7200002.473E-5-0.00299
GRID         715        0.7000000.002999-0.00295
GRID         716        0.6800000.005910-0.00308
GRID         717        0.6600000.0061911.214E-5
GRID         718        0.6800000.0030352.437E-5
GRID         719        0.7000002.295E-52.932E-5
GRID         720        0.720000-0.003002.392E-5
GRID         721        0.740000-0.006178.086E-6
GRID         722        0.760000-0.010004.83E-17
GRID         723        0.700000-0.047509.49E-18
GRID         724        0.720000-0.03500 0.00000
GRID         725        0.740000-0.009230.003826
GRID         726        0.700000-0.032330.013393
GRID         727        0.720000-0.020780.008610
GRID         728        0.720000-0.005890.003098
GRID         729        0.700000-0.002960.002996
GRID         730        0.6800001.535E-50.003038
GRID         731        0.6600000.0029880.002994
GRID         732        0.6400000.0059070.003098
GRID         733        0.720000-0.007070.007071
GRID         734        0.700000-0.015900.015909
GRID         735        0.700000-0.005340.005358
GRID         736        0.700000-0.003820.009238
GRID         737        0.680000-0.003080.005910
GRID         738        0.6800001.22E-180.010000
GRID         739        0.6600005.781E-60.006193
GRID         740        0.6600000.0038260.009238
GRID         741        0.6400000.0030950.005910
GRID         742        0.6400000.0070710.007071
GRID         743        0.6200000.0053560.005358
GRID         744        0.780000-0.00707-0.00707
GRID         745        0.700000-0.04242-0.04242
GRID         746        0.720000-0.03358-0.03358
GRID         747        0.760000-0.00534-0.00534
GRID         748        0.760000-0.00382-0.00923
GRID         749        0.720000-0.01339-0.03233
GRID         750        0.700000-0.01817-0.04388
GRID         751        0.740000-0.00308-0.00589
GRID         752        0.740000 0.00000-0.01000
GRID         753        0.720000-8.8E-18-0.02250
GRID         754        0.7000001.53E-18-0.03500
GRID         755        0.7200001.267E-5-0.00617
GRID         756        0.7000000.003099-0.00589
GRID         757        0.7200000.003826-0.00923
GRID         758        0.7000000.008610-0.02078
GRID         759        0.7000000.007071-0.00707
GRID         760        0.6800000.005359-0.00534
GRID         761        0.6800000.009238-0.00382
GRID         762        0.6600000.0100003.98E-17
GRID         763        0.6400000.0092380.003826
GRID         764        0.760000-0.00923-0.00382
GRID         765        0.700000-0.04388-0.01817
GRID         766        0.720000-0.03233-0.01339
GRID         767        0.740000-0.00589-0.00308
GRID         768        0.720000-0.00296-0.00296
GRID         769        0.7000002.473E-5-0.00299
GRID         770        0.6800000.002999-0.00295
GRID         771        0.6600000.005910-0.00308
GRID         772        0.6400000.0061911.214E-5
GRID         773        0.6600000.0030352.437E-5
GRID         774        0.6800002.295E-52.932E-5
GRID         775        0.700000-0.003002.392E-5
GRID         776        0.720000-0.006178.086E-6
GRID         777        0.740000-0.010004.71E-17
GRID         778        0.720000-0.02250 0.00000
GRID         779        0.700000-0.035007.96E-18
GRID         780        0.720000-0.009230.003826
GRID         781        0.700000-0.020780.008610
GRID         782        0.700000-0.005890.003098
GRID         783        0.680000-0.002960.002996
GRID         784        0.6600001.535E-50.003038
GRID         785        0.6400000.0029880.002994
GRID         786        0.6200000.0059070.003098
GRID         787        0.700000-0.007070.007071
GRID         788        0.680000-0.005340.005358
GRID         789        0.680000-0.003820.009238
GRID         790        0.660000-0.003080.005910
GRID         791        0.6600001.22E-180.010000
GRID         792        0.6400005.781E-60.006193
GRID         793        0.6400000.0038260.009238
GRID         794        0.6200000.0030950.005910
GRID         795        0.6200000.0070710.007071
GRID         796        0.6000000.0053560.005358
GRID         797        0.760000-0.00707-0.00707
GRID         798        0.700000-0.03358-0.03358
GRID         799        0.720000-0.02474-0.02474
GRID         800        0.740000-0.00534-0.00534
GRID         801        0.740000-0.00382-0.00923
GRID         802        0.720000-0.00861-0.02078
GRID         803        0.700000-0.01339-0.03233
GRID         804        0.720000-0.00308-0.00589
GRID         805        0.720000 0.00000-0.01000
GRID         806        0.7000002.29E-18-0.02250
GRID         807        0.7000001.267E-5-0.00617
GRID         808        0.6800000.003099-0.00589
GRID         809        0.7000000.003826-0.00923
GRID         810        0.6800000.007071-0.00707
GRID         811        0.6600000.005359-0.00534
GRID         812        0.6600000.009238-0.00382
GRID         813        0.6400000.0100003.85E-17
GRID         814        0.6200000.0092380.003826
GRID         815        0.740000-0.00923-0.00382
GRID         816        0.700000-0.03233-0.01339
GRID         817        0.720000-0.02078-0.00861
GRID         818        0.720000-0.00589-0.00308
GRID         819        0.700000-0.00296-0.00296
GRID         820        0.6800002.473E-5-0.00299
GRID         821        0.6600000.002999-0.00295
GRID         822        0.6400000.005910-0.00308
GRID         823        0.6200000.0061911.214E-5
GRID         824        0.6400000.0030352.437E-5
GRID         825        0.6600002.295E-52.932E-5
GRID         826        0.680000-0.003002.392E-5
GRID         827        0.700000-0.006178.086E-6
GRID         828        0.720000-0.010004.59E-17
GRID         829        0.700000-0.022506.42E-18
GRID         830        0.700000-0.009230.003826
GRID         831        0.680000-0.005890.003098
GRID         832        0.660000-0.002960.002996
GRID         833        0.6400001.535E-50.003038
GRID         834        0.6200000.0029880.002994
GRID         835        0.6000000.0059070.003098
GRID         836        0.680000-0.007070.007071
GRID         837        0.660000-0.005340.005358
GRID         838        0.660000-0.003820.009238
GRID         839        0.640000-0.003080.005910
GRID         840        0.6400001.22E-180.010000
GRID         841        0.6200005.781E-60.006193
GRID         842        0.6200000.0038260.009238
GRID         843        0.6000000.0030950.005910
GRID         844        0.6000000.0070710.007071
GRID         845        0.5800000.0053560.005358
GRID         846        0.740000-0.00707-0.00707
GRID         847        0.700000-0.02474-0.02474
GRID         848        0.720000-0.01590-0.01590
GRID         849        0.720000-0.00534-0.00534
GRID         850        0.720000-0.00382-0.00923
GRID         851        0.700000-0.00861-0.02078
GRID         852        0.700000-0.00308-0.00589
GRID         853        0.700000 0.00000-0.01000
GRID         854        0.6800001.267E-5-0.00617
GRID         855        0.6600000.003099-0.00589
GRID         856        0.6800000.003826-0.00923
GRID         857        0.6600000.007071-0.00707
GRID         858        0.6400000.005359-0.00534
GRID         859        0.6400000.009238-0.00382
GRID         860        0.6200000.0100003.73E-17
GRID         861        0.6000000.0092380.003826
GRID         862        0.720000-0.00923-0.00382
GRID         863        0.700000-0.02078-0.00861
GRID         864        0.700000-0.00589-0.00308
GRID         865        0.680000-0.00296-0.00296
GRID         866        0.6600002.473E-5-0.00299
GRID         867        0.6400000.002999-0.00295
GRID         868        0.6200000.005910-0.00308
GRID         869        0.6000000.0061911.214E-5
GRID         870        0.6200000.0030352.437E-5
GRID         871        0.6400002.295E-52.932E-5
GRID         872        0.660000-0.003002.392E-5
GRID         873        0.680000-0.006178.086E-6
GRID         874        0.700000-0.010004.46E-17
GRID         875        0.680000-0.009230.003826
GRID         876        0.660000-0.005890.003098
GRID         877        0.640000-0.002960.002996
GRID         878        0.6200001.535E-50.003038
GRID         879        0.6000000.0029880.002994
GRID         880        0.5800000.0059070.003098
GRID         881        0.660000-0.007070.007071
GRID         882        0.640000-0.005340.005358
GRID         883        0.640000-0.003820.009238
GRID         884        0.620000-0.003080.005910
GRID         885        0.6200001.22E-180.010000
GRID         886        0.6000005.781E-60.006193
GRID         887        0.6000000.0038260.009238
GRID         888        0.5800000.0030950.005910
GRID         889        0.5800000.0070710.007071
GRID         890        0.5600000.0053560.005358
GRID         891        0.720000-0.00707-0.00707
GRID         892        0.700000-0.01590-0.01590
GRID         893        0.700000-0.00534-0.00534
GRID         894        0.700000-0.00382-0.00923
GRID         895        0.680000-0.00308-0.00589
GRID         896        0.680000 0.00000-0.01000
GRID         897        0.6600001.267E-5-0.00617
GRID         898        0.6400000.003099-0.00589
GRID         899        0.6600000.003826-0.00923
GRID         900        0.6400000.007071-0.00707
GRID         901        0.6200000.005359-0.00534
GRID         902        0.6200000.009238-0.00382
GRID         903        0.6000000.0100003.61E-17
GRID         904        0.5800000.0092380.003826
GRID         905        0.700000-0.00923-0.00382
GRID         906        0.680000-0.00589-0.00308
GRID         907        0.660000-0.00296-0.00296
GRID         908        0.6400002.473E-5-0.00299
GRID         909        0.6200000.002999-0.00295
GRID         910        0.6000000.005910-0.00308
GRID         911        0.5800000.0061911.214E-5
GRID         912        0.6000000.0030352.437E-5
GRID         913        0.6200002.295E-52.932E-5
GRID         914        0.640000-0.003002.392E-5
GRID         915        0.660000-0.006178.086E-6
GRID         916        0.680000-0.010004.34E-17
GRID         917        0.660000-0.009230.003826
GRID         918        0.640000-0.005890.003098
GRID         919        0.620000-0.002960.002996
GRID         920        0.6000001.535E-50.003038
GRID         921        0.5800000.0029880.002994
GRID         922        0.5600000.0059070.003098
GRID         923        0.640000-0.007070.007071
GRID         924        0.620000-0.005340.005358
GRID         925        0.620000-0.003820.009238
GRID         926        0.600000-0.003080.005910
GRID         927        0.6000001.22E-180.010000
GRID         928        0.5800005.781E-60.006193
GRID         929        0.5800000.0038260.009238
GRID         930        0.5600000.0030950.005910
GRID         931        0.5600000.0070710.007071
GRID         932        0.5400000.0053560.005358
GRID         933        0.700000-0.00707-0.00707
GRID         934        0.680000-0.00534-0.00534
GRID         935        0.680000-0.00382-0.00923
GRID         936        0.660000-0.00308-0.00589
GRID         937        0.660000 0.00000-0.01000
GRID         938        0.6400001.267E-5-0.00617
GRID         939        0.6200000.003099-0.00589
GRID         940        0.6400000.003826-0.00923
GRID         941        0.6200000.007071-0.00707
GRID         942        0.6000000.005359-0.00534
GRID         943        0.6000000.009238-0.00382
GRID         944        0.5800000.0100003.49E-17
GRID         945        0.5600000.0092380.003826
GRID         946        0.680000-0.00923-0.00382
GRID         947        0.660000-0.00589-0.00308
GRID         948        0.640000-0.00296-0.00296
GRID         949        0.6200002.473E-5-0.00299
GRID         950        0.6000000.002999-0.00295
GRID         951        0.5800000.005910-0.00308
GRID         952        0.5600000.0061911.214E-5
GRID         953        0.5800000.0030352.437E-5
GRID         954        0.6000002.295E-52.932E-5
GRID         955        0.620000-0.003002.392E-5
GRID         956        0.640000-0.006178.086E-6
GRID         957        0.660000-0.010004.22E-17
GRID         958        0.640000-0.009230.003826
GRID         959        0.620000-0.005890.003098
GRID         960        0.600000-0.002960.002996
GRID         961        0.5800001.535E-50.003038
GRID         962        0.5600000.0029880.002994
GRID         963        0.5400000.0059070.003098
GRID         964        0.620000-0.007070.007071
GRID         965        0.600000-0.005340.005358
GRID         966        0.600000-0.003820.009238
GRID         967        0.580000-0.003080.005910
GRID         968        0.5800001.22E-180.010000
GRID         969        0.5600005.781E-60.006193
GRID         970        0.5600000.0038260.009238
GRID         971        0.5400000.0030950.005910
GRID         972        0.5400000.0070710.007071
GRID         973        0.5200000.0053560.005358
GRID         974        0.680000-0.00707-0.00707
GRID         975        0.660000-0.00534-0.00534
GRID         976        0.660000-0.00382-0.00923
GRID         977        0.640000-0.00308-0.00589
GRID         978        0.640000 0.00000-0.01000
GRID         979        0.6200001.267E-5-0.00617
GRID         980        0.6000000.003099-0.00589
GRID         981        0.6200000.003826-0.00923
GRID         982        0.6000000.007071-0.00707
GRID         983        0.5800000.005359-0.00534
GRID         984        0.5800000.009238-0.00382
GRID         985        0.5600000.0100003.36E-17
GRID         986        0.5400000.0092380.003826
GRID         987        0.660000-0.00923-0.00382
GRID         988        0.640000-0.00589-0.00308
GRID         989        0.620000-0.00296-0.00296
GRID         990        0.6000002.473E-5-0.00299
GRID         991        0.5800000.002999-0.00295
GRID         992        0.5600000.005910-0.00308
GRID         993        0.5400000.0061911.214E-5
GRID         994        0.5600000.0030352.437E-5
GRID         995        0.5800002.295E-52.932E-5
GRID         996        0.600000-0.003002.392E-5
GRID         997        0.620000-0.006178.086E-6
GRID         998        0.640000-0.010004.10E-17
GRID         999        0.620000-0.009230.003826
GRID        1000        0.600000-0.005890.003098
GRID        1001        0.580000-0.002960.002996
GRID        1002        0.5600001.535E-50.003038
GRID        1003        0.5400000.0029880.002994
GRID        1004        0.5200000.0059070.003098
GRID        1005        0.600000-0.007070.007071
GRID        1006        0.580000-0.005340.005358
GRID        1007        0.580000-0.003820.009238
GRID        1008        0.560000-0.003080.005910
GRID        1009        0.5600001.22E-180.010000
GRID        1010        0.5400005.781E-60.006193
GRID        1011        0.5400000.0038260.009238
GRID        1012        0.5200000.0030950.005910
GRID        1013        0.5200000.0070710.007071
GRID        1014        0.5000000.0053560.005358
GRID        1015        0.660000-0.00707-0.00707
GRID        1016        0.640000-0.00534-0.00534
GRID        1017        0.640000-0.00382-0.00923
GRID        1018        0.620000-0.00308-0.00589
GRID        1019        0.620000 0.00000-0.01000
GRID        1020        0.6000001.267E-5-0.00617
GRID        1021        0.5800000.003099-0.00589
GRID        1022        0.6000000.003826-0.00923
GRID        1023        0.5800000.007071-0.00707
GRID        1024        0.5600000.005359-0.00534
GRID        1025        0.5600000.009238-0.00382
GRID        1026        0.5400000.0100003.24E-17
GRID        1027        0.5200000.0092380.003826
GRID        1028        0.640000-0.00923-0.00382
GRID        1029        0.620000-0.00589-0.00308
GRID        1030        0.600000-0.00296-0.00296
GRID        1031        0.5800002.473E-5-0.00299
GRID        1032        0.5600000.002999-0.00295
GRID        1033        0.5400000.005910-0.00308
GRID        1034        0.5200000.0061911.214E-5
GRID        1035        0.5400000.0030352.437E-5
GRID        1036        0.5600002.295E-52.932E-5
GRID        1037        0.580000-0.003002.392E-5
GRID        1038        0.600000-0.006178.086E-6
GRID        1039        0.620000-0.010003.98E-17
GRID        1040        0.600000-0.009230.003826
GRID        1041        0.580000-0.005890.003098
GRID        1042        0.560000-0.002960.002996
GRID        1043        0.5400001.535E-50.003038
GRID        1044        0.5200000.0029880.002994
GRID        1045        0.5000000.0059070.003098
GRID        1046        0.580000-0.007070.007071
GRID        1047        0.560000-0.005340.005358
GRID        1048        0.560000-0.003820.009238
GRID        1049        0.540000-0.003080.005910
GRID        1050        0.5400001.22E-180.010000
GRID        1051        0.5200005.781E-60.006193
GRID        1052        0.5200000.0038260.009238
GRID        1053        0.5000000.0030950.005910
GRID        1054        0.5000000.0070710.007071
GRID        1055        0.4800000.0053560.005358
GRID        1056        0.640000-0.00707-0.00707
GRID        1057        0.620000-0.00534-0.00534
GRID        1058        0.620000-0.00382-0.00923
GRID        1059        0.600000-0.00308-0.00589
GRID        1060        0.600000 0.00000-0.01000
GRID        1061        0.5800001.267E-5-0.00617
GRID        1062        0.5600000.003099-0.00589
GRID        1063        0.5800000.003826-0.00923
GRID        1064        0.5600000.007071-0.00707
GRID        1065        0.5400000.005359-0.00534
GRID        1066        0.5400000.009238-0.00382
GRID        1067        0.5200000.0100003.12E-17
GRID        1068        0.5000000.0092380.003826
GRID        1069        0.620000-0.00923-0.00382
GRID        1070        0.600000-0.00589-0.00308
GRID        1071        0.580000-0.00296-0.00296
GRID        1072        0.5600002.473E-5-0.00299
GRID        1073        0.5400000.002999-0.00295
GRID        1074        0.5200000.005910-0.00308
GRID        1075        0.5000000.0061911.214E-5
GRID        1076        0.5200000.0030352.437E-5
GRID        1077        0.5400002.295E-52.932E-5
GRID        1078        0.560000-0.003002.392E-5
GRID        1079        0.580000-0.006178.086E-6
GRID        1080        0.600000-0.010003.85E-17
GRID        1081        0.580000-0.009230.003826
GRID        1082        0.560000-0.005890.003098
GRID        1083        0.540000-0.002960.002996
GRID        1084        0.4800000.0059070.003098
GRID        1085        0.5200001.535E-50.003038
GRID        1086        0.5000000.0029880.002994
GRID        1087        0.560000-0.007070.007071
GRID        1088        0.540000-0.005340.005358
GRID        1089        0.540000-0.003820.009238
GRID        1090        0.520000-0.003080.005910
GRID        1091        0.5200001.22E-180.010000
GRID        1092        0.5000005.781E-60.006193
GRID        1093        0.5000000.0038260.009238
GRID        1094        0.4800000.0030950.005910
GRID        1095        0.4800000.0070710.007071
GRID        1096        0.4600000.0053560.005358
GRID        1097        0.620000-0.00707-0.00707
GRID        1098        0.600000-0.00534-0.00534
GRID        1099        0.600000-0.00382-0.00923
GRID        1100        0.580000-0.00308-0.00589
GRID        1101        0.580000 0.00000-0.01000
GRID        1102        0.5600001.267E-5-0.00617
GRID        1103        0.5400000.003099-0.00589
GRID        1104        0.5600000.003826-0.00923
GRID        1105        0.5400000.007071-0.00707
GRID        1106        0.5200000.005359-0.00534
GRID        1107        0.5200000.009238-0.00382
GRID        1108        0.5000000.0100003.00E-17
GRID        1109        0.4800000.0092380.003826
GRID        1110        0.600000-0.00923-0.00382
GRID        1111        0.580000-0.00589-0.00308
GRID        1112        0.560000-0.00296-0.00296
GRID        1113        0.5400002.473E-5-0.00299
GRID        1114        0.5200000.002999-0.00295
GRID        1115        0.5000000.005910-0.00308
GRID        1116        0.4800000.0061911.214E-5
GRID        1117        0.5000000.0030352.437E-5
GRID        1118        0.5200002.295E-52.932E-5
GRID        1119        0.540000-0.003002.392E-5
GRID        1120        0.560000-0.006178.086E-6
GRID        1121        0.580000-0.010003.73E-17
GRID        1122        0.560000-0.009230.003826
GRID        1123        0.540000-0.005890.003098
GRID        1124        0.520000-0.002960.002996
GRID        1125        0.4600000.0059070.003098
GRID        1126        0.4800000.0029880.002994
GRID        1127        0.5000001.535E-50.003038
GRID        1128        0.540000-0.007070.007071
GRID        1129        0.520000-0.005340.005358
GRID        1130        0.520000-0.003820.009238
GRID        1131        0.500000-0.003080.005910
GRID        1132        0.5000001.22E-180.010000
GRID        1133        0.4800005.781E-60.006193
GRID        1134        0.4800000.0038260.009238
GRID        1135        0.4600000.0030950.005910
GRID        1136        0.4600000.0070710.007071
GRID        1137        0.4400000.0053560.005358
GRID        1138        0.600000-0.00707-0.00707
GRID        1139        0.580000-0.00534-0.00534
GRID        1140        0.580000-0.00382-0.00923
GRID        1141        0.560000-0.00308-0.00589
GRID        1142        0.560000 0.00000-0.01000
GRID        1143        0.5400001.267E-5-0.00617
GRID        1144        0.5200000.003099-0.00589
GRID        1145        0.5400000.003826-0.00923
GRID        1146        0.5200000.007071-0.00707
GRID        1147        0.5000000.005359-0.00534
GRID        1148        0.5000000.009238-0.00382
GRID        1149        0.4800000.0100002.87E-17
GRID        1150        0.4600000.0092380.003826
GRID        1151        0.580000-0.00923-0.00382
GRID        1152        0.560000-0.00589-0.00308
GRID        1153        0.540000-0.00296-0.00296
GRID        1154        0.4800000.005910-0.00308
GRID        1155        0.5200002.473E-5-0.00299
GRID        1156        0.5000000.002999-0.00295
GRID        1157        0.4600000.0061911.214E-5
GRID        1158        0.4800000.0030352.437E-5
GRID        1159        0.5000002.295E-52.932E-5
GRID        1160        0.520000-0.003002.392E-5
GRID        1161        0.540000-0.006178.086E-6
GRID        1162        0.560000-0.010003.61E-17
GRID        1163        0.540000-0.009230.003826
GRID        1164        0.520000-0.005890.003098
GRID        1165        0.500000-0.002960.002996
GRID        1166        0.4400000.0059070.003098
GRID        1167        0.4600000.0029880.002994
GRID        1168        0.4800001.535E-50.003038
GRID        1169        0.520000-0.007070.007071
GRID        1170        0.500000-0.005340.005358
GRID        1171        0.500000-0.003820.009238
GRID        1172        0.480000-0.003080.005910
GRID        1173        0.4800001.22E-180.010000
GRID        1174        0.4600005.781E-60.006193
GRID        1175        0.4600000.0038260.009238
GRID        1176        0.4400000.0030950.005910
GRID        1177        0.4400000.0070710.007071
GRID        1178        0.4200000.0053560.005358
GRID        1179        0.580000-0.00707-0.00707
GRID        1180        0.560000-0.00534-0.00534
GRID        1181        0.560000-0.00382-0.00923
GRID        1182        0.540000-0.00308-0.00589
GRID        1183        0.540000 0.00000-0.01000
GRID        1184        0.5200001.267E-5-0.00617
GRID        1185        0.5000000.003099-0.00589
GRID        1186        0.5200000.003826-0.00923
GRID        1187        0.5000000.007071-0.00707
GRID        1188        0.4800000.005359-0.00534
GRID        1189        0.4800000.009238-0.00382
GRID        1190        0.4600000.0100002.75E-17
GRID        1191        0.4400000.0092380.003826
GRID        1192        0.560000-0.00923-0.00382
GRID        1193        0.540000-0.00589-0.00308
GRID        1194        0.520000-0.00296-0.00296
GRID        1195        0.4600000.005910-0.00308
GRID        1196        0.4800000.002999-0.00295
GRID        1197        0.5000002.473E-5-0.00299
GRID        1198        0.4400000.0061911.214E-5
GRID        1199        0.4600000.0030352.437E-5
GRID        1200        0.4800002.295E-52.932E-5
GRID        1201        0.500000-0.003002.392E-5
GRID        1202        0.520000-0.006178.086E-6
GRID        1203        0.540000-0.010003.49E-17
GRID        1204        0.520000-0.009230.003826
GRID        1205        0.500000-0.005890.003098
GRID        1206        0.480000-0.002960.002996
GRID        1207        0.4200000.0059070.003098
GRID        1208        0.4400000.0029880.002994
GRID        1209        0.4600001.535E-50.003038
GRID        1210        0.500000-0.007070.007071
GRID        1211        0.480000-0.005340.005358
GRID        1212        0.480000-0.003820.009238
GRID        1213        0.460000-0.003080.005910
GRID        1214        0.4600001.22E-180.010000
GRID        1215        0.4400005.781E-60.006193
GRID        1216        0.4400000.0038260.009238
GRID        1217        0.4200000.0030950.005910
GRID        1218        0.4200000.0070710.007071
GRID        1219        0.4000000.0053560.005358
GRID        1220        0.560000-0.00707-0.00707
GRID        1221        0.540000-0.00534-0.00534
GRID        1222        0.540000-0.00382-0.00923
GRID        1223        0.520000-0.00308-0.00589
GRID        1224        0.520000 0.00000-0.01000
GRID        1225        0.5000001.267E-5-0.00617
GRID        1226        0.4800000.003099-0.00589
GRID        1227        0.5000000.003826-0.00923
GRID        1228        0.4800000.007071-0.00707
GRID        1229        0.4600000.005359-0.00534
GRID        1230        0.4600000.009238-0.00382
GRID        1231        0.4400000.0100002.63E-17
GRID        1232        0.4200000.0092380.003826
GRID        1233        0.540000-0.00923-0.00382
GRID        1234        0.520000-0.00589-0.00308
GRID        1235        0.500000-0.00296-0.00296
GRID        1236        0.4400000.005910-0.00308
GRID        1237        0.4600000.002999-0.00295
GRID        1238        0.4800002.473E-5-0.00299
GRID        1239        0.4200000.0061911.214E-5
GRID        1240        0.4400000.0030352.437E-5
GRID        1241        0.4600002.295E-52.932E-5
GRID        1242        0.480000-0.003002.392E-5
GRID        1243        0.500000-0.006178.086E-6
GRID        1244        0.520000-0.010003.36E-17
GRID        1245        0.500000-0.009230.003826
GRID        1246        0.480000-0.005890.003098
GRID        1247        0.460000-0.002960.002996
GRID        1248        0.4000000.0059070.003098
GRID        1249        0.4200000.0029880.002994
GRID        1250        0.4400001.535E-50.003038
GRID        1251        0.480000-0.007070.007071
GRID        1252        0.460000-0.005340.005358
GRID        1253        0.460000-0.003820.009238
GRID        1254        0.440000-0.003080.005910
GRID        1255        0.4400001.22E-180.010000
GRID        1256        0.4200005.781E-60.006193
GRID        1257        0.4200000.0038260.009238
GRID        1258        0.4000000.0030950.005910
GRID        1259        0.4000000.0070710.007071
GRID        1260        0.3200000.0565680.051568
GRID        1261        0.3800000.0053560.005358
GRID        1262        0.540000-0.00707-0.00707
GRID        1263        0.520000-0.00534-0.00534
GRID        1264        0.520000-0.00382-0.00923
GRID        1265        0.500000-0.00308-0.00589
GRID        1266        0.500000 0.00000-0.01000
GRID        1267        0.4800001.267E-5-0.00617
GRID        1268        0.4600000.003099-0.00589
GRID        1269        0.4800000.003826-0.00923
GRID        1270        0.4600000.007071-0.00707
GRID        1271        0.4400000.005359-0.00534
GRID        1272        0.4400000.009238-0.00382
GRID        1273        0.4200000.0100002.51E-17
GRID        1274        0.4000000.0092380.003826
GRID        1275        0.3200000.0739100.025614
GRID        1276        0.520000-0.00923-0.00382
GRID        1277        0.500000-0.00589-0.00308
GRID        1278        0.480000-0.00296-0.00296
GRID        1279        0.4200000.005910-0.00308
GRID        1280        0.4400000.002999-0.00295
GRID        1281        0.4600002.473E-5-0.00299
GRID        1282        0.4000000.0061911.214E-5
GRID        1283        0.4200000.0030352.437E-5
GRID        1284        0.4400002.295E-52.932E-5
GRID        1285        0.460000-0.003002.392E-5
GRID        1286        0.480000-0.006178.086E-6
GRID        1287        0.500000-0.010003.24E-17
GRID        1288        0.480000-0.009230.003826
GRID        1289        0.460000-0.005890.003098
GRID        1290        0.440000-0.002960.002996
GRID        1291        0.3800000.0059070.003098
GRID        1292        0.4000000.0029880.002994
GRID        1293        0.4200001.535E-50.003038
GRID        1294        0.460000-0.007070.007071
GRID        1295        0.440000-0.005340.005358
GRID        1296        0.440000-0.003820.009238
GRID        1297        0.420000-0.003080.005910
GRID        1298        0.4200001.22E-180.010000
GRID        1299        0.4000005.781E-60.006193
GRID        1300        0.4000000.0038260.009238
GRID        1301        0.3200000.0306140.068910
GRID        1302        0.3800000.0030950.005910
GRID        1303        0.3800000.0070710.007071
GRID        1304        0.3200000.0441940.040444
GRID        1305        0.3000000.0565680.051568
GRID        1306        0.3600000.0053560.005358
GRID        1307        0.520000-0.00707-0.00707
GRID        1308        0.500000-0.00534-0.00534
GRID        1309        0.500000-0.00382-0.00923
GRID        1310        0.480000-0.00308-0.00589
GRID        1311        0.480000 0.00000-0.01000
GRID        1312        0.4600001.267E-5-0.00617
GRID        1313        0.4400000.003099-0.00589
GRID        1314        0.4600000.003826-0.00923
GRID        1315        0.4400000.007071-0.00707
GRID        1316        0.4200000.005359-0.00534
GRID        1317        0.4200000.009238-0.00382
GRID        1318        0.4000000.0100002.38E-17
GRID        1319        0.3200000.080000-0.00500
GRID        1320        0.3800000.0092380.003826
GRID        1321        0.3200000.0577420.020167
GRID        1322        0.3000000.0739100.025614
GRID        1323        0.500000-0.00923-0.00382
GRID        1324        0.480000-0.00589-0.00308
GRID        1325        0.460000-0.00296-0.00296
GRID        1326        0.4000000.005910-0.00308
GRID        1327        0.4200000.002999-0.00295
GRID        1328        0.4400002.473E-5-0.00299
GRID        1329        0.3800000.0061911.214E-5
GRID        1330        0.4000000.0030352.437E-5
GRID        1331        0.4200002.295E-52.932E-5
GRID        1332        0.440000-0.003002.392E-5
GRID        1333        0.460000-0.006178.086E-6
GRID        1334        0.480000-0.010003.12E-17
GRID        1335        0.460000-0.009230.003826
GRID        1336        0.440000-0.005890.003098
GRID        1337        0.420000-0.002960.002996
GRID        1338        0.3600000.0059070.003098
GRID        1339        0.3800000.0029880.002994
GRID        1340        0.4000001.535E-50.003038
GRID        1341        0.440000-0.007070.007071
GRID        1342        0.420000-0.005340.005358
GRID        1343        0.420000-0.003820.009238
GRID        1344        0.400000-0.003080.005910
GRID        1345        0.4000001.22E-180.010000
GRID        1346        0.3200009.79E-180.075000
GRID        1347        0.3800005.781E-60.006193
GRID        1348        0.3800000.0038260.009238
GRID        1349        0.3000000.0306140.068910
GRID        1350        0.3200000.0239170.053992
GRID        1351        0.3600000.0030950.005910
GRID        1352        0.3600000.0070710.007071
GRID        1353        0.3200000.0318190.029319
GRID        1354        0.3000000.0441940.040444
GRID        1355        0.3400000.0053560.005358
GRID        1356        0.500000-0.00707-0.00707
GRID        1357        0.480000-0.00534-0.00534
GRID        1358        0.480000-0.00382-0.00923
GRID        1359        0.460000-0.00308-0.00589
GRID        1360        0.460000 0.00000-0.01000
GRID        1361        0.4400001.267E-5-0.00617
GRID        1362        0.4200000.003099-0.00589
GRID        1363        0.4400000.003826-0.00923
GRID        1364        0.4200000.007071-0.00707
GRID        1365        0.4000000.005359-0.00534
GRID        1366        0.4000000.009238-0.00382
GRID        1367        0.3200000.073910-0.03561
GRID        1368        0.3800000.0100002.26E-17
GRID        1369        0.3000000.080000-0.00500
GRID        1370        0.3200000.062500-0.00375
GRID        1371        0.3600000.0092380.003826
GRID        1372        0.3200000.0415740.014720
GRID        1373        0.3000000.0577420.020167
GRID        1374        0.480000-0.00923-0.00382
GRID        1375        0.460000-0.00589-0.00308
GRID        1376        0.440000-0.00296-0.00296
GRID        1377        0.3800000.005910-0.00308
GRID        1378        0.4000000.002999-0.00295
GRID        1379        0.4200002.473E-5-0.00299
GRID        1380        0.3600000.0061911.214E-5
GRID        1381        0.3800000.0030352.437E-5
GRID        1382        0.4000002.295E-52.932E-5
GRID        1383        0.420000-0.003002.392E-5
GRID        1384        0.440000-0.006178.086E-6
GRID        1385        0.460000-0.010003.00E-17
GRID        1386        0.440000-0.009230.003826
GRID        1387        0.420000-0.005890.003098
GRID        1388        0.400000-0.002960.002996
GRID        1389        0.3400000.0059070.003098
GRID        1390        0.3600000.0029880.002994
GRID        1391        0.3800001.535E-50.003038
GRID        1392        0.420000-0.007070.007071
GRID        1393        0.400000-0.005340.005358
GRID        1394        0.400000-0.003820.009238
GRID        1395        0.320000-0.030610.068910
GRID        1396        0.380000-0.003080.005910
GRID        1397        0.3800001.22E-180.010000
GRID        1398        0.3200001.77E-170.058750
GRID        1399        0.3000009.79E-180.075000
GRID        1400        0.3600005.781E-60.006193
GRID        1401        0.3600000.0038260.009238
GRID        1402        0.3000000.0239170.053992
GRID        1403        0.3200000.0172200.039074
GRID        1404        0.3400000.0030950.005910
GRID        1405        0.3400000.0070710.007071
GRID        1406        0.3200000.0194450.018195
GRID        1407        0.3000000.0318190.029319
GRID        1408        0.3200000.0053560.005358
GRID        1409        0.480000-0.00707-0.00707
GRID        1410        0.460000-0.00534-0.00534
GRID        1411        0.460000-0.00382-0.00923
GRID        1412        0.440000-0.00308-0.00589
GRID        1413        0.440000 0.00000-0.01000
GRID        1414        0.4200001.267E-5-0.00617
GRID        1415        0.4000000.003099-0.00589
GRID        1416        0.4200000.003826-0.00923
GRID        1417        0.4000000.007071-0.00707
GRID        1418        0.3200000.056568-0.06156
GRID        1419        0.3800000.005359-0.00534
GRID        1420        0.3800000.009238-0.00382
GRID        1421        0.3000000.073910-0.03561
GRID        1422        0.3200000.057742-0.02766
GRID        1423        0.3600000.0100002.14E-17
GRID        1424        0.3000000.062500-0.00375
GRID        1425        0.3200000.045000-0.00250
GRID        1426        0.3400000.0092380.003826
GRID        1427        0.3200000.0254060.009273
GRID        1428        0.3000000.0415740.014720
GRID        1429        0.460000-0.00923-0.00382
GRID        1430        0.440000-0.00589-0.00308
GRID        1431        0.420000-0.00296-0.00296
GRID        1432        0.3600000.005910-0.00308
GRID        1433        0.3800000.002999-0.00295
GRID        1434        0.4000002.473E-5-0.00299
GRID        1435        0.3400000.0061911.214E-5
GRID        1436        0.3600000.0030352.437E-5
GRID        1437        0.3800002.295E-52.932E-5
GRID        1438        0.400000-0.003002.392E-5
GRID        1439        0.420000-0.006178.086E-6
GRID        1440        0.440000-0.010002.87E-17
GRID        1441        0.420000-0.009230.003826
GRID        1442        0.400000-0.005890.003098
GRID        1443        0.380000-0.002960.002996
GRID        1444        0.3200000.0059070.003098
GRID        1445        0.3400000.0029880.002994
GRID        1446        0.3600001.535E-50.003038
GRID        1447        0.400000-0.007070.007071
GRID        1448        0.320000-0.056560.051568
GRID        1449        0.380000-0.005340.005358
GRID        1450        0.380000-0.003820.009238
GRID        1451        0.300000-0.030610.068910
GRID        1452        0.320000-0.023910.053992
GRID        1453        0.360000-0.003080.005910
GRID        1454        0.3600001.22E-180.010000
GRID        1455        0.3200001.77E-170.042500
GRID        1456        0.3000008.80E-180.058750
GRID        1457        0.3400005.781E-60.006193
GRID        1458        0.3400000.0038260.009238
GRID        1459        0.3000000.0172200.039074
GRID        1460        0.3200000.0105230.024156
GRID        1461        0.3200000.0030950.005910
GRID        1462        0.3200000.0070710.007071
GRID        1463        0.3000000.0194450.018195
GRID        1464        0.3000000.0053560.005358
GRID        1465        0.460000-0.00707-0.00707
GRID        1466        0.440000-0.00534-0.00534
GRID        1467        0.440000-0.00382-0.00923
GRID        1468        0.420000-0.00308-0.00589
GRID        1469        0.420000 0.00000-0.01000
GRID        1470        0.4000001.267E-5-0.00617
GRID        1471        0.3800000.003099-0.00589
GRID        1472        0.4000000.003826-0.00923
GRID        1473        0.3200000.030614-0.07891
GRID        1474        0.3800000.007071-0.00707
GRID        1475        0.3000000.056568-0.06156
GRID        1476        0.3200000.044194-0.04794
GRID        1477        0.3600000.005359-0.00534
GRID        1478        0.3600000.009238-0.00382
GRID        1479        0.3000000.057742-0.02766
GRID        1480        0.3200000.041574-0.01972
GRID        1481        0.3400000.0100002.02E-17
GRID        1482        0.3200000.027500-0.00125
GRID        1483        0.3000000.045000-0.00250
GRID        1484        0.3200000.0092380.003826
GRID        1485        0.3000000.0254060.009273
GRID        1486        0.440000-0.00923-0.00382
GRID        1487        0.420000-0.00589-0.00308
GRID        1488        0.400000-0.00296-0.00296
GRID        1489        0.3400000.005910-0.00308
GRID        1490        0.3600000.002999-0.00295
GRID        1491        0.3800002.473E-5-0.00299
GRID        1492        0.3200000.0061911.214E-5
GRID        1493        0.3400000.0030352.437E-5
GRID        1494        0.3600002.295E-52.932E-5
GRID        1495        0.380000-0.003002.392E-5
GRID        1496        0.400000-0.006178.086E-6
GRID        1497        0.420000-0.010002.75E-17
GRID        1498        0.400000-0.009230.003826
GRID        1499        0.320000-0.073910.025614
GRID        1500        0.3000000.0059070.003098
GRID        1501        0.380000-0.005890.003098
GRID        1502        0.360000-0.002960.002996
GRID        1503        0.3200000.0029880.002994
GRID        1504        0.3400001.535E-50.003038
GRID        1505        0.380000-0.007070.007071
GRID        1506        0.320000-0.044190.040444
GRID        1507        0.300000-0.056560.051568
GRID        1508        0.360000-0.005340.005358
GRID        1509        0.360000-0.003820.009238
GRID        1510        0.300000-0.023910.053992
GRID        1511        0.320000-0.017220.039074
GRID        1512        0.340000-0.003080.005910
GRID        1513        0.3400001.22E-180.010000
GRID        1514        0.320000 0.000000.026250
GRID        1515        0.3000007.80E-180.042500
GRID        1516        0.3200005.781E-60.006193
GRID        1517        0.3200000.0038260.009238
GRID        1518        0.3000000.0105230.024156
GRID        1519        0.3000000.0030950.005910
GRID        1520        0.3000000.0070710.007071
GRID        1521        0.2800000.0053560.005358
GRID        1522        0.440000-0.00707-0.00707
GRID        1523        0.420000-0.00534-0.00534
GRID        1524        0.420000-0.00382-0.00923
GRID        1525        0.400000-0.00308-0.00589
GRID        1526        0.400000 0.00000-0.01000
GRID        1527        0.320000 0.00000-0.08500
GRID        1528        0.3800001.267E-5-0.00617
GRID        1529        0.3600000.003099-0.00589
GRID        1530        0.3800000.003826-0.00923
GRID        1531        0.3000000.030614-0.07891
GRID        1532        0.3200000.023917-0.06149
GRID        1533        0.3600000.007071-0.00707
GRID        1534        0.3000000.044194-0.04794
GRID        1535        0.3200000.031819-0.03431
GRID        1536        0.3400000.005359-0.00534
GRID        1537        0.3400000.009238-0.00382
GRID        1538        0.3000000.041574-0.01972
GRID        1539        0.3200000.025406-0.01177
GRID        1540        0.3200000.0100001.89E-17
GRID        1541        0.3000000.027500-0.00125
GRID        1542        0.3000000.0092380.003826
GRID        1543        0.420000-0.00923-0.00382
GRID        1544        0.400000-0.00589-0.00308
GRID        1545        0.380000-0.00296-0.00296
GRID        1546        0.3200000.005910-0.00308
GRID        1547        0.3400000.002999-0.00295
GRID        1548        0.3600002.473E-5-0.00299
GRID        1549        0.3000000.0061911.214E-5
GRID        1550        0.3200000.0030352.437E-5
GRID        1551        0.3400002.295E-52.932E-5
GRID        1552        0.360000-0.003002.392E-5
GRID        1553        0.380000-0.006178.086E-6
GRID        1554        0.400000-0.010002.63E-17
GRID        1555        0.320000-0.08000-0.00500
GRID        1556        0.380000-0.009230.003826
GRID        1557        0.300000-0.073910.025614
GRID        1558        0.320000-0.057740.020167
GRID        1559        0.2800000.0059070.003098
GRID        1560        0.3000000.0029880.002994
GRID        1561        0.360000-0.005890.003098
GRID        1562        0.340000-0.002960.002996
GRID        1563        0.3200001.535E-50.003038
GRID        1564        0.360000-0.007070.007071
GRID        1565        0.320000-0.031810.029319
GRID        1566        0.300000-0.044190.040444
GRID        1567        0.340000-0.005340.005358
GRID        1568        0.340000-0.003820.009238
GRID        1569        0.320000-0.010520.024156
GRID        1570        0.300000-0.017220.039074
GRID        1571        0.320000-0.003080.005910
GRID        1572        0.3200001.22E-180.010000
GRID        1573        0.3000006.81E-180.026250
GRID        1574        0.3000005.781E-60.006193
GRID        1575        0.3000000.0038260.009238
GRID        1576        0.2800000.0030950.005910
GRID        1577        0.2800000.0070710.007071
GRID        1578        0.2600000.0053560.005358
GRID        1579        0.420000-0.00707-0.00707
GRID        1580        0.400000-0.00534-0.00534
GRID        1581        0.400000-0.00382-0.00923
GRID        1582        0.320000-0.03061-0.07891
GRID        1583        0.380000-0.00308-0.00589
GRID        1584        0.380000 0.00000-0.01000
GRID        1585        0.300000 0.00000-0.08500
GRID        1586        0.320000 0.00000-0.06625
GRID        1587        0.3600001.267E-5-0.00617
GRID        1588        0.3400000.003099-0.00589
GRID        1589        0.3600000.003826-0.00923
GRID        1590        0.3000000.023917-0.06149
GRID        1591        0.3200000.017220-0.04407
GRID        1592        0.3400000.007071-0.00707
GRID        1593        0.3000000.031819-0.03431
GRID        1594        0.3200000.019445-0.02069
GRID        1595        0.3200000.005359-0.00534
GRID        1596        0.3200000.009238-0.00382
GRID        1597        0.3000000.025406-0.01177
GRID        1598        0.3000000.0100001.77E-17
GRID        1599        0.2800000.0092380.003826
GRID        1600        0.400000-0.00923-0.00382
GRID        1601        0.320000-0.07391-0.03561
GRID        1602        0.3000000.005910-0.00308
GRID        1603        0.380000-0.00589-0.00308
GRID        1604        0.360000-0.00296-0.00296
GRID        1605        0.3200000.002999-0.00295
GRID        1606        0.3400002.473E-5-0.00299
GRID        1607        0.2800000.0061911.214E-5
GRID        1608        0.3000000.0030352.437E-5
GRID        1609        0.3200002.295E-52.932E-5
GRID        1610        0.340000-0.003002.392E-5
GRID        1611        0.360000-0.006178.086E-6
GRID        1612        0.380000-0.010002.51E-17
GRID        1613        0.320000-0.06250-0.00375
GRID        1614        0.300000-0.08000-0.00500
GRID        1615        0.2600000.0059070.003098
GRID        1616        0.360000-0.009230.003826
GRID        1617        0.300000-0.057740.020167
GRID        1618        0.320000-0.041570.014720
GRID        1619        0.2800000.0029880.002994
GRID        1620        0.3000001.535E-50.003038
GRID        1621        0.340000-0.005890.003098
GRID        1622        0.320000-0.002960.002996
GRID        1623        0.340000-0.007070.007071
GRID        1624        0.320000-0.019440.018195
GRID        1625        0.300000-0.031810.029319
GRID        1626        0.320000-0.005340.005358
GRID        1627        0.320000-0.003820.009238
GRID        1628        0.300000-0.010520.024156
GRID        1629        0.300000-0.003080.005910
GRID        1630        0.3000001.22E-180.010000
GRID        1631        0.2800005.781E-60.006193
GRID        1632        0.2800000.0038260.009238
GRID        1633        0.2600000.0030950.005910
GRID        1634        0.2600000.0070710.007071
GRID        1635        0.2400000.0053560.005358
GRID        1636        0.400000-0.00707-0.00707
GRID        1637        0.320000-0.05656-0.06156
GRID        1638        0.380000-0.00534-0.00534
GRID        1639        0.380000-0.00382-0.00923
GRID        1640        0.300000-0.03061-0.07891
GRID        1641        0.320000-0.02391-0.06149
GRID        1642        0.360000-0.00308-0.00589
GRID        1643        0.360000 0.00000-0.01000
GRID        1644        0.3000001.14E-18-0.06625
GRID        1645        0.320000 0.00000-0.04750
GRID        1646        0.3400001.267E-5-0.00617
GRID        1647        0.3200000.003099-0.00589
GRID        1648        0.3400000.003826-0.00923
GRID        1649        0.3000000.017220-0.04407
GRID        1650        0.3200000.010523-0.02665
GRID        1651        0.3200000.007071-0.00707
GRID        1652        0.3000000.019445-0.02069
GRID        1653        0.3000000.005359-0.00534
GRID        1654        0.3000000.009238-0.00382
GRID        1655        0.2800000.0100001.65E-17
GRID        1656        0.2600000.0092380.003826
GRID        1657        0.380000-0.00923-0.00382
GRID        1658        0.300000-0.07391-0.03561
GRID        1659        0.320000-0.05774-0.02766
GRID        1660        0.2800000.005910-0.00308
GRID        1661        0.3000000.002999-0.00295
GRID        1662        0.360000-0.00589-0.00308
GRID        1663        0.340000-0.00296-0.00296
GRID        1664        0.3200002.473E-5-0.00299
GRID        1665        0.2600000.0061911.214E-5
GRID        1666        0.2800000.0030352.437E-5
GRID        1667        0.3000002.295E-52.932E-5
GRID        1668        0.320000-0.003002.392E-5
GRID        1669        0.340000-0.006178.086E-6
GRID        1670        0.360000-0.010002.38E-17
GRID        1671        0.320000-0.04500-0.00250
GRID        1672        0.300000-0.06250-0.00375
GRID        1673        0.2400000.0059070.003098
GRID        1674        0.2600000.0029880.002994
GRID        1675        0.340000-0.009230.003826
GRID        1676        0.320000-0.025400.009273
GRID        1677        0.300000-0.041570.014720
GRID        1678        0.2800001.535E-50.003038
GRID        1679        0.300000-0.002960.002996
GRID        1680        0.320000-0.005890.003098
GRID        1681        0.320000-0.007070.007071
GRID        1682        0.300000-0.019440.018195
GRID        1683        0.300000-0.005340.005358
GRID        1684        0.300000-0.003820.009238
GRID        1685        0.280000-0.003080.005910
GRID        1686        0.2800001.22E-180.010000
GRID        1687        0.2600005.781E-60.006193
GRID        1688        0.2600000.0038260.009238
GRID        1689        0.2400000.0030950.005910
GRID        1690        0.2400000.0070710.007071
GRID        1691        0.2200000.0053560.005358
GRID        1692        0.380000-0.00707-0.00707
GRID        1693        0.300000-0.05656-0.06156
GRID        1694        0.320000-0.04419-0.04794
GRID        1695        0.360000-0.00534-0.00534
GRID        1696        0.360000-0.00382-0.00923
GRID        1697        0.300000-0.02391-0.06149
GRID        1698        0.320000-0.01722-0.04407
GRID        1699        0.340000-0.00308-0.00589
GRID        1700        0.340000 0.00000-0.01000
GRID        1701        0.3000002.29E-18-0.04750
GRID        1702        0.320000 0.00000-0.02875
GRID        1703        0.3200001.267E-5-0.00617
GRID        1704        0.3000000.003099-0.00589
GRID        1705        0.3200000.003826-0.00923
GRID        1706        0.3000000.010523-0.02665
GRID        1707        0.3000000.007071-0.00707
GRID        1708        0.2800000.005359-0.00534
GRID        1709        0.2800000.009238-0.00382
GRID        1710        0.2600000.0100001.53E-17
GRID        1711        0.2400000.0092380.003826
GRID        1712        0.2600000.005910-0.00308
GRID        1713        0.360000-0.00923-0.00382
GRID        1714        0.300000-0.05774-0.02766
GRID        1715        0.320000-0.04157-0.01972
GRID        1716        0.2800000.002999-0.00295
GRID        1717        0.3000002.473E-5-0.00299
GRID        1718        0.340000-0.00589-0.00308
GRID        1719        0.320000-0.00296-0.00296
GRID        1720        0.2400000.0061911.214E-5
GRID        1721        0.2600000.0030352.437E-5
GRID        1722        0.2800002.295E-52.932E-5
GRID        1723        0.300000-0.003002.392E-5
GRID        1724        0.320000-0.006178.086E-6
GRID        1725        0.340000-0.010002.26E-17
GRID        1726        0.320000-0.02750-0.00125
GRID        1727        0.300000-0.04500-0.00250
GRID        1728        0.2200000.0059070.003098
GRID        1729        0.2400000.0029880.002994
GRID        1730        0.2600001.535E-50.003038
GRID        1731        0.320000-0.009230.003826
GRID        1732        0.300000-0.025400.009273
GRID        1733        0.280000-0.002960.002996
GRID        1734        0.300000-0.005890.003098
GRID        1735        0.300000-0.007070.007071
GRID        1736        0.280000-0.005340.005358
GRID        1737        0.260000-0.003080.005910
GRID        1738        0.280000-0.003820.009238
GRID        1739        0.2600001.22E-180.010000
GRID        1740        0.2400005.781E-60.006193
GRID        1741        0.2400000.0038260.009238
GRID        1742        0.2200000.0030950.005910
GRID        1743        0.2200000.0070710.007071
GRID        1744        0.2000000.0053560.005358
GRID        1745        0.360000-0.00707-0.00707
GRID        1746        0.300000-0.04419-0.04794
GRID        1747        0.320000-0.03181-0.03431
GRID        1748        0.340000-0.00534-0.00534
GRID        1749        0.340000-0.00382-0.00923
GRID        1750        0.320000-0.01052-0.02665
GRID        1751        0.300000-0.01722-0.04407
GRID        1752        0.320000-0.00308-0.00589
GRID        1753        0.320000 0.00000-0.01000
GRID        1754        0.3000003.44E-18-0.02875
GRID        1755        0.3000001.267E-5-0.00617
GRID        1756        0.2800000.003099-0.00589
GRID        1757        0.3000000.003826-0.00923
GRID        1758        0.2800000.007071-0.00707
GRID        1759        0.2600000.005359-0.00534
GRID        1760        0.2600000.009238-0.00382
GRID        1761        0.2400000.0100001.40E-17
GRID        1762        0.2200000.0092380.003826
GRID        1763        0.2400000.005910-0.00308
GRID        1764        0.2600000.002999-0.00295
GRID        1765        0.340000-0.00923-0.00382
GRID        1766        0.300000-0.04157-0.01972
GRID        1767        0.320000-0.02540-0.01177
GRID        1768        0.2800002.473E-5-0.00299
GRID        1769        0.300000-0.00296-0.00296
GRID        1770        0.320000-0.00589-0.00308
GRID        1771        0.2200000.0061911.214E-5
GRID        1772        0.2400000.0030352.437E-5
GRID        1773        0.2600002.295E-52.932E-5
GRID        1774        0.280000-0.003002.392E-5
GRID        1775        0.300000-0.006178.086E-6
GRID        1776        0.320000-0.010002.14E-17
GRID        1777        0.300000-0.02750-0.00125
GRID        1778        0.2000000.0059070.003098
GRID        1779        0.2200000.0029880.002994
GRID        1780        0.2400001.535E-50.003038
GRID        1781        0.260000-0.002960.002996
GRID        1782        0.300000-0.009230.003826
GRID        1783        0.280000-0.005890.003098
GRID        1784        0.280000-0.007070.007071
GRID        1785        0.260000-0.005340.005358
GRID        1786        0.240000-0.003080.005910
GRID        1787        0.260000-0.003820.009238
GRID        1788        0.2400001.22E-180.010000
GRID        1789        0.2200005.781E-60.006193
GRID        1790        0.2200000.0038260.009238
GRID        1791        0.2000000.0030950.005910
GRID        1792        0.2000000.0070710.007071
GRID        1793        0.1800000.0053560.005358
GRID        1794        0.340000-0.00707-0.00707
GRID        1795        0.300000-0.03181-0.03431
GRID        1796        0.320000-0.01944-0.02069
GRID        1797        0.320000-0.00534-0.00534
GRID        1798        0.320000-0.00382-0.00923
GRID        1799        0.300000-0.01052-0.02665
GRID        1800        0.300000-0.00308-0.00589
GRID        1801        0.300000 0.00000-0.01000
GRID        1802        0.2800001.267E-5-0.00617
GRID        1803        0.2600000.003099-0.00589
GRID        1804        0.2800000.003826-0.00923
GRID        1805        0.2600000.007071-0.00707
GRID        1806        0.2400000.005359-0.00534
GRID        1807        0.2400000.009238-0.00382
GRID        1808        0.2200000.0100001.28E-17
GRID        1809        0.2000000.0092380.003826
GRID        1810        0.2200000.005910-0.00308
GRID        1811        0.2400000.002999-0.00295
GRID        1812        0.2600002.473E-5-0.00299
GRID        1813        0.320000-0.00923-0.00382
GRID        1814        0.300000-0.02540-0.01177
GRID        1815        0.280000-0.00296-0.00296
GRID        1816        0.300000-0.00589-0.00308
GRID        1817        0.2000000.0061911.214E-5
GRID        1818        0.2200000.0030352.437E-5
GRID        1819        0.2400002.295E-52.932E-5
GRID        1820        0.260000-0.003002.392E-5
GRID        1821        0.280000-0.006178.086E-6
GRID        1822        0.300000-0.010002.02E-17
GRID        1823        0.1800000.0059070.003098
GRID        1824        0.2000000.0029880.002994
GRID        1825        0.2200001.535E-50.003038
GRID        1826        0.240000-0.002960.002996
GRID        1827        0.260000-0.005890.003098
GRID        1828        0.280000-0.009230.003826
GRID        1829        0.260000-0.007070.007071
GRID        1830        0.240000-0.005340.005358
GRID        1831        0.220000-0.003080.005910
GRID        1832        0.240000-0.003820.009238
GRID        1833        0.2200001.22E-180.010000
GRID        1834        0.2000005.781E-60.006193
GRID        1835        0.2000000.0038260.009238
GRID        1836        0.1800000.0030950.005910
GRID        1837        0.1800000.0070710.007071
GRID        1838        0.1600000.0053560.005358
GRID        1839        0.320000-0.00707-0.00707
GRID        1840        0.300000-0.01944-0.02069
GRID        1841        0.300000-0.00534-0.00534
GRID        1842        0.300000-0.00382-0.00923
GRID        1843        0.280000-0.00308-0.00589
GRID        1844        0.2600001.267E-5-0.00617
GRID        1845        0.280000 0.00000-0.01000
GRID        1846        0.2400000.003099-0.00589
GRID        1847        0.2600000.003826-0.00923
GRID        1848        0.2400000.007071-0.00707
GRID        1849        0.2200000.005359-0.00534
GRID        1850        0.2200000.009238-0.00382
GRID        1851        0.2000000.0100001.16E-17
GRID        1852        0.1800000.0092380.003826
GRID        1853        0.2000000.005910-0.00308
GRID        1854        0.2200000.002999-0.00295
GRID        1855        0.2400002.473E-5-0.00299
GRID        1856        0.260000-0.00296-0.00296
GRID        1857        0.300000-0.00923-0.00382
GRID        1858        0.280000-0.00589-0.00308
GRID        1859        0.1800000.0061911.214E-5
GRID        1860        0.2000000.0030352.437E-5
GRID        1861        0.2200002.295E-52.932E-5
GRID        1862        0.240000-0.003002.392E-5
GRID        1863        0.260000-0.006178.086E-6
GRID        1864        0.280000-0.010001.89E-17
GRID        1865        0.1600000.0059070.003098
GRID        1866        0.1800000.0029880.002994
GRID        1867        0.2000001.535E-50.003038
GRID        1868        0.220000-0.002960.002996
GRID        1869        0.240000-0.005890.003098
GRID        1870        0.260000-0.009230.003826
GRID        1871        0.240000-0.007070.007071
GRID        1872        0.220000-0.005340.005358
GRID        1873        0.200000-0.003080.005910
GRID        1874        0.220000-0.003820.009238
GRID        1875        0.2000001.22E-180.010000
GRID        1876        0.1800005.781E-60.006193
GRID        1877        0.1800000.0038260.009238
GRID        1878        0.1600000.0030950.005910
GRID        1879        0.1600000.0070710.007071
GRID        1880        0.1400000.0053560.005358
GRID        1881        0.300000-0.00707-0.00707
GRID        1882        0.280000-0.00534-0.00534
GRID        1883        0.260000-0.00308-0.00589
GRID        1884        0.280000-0.00382-0.00923
GRID        1885        0.2400001.267E-5-0.00617
GRID        1886        0.260000 0.00000-0.01000
GRID        1887        0.2200000.003099-0.00589
GRID        1888        0.2400000.003826-0.00923
GRID        1889        0.2200000.007071-0.00707
GRID        1890        0.2000000.005359-0.00534
GRID        1891        0.2000000.009238-0.00382
GRID        1892        0.1800000.0100001.04E-17
GRID        1893        0.1600000.0092380.003826
GRID        1894        0.1800000.005910-0.00308
GRID        1895        0.2000000.002999-0.00295
GRID        1896        0.2200002.473E-5-0.00299
GRID        1897        0.240000-0.00296-0.00296
GRID        1898        0.260000-0.00589-0.00308
GRID        1899        0.280000-0.00923-0.00382
GRID        1900        0.1600000.0061911.214E-5
GRID        1901        0.1800000.0030352.437E-5
GRID        1902        0.2000002.295E-52.932E-5
GRID        1903        0.220000-0.003002.392E-5
GRID        1904        0.240000-0.006178.086E-6
GRID        1905        0.260000-0.010001.77E-17
GRID        1906        0.1400000.0059070.003098
GRID        1907        0.1600000.0029880.002994
GRID        1908        0.1800001.535E-50.003038
GRID        1909        0.200000-0.002960.002996
GRID        1910        0.220000-0.005890.003098
GRID        1911        0.240000-0.009230.003826
GRID        1912        0.220000-0.007070.007071
GRID        1913        0.200000-0.005340.005358
GRID        1914        0.180000-0.003080.005910
GRID        1915        0.200000-0.003820.009238
GRID        1916        0.1800001.22E-180.010000
GRID        1917        0.1600005.781E-60.006193
GRID        1918        0.1600000.0038260.009238
GRID        1919        0.1400000.0030950.005910
GRID        1920        0.1400000.0070710.007071
GRID        1921        0.1200000.0053560.005358
GRID        1922        0.280000-0.00707-0.00707
GRID        1923        0.260000-0.00534-0.00534
GRID        1924        0.240000-0.00308-0.00589
GRID        1925        0.260000-0.00382-0.00923
GRID        1926        0.2200001.267E-5-0.00617
GRID        1927        0.240000 0.00000-0.01000
GRID        1928        0.2000000.003099-0.00589
GRID        1929        0.2200000.003826-0.00923
GRID        1930        0.2000000.007071-0.00707
GRID        1931        0.1800000.005359-0.00534
GRID        1932        0.1800000.009238-0.00382
GRID        1933        0.1600000.0100009.18E-18
GRID        1934        0.1400000.0092380.003826
GRID        1935        0.1600000.005910-0.00308
GRID        1936        0.1800000.002999-0.00295
GRID        1937        0.2000002.473E-5-0.00299
GRID        1938        0.220000-0.00296-0.00296
GRID        1939        0.240000-0.00589-0.00308
GRID        1940        0.260000-0.00923-0.00382
GRID        1941        0.1400000.0061911.214E-5
GRID        1942        0.1600000.0030352.437E-5
GRID        1943        0.1800002.295E-52.932E-5
GRID        1944        0.200000-0.003002.392E-5
GRID        1945        0.220000-0.006178.086E-6
GRID        1946        0.240000-0.010001.65E-17
GRID        1947        0.1200000.0059070.003098
GRID        1948        0.1400000.0029880.002994
GRID        1949        0.1600001.535E-50.003038
GRID        1950        0.180000-0.002960.002996
GRID        1951        0.200000-0.005890.003098
GRID        1952        0.220000-0.009230.003826
GRID        1953        0.200000-0.007070.007071
GRID        1954        0.180000-0.005340.005358
GRID        1955        0.160000-0.003080.005910
GRID        1956        0.180000-0.003820.009238
GRID        1957        0.1600001.22E-180.010000
GRID        1958        0.1400005.781E-60.006193
GRID        1959        0.1400000.0038260.009238
GRID        1960        0.1200000.0030950.005910
GRID        1961        0.1200000.0070710.007071
GRID        1962        0.1000000.0053560.005358
GRID        1963        0.260000-0.00707-0.00707
GRID        1964        0.240000-0.00534-0.00534
GRID        1965        0.220000-0.00308-0.00589
GRID        1966        0.240000-0.00382-0.00923
GRID        1967        0.2000001.267E-5-0.00617
GRID        1968        0.220000 0.00000-0.01000
GRID        1969        0.1800000.003099-0.00589
GRID        1970        0.2000000.003826-0.00923
GRID        1971        0.1800000.007071-0.00707
GRID        1972        0.1600000.005359-0.00534
GRID        1973        0.1600000.009238-0.00382
GRID        1974        0.1400000.0100007.96E-18
GRID        1975        0.1200000.0092380.003826
GRID        1976        0.1400000.005910-0.00308
GRID        1977        0.1600000.002999-0.00295
GRID        1978        0.1800002.473E-5-0.00299
GRID        1979        0.200000-0.00296-0.00296
GRID        1980        0.220000-0.00589-0.00308
GRID        1981        0.240000-0.00923-0.00382
GRID        1982        0.1200000.0061911.214E-5
GRID        1983        0.1400000.0030352.437E-5
GRID        1984        0.1600002.295E-52.932E-5
GRID        1985        0.180000-0.003002.392E-5
GRID        1986        0.200000-0.006178.086E-6
GRID        1987        0.220000-0.010001.53E-17
GRID        1988        0.1000000.0059070.003098
GRID        1989        0.1200000.0029880.002994
GRID        1990        0.1400001.535E-50.003038
GRID        1991        0.160000-0.002960.002996
GRID        1992        0.180000-0.005890.003098
GRID        1993        0.200000-0.009230.003826
GRID        1994        0.180000-0.007070.007071
GRID        1995        0.160000-0.005340.005358
GRID        1996        0.140000-0.003080.005910
GRID        1997        0.160000-0.003820.009238
GRID        1998        0.1400001.22E-180.010000
GRID        1999        0.1200005.781E-60.006193
GRID        2000        0.1200000.0038260.009238
GRID        2001        0.1000000.0030950.005910
GRID        2002        0.1000000.0070710.007071
GRID        2003        0.0800000.0053560.005358
GRID        2004        0.240000-0.00707-0.00707
GRID        2005        0.220000-0.00534-0.00534
GRID        2006        0.200000-0.00308-0.00589
GRID        2007        0.220000-0.00382-0.00923
GRID        2008        0.1800001.267E-5-0.00617
GRID        2009        0.200000 0.00000-0.01000
GRID        2010        0.1600000.003099-0.00589
GRID        2011        0.1800000.003826-0.00923
GRID        2012        0.1600000.007071-0.00707
GRID        2013        0.1400000.005359-0.00534
GRID        2014        0.1400000.009238-0.00382
GRID        2015        0.1200000.0100006.73E-18
GRID        2016        0.1000000.0092380.003826
GRID        2017        0.1200000.005910-0.00308
GRID        2018        0.1400000.002999-0.00295
GRID        2019        0.1600002.473E-5-0.00299
GRID        2020        0.180000-0.00296-0.00296
GRID        2021        0.200000-0.00589-0.00308
GRID        2022        0.220000-0.00923-0.00382
GRID        2023        0.1000000.0061911.214E-5
GRID        2024        0.1200000.0030352.437E-5
GRID        2025        0.1400002.295E-52.932E-5
GRID        2026        0.160000-0.003002.392E-5
GRID        2027        0.180000-0.006178.086E-6
GRID        2028        0.200000-0.010001.40E-17
GRID        2029        0.0800000.0059070.003098
GRID        2030        0.1000000.0029880.002994
GRID        2031        0.1200001.535E-50.003038
GRID        2032        0.140000-0.002960.002996
GRID        2033        0.160000-0.005890.003098
GRID        2034        0.180000-0.009230.003826
GRID        2035        0.160000-0.007070.007071
GRID        2036        0.140000-0.005340.005358
GRID        2037        0.120000-0.003080.005910
GRID        2038        0.140000-0.003820.009238
GRID        2039        0.1200001.22E-180.010000
GRID        2040        0.1000005.781E-60.006193
GRID        2041        0.1000000.0038260.009238
GRID        2042        0.0800000.0030950.005910
GRID        2043        0.0800000.0070710.007071
GRID        2044        0.0600000.0053560.005358
GRID        2045        0.220000-0.00707-0.00707
GRID        2046        0.200000-0.00534-0.00534
GRID        2047        0.180000-0.00308-0.00589
GRID        2048        0.200000-0.00382-0.00923
GRID        2049        0.1600001.267E-5-0.00617
GRID        2050        0.180000 0.00000-0.01000
GRID        2051        0.1400000.003099-0.00589
GRID        2052        0.1600000.003826-0.00923
GRID        2053        0.1400000.007071-0.00707
GRID        2054        0.1200000.005359-0.00534
GRID        2055        0.1200000.009238-0.00382
GRID        2056        0.1000000.0100005.51E-18
GRID        2057        0.0800000.0092380.003826
GRID        2058        0.1000000.005910-0.00308
GRID        2059        0.1200000.002999-0.00295
GRID        2060        0.1400002.473E-5-0.00299
GRID        2061        0.160000-0.00296-0.00296
GRID        2062        0.180000-0.00589-0.00308
GRID        2063        0.200000-0.00923-0.00382
GRID        2064        0.0800000.0061911.214E-5
GRID        2065        0.1000000.0030352.437E-5
GRID        2066        0.1200002.295E-52.932E-5
GRID        2067        0.140000-0.003002.392E-5
GRID        2068        0.160000-0.006178.086E-6
GRID        2069        0.180000-0.010001.28E-17
GRID        2070        0.0600000.0059070.003098
GRID        2071        0.0800000.0029880.002994
GRID        2072        0.1000001.535E-50.003038
GRID        2073        0.120000-0.002960.002996
GRID        2074        0.140000-0.005890.003098
GRID        2075        0.160000-0.009230.003826
GRID        2076        0.140000-0.007070.007071
GRID        2077        0.120000-0.005340.005358
GRID        2078        0.100000-0.003080.005910
GRID        2079        0.120000-0.003820.009238
GRID        2080        0.1000001.22E-180.010000
GRID        2081        0.0800005.781E-60.006193
GRID        2082        0.0800000.0038260.009238
GRID        2083        0.0600000.0030950.005910
GRID        2084        0.0600000.0070710.007071
GRID        2085        0.0400000.0053560.005358
GRID        2086        0.200000-0.00707-0.00707
GRID        2087        0.180000-0.00534-0.00534
GRID        2088        0.160000-0.00308-0.00589
GRID        2089        0.180000-0.00382-0.00923
GRID        2090        0.1400001.267E-5-0.00617
GRID        2091        0.160000 0.00000-0.01000
GRID        2092        0.1200000.003099-0.00589
GRID        2093        0.1400000.003826-0.00923
GRID        2094        0.1200000.007071-0.00707
GRID        2095        0.1000000.005359-0.00534
GRID        2096        0.1000000.009238-0.00382
GRID        2097        0.0800000.0100004.28E-18
GRID        2098        0.0600000.0092380.003826
GRID        2099        0.0800000.005910-0.00308
GRID        2100        0.1000000.002999-0.00295
GRID        2101        0.1200002.473E-5-0.00299
GRID        2102        0.140000-0.00296-0.00296
GRID        2103        0.160000-0.00589-0.00308
GRID        2104        0.180000-0.00923-0.00382
GRID        2105        0.0600000.0061911.214E-5
GRID        2106        0.0800000.0030352.437E-5
GRID        2107        0.1000002.295E-52.932E-5
GRID        2108        0.120000-0.003002.392E-5
GRID        2109        0.140000-0.006178.086E-6
GRID        2110        0.160000-0.010001.16E-17
GRID        2111        0.0400000.0059070.003098
GRID        2112        0.0600000.0029880.002994
GRID        2113        0.0800001.535E-50.003038
GRID        2114        0.100000-0.002960.002996
GRID        2115        0.120000-0.005890.003098
GRID        2116        0.140000-0.009230.003826
GRID        2117        0.120000-0.007070.007071
GRID        2118        0.100000-0.005340.005358
GRID        2119        0.080000-0.003080.005910
GRID        2120        0.100000-0.003820.009238
GRID        2121        0.0800001.22E-180.010000
GRID        2122        0.0600005.781E-60.006193
GRID        2123        0.0600000.0038260.009238
GRID        2124        0.0400000.0030950.005910
GRID        2125        0.0400000.0070710.007071
GRID        2126        0.0200000.0053560.005358
GRID        2127        0.180000-0.00707-0.00707
GRID        2128        0.160000-0.00534-0.00534
GRID        2129        0.140000-0.00308-0.00589
GRID        2130        0.160000-0.00382-0.00923
GRID        2131        0.1200001.267E-5-0.00617
GRID        2132        0.140000 0.00000-0.01000
GRID        2133        0.1000000.003099-0.00589
GRID        2134        0.1200000.003826-0.00923
GRID        2135        0.1000000.007071-0.00707
GRID        2136        0.0800000.005359-0.00534
GRID        2137        0.0800000.009238-0.00382
GRID        2138        0.0600000.0100003.06E-18
GRID        2139        0.0400000.0092380.003826
GRID        2140        0.0600000.005910-0.00308
GRID        2141        0.0800000.002999-0.00295
GRID        2142        0.1000002.473E-5-0.00299
GRID        2143        0.120000-0.00296-0.00296
GRID        2144        0.140000-0.00589-0.00308
GRID        2145        0.160000-0.00923-0.00382
GRID        2146        0.0400000.0061911.214E-5
GRID        2147        0.0600000.0030352.437E-5
GRID        2148        0.0800002.295E-52.932E-5
GRID        2149        0.100000-0.003002.392E-5
GRID        2150        0.120000-0.006178.086E-6
GRID        2151        0.140000-0.010001.04E-17
GRID        2152        0.0200000.0059070.003098
GRID        2153        0.0400000.0029880.002994
GRID        2154        0.0600001.535E-50.003038
GRID        2155        0.080000-0.002960.002996
GRID        2156        0.100000-0.005890.003098
GRID        2157        0.120000-0.009230.003826
GRID        2158        0.100000-0.007070.007071
GRID        2159        0.080000-0.005340.005358
GRID        2160        0.060000-0.003080.005910
GRID        2161        0.080000-0.003820.009238
GRID        2162        0.0600001.22E-180.010000
GRID        2163        0.0400005.781E-60.006193
GRID        2164        0.0400000.0038260.009238
GRID        2165        0.0200000.0030950.005910
GRID        2166        0.0200000.0070710.007071
GRID        2167        -3.2E-190.0053560.005358
GRID        2168        0.160000-0.00707-0.00707
GRID        2169        0.140000-0.00534-0.00534
GRID        2170        0.120000-0.00308-0.00589
GRID        2171        0.140000-0.00382-0.00923
GRID        2172        0.1000001.267E-5-0.00617
GRID        2173        0.120000 0.00000-0.01000
GRID        2174        0.0800000.003099-0.00589
GRID        2175        0.1000000.003826-0.00923
GRID        2176        0.0800000.007071-0.00707
GRID        2177        0.0600000.005359-0.00534
GRID        2178        0.0600000.009238-0.00382
GRID        2179        0.0400000.0100001.83E-18
GRID        2180        0.0200000.0092380.003826
GRID        2181        0.0400000.005910-0.00308
GRID        2182        0.0600000.002999-0.00295
GRID        2183        0.0800002.473E-5-0.00299
GRID        2184        0.100000-0.00296-0.00296
GRID        2185        0.120000-0.00589-0.00308
GRID        2186        0.140000-0.00923-0.00382
GRID        2187        0.0200000.0061911.214E-5
GRID        2188        0.0400000.0030352.437E-5
GRID        2189        0.0600002.295E-52.932E-5
GRID        2190        0.080000-0.003002.392E-5
GRID        2191        0.100000-0.006178.086E-6
GRID        2192        0.120000-0.010009.18E-18
GRID        2193        -1.8E-190.0059070.003098
GRID        2194        0.0200000.0029880.002994
GRID        2195        0.0400001.535E-50.003038
GRID        2196        0.060000-0.002960.002996
GRID        2197        0.080000-0.005890.003098
GRID        2198        0.100000-0.009230.003826
GRID        2199        0.080000-0.007070.007071
GRID        2200        0.060000-0.005340.005358
GRID        2201        0.040000-0.003080.005910
GRID        2202        0.060000-0.003820.009238
GRID        2203        0.0400001.22E-180.010000
GRID        2204        0.0200005.781E-60.006193
GRID        2205        0.0200000.0038260.009238
GRID        2206        -3.6E-190.0030950.005910
GRID        2207        -4.3E-190.0070710.007071
GRID        2208        0.140000-0.00707-0.00707
GRID        2209        0.120000-0.00534-0.00534
GRID        2210        0.100000-0.00308-0.00589
GRID        2211        0.120000-0.00382-0.00923
GRID        2212        0.0800001.267E-5-0.00617
GRID        2213        0.100000 0.00000-0.01000
GRID        2214        0.0600000.003099-0.00589
GRID        2215        0.0800000.003826-0.00923
GRID        2216        0.0600000.007071-0.00707
GRID        2217        0.0400000.005359-0.00534
GRID        2218        0.0400000.009238-0.00382
GRID        2219        0.0200000.0100006.12E-19
GRID        2220        -2.3E-190.0092380.003826
GRID        2221        0.0200000.005910-0.00308
GRID        2222        0.0400000.002999-0.00295
GRID        2223        0.0600002.473E-5-0.00299
GRID        2224        0.080000-0.00296-0.00296
GRID        2225        0.100000-0.00589-0.00308
GRID        2226        0.120000-0.00923-0.00382
GRID        2227        -7.4E-220.0061911.214E-5
GRID        2228        0.0200000.0030352.437E-5
GRID        2229        0.0400002.295E-52.932E-5
GRID        2230        0.060000-0.003002.392E-5
GRID        2231        0.080000-0.006178.086E-6
GRID        2232        0.100000-0.010007.96E-18
GRID        2233        -1.8E-190.0029880.002994
GRID        2234        0.0200001.535E-50.003038
GRID        2235        0.040000-0.002960.002996
GRID        2236        0.060000-0.005890.003098
GRID        2237        0.080000-0.009230.003826
GRID        2238        0.060000-0.007070.007071
GRID        2239        0.040000-0.005340.005358
GRID        2240        0.020000-0.003080.005910
GRID        2241        0.040000-0.003820.009238
GRID        2242        0.0200001.22E-180.010000
GRID        2243        -3.7E-195.781E-60.006193
GRID        2244        -5.6E-190.0038260.009238
GRID        2245        0.120000-0.00707-0.00707
GRID        2246        0.100000-0.00534-0.00534
GRID        2247        0.080000-0.00308-0.00589
GRID        2248        0.100000-0.00382-0.00923
GRID        2249        0.0600001.267E-5-0.00617
GRID        2250        0.080000 0.00000-0.01000
GRID        2251        0.0400000.003099-0.00589
GRID        2252        0.0600000.003826-0.00923
GRID        2253        0.0400000.007071-0.00707
GRID        2254        0.0200000.005359-0.00534
GRID        2255        0.0200000.009238-0.00382
GRID        2256        3.74E-350.010000-6.1E-19
GRID        2257        1.88E-190.005910-0.00308
GRID        2258        0.0200000.002999-0.00295
GRID        2259        0.0400002.473E-5-0.00299
GRID        2260        0.060000-0.00296-0.00296
GRID        2261        0.080000-0.00589-0.00308
GRID        2262        0.100000-0.00923-0.00382
GRID        2263        -1.4E-210.0030352.437E-5
GRID        2264        0.0200002.295E-52.932E-5
GRID        2265        0.040000-0.003002.392E-5
GRID        2266        0.060000-0.006178.086E-6
GRID        2267        0.080000-0.010006.73E-18
GRID        2268        -1.8E-191.535E-50.003038
GRID        2269        0.020000-0.002960.002996
GRID        2270        0.040000-0.005890.003098
GRID        2271        0.060000-0.009230.003826
GRID        2272        0.040000-0.007070.007071
GRID        2273        0.020000-0.005340.005358
GRID        2274        -3.6E-19-0.003080.005910
GRID        2275        0.020000-0.003820.009238
GRID        2276        -6.1E-191.22E-180.010000
GRID        2277        0.100000-0.00707-0.00707
GRID        2278        0.080000-0.00534-0.00534
GRID        2279        0.060000-0.00308-0.00589
GRID        2280        0.080000-0.00382-0.00923
GRID        2281        0.0400001.267E-5-0.00617
GRID        2282        0.060000 0.00000-0.01000
GRID        2283        0.0200000.003099-0.00589
GRID        2284        0.0400000.003826-0.00923
GRID        2285        0.0200000.007071-0.00707
GRID        2286        3.27E-190.005359-0.00534
GRID        2287        2.34E-190.009238-0.00382
GRID        2288        1.81E-190.002999-0.00295
GRID        2289        0.0200002.473E-5-0.00299
GRID        2290        0.040000-0.00296-0.00296
GRID        2291        0.060000-0.00589-0.00308
GRID        2292        0.080000-0.00923-0.00382
GRID        2293        -1.7E-212.295E-52.932E-5
GRID        2294        0.020000-0.003002.392E-5
GRID        2295        0.040000-0.006178.086E-6
GRID        2296        0.060000-0.010005.51E-18
GRID        2297        -1.8E-19-0.002960.002996
GRID        2298        0.020000-0.005890.003098
GRID        2299        0.040000-0.009230.003826
GRID        2300        0.020000-0.007070.007071
GRID        2301        -3.2E-19-0.005340.005358
GRID        2302        -5.6E-19-0.003820.009238
GRID        2303        0.080000-0.00707-0.00707
GRID        2304        0.060000-0.00534-0.00534
GRID        2305        0.040000-0.00308-0.00589
GRID        2306        0.060000-0.00382-0.00923
GRID        2307        0.0200001.267E-5-0.00617
GRID        2308        0.040000 0.00000-0.01000
GRID        2309        3.60E-190.003099-0.00589
GRID        2310        0.0200000.003826-0.00923
GRID        2311        4.32E-190.007071-0.00707
GRID        2312        1.83E-192.473E-5-0.00299
GRID        2313        0.020000-0.00296-0.00296
GRID        2314        0.040000-0.00589-0.00308
GRID        2315        0.060000-0.00923-0.00382
GRID        2316        -1.4E-21-0.003002.392E-5
GRID        2317        0.020000-0.006178.086E-6
GRID        2318        0.040000-0.010004.28E-18
GRID        2319        -1.8E-19-0.005890.003098
GRID        2320        0.020000-0.009230.003826
GRID        2321        -4.3E-19-0.007070.007071
GRID        2322        0.060000-0.00707-0.00707
GRID        2323        0.040000-0.00534-0.00534
GRID        2324        0.020000-0.00308-0.00589
GRID        2325        0.040000-0.00382-0.00923
GRID        2326        3.78E-191.267E-5-0.00617
GRID        2327        0.020000 0.00000-0.01000
GRID        2328        5.65E-190.003826-0.00923
GRID        2329        1.81E-19-0.00296-0.00296
GRID        2330        0.020000-0.00589-0.00308
GRID        2331        0.040000-0.00923-0.00382
GRID        2332        -4.9E-22-0.006178.086E-6
GRID        2333        0.020000-0.010003.06E-18
GRID        2334        -2.3E-19-0.009230.003826
GRID        2335        0.040000-0.00707-0.00707
GRID        2336        0.020000-0.00534-0.00534
GRID        2337        3.60E-19-0.00308-0.00589
GRID        2338        0.020000-0.00382-0.00923
GRID        2339        6.12E-19 0.00000-0.01000
GRID        2340        1.88E-19-0.00589-0.00308
GRID        2341        0.020000-0.00923-0.00382
GRID        2342        -1.1E-34-0.010001.83E-18
GRID        2343        0.020000-0.00707-0.00707
GRID        2344        3.27E-19-0.00534-0.00534
GRID        2345        5.65E-19-0.00382-0.00923
GRID        2346        2.34E-19-0.00923-0.00382
GRID        2347        4.32E-19-0.00707-0.00707
GRID        2348        6.00E-19-0.00195-0.00980
GRID        2349        1.19E-19-0.00980-0.00195
GRID        2350        5.09E-19-0.00555-0.00831
GRID        2351        3.40E-19-0.00831-0.00555
GRID        2352        -6.0E-19-0.001950.009807
GRID        2353        -5.0E-19-0.005550.008314
GRID        2354        -3.4E-19-0.008310.005555
GRID        2355        -1.1E-19-0.009800.001950
GRID        2356        1.19E-190.009807-0.00195
GRID        2357        3.40E-190.008314-0.00555
GRID        2358        5.09E-190.005555-0.00831
GRID        2359        6.00E-190.001950-0.00980
GRID        2360        -3.4E-190.0083140.005555
GRID        2361        -5.0E-190.0055550.008314
GRID        2362        -1.1E-190.0098070.001950
GRID        2363        -6.0E-190.0019500.009807
GRID        2364        0.300000-0.01560-0.08346
GRID        2365        0.300000-0.07846-0.02060
GRID        2366        0.300000-0.06651-0.04944
GRID        2367        0.300000-0.04444-0.07151
GRID        2368        0.300000-0.015600.073462
GRID        2369        0.300000-0.044440.061517
GRID        2370        0.300000-0.066510.039445
GRID        2371        0.300000-0.078460.010607
GRID        2372        0.300000-0.00195-0.00980
GRID        2373        0.300000-0.00980-0.00195
GRID        2374        0.300000-0.00831-0.00555
GRID        2375        0.300000-0.00555-0.00831
GRID        2376        0.300000-0.001950.009807
GRID        2377        0.300000-0.005550.008314
GRID        2378        0.300000-0.008310.005555
GRID        2379        0.300000-0.009800.001950
GRID        2380        0.3000000.078462-0.02060
GRID        2381        0.3000000.066517-0.04944
GRID        2382        0.3000000.044445-0.07151
GRID        2383        0.3000000.015607-0.08346
GRID        2384        0.3000000.009807-0.00195
GRID        2385        0.3000000.008314-0.00555
GRID        2386        0.3000000.005555-0.00831
GRID        2387        0.3000000.001950-0.00980
GRID        2388        0.3000000.0083140.005555
GRID        2389        0.3000000.0055550.008314
GRID        2390        0.3000000.0098070.001950
GRID        2391        0.3000000.0019500.009807
GRID        2392        0.3000000.0665170.039445
GRID        2393        0.3000000.0444450.061517
GRID        2394        0.3000000.0784620.010607
GRID        2395        0.3000000.0156070.073462
GRID        2396        0.320000-0.01560-0.08346
GRID        2397        0.320000-0.07846-0.02060
GRID        2398        0.320000-0.06651-0.04944
GRID        2399        0.320000-0.04444-0.07151
GRID        2400        0.320000-0.015600.073462
GRID        2401        0.320000-0.044440.061517
GRID        2402        0.320000-0.066510.039445
GRID        2403        0.320000-0.078460.010607
GRID        2404        0.320000-0.00195-0.00980
GRID        2405        0.320000-0.00980-0.00195
GRID        2406        0.320000-0.00555-0.00831
GRID        2407        0.320000-0.00831-0.00555
GRID        2408        0.320000-0.001950.009807
GRID        2409        0.320000-0.005550.008314
GRID        2410        0.320000-0.008310.005555
GRID        2411        0.320000-0.009800.001950
GRID        2412        0.3200000.078462-0.02060
GRID        2413        0.3200000.066517-0.04944
GRID        2414        0.3200000.044445-0.07151
GRID        2415        0.3200000.015607-0.08346
GRID        2416        0.3200000.009807-0.00195
GRID        2417        0.3200000.008314-0.00555
GRID        2418        0.3200000.005555-0.00831
GRID        2419        0.3200000.001950-0.00980
GRID        2420        0.3200000.0083140.005555
GRID        2421        0.3200000.0055550.008314
GRID        2422        0.3200000.0098070.001950
GRID        2423        0.3200000.0019500.009807
GRID        2424        0.3200000.0665170.039445
GRID        2425        0.3200000.0444450.061517
GRID        2426        0.3200000.0784620.010607
GRID        2427        0.3200000.0156070.073462
GRID        2428        0.700000-0.01170-0.05884
GRID        2429        0.700000-0.05884-0.01170
GRID        2430        0.700000-0.04988-0.03333
GRID        2431        0.700000-0.03333-0.04988
GRID        2432        0.700000-0.011700.058847
GRID        2433        0.700000-0.033330.049888
GRID        2434        0.700000-0.049880.033334
GRID        2435        0.700000-0.058840.011705
GRID        2436        0.700000-0.00195-0.00980
GRID        2437        0.700000-0.00980-0.00195
GRID        2438        0.700000-0.00831-0.00555
GRID        2439        0.700000-0.00555-0.00831
GRID        2440        0.700000-0.001950.009807
GRID        2441        0.700000-0.005550.008314
GRID        2442        0.700000-0.008310.005555
GRID        2443        0.700000-0.009800.001950
GRID        2444        0.7000000.058847-0.01170
GRID        2445        0.7000000.049888-0.03333
GRID        2446        0.7000000.033334-0.04988
GRID        2447        0.7000000.011705-0.05884
GRID        2448        0.7000000.009807-0.00195
GRID        2449        0.7000000.008314-0.00555
GRID        2450        0.7000000.005555-0.00831
GRID        2451        0.7000000.001950-0.00980
GRID        2452        0.7000000.0083140.005555
GRID        2453        0.7000000.0055550.008314
GRID        2454        0.7000000.0098070.001950
GRID        2455        0.7000000.0019500.009807
GRID        2456        0.7000000.0498880.033334
GRID        2457        0.7000000.0333340.049888
GRID        2458        0.7000000.0588470.011705
GRID        2459        0.7000000.0117050.058847
GRID        2460        0.720000-0.01170-0.05884
GRID        2461        0.720000-0.05884-0.01170
GRID        2462        0.720000-0.04988-0.03333
GRID        2463        0.720000-0.03333-0.04988
GRID        2464        0.720000-0.011700.058847
GRID        2465        0.720000-0.033330.049888
GRID        2466        0.720000-0.049880.033334
GRID        2467        0.720000-0.058840.011705
GRID        2468        0.720000-0.00195-0.00980
GRID        2469        0.720000-0.00980-0.00195
GRID        2470        0.720000-0.00555-0.00831
GRID        2471        0.720000-0.00831-0.00555
GRID        2472        0.720000-0.001950.009807
GRID        2473        0.720000-0.005550.008314
GRID        2474        0.720000-0.008310.005555
GRID        2475        0.720000-0.009800.001950
GRID        2476        0.7200000.058847-0.01170
GRID        2477        0.7200000.049888-0.03333
GRID        2478        0.7200000.033334-0.04988
GRID        2479        0.7200000.011705-0.05884
GRID        2480        0.7200000.009807-0.00195
GRID        2481        0.7200000.008314-0.00555
GRID        2482        0.7200000.005555-0.00831
GRID        2483        0.7200000.001950-0.00980
GRID        2484        0.7200000.0083140.005555
GRID        2485        0.7200000.0055550.008314
GRID        2486        0.7200000.0098070.001950
GRID        2487        0.7200000.0019500.009807
GRID        2488        0.7200000.0498880.033334
GRID        2489        0.7200000.0333340.049888
GRID        2490        0.7200000.0588470.011705
GRID        2491        0.7200000.0117050.058847
GRID        2492         1.00000-0.00195-0.00980
GRID        2493         1.00000-0.00980-0.00195
GRID        2494         1.00000-0.00831-0.00555
GRID        2495         1.00000-0.00555-0.00831
GRID        2496         1.00000-0.001950.009807
GRID        2497         1.00000-0.005550.008314
GRID        2498         1.00000-0.008310.005555
GRID        2499         1.00000-0.009800.001950
GRID        2500         1.000000.009807-0.00195
GRID        2501         1.000000.008314-0.00555
GRID        2502         1.000000.005555-0.00831
GRID        2503         1.000000.001950-0.00980
GRID        2504         1.000000.0083140.005555
GRID        2505         1.000000.0055550.008314
GRID        2506         1.000000.0098070.001950
GRID        2507         1.000000.0019500.009807
GRID        2508        0.290000-0.010001.95E-17
GRID        2509        0.270000-0.010001.83E-17
GRID        2510        0.250000-0.010001.71E-17
GRID        2511        0.230000-0.010001.59E-17
GRID        2512        0.210000-0.010001.46E-17
GRID        2513        0.190000-0.010001.34E-17
GRID        2514        0.170000-0.010001.22E-17
GRID        2515        0.150000-0.010001.10E-17
GRID        2516        0.130000-0.010009.79E-18
GRID        2517        0.110000-0.010008.57E-18
GRID        2518        0.090000-0.010007.34E-18
GRID        2519        0.070000-0.010006.12E-18
GRID        2520        0.050000-0.010004.89E-18
GRID        2521        0.030000-0.010003.67E-18
GRID        2522        0.010000-0.010002.44E-18
GRID        2523        0.290000 0.00000-0.01000
GRID        2524        0.270000 0.00000-0.01000
GRID        2525        0.250000 0.00000-0.01000
GRID        2526        0.230000 0.00000-0.01000
GRID        2527        0.210000 0.00000-0.01000
GRID        2528        0.190000 0.00000-0.01000
GRID        2529        0.170000 0.00000-0.01000
GRID        2530        0.150000 0.00000-0.01000
GRID        2531        0.130000 0.00000-0.01000
GRID        2532        0.110000 0.00000-0.01000
GRID        2533        0.090000 0.00000-0.01000
GRID        2534        0.070000 0.00000-0.01000
GRID        2535        0.050000 0.00000-0.01000
GRID        2536        0.030000 0.00000-0.01000
GRID        2537        0.010000 0.00000-0.01000
GRID        2538        0.2900001.22E-180.010000
GRID        2539        0.2700001.22E-180.010000
GRID        2540        0.2500001.22E-180.010000
GRID        2541        0.2300001.22E-180.010000
GRID        2542        0.2100001.22E-180.010000
GRID        2543        0.1900001.22E-180.010000
GRID        2544        0.1700001.22E-180.010000
GRID        2545        0.1500001.22E-180.010000
GRID        2546        0.1300001.22E-180.010000
GRID        2547        0.1100001.22E-180.010000
GRID        2548        0.0900001.22E-180.010000
GRID        2549        0.0700001.22E-180.010000
GRID        2550        0.0500001.22E-180.010000
GRID        2551        0.0300001.22E-180.010000
GRID        2552        0.0100001.22E-180.010000
GRID        2553        0.2900000.0100001.71E-17
GRID        2554        0.2700000.0100001.59E-17
GRID        2555        0.2500000.0100001.46E-17
GRID        2556        0.2300000.0100001.34E-17
GRID        2557        0.2100000.0100001.22E-17
GRID        2558        0.1900000.0100001.10E-17
GRID        2559        0.1700000.0100009.79E-18
GRID        2560        0.1500000.0100008.57E-18
GRID        2561        0.1300000.0100007.34E-18
GRID        2562        0.1100000.0100006.12E-18
GRID        2563        0.0900000.0100004.89E-18
GRID        2564        0.0700000.0100003.67E-18
GRID        2565        0.0500000.0100002.44E-18
GRID        2566        0.0300000.0100001.22E-18
GRID        2567        0.0100000.0100009.62E-35
GRID        2568        0.300000-0.07125-0.00437
GRID        2569        0.300000-0.05375-0.00312
GRID        2570        0.300000-0.03625-0.00187
GRID        2571        0.300000-0.01875-0.00062
GRID        2572        0.310000-0.08000-0.00500
GRID        2573        0.310000-0.010002.08E-17
GRID        2574        0.3000005.74E-19-0.07562
GRID        2575        0.3000001.72E-18-0.05687
GRID        2576        0.3000002.87E-18-0.03812
GRID        2577        0.3000001.72E-18-0.01937
GRID        2578        0.310000 0.00000-0.08500
GRID        2579        0.310000 0.00000-0.01000
GRID        2580        0.3000009.29E-180.066875
GRID        2581        0.3000008.30E-180.050625
GRID        2582        0.3000007.30E-180.034375
GRID        2583        0.3000004.01E-180.018125
GRID        2584        0.3100001.22E-180.010000
GRID        2585        0.3100009.79E-180.075000
GRID        2586        0.3000000.071250-0.00437
GRID        2587        0.3000000.053750-0.00312
GRID        2588        0.3000000.036250-0.00187
GRID        2589        0.3000000.018750-0.00062
GRID        2590        0.3100000.0100001.83E-17
GRID        2591        0.3100000.080000-0.00500
GRID        2592        0.690000-0.010004.40E-17
GRID        2593        0.670000-0.010004.28E-17
GRID        2594        0.650000-0.010004.16E-17
GRID        2595        0.630000-0.010004.04E-17
GRID        2596        0.610000-0.010003.91E-17
GRID        2597        0.590000-0.010003.79E-17
GRID        2598        0.570000-0.010003.67E-17
GRID        2599        0.550000-0.010003.55E-17
GRID        2600        0.530000-0.010003.42E-17
GRID        2601        0.510000-0.010003.30E-17
GRID        2602        0.490000-0.010003.18E-17
GRID        2603        0.470000-0.010003.06E-17
GRID        2604        0.450000-0.010002.93E-17
GRID        2605        0.430000-0.010002.81E-17
GRID        2606        0.410000-0.010002.69E-17
GRID        2607        0.390000-0.010002.57E-17
GRID        2608        0.370000-0.010002.44E-17
GRID        2609        0.350000-0.010002.32E-17
GRID        2610        0.330000-0.010002.20E-17
GRID        2611        0.690000 0.00000-0.01000
GRID        2612        0.670000 0.00000-0.01000
GRID        2613        0.650000 0.00000-0.01000
GRID        2614        0.630000 0.00000-0.01000
GRID        2615        0.610000 0.00000-0.01000
GRID        2616        0.590000 0.00000-0.01000
GRID        2617        0.570000 0.00000-0.01000
GRID        2618        0.550000 0.00000-0.01000
GRID        2619        0.530000 0.00000-0.01000
GRID        2620        0.510000 0.00000-0.01000
GRID        2621        0.490000 0.00000-0.01000
GRID        2622        0.470000 0.00000-0.01000
GRID        2623        0.450000 0.00000-0.01000
GRID        2624        0.430000 0.00000-0.01000
GRID        2625        0.410000 0.00000-0.01000
GRID        2626        0.390000 0.00000-0.01000
GRID        2627        0.370000 0.00000-0.01000
GRID        2628        0.350000 0.00000-0.01000
GRID        2629        0.330000 0.00000-0.01000
GRID        2630        0.6900001.22E-180.010000
GRID        2631        0.6700001.22E-180.010000
GRID        2632        0.6500001.22E-180.010000
GRID        2633        0.6300001.22E-180.010000
GRID        2634        0.6100001.22E-180.010000
GRID        2635        0.5900001.22E-180.010000
GRID        2636        0.5700001.22E-180.010000
GRID        2637        0.5500001.22E-180.010000
GRID        2638        0.5300001.22E-180.010000
GRID        2639        0.5100001.22E-180.010000
GRID        2640        0.4900001.22E-180.010000
GRID        2641        0.4700001.22E-180.010000
GRID        2642        0.4500001.22E-180.010000
GRID        2643        0.4300001.22E-180.010000
GRID        2644        0.4100001.22E-180.010000
GRID        2645        0.3900001.22E-180.010000
GRID        2646        0.3700001.22E-180.010000
GRID        2647        0.3500001.22E-180.010000
GRID        2648        0.3300001.22E-180.010000
GRID        2649        0.6900000.0100004.16E-17
GRID        2650        0.6700000.0100004.04E-17
GRID        2651        0.6500000.0100003.91E-17
GRID        2652        0.6300000.0100003.79E-17
GRID        2653        0.6100000.0100003.67E-17
GRID        2654        0.5900000.0100003.55E-17
GRID        2655        0.5700000.0100003.42E-17
GRID        2656        0.5500000.0100003.30E-17
GRID        2657        0.5300000.0100003.18E-17
GRID        2658        0.5100000.0100003.06E-17
GRID        2659        0.4900000.0100002.93E-17
GRID        2660        0.4700000.0100002.81E-17
GRID        2661        0.4500000.0100002.69E-17
GRID        2662        0.4300000.0100002.57E-17
GRID        2663        0.4100000.0100002.44E-17
GRID        2664        0.3900000.0100002.32E-17
GRID        2665        0.3700000.0100002.20E-17
GRID        2666        0.3500000.0100002.08E-17
GRID        2667        0.3300000.0100001.95E-17
GRID        2668        0.700000-0.053751.02E-17
GRID        2669        0.700000-0.041258.72E-18
GRID        2670        0.700000-0.028757.19E-18
GRID        2671        0.700000-0.016252.55E-17
GRID        2672        0.710000-0.060001.10E-17
GRID        2673        0.710000-0.010004.53E-17
GRID        2674        0.7000003.82E-19-0.05375
GRID        2675        0.7000001.14E-18-0.04125
GRID        2676        0.7000001.91E-18-0.02875
GRID        2677        0.7000001.14E-18-0.01625
GRID        2678        0.710000 0.00000-0.06000
GRID        2679        0.710000 0.00000-0.01000
GRID        2680        0.7000006.96E-180.053750
GRID        2681        0.7000006.19E-180.041250
GRID        2682        0.7000005.43E-180.028750
GRID        2683        0.7000003.13E-180.016250
GRID        2684        0.7100001.22E-180.010000
GRID        2685        0.7100007.34E-180.060000
GRID        2686        0.7000000.053750-2.9E-18
GRID        2687        0.7000000.041250-1.3E-18
GRID        2688        0.7000000.0287501.53E-19
GRID        2689        0.7000000.0162502.15E-17
GRID        2690        0.7100000.0100004.28E-17
GRID        2691        0.7100000.060000-3.6E-18
GRID        2692        0.990000-0.010006.24E-17
GRID        2693        0.970000-0.010006.12E-17
GRID        2694        0.950000-0.010006.00E-17
GRID        2695        0.930000-0.010005.87E-17
GRID        2696        0.910000-0.010005.75E-17
GRID        2697        0.890000-0.010005.63E-17
GRID        2698        0.870000-0.010005.51E-17
GRID        2699        0.850000-0.010005.38E-17
GRID        2700        0.830000-0.010005.26E-17
GRID        2701        0.810000-0.010005.14E-17
GRID        2702        0.790000-0.010005.02E-17
GRID        2703        0.770000-0.010004.89E-17
GRID        2704        0.750000-0.010004.77E-17
GRID        2705        0.730000-0.010004.65E-17
GRID        2706        0.990000 0.00000-0.01000
GRID        2707        0.970000 0.00000-0.01000
GRID        2708        0.950000 0.00000-0.01000
GRID        2709        0.930000 0.00000-0.01000
GRID        2710        0.910000 0.00000-0.01000
GRID        2711        0.890000 0.00000-0.01000
GRID        2712        0.870000 0.00000-0.01000
GRID        2713        0.850000 0.00000-0.01000
GRID        2714        0.830000 0.00000-0.01000
GRID        2715        0.810000 0.00000-0.01000
GRID        2716        0.790000 0.00000-0.01000
GRID        2717        0.770000 0.00000-0.01000
GRID        2718        0.750000 0.00000-0.01000
GRID        2719        0.730000 0.00000-0.01000
GRID        2720        0.9900001.22E-180.010000
GRID        2721        0.9700001.22E-180.010000
GRID        2722        0.9500001.22E-180.010000
GRID        2723        0.9300001.22E-180.010000
GRID        2724        0.9100001.22E-180.010000
GRID        2725        0.8900001.22E-180.010000
GRID        2726        0.8700001.22E-180.010000
GRID        2727        0.8500001.22E-180.010000
GRID        2728        0.8300001.22E-180.010000
GRID        2729        0.8100001.22E-180.010000
GRID        2730        0.7900001.22E-180.010000
GRID        2731        0.7700001.22E-180.010000
GRID        2732        0.7500001.22E-180.010000
GRID        2733        0.7300001.22E-180.010000
GRID        2734        0.9900000.0100006.00E-17
GRID        2735        0.9700000.0100005.87E-17
GRID        2736        0.9500000.0100005.75E-17
GRID        2737        0.9300000.0100005.63E-17
GRID        2738        0.9100000.0100005.51E-17
GRID        2739        0.8900000.0100005.38E-17
GRID        2740        0.8700000.0100005.26E-17
GRID        2741        0.8500000.0100005.14E-17
GRID        2742        0.8300000.0100005.02E-17
GRID        2743        0.8100000.0100004.89E-17
GRID        2744        0.7900000.0100004.77E-17
GRID        2745        0.7700000.0100004.65E-17
GRID        2746        0.7500000.0100004.53E-17
GRID        2747        0.7300000.0100004.40E-17
GRID        2748        -3.8E-190.0062130.006214
GRID        2749        -2.5E-190.0056320.004228
GRID        2750        -2.1E-190.0075730.003462
GRID        2751        -3.4E-190.0042250.005634
GRID        2752        -4.6E-190.0034610.007574
GRID        2753        -9.5E-200.0060490.001555
GRID        2754        -3.7E-220.0080956.070E-6
GRID        2755        -3.7E-190.0015500.006051
GRID        2756        -4.9E-192.890E-60.008096
GRID        2757        9.39E-200.006051-0.00153
GRID        2758        2.11E-190.007574-0.00345
GRID        2759        -4.6E-19-0.003450.007574
GRID        2760        -3.7E-19-0.001530.006051
GRID        2761        2.58E-190.005635-0.00421
GRID        2762        3.80E-190.006215-0.00620
GRID        2763        -3.8E-19-0.006210.006214
GRID        2764        -3.4E-19-0.004210.005634
GRID        2765        3.44E-190.004229-0.00561
GRID        2766        4.63E-190.003463-0.00756
GRID        2767        -2.5E-19-0.005620.004228
GRID        2768        -2.1E-19-0.007560.003462
GRID        2769        3.69E-190.001556-0.00603
GRID        2770        4.95E-196.336E-6-0.00808
GRID        2771        -9.5E-20-0.006030.001553
GRID        2772        -2.4E-22-0.008084.043E-6
GRID        2773        3.69E-19-0.00153-0.00603
GRID        2774        4.63E-19-0.00345-0.00756
GRID        2775        2.11E-19-0.00756-0.00345
GRID        2776        9.41E-20-0.00603-0.00153
GRID        2777        3.44E-19-0.00421-0.00562
GRID        2778        3.80E-19-0.00620-0.00620
GRID        2779        2.58E-19-0.00562-0.00421
GRID        2780        0.280000-0.00195-0.00980
GRID        2781        0.290000-0.00382-0.00923
GRID        2782        0.290000-0.00923-0.00382
GRID        2783        0.280000-0.00980-0.00195
GRID        2784        0.290000-0.00707-0.00707
GRID        2785        0.280000-0.00831-0.00555
GRID        2786        0.280000-0.00555-0.00831
GRID        2787        0.260000-0.00195-0.00980
GRID        2788        0.270000-0.00382-0.00923
GRID        2789        0.270000-0.00923-0.00382
GRID        2790        0.260000-0.00980-0.00195
GRID        2791        0.270000-0.00707-0.00707
GRID        2792        0.260000-0.00831-0.00555
GRID        2793        0.260000-0.00555-0.00831
GRID        2794        0.240000-0.00195-0.00980
GRID        2795        0.250000-0.00382-0.00923
GRID        2796        0.250000-0.00923-0.00382
GRID        2797        0.240000-0.00980-0.00195
GRID        2798        0.250000-0.00707-0.00707
GRID        2799        0.240000-0.00831-0.00555
GRID        2800        0.240000-0.00555-0.00831
GRID        2801        0.220000-0.00195-0.00980
GRID        2802        0.230000-0.00382-0.00923
GRID        2803        0.230000-0.00923-0.00382
GRID        2804        0.220000-0.00980-0.00195
GRID        2805        0.230000-0.00707-0.00707
GRID        2806        0.220000-0.00831-0.00555
GRID        2807        0.220000-0.00555-0.00831
GRID        2808        0.200000-0.00195-0.00980
GRID        2809        0.210000-0.00382-0.00923
GRID        2810        0.210000-0.00923-0.00382
GRID        2811        0.200000-0.00980-0.00195
GRID        2812        0.210000-0.00707-0.00707
GRID        2813        0.200000-0.00831-0.00555
GRID        2814        0.200000-0.00555-0.00831
GRID        2815        0.180000-0.00195-0.00980
GRID        2816        0.190000-0.00382-0.00923
GRID        2817        0.190000-0.00923-0.00382
GRID        2818        0.180000-0.00980-0.00195
GRID        2819        0.190000-0.00707-0.00707
GRID        2820        0.180000-0.00831-0.00555
GRID        2821        0.180000-0.00555-0.00831
GRID        2822        0.160000-0.00195-0.00980
GRID        2823        0.170000-0.00382-0.00923
GRID        2824        0.170000-0.00923-0.00382
GRID        2825        0.160000-0.00980-0.00195
GRID        2826        0.170000-0.00707-0.00707
GRID        2827        0.160000-0.00831-0.00555
GRID        2828        0.160000-0.00555-0.00831
GRID        2829        0.140000-0.00195-0.00980
GRID        2830        0.150000-0.00382-0.00923
GRID        2831        0.150000-0.00923-0.00382
GRID        2832        0.140000-0.00980-0.00195
GRID        2833        0.150000-0.00707-0.00707
GRID        2834        0.140000-0.00831-0.00555
GRID        2835        0.140000-0.00555-0.00831
GRID        2836        0.120000-0.00195-0.00980
GRID        2837        0.130000-0.00382-0.00923
GRID        2838        0.130000-0.00923-0.00382
GRID        2839        0.120000-0.00980-0.00195
GRID        2840        0.130000-0.00707-0.00707
GRID        2841        0.120000-0.00831-0.00555
GRID        2842        0.120000-0.00555-0.00831
GRID        2843        0.100000-0.00195-0.00980
GRID        2844        0.110000-0.00382-0.00923
GRID        2845        0.110000-0.00923-0.00382
GRID        2846        0.100000-0.00980-0.00195
GRID        2847        0.110000-0.00707-0.00707
GRID        2848        0.100000-0.00831-0.00555
GRID        2849        0.100000-0.00555-0.00831
GRID        2850        0.080000-0.00195-0.00980
GRID        2851        0.090000-0.00382-0.00923
GRID        2852        0.090000-0.00923-0.00382
GRID        2853        0.080000-0.00980-0.00195
GRID        2854        0.090000-0.00707-0.00707
GRID        2855        0.080000-0.00831-0.00555
GRID        2856        0.080000-0.00555-0.00831
GRID        2857        0.060000-0.00195-0.00980
GRID        2858        0.070000-0.00382-0.00923
GRID        2859        0.070000-0.00923-0.00382
GRID        2860        0.060000-0.00980-0.00195
GRID        2861        0.070000-0.00707-0.00707
GRID        2862        0.060000-0.00831-0.00555
GRID        2863        0.060000-0.00555-0.00831
GRID        2864        0.040000-0.00195-0.00980
GRID        2865        0.050000-0.00382-0.00923
GRID        2866        0.050000-0.00923-0.00382
GRID        2867        0.040000-0.00980-0.00195
GRID        2868        0.050000-0.00707-0.00707
GRID        2869        0.040000-0.00831-0.00555
GRID        2870        0.040000-0.00555-0.00831
GRID        2871        0.020000-0.00195-0.00980
GRID        2872        0.030000-0.00382-0.00923
GRID        2873        0.030000-0.00923-0.00382
GRID        2874        0.020000-0.00980-0.00195
GRID        2875        0.030000-0.00707-0.00707
GRID        2876        0.020000-0.00831-0.00555
GRID        2877        0.020000-0.00555-0.00831
GRID        2878        0.010000-0.00382-0.00923
GRID        2879        0.010000-0.00923-0.00382
GRID        2880        0.010000-0.00707-0.00707
GRID        2881        0.290000-0.003820.009238
GRID        2882        0.280000-0.001950.009807
GRID        2883        0.290000-0.007070.007071
GRID        2884        0.280000-0.005550.008314
GRID        2885        0.270000-0.003820.009238
GRID        2886        0.260000-0.001950.009807
GRID        2887        0.290000-0.009230.003826
GRID        2888        0.280000-0.008310.005555
GRID        2889        0.270000-0.007070.007071
GRID        2890        0.260000-0.005550.008314
GRID        2891        0.250000-0.003820.009238
GRID        2892        0.240000-0.001950.009807
GRID        2893        0.280000-0.009800.001950
GRID        2894        0.270000-0.009230.003826
GRID        2895        0.260000-0.008310.005555
GRID        2896        0.250000-0.007070.007071
GRID        2897        0.240000-0.005550.008314
GRID        2898        0.230000-0.003820.009238
GRID        2899        0.220000-0.001950.009807
GRID        2900        0.260000-0.009800.001950
GRID        2901        0.250000-0.009230.003826
GRID        2902        0.240000-0.008310.005555
GRID        2903        0.230000-0.007070.007071
GRID        2904        0.220000-0.005550.008314
GRID        2905        0.210000-0.003820.009238
GRID        2906        0.200000-0.001950.009807
GRID        2907        0.240000-0.009800.001950
GRID        2908        0.230000-0.009230.003826
GRID        2909        0.220000-0.008310.005555
GRID        2910        0.210000-0.007070.007071
GRID        2911        0.200000-0.005550.008314
GRID        2912        0.190000-0.003820.009238
GRID        2913        0.180000-0.001950.009807
GRID        2914        0.220000-0.009800.001950
GRID        2915        0.210000-0.009230.003826
GRID        2916        0.200000-0.008310.005555
GRID        2917        0.190000-0.007070.007071
GRID        2918        0.180000-0.005550.008314
GRID        2919        0.170000-0.003820.009238
GRID        2920        0.160000-0.001950.009807
GRID        2921        0.200000-0.009800.001950
GRID        2922        0.190000-0.009230.003826
GRID        2923        0.180000-0.008310.005555
GRID        2924        0.170000-0.007070.007071
GRID        2925        0.160000-0.005550.008314
GRID        2926        0.150000-0.003820.009238
GRID        2927        0.140000-0.001950.009807
GRID        2928        0.180000-0.009800.001950
GRID        2929        0.170000-0.009230.003826
GRID        2930        0.160000-0.008310.005555
GRID        2931        0.150000-0.007070.007071
GRID        2932        0.140000-0.005550.008314
GRID        2933        0.130000-0.003820.009238
GRID        2934        0.120000-0.001950.009807
GRID        2935        0.160000-0.009800.001950
GRID        2936        0.150000-0.009230.003826
GRID        2937        0.140000-0.008310.005555
GRID        2938        0.130000-0.007070.007071
GRID        2939        0.120000-0.005550.008314
GRID        2940        0.110000-0.003820.009238
GRID        2941        0.100000-0.001950.009807
GRID        2942        0.140000-0.009800.001950
GRID        2943        0.130000-0.009230.003826
GRID        2944        0.120000-0.008310.005555
GRID        2945        0.110000-0.007070.007071
GRID        2946        0.100000-0.005550.008314
GRID        2947        0.090000-0.003820.009238
GRID        2948        0.080000-0.001950.009807
GRID        2949        0.120000-0.009800.001950
GRID        2950        0.110000-0.009230.003826
GRID        2951        0.100000-0.008310.005555
GRID        2952        0.090000-0.007070.007071
GRID        2953        0.080000-0.005550.008314
GRID        2954        0.070000-0.003820.009238
GRID        2955        0.060000-0.001950.009807
GRID        2956        0.100000-0.009800.001950
GRID        2957        0.090000-0.009230.003826
GRID        2958        0.080000-0.008310.005555
GRID        2959        0.070000-0.007070.007071
GRID        2960        0.060000-0.005550.008314
GRID        2961        0.050000-0.003820.009238
GRID        2962        0.040000-0.001950.009807
GRID        2963        0.080000-0.009800.001950
GRID        2964        0.070000-0.009230.003826
GRID        2965        0.060000-0.008310.005555
GRID        2966        0.050000-0.007070.007071
GRID        2967        0.040000-0.005550.008314
GRID        2968        0.030000-0.003820.009238
GRID        2969        0.020000-0.001950.009807
GRID        2970        0.060000-0.009800.001950
GRID        2971        0.050000-0.009230.003826
GRID        2972        0.040000-0.008310.005555
GRID        2973        0.030000-0.007070.007071
GRID        2974        0.020000-0.005550.008314
GRID        2975        0.010000-0.003820.009238
GRID        2976        0.040000-0.009800.001950
GRID        2977        0.030000-0.009230.003826
GRID        2978        0.020000-0.008310.005555
GRID        2979        0.010000-0.007070.007071
GRID        2980        0.020000-0.009800.001950
GRID        2981        0.010000-0.009230.003826
GRID        2982        0.2800000.009807-0.00195
GRID        2983        0.2900000.009238-0.00382
GRID        2984        0.2800000.008314-0.00555
GRID        2985        0.2900000.007071-0.00707
GRID        2986        0.2600000.009807-0.00195
GRID        2987        0.2700000.009238-0.00382
GRID        2988        0.2800000.005555-0.00831
GRID        2989        0.2900000.003826-0.00923
GRID        2990        0.2600000.008314-0.00555
GRID        2991        0.2700000.007071-0.00707
GRID        2992        0.2400000.009807-0.00195
GRID        2993        0.2500000.009238-0.00382
GRID        2994        0.2800000.001950-0.00980
GRID        2995        0.2600000.005555-0.00831
GRID        2996        0.2700000.003826-0.00923
GRID        2997        0.2400000.008314-0.00555
GRID        2998        0.2500000.007071-0.00707
GRID        2999        0.2200000.009807-0.00195
GRID        3000        0.2300000.009238-0.00382
GRID        3001        0.2600000.001950-0.00980
GRID        3002        0.2400000.005555-0.00831
GRID        3003        0.2500000.003826-0.00923
GRID        3004        0.2200000.008314-0.00555
GRID        3005        0.2300000.007071-0.00707
GRID        3006        0.2000000.009807-0.00195
GRID        3007        0.2100000.009238-0.00382
GRID        3008        0.2400000.001950-0.00980
GRID        3009        0.2200000.005555-0.00831
GRID        3010        0.2300000.003826-0.00923
GRID        3011        0.2000000.008314-0.00555
GRID        3012        0.2100000.007071-0.00707
GRID        3013        0.1800000.009807-0.00195
GRID        3014        0.1900000.009238-0.00382
GRID        3015        0.2200000.001950-0.00980
GRID        3016        0.2000000.005555-0.00831
GRID        3017        0.2100000.003826-0.00923
GRID        3018        0.1800000.008314-0.00555
GRID        3019        0.1900000.007071-0.00707
GRID        3020        0.1600000.009807-0.00195
GRID        3021        0.1700000.009238-0.00382
GRID        3022        0.2000000.001950-0.00980
GRID        3023        0.1800000.005555-0.00831
GRID        3024        0.1900000.003826-0.00923
GRID        3025        0.1600000.008314-0.00555
GRID        3026        0.1700000.007071-0.00707
GRID        3027        0.1400000.009807-0.00195
GRID        3028        0.1500000.009238-0.00382
GRID        3029        0.1800000.001950-0.00980
GRID        3030        0.1600000.005555-0.00831
GRID        3031        0.1700000.003826-0.00923
GRID        3032        0.1400000.008314-0.00555
GRID        3033        0.1500000.007071-0.00707
GRID        3034        0.1200000.009807-0.00195
GRID        3035        0.1300000.009238-0.00382
GRID        3036        0.1600000.001950-0.00980
GRID        3037        0.1400000.005555-0.00831
GRID        3038        0.1500000.003826-0.00923
GRID        3039        0.1200000.008314-0.00555
GRID        3040        0.1300000.007071-0.00707
GRID        3041        0.1000000.009807-0.00195
GRID        3042        0.1100000.009238-0.00382
GRID        3043        0.1400000.001950-0.00980
GRID        3044        0.1200000.005555-0.00831
GRID        3045        0.1300000.003826-0.00923
GRID        3046        0.1000000.008314-0.00555
GRID        3047        0.1100000.007071-0.00707
GRID        3048        0.0800000.009807-0.00195
GRID        3049        0.0900000.009238-0.00382
GRID        3050        0.1200000.001950-0.00980
GRID        3051        0.1000000.005555-0.00831
GRID        3052        0.1100000.003826-0.00923
GRID        3053        0.0800000.008314-0.00555
GRID        3054        0.0900000.007071-0.00707
GRID        3055        0.0600000.009807-0.00195
GRID        3056        0.0700000.009238-0.00382
GRID        3057        0.1000000.001950-0.00980
GRID        3058        0.0800000.005555-0.00831
GRID        3059        0.0900000.003826-0.00923
GRID        3060        0.0600000.008314-0.00555
GRID        3061        0.0700000.007071-0.00707
GRID        3062        0.0400000.009807-0.00195
GRID        3063        0.0500000.009238-0.00382
GRID        3064        0.0800000.001950-0.00980
GRID        3065        0.0600000.005555-0.00831
GRID        3066        0.0700000.003826-0.00923
GRID        3067        0.0400000.008314-0.00555
GRID        3068        0.0500000.007071-0.00707
GRID        3069        0.0200000.009807-0.00195
GRID        3070        0.0300000.009238-0.00382
GRID        3071        0.0600000.001950-0.00980
GRID        3072        0.0400000.005555-0.00831
GRID        3073        0.0500000.003826-0.00923
GRID        3074        0.0200000.008314-0.00555
GRID        3075        0.0300000.007071-0.00707
GRID        3076        0.0100000.009238-0.00382
GRID        3077        0.0400000.001950-0.00980
GRID        3078        0.0200000.005555-0.00831
GRID        3079        0.0300000.003826-0.00923
GRID        3080        0.0100000.007071-0.00707
GRID        3081        0.0200000.001950-0.00980
GRID        3082        0.0100000.003826-0.00923
GRID        3083        0.2800000.0083140.005555
GRID        3084        0.2900000.0092380.003826
GRID        3085        0.2900000.0070710.007071
GRID        3086        0.2800000.0055550.008314
GRID        3087        0.2900000.0038260.009238
GRID        3088        0.2800000.0098070.001950
GRID        3089        0.2600000.0083140.005555
GRID        3090        0.2700000.0092380.003826
GRID        3091        0.2700000.0070710.007071
GRID        3092        0.2800000.0019500.009807
GRID        3093        0.2600000.0055550.008314
GRID        3094        0.2700000.0038260.009238
GRID        3095        0.2600000.0098070.001950
GRID        3096        0.2400000.0083140.005555
GRID        3097        0.2500000.0092380.003826
GRID        3098        0.2500000.0070710.007071
GRID        3099        0.2600000.0019500.009807
GRID        3100        0.2400000.0055550.008314
GRID        3101        0.2500000.0038260.009238
GRID        3102        0.2400000.0098070.001950
GRID        3103        0.2200000.0083140.005555
GRID        3104        0.2300000.0092380.003826
GRID        3105        0.2300000.0070710.007071
GRID        3106        0.2400000.0019500.009807
GRID        3107        0.2200000.0055550.008314
GRID        3108        0.2300000.0038260.009238
GRID        3109        0.2200000.0098070.001950
GRID        3110        0.2000000.0083140.005555
GRID        3111        0.2100000.0092380.003826
GRID        3112        0.2100000.0070710.007071
GRID        3113        0.2200000.0019500.009807
GRID        3114        0.2000000.0055550.008314
GRID        3115        0.2100000.0038260.009238
GRID        3116        0.2000000.0098070.001950
GRID        3117        0.1800000.0083140.005555
GRID        3118        0.1900000.0092380.003826
GRID        3119        0.1900000.0070710.007071
GRID        3120        0.2000000.0019500.009807
GRID        3121        0.1800000.0055550.008314
GRID        3122        0.1900000.0038260.009238
GRID        3123        0.1800000.0098070.001950
GRID        3124        0.1600000.0083140.005555
GRID        3125        0.1700000.0092380.003826
GRID        3126        0.1700000.0070710.007071
GRID        3127        0.1800000.0019500.009807
GRID        3128        0.1600000.0055550.008314
GRID        3129        0.1700000.0038260.009238
GRID        3130        0.1600000.0098070.001950
GRID        3131        0.1400000.0083140.005555
GRID        3132        0.1500000.0092380.003826
GRID        3133        0.1500000.0070710.007071
GRID        3134        0.1600000.0019500.009807
GRID        3135        0.1400000.0055550.008314
GRID        3136        0.1500000.0038260.009238
GRID        3137        0.1400000.0098070.001950
GRID        3138        0.1200000.0083140.005555
GRID        3139        0.1300000.0092380.003826
GRID        3140        0.1300000.0070710.007071
GRID        3141        0.1400000.0019500.009807
GRID        3142        0.1200000.0055550.008314
GRID        3143        0.1300000.0038260.009238
GRID        3144        0.1200000.0098070.001950
GRID        3145        0.1000000.0083140.005555
GRID        3146        0.1100000.0092380.003826
GRID        3147        0.1100000.0070710.007071
GRID        3148        0.1200000.0019500.009807
GRID        3149        0.1000000.0055550.008314
GRID        3150        0.1100000.0038260.009238
GRID        3151        0.1000000.0098070.001950
GRID        3152        0.0800000.0083140.005555
GRID        3153        0.0900000.0092380.003826
GRID        3154        0.0900000.0070710.007071
GRID        3155        0.1000000.0019500.009807
GRID        3156        0.0800000.0055550.008314
GRID        3157        0.0900000.0038260.009238
GRID        3158        0.0800000.0098070.001950
GRID        3159        0.0600000.0083140.005555
GRID        3160        0.0700000.0092380.003826
GRID        3161        0.0700000.0070710.007071
GRID        3162        0.0800000.0019500.009807
GRID        3163        0.0600000.0055550.008314
GRID        3164        0.0700000.0038260.009238
GRID        3165        0.0600000.0098070.001950
GRID        3166        0.0400000.0083140.005555
GRID        3167        0.0500000.0092380.003826
GRID        3168        0.0500000.0070710.007071
GRID        3169        0.0600000.0019500.009807
GRID        3170        0.0400000.0055550.008314
GRID        3171        0.0500000.0038260.009238
GRID        3172        0.0400000.0098070.001950
GRID        3173        0.0200000.0083140.005555
GRID        3174        0.0300000.0092380.003826
GRID        3175        0.0300000.0070710.007071
GRID        3176        0.0400000.0019500.009807
GRID        3177        0.0200000.0055550.008314
GRID        3178        0.0300000.0038260.009238
GRID        3179        0.0200000.0098070.001950
GRID        3180        0.0100000.0092380.003826
GRID        3181        0.0100000.0070710.007071
GRID        3182        0.0200000.0019500.009807
GRID        3183        0.0100000.0038260.009238
GRID        3184        0.300000-0.01195-0.06387
GRID        3185        0.300000-0.02726-0.07020
GRID        3186        0.300000-0.06582-0.03164
GRID        3187        0.300000-0.06012-0.01570
GRID        3188        0.300000-0.05038-0.05475
GRID        3189        0.300000-0.05096-0.03780
GRID        3190        0.300000-0.03405-0.05471
GRID        3191        0.300000-0.00526-0.02770
GRID        3192        0.300000-0.00717-0.01794
GRID        3193        0.300000-0.01732-0.00780
GRID        3194        0.300000-0.02645-0.00651
GRID        3195        0.300000-0.01325-0.01388
GRID        3196        0.300000-0.02242-0.01623
GRID        3197        0.300000-0.01498-0.02367
GRID        3198        0.300000-0.027260.061451
GRID        3199        0.300000-0.011950.056371
GRID        3200        0.300000-0.050380.046006
GRID        3201        0.300000-0.034050.047218
GRID        3202        0.300000-0.065820.022891
GRID        3203        0.300000-0.050960.030305
GRID        3204        0.300000-0.060120.008208
GRID        3205        0.300000-0.007170.016697
GRID        3206        0.300000-0.005260.025203
GRID        3207        0.300000-0.013250.012633
GRID        3208        0.300000-0.014980.021176
GRID        3209        0.300000-0.017320.006550
GRID        3210        0.300000-0.022420.013734
GRID        3211        0.300000-0.026450.004011
GRID        3212        0.310000-0.03061-0.07891
GRID        3213        0.310000-0.07391-0.03561
GRID        3214        0.310000-0.05656-0.06156
GRID        3215        0.310000-0.030610.068910
GRID        3216        0.310000-0.056560.051568
GRID        3217        0.310000-0.073910.025614
GRID        3218        0.310000-0.00382-0.00923
GRID        3219        0.310000-0.00923-0.00382
GRID        3220        0.310000-0.00707-0.00707
GRID        3221        0.310000-0.003820.009238
GRID        3222        0.310000-0.007070.007071
GRID        3223        0.310000-0.009230.003826
GRID        3224        0.3000000.060121-0.01570
GRID        3225        0.3000000.065826-0.03164
GRID        3226        0.3000000.050968-0.03780
GRID        3227        0.3000000.050381-0.05475
GRID        3228        0.3000000.034055-0.05471
GRID        3229        0.3000000.027266-0.07020
GRID        3230        0.3000000.011958-0.06387
GRID        3231        0.3000000.017322-0.00780
GRID        3232        0.3000000.026453-0.00651
GRID        3233        0.3000000.013258-0.01388
GRID        3234        0.3000000.022426-0.01623
GRID        3235        0.3000000.007175-0.01794
GRID        3236        0.3000000.014984-0.02367
GRID        3237        0.3000000.005261-0.02770
GRID        3238        0.3100000.073910-0.03561
GRID        3239        0.3100000.056568-0.06156
GRID        3240        0.3100000.030614-0.07891
GRID        3241        0.3100000.009238-0.00382
GRID        3242        0.3100000.007071-0.00707
GRID        3243        0.3100000.003826-0.00923
GRID        3244        0.3000000.0509680.030305
GRID        3245        0.3000000.0658260.022891
GRID        3246        0.3000000.0503810.046006
GRID        3247        0.3000000.0340550.047218
GRID        3248        0.3000000.0272660.061451
GRID        3249        0.3000000.0601210.008208
GRID        3250        0.3000000.0119580.056371
GRID        3251        0.3000000.0173220.006550
GRID        3252        0.3000000.0132580.012633
GRID        3253        0.3000000.0224260.013734
GRID        3254        0.3000000.0071750.016697
GRID        3255        0.3000000.0149840.021176
GRID        3256        0.3000000.0264530.004011
GRID        3257        0.3000000.0052610.025203
GRID        3258        0.3100000.0092380.003826
GRID        3259        0.3100000.0070710.007071
GRID        3260        0.3100000.0038260.009238
GRID        3261        0.3100000.0739100.025614
GRID        3262        0.3100000.0565680.051568
GRID        3263        0.3100000.0306140.068910
GRID        3264        0.3200000.0658260.022891
GRID        3265        0.3200000.0509680.030305
GRID        3266        0.3200000.0503810.046006
GRID        3267        0.3200000.0340550.047218
GRID        3268        0.3200000.0272660.061451
GRID        3269        0.3200000.071250-0.00437
GRID        3270        0.3200000.0601210.008208
GRID        3271        0.3200000.0119580.056371
GRID        3272        0.3200001.37E-170.066875
GRID        3273        0.3200000.065826-0.03164
GRID        3274        0.3200000.060121-0.01570
GRID        3275        0.320000-0.011950.056371
GRID        3276        0.320000-0.027260.061451
GRID        3277        0.3200000.050381-0.05475
GRID        3278        0.3200000.050968-0.03780
GRID        3279        0.3200000.0173220.006550
GRID        3280        0.3200000.0224260.013734
GRID        3281        0.3200000.0132580.012633
GRID        3282        0.320000-0.034050.047218
GRID        3283        0.320000-0.050380.046006
GRID        3284        0.3200000.0149840.021176
GRID        3285        0.3200000.0071750.016697
GRID        3286        0.3200000.027266-0.07020
GRID        3287        0.3200000.034055-0.05471
GRID        3288        0.3200000.018750-0.00062
GRID        3289        0.3200000.0264530.004011
GRID        3290        0.320000-0.050960.030305
GRID        3291        0.320000-0.065820.022891
GRID        3292        0.3200000.0052610.025203
GRID        3293        0.3200006.12E-190.018125
GRID        3294        0.320000 0.00000-0.07562
GRID        3295        0.3200000.011958-0.06387
GRID        3296        0.3200000.017322-0.00780
GRID        3297        0.3200000.026453-0.00651
GRID        3298        0.320000-0.060120.008208
GRID        3299        0.320000-0.07125-0.00437
GRID        3300        0.320000-0.007170.016697
GRID        3301        0.320000-0.005260.025203
GRID        3302        0.320000-0.01195-0.06387
GRID        3303        0.320000-0.02726-0.07020
GRID        3304        0.3200000.013258-0.01388
GRID        3305        0.3200000.022426-0.01623
GRID        3306        0.320000-0.06012-0.01570
GRID        3307        0.320000-0.06582-0.03164
GRID        3308        0.320000-0.013250.012633
GRID        3309        0.320000-0.014980.021176
GRID        3310        0.320000-0.05096-0.03780
GRID        3311        0.320000-0.05038-0.05475
GRID        3312        0.320000-0.03405-0.05471
GRID        3313        0.3200000.007175-0.01794
GRID        3314        0.3200000.014984-0.02367
GRID        3315        0.320000-0.017320.006550
GRID        3316        0.320000-0.022420.013734
GRID        3317        0.320000 0.00000-0.01937
GRID        3318        0.3200000.005261-0.02770
GRID        3319        0.320000-0.01875-0.00062
GRID        3320        0.320000-0.026450.004011
GRID        3321        0.320000-0.00717-0.01794
GRID        3322        0.320000-0.00526-0.02770
GRID        3323        0.320000-0.01732-0.00780
GRID        3324        0.320000-0.02645-0.00651
GRID        3325        0.320000-0.01325-0.01388
GRID        3326        0.320000-0.02242-0.01623
GRID        3327        0.320000-0.01498-0.02367
GRID        3328        0.680000-0.00195-0.00980
GRID        3329        0.690000-0.00382-0.00923
GRID        3330        0.690000-0.00923-0.00382
GRID        3331        0.680000-0.00980-0.00195
GRID        3332        0.680000-0.00555-0.00831
GRID        3333        0.690000-0.00707-0.00707
GRID        3334        0.680000-0.00831-0.00555
GRID        3335        0.660000-0.00195-0.00980
GRID        3336        0.670000-0.00382-0.00923
GRID        3337        0.670000-0.00923-0.00382
GRID        3338        0.660000-0.00980-0.00195
GRID        3339        0.660000-0.00555-0.00831
GRID        3340        0.670000-0.00707-0.00707
GRID        3341        0.660000-0.00831-0.00555
GRID        3342        0.640000-0.00195-0.00980
GRID        3343        0.650000-0.00382-0.00923
GRID        3344        0.650000-0.00923-0.00382
GRID        3345        0.640000-0.00980-0.00195
GRID        3346        0.640000-0.00555-0.00831
GRID        3347        0.650000-0.00707-0.00707
GRID        3348        0.640000-0.00831-0.00555
GRID        3349        0.620000-0.00195-0.00980
GRID        3350        0.630000-0.00382-0.00923
GRID        3351        0.630000-0.00923-0.00382
GRID        3352        0.620000-0.00980-0.00195
GRID        3353        0.620000-0.00555-0.00831
GRID        3354        0.630000-0.00707-0.00707
GRID        3355        0.620000-0.00831-0.00555
GRID        3356        0.600000-0.00195-0.00980
GRID        3357        0.610000-0.00382-0.00923
GRID        3358        0.610000-0.00923-0.00382
GRID        3359        0.600000-0.00980-0.00195
GRID        3360        0.600000-0.00555-0.00831
GRID        3361        0.610000-0.00707-0.00707
GRID        3362        0.600000-0.00831-0.00555
GRID        3363        0.580000-0.00195-0.00980
GRID        3364        0.590000-0.00382-0.00923
GRID        3365        0.590000-0.00923-0.00382
GRID        3366        0.580000-0.00980-0.00195
GRID        3367        0.580000-0.00555-0.00831
GRID        3368        0.590000-0.00707-0.00707
GRID        3369        0.580000-0.00831-0.00555
GRID        3370        0.560000-0.00195-0.00980
GRID        3371        0.570000-0.00382-0.00923
GRID        3372        0.570000-0.00923-0.00382
GRID        3373        0.560000-0.00980-0.00195
GRID        3374        0.560000-0.00555-0.00831
GRID        3375        0.570000-0.00707-0.00707
GRID        3376        0.560000-0.00831-0.00555
GRID        3377        0.540000-0.00195-0.00980
GRID        3378        0.550000-0.00382-0.00923
GRID        3379        0.550000-0.00923-0.00382
GRID        3380        0.540000-0.00980-0.00195
GRID        3381        0.540000-0.00555-0.00831
GRID        3382        0.550000-0.00707-0.00707
GRID        3383        0.540000-0.00831-0.00555
GRID        3384        0.520000-0.00195-0.00980
GRID        3385        0.530000-0.00382-0.00923
GRID        3386        0.530000-0.00923-0.00382
GRID        3387        0.520000-0.00980-0.00195
GRID        3388        0.520000-0.00555-0.00831
GRID        3389        0.530000-0.00707-0.00707
GRID        3390        0.520000-0.00831-0.00555
GRID        3391        0.500000-0.00195-0.00980
GRID        3392        0.510000-0.00382-0.00923
GRID        3393        0.510000-0.00923-0.00382
GRID        3394        0.500000-0.00980-0.00195
GRID        3395        0.500000-0.00555-0.00831
GRID        3396        0.510000-0.00707-0.00707
GRID        3397        0.500000-0.00831-0.00555
GRID        3398        0.480000-0.00195-0.00980
GRID        3399        0.490000-0.00382-0.00923
GRID        3400        0.490000-0.00923-0.00382
GRID        3401        0.480000-0.00980-0.00195
GRID        3402        0.480000-0.00555-0.00831
GRID        3403        0.490000-0.00707-0.00707
GRID        3404        0.480000-0.00831-0.00555
GRID        3405        0.460000-0.00195-0.00980
GRID        3406        0.470000-0.00382-0.00923
GRID        3407        0.470000-0.00923-0.00382
GRID        3408        0.460000-0.00980-0.00195
GRID        3409        0.460000-0.00555-0.00831
GRID        3410        0.470000-0.00707-0.00707
GRID        3411        0.460000-0.00831-0.00555
GRID        3412        0.440000-0.00195-0.00980
GRID        3413        0.450000-0.00382-0.00923
GRID        3414        0.450000-0.00923-0.00382
GRID        3415        0.440000-0.00980-0.00195
GRID        3416        0.440000-0.00555-0.00831
GRID        3417        0.450000-0.00707-0.00707
GRID        3418        0.440000-0.00831-0.00555
GRID        3419        0.420000-0.00195-0.00980
GRID        3420        0.430000-0.00382-0.00923
GRID        3421        0.430000-0.00923-0.00382
GRID        3422        0.420000-0.00980-0.00195
GRID        3423        0.420000-0.00555-0.00831
GRID        3424        0.430000-0.00707-0.00707
GRID        3425        0.420000-0.00831-0.00555
GRID        3426        0.400000-0.00195-0.00980
GRID        3427        0.410000-0.00382-0.00923
GRID        3428        0.410000-0.00923-0.00382
GRID        3429        0.400000-0.00980-0.00195
GRID        3430        0.400000-0.00555-0.00831
GRID        3431        0.410000-0.00707-0.00707
GRID        3432        0.400000-0.00831-0.00555
GRID        3433        0.380000-0.00195-0.00980
GRID        3434        0.390000-0.00382-0.00923
GRID        3435        0.390000-0.00923-0.00382
GRID        3436        0.380000-0.00980-0.00195
GRID        3437        0.380000-0.00555-0.00831
GRID        3438        0.390000-0.00707-0.00707
GRID        3439        0.380000-0.00831-0.00555
GRID        3440        0.360000-0.00195-0.00980
GRID        3441        0.370000-0.00382-0.00923
GRID        3442        0.370000-0.00923-0.00382
GRID        3443        0.360000-0.00980-0.00195
GRID        3444        0.360000-0.00555-0.00831
GRID        3445        0.370000-0.00707-0.00707
GRID        3446        0.360000-0.00831-0.00555
GRID        3447        0.340000-0.00195-0.00980
GRID        3448        0.350000-0.00382-0.00923
GRID        3449        0.350000-0.00923-0.00382
GRID        3450        0.340000-0.00980-0.00195
GRID        3451        0.340000-0.00555-0.00831
GRID        3452        0.350000-0.00707-0.00707
GRID        3453        0.340000-0.00831-0.00555
GRID        3454        0.330000-0.00382-0.00923
GRID        3455        0.330000-0.00923-0.00382
GRID        3456        0.330000-0.00707-0.00707
GRID        3457        0.690000-0.003820.009238
GRID        3458        0.680000-0.001950.009807
GRID        3459        0.690000-0.007070.007071
GRID        3460        0.680000-0.005550.008314
GRID        3461        0.670000-0.003820.009238
GRID        3462        0.660000-0.001950.009807
GRID        3463        0.690000-0.009230.003826
GRID        3464        0.680000-0.008310.005555
GRID        3465        0.670000-0.007070.007071
GRID        3466        0.660000-0.005550.008314
GRID        3467        0.650000-0.003820.009238
GRID        3468        0.640000-0.001950.009807
GRID        3469        0.680000-0.009800.001950
GRID        3470        0.670000-0.009230.003826
GRID        3471        0.660000-0.008310.005555
GRID        3472        0.650000-0.007070.007071
GRID        3473        0.640000-0.005550.008314
GRID        3474        0.630000-0.003820.009238
GRID        3475        0.620000-0.001950.009807
GRID        3476        0.660000-0.009800.001950
GRID        3477        0.650000-0.009230.003826
GRID        3478        0.640000-0.008310.005555
GRID        3479        0.630000-0.007070.007071
GRID        3480        0.620000-0.005550.008314
GRID        3481        0.610000-0.003820.009238
GRID        3482        0.600000-0.001950.009807
GRID        3483        0.640000-0.009800.001950
GRID        3484        0.630000-0.009230.003826
GRID        3485        0.620000-0.008310.005555
GRID        3486        0.610000-0.007070.007071
GRID        3487        0.600000-0.005550.008314
GRID        3488        0.590000-0.003820.009238
GRID        3489        0.580000-0.001950.009807
GRID        3490        0.620000-0.009800.001950
GRID        3491        0.610000-0.009230.003826
GRID        3492        0.600000-0.008310.005555
GRID        3493        0.590000-0.007070.007071
GRID        3494        0.580000-0.005550.008314
GRID        3495        0.570000-0.003820.009238
GRID        3496        0.560000-0.001950.009807
GRID        3497        0.600000-0.009800.001950
GRID        3498        0.590000-0.009230.003826
GRID        3499        0.580000-0.008310.005555
GRID        3500        0.570000-0.007070.007071
GRID        3501        0.560000-0.005550.008314
GRID        3502        0.550000-0.003820.009238
GRID        3503        0.540000-0.001950.009807
GRID        3504        0.580000-0.009800.001950
GRID        3505        0.570000-0.009230.003826
GRID        3506        0.560000-0.008310.005555
GRID        3507        0.550000-0.007070.007071
GRID        3508        0.540000-0.005550.008314
GRID        3509        0.530000-0.003820.009238
GRID        3510        0.520000-0.001950.009807
GRID        3511        0.560000-0.009800.001950
GRID        3512        0.550000-0.009230.003826
GRID        3513        0.540000-0.008310.005555
GRID        3514        0.530000-0.007070.007071
GRID        3515        0.520000-0.005550.008314
GRID        3516        0.510000-0.003820.009238
GRID        3517        0.500000-0.001950.009807
GRID        3518        0.540000-0.009800.001950
GRID        3519        0.530000-0.009230.003826
GRID        3520        0.520000-0.008310.005555
GRID        3521        0.510000-0.007070.007071
GRID        3522        0.500000-0.005550.008314
GRID        3523        0.490000-0.003820.009238
GRID        3524        0.480000-0.001950.009807
GRID        3525        0.520000-0.009800.001950
GRID        3526        0.510000-0.009230.003826
GRID        3527        0.500000-0.008310.005555
GRID        3528        0.490000-0.007070.007071
GRID        3529        0.480000-0.005550.008314
GRID        3530        0.470000-0.003820.009238
GRID        3531        0.460000-0.001950.009807
GRID        3532        0.500000-0.009800.001950
GRID        3533        0.490000-0.009230.003826
GRID        3534        0.480000-0.008310.005555
GRID        3535        0.470000-0.007070.007071
GRID        3536        0.460000-0.005550.008314
GRID        3537        0.450000-0.003820.009238
GRID        3538        0.440000-0.001950.009807
GRID        3539        0.480000-0.009800.001950
GRID        3540        0.470000-0.009230.003826
GRID        3541        0.460000-0.008310.005555
GRID        3542        0.450000-0.007070.007071
GRID        3543        0.440000-0.005550.008314
GRID        3544        0.430000-0.003820.009238
GRID        3545        0.420000-0.001950.009807
GRID        3546        0.460000-0.009800.001950
GRID        3547        0.450000-0.009230.003826
GRID        3548        0.440000-0.008310.005555
GRID        3549        0.430000-0.007070.007071
GRID        3550        0.420000-0.005550.008314
GRID        3551        0.410000-0.003820.009238
GRID        3552        0.400000-0.001950.009807
GRID        3553        0.440000-0.009800.001950
GRID        3554        0.430000-0.009230.003826
GRID        3555        0.420000-0.008310.005555
GRID        3556        0.410000-0.007070.007071
GRID        3557        0.400000-0.005550.008314
GRID        3558        0.390000-0.003820.009238
GRID        3559        0.380000-0.001950.009807
GRID        3560        0.420000-0.009800.001950
GRID        3561        0.410000-0.009230.003826
GRID        3562        0.400000-0.008310.005555
GRID        3563        0.390000-0.007070.007071
GRID        3564        0.380000-0.005550.008314
GRID        3565        0.370000-0.003820.009238
GRID        3566        0.360000-0.001950.009807
GRID        3567        0.400000-0.009800.001950
GRID        3568        0.390000-0.009230.003826
GRID        3569        0.380000-0.008310.005555
GRID        3570        0.370000-0.007070.007071
GRID        3571        0.360000-0.005550.008314
GRID        3572        0.350000-0.003820.009238
GRID        3573        0.340000-0.001950.009807
GRID        3574        0.380000-0.009800.001950
GRID        3575        0.370000-0.009230.003826
GRID        3576        0.360000-0.008310.005555
GRID        3577        0.350000-0.007070.007071
GRID        3578        0.340000-0.005550.008314
GRID        3579        0.330000-0.003820.009238
GRID        3580        0.360000-0.009800.001950
GRID        3581        0.350000-0.009230.003826
GRID        3582        0.340000-0.008310.005555
GRID        3583        0.330000-0.007070.007071
GRID        3584        0.340000-0.009800.001950
GRID        3585        0.330000-0.009230.003826
GRID        3586        0.6800000.009807-0.00195
GRID        3587        0.6900000.009238-0.00382
GRID        3588        0.6800000.008314-0.00555
GRID        3589        0.6900000.007071-0.00707
GRID        3590        0.6600000.009807-0.00195
GRID        3591        0.6700000.009238-0.00382
GRID        3592        0.6800000.005555-0.00831
GRID        3593        0.6900000.003826-0.00923
GRID        3594        0.6600000.008314-0.00555
GRID        3595        0.6700000.007071-0.00707
GRID        3596        0.6400000.009807-0.00195
GRID        3597        0.6500000.009238-0.00382
GRID        3598        0.6800000.001950-0.00980
GRID        3599        0.6600000.005555-0.00831
GRID        3600        0.6700000.003826-0.00923
GRID        3601        0.6400000.008314-0.00555
GRID        3602        0.6500000.007071-0.00707
GRID        3603        0.6200000.009807-0.00195
GRID        3604        0.6300000.009238-0.00382
GRID        3605        0.6600000.001950-0.00980
GRID        3606        0.6400000.005555-0.00831
GRID        3607        0.6500000.003826-0.00923
GRID        3608        0.6200000.008314-0.00555
GRID        3609        0.6300000.007071-0.00707
GRID        3610        0.6000000.009807-0.00195
GRID        3611        0.6100000.009238-0.00382
GRID        3612        0.6400000.001950-0.00980
GRID        3613        0.6200000.005555-0.00831
GRID        3614        0.6300000.003826-0.00923
GRID        3615        0.6000000.008314-0.00555
GRID        3616        0.6100000.007071-0.00707
GRID        3617        0.5800000.009807-0.00195
GRID        3618        0.5900000.009238-0.00382
GRID        3619        0.6200000.001950-0.00980
GRID        3620        0.6000000.005555-0.00831
GRID        3621        0.6100000.003826-0.00923
GRID        3622        0.5800000.008314-0.00555
GRID        3623        0.5900000.007071-0.00707
GRID        3624        0.5600000.009807-0.00195
GRID        3625        0.5700000.009238-0.00382
GRID        3626        0.6000000.001950-0.00980
GRID        3627        0.5800000.005555-0.00831
GRID        3628        0.5900000.003826-0.00923
GRID        3629        0.5600000.008314-0.00555
GRID        3630        0.5700000.007071-0.00707
GRID        3631        0.5400000.009807-0.00195
GRID        3632        0.5500000.009238-0.00382
GRID        3633        0.5800000.001950-0.00980
GRID        3634        0.5600000.005555-0.00831
GRID        3635        0.5700000.003826-0.00923
GRID        3636        0.5400000.008314-0.00555
GRID        3637        0.5500000.007071-0.00707
GRID        3638        0.5200000.009807-0.00195
GRID        3639        0.5300000.009238-0.00382
GRID        3640        0.5600000.001950-0.00980
GRID        3641        0.5400000.005555-0.00831
GRID        3642        0.5500000.003826-0.00923
GRID        3643        0.5200000.008314-0.00555
GRID        3644        0.5300000.007071-0.00707
GRID        3645        0.5000000.009807-0.00195
GRID        3646        0.5100000.009238-0.00382
GRID        3647        0.5400000.001950-0.00980
GRID        3648        0.5200000.005555-0.00831
GRID        3649        0.5300000.003826-0.00923
GRID        3650        0.5000000.008314-0.00555
GRID        3651        0.5100000.007071-0.00707
GRID        3652        0.4800000.009807-0.00195
GRID        3653        0.4900000.009238-0.00382
GRID        3654        0.5200000.001950-0.00980
GRID        3655        0.5000000.005555-0.00831
GRID        3656        0.5100000.003826-0.00923
GRID        3657        0.4800000.008314-0.00555
GRID        3658        0.4900000.007071-0.00707
GRID        3659        0.4600000.009807-0.00195
GRID        3660        0.4700000.009238-0.00382
GRID        3661        0.5000000.001950-0.00980
GRID        3662        0.4800000.005555-0.00831
GRID        3663        0.4900000.003826-0.00923
GRID        3664        0.4600000.008314-0.00555
GRID        3665        0.4700000.007071-0.00707
GRID        3666        0.4400000.009807-0.00195
GRID        3667        0.4500000.009238-0.00382
GRID        3668        0.4800000.001950-0.00980
GRID        3669        0.4600000.005555-0.00831
GRID        3670        0.4700000.003826-0.00923
GRID        3671        0.4400000.008314-0.00555
GRID        3672        0.4500000.007071-0.00707
GRID        3673        0.4200000.009807-0.00195
GRID        3674        0.4300000.009238-0.00382
GRID        3675        0.4600000.001950-0.00980
GRID        3676        0.4400000.005555-0.00831
GRID        3677        0.4500000.003826-0.00923
GRID        3678        0.4200000.008314-0.00555
GRID        3679        0.4300000.007071-0.00707
GRID        3680        0.4000000.009807-0.00195
GRID        3681        0.4100000.009238-0.00382
GRID        3682        0.4400000.001950-0.00980
GRID        3683        0.4200000.005555-0.00831
GRID        3684        0.4300000.003826-0.00923
GRID        3685        0.4000000.008314-0.00555
GRID        3686        0.4100000.007071-0.00707
GRID        3687        0.3800000.009807-0.00195
GRID        3688        0.3900000.009238-0.00382
GRID        3689        0.4200000.001950-0.00980
GRID        3690        0.4000000.005555-0.00831
GRID        3691        0.4100000.003826-0.00923
GRID        3692        0.3800000.008314-0.00555
GRID        3693        0.3900000.007071-0.00707
GRID        3694        0.3600000.009807-0.00195
GRID        3695        0.3700000.009238-0.00382
GRID        3696        0.4000000.001950-0.00980
GRID        3697        0.3800000.005555-0.00831
GRID        3698        0.3900000.003826-0.00923
GRID        3699        0.3600000.008314-0.00555
GRID        3700        0.3700000.007071-0.00707
GRID        3701        0.3400000.009807-0.00195
GRID        3702        0.3500000.009238-0.00382
GRID        3703        0.3800000.001950-0.00980
GRID        3704        0.3600000.005555-0.00831
GRID        3705        0.3700000.003826-0.00923
GRID        3706        0.3400000.008314-0.00555
GRID        3707        0.3500000.007071-0.00707
GRID        3708        0.3300000.009238-0.00382
GRID        3709        0.3600000.001950-0.00980
GRID        3710        0.3400000.005555-0.00831
GRID        3711        0.3500000.003826-0.00923
GRID        3712        0.3300000.007071-0.00707
GRID        3713        0.3400000.001950-0.00980
GRID        3714        0.3300000.003826-0.00923
GRID        3715        0.6800000.0083140.005555
GRID        3716        0.6900000.0092380.003826
GRID        3717        0.6900000.0070710.007071
GRID        3718        0.6800000.0055550.008314
GRID        3719        0.6900000.0038260.009238
GRID        3720        0.6800000.0098070.001950
GRID        3721        0.6600000.0083140.005555
GRID        3722        0.6700000.0092380.003826
GRID        3723        0.6700000.0070710.007071
GRID        3724        0.6800000.0019500.009807
GRID        3725        0.6600000.0055550.008314
GRID        3726        0.6700000.0038260.009238
GRID        3727        0.6600000.0098070.001950
GRID        3728        0.6400000.0083140.005555
GRID        3729        0.6500000.0092380.003826
GRID        3730        0.6500000.0070710.007071
GRID        3731        0.6600000.0019500.009807
GRID        3732        0.6400000.0055550.008314
GRID        3733        0.6500000.0038260.009238
GRID        3734        0.6400000.0098070.001950
GRID        3735        0.6200000.0083140.005555
GRID        3736        0.6300000.0092380.003826
GRID        3737        0.6300000.0070710.007071
GRID        3738        0.6400000.0019500.009807
GRID        3739        0.6200000.0055550.008314
GRID        3740        0.6300000.0038260.009238
GRID        3741        0.6200000.0098070.001950
GRID        3742        0.6000000.0083140.005555
GRID        3743        0.6100000.0092380.003826
GRID        3744        0.6100000.0070710.007071
GRID        3745        0.6200000.0019500.009807
GRID        3746        0.6000000.0055550.008314
GRID        3747        0.6100000.0038260.009238
GRID        3748        0.6000000.0098070.001950
GRID        3749        0.5800000.0083140.005555
GRID        3750        0.5900000.0092380.003826
GRID        3751        0.5900000.0070710.007071
GRID        3752        0.6000000.0019500.009807
GRID        3753        0.5800000.0055550.008314
GRID        3754        0.5900000.0038260.009238
GRID        3755        0.5800000.0098070.001950
GRID        3756        0.5600000.0083140.005555
GRID        3757        0.5700000.0092380.003826
GRID        3758        0.5700000.0070710.007071
GRID        3759        0.5800000.0019500.009807
GRID        3760        0.5600000.0055550.008314
GRID        3761        0.5700000.0038260.009238
GRID        3762        0.5600000.0098070.001950
GRID        3763        0.5400000.0083140.005555
GRID        3764        0.5500000.0092380.003826
GRID        3765        0.5500000.0070710.007071
GRID        3766        0.5600000.0019500.009807
GRID        3767        0.5400000.0055550.008314
GRID        3768        0.5500000.0038260.009238
GRID        3769        0.5400000.0098070.001950
GRID        3770        0.5200000.0083140.005555
GRID        3771        0.5300000.0092380.003826
GRID        3772        0.5300000.0070710.007071
GRID        3773        0.5400000.0019500.009807
GRID        3774        0.5200000.0055550.008314
GRID        3775        0.5300000.0038260.009238
GRID        3776        0.5200000.0098070.001950
GRID        3777        0.5000000.0083140.005555
GRID        3778        0.5100000.0092380.003826
GRID        3779        0.5100000.0070710.007071
GRID        3780        0.5200000.0019500.009807
GRID        3781        0.5000000.0055550.008314
GRID        3782        0.5100000.0038260.009238
GRID        3783        0.5000000.0098070.001950
GRID        3784        0.4800000.0083140.005555
GRID        3785        0.4900000.0092380.003826
GRID        3786        0.4900000.0070710.007071
GRID        3787        0.5000000.0019500.009807
GRID        3788        0.4800000.0055550.008314
GRID        3789        0.4900000.0038260.009238
GRID        3790        0.4800000.0098070.001950
GRID        3791        0.4600000.0083140.005555
GRID        3792        0.4700000.0092380.003826
GRID        3793        0.4700000.0070710.007071
GRID        3794        0.4800000.0019500.009807
GRID        3795        0.4600000.0055550.008314
GRID        3796        0.4700000.0038260.009238
GRID        3797        0.4600000.0098070.001950
GRID        3798        0.4400000.0083140.005555
GRID        3799        0.4500000.0092380.003826
GRID        3800        0.4500000.0070710.007071
GRID        3801        0.4600000.0019500.009807
GRID        3802        0.4400000.0055550.008314
GRID        3803        0.4500000.0038260.009238
GRID        3804        0.4400000.0098070.001950
GRID        3805        0.4200000.0083140.005555
GRID        3806        0.4300000.0092380.003826
GRID        3807        0.4300000.0070710.007071
GRID        3808        0.4400000.0019500.009807
GRID        3809        0.4200000.0055550.008314
GRID        3810        0.4300000.0038260.009238
GRID        3811        0.4200000.0098070.001950
GRID        3812        0.4000000.0083140.005555
GRID        3813        0.4100000.0092380.003826
GRID        3814        0.4100000.0070710.007071
GRID        3815        0.4200000.0019500.009807
GRID        3816        0.4000000.0055550.008314
GRID        3817        0.4100000.0038260.009238
GRID        3818        0.4000000.0098070.001950
GRID        3819        0.3800000.0083140.005555
GRID        3820        0.3900000.0092380.003826
GRID        3821        0.3900000.0070710.007071
GRID        3822        0.4000000.0019500.009807
GRID        3823        0.3800000.0055550.008314
GRID        3824        0.3900000.0038260.009238
GRID        3825        0.3800000.0098070.001950
GRID        3826        0.3600000.0083140.005555
GRID        3827        0.3700000.0092380.003826
GRID        3828        0.3700000.0070710.007071
GRID        3829        0.3800000.0019500.009807
GRID        3830        0.3600000.0055550.008314
GRID        3831        0.3700000.0038260.009238
GRID        3832        0.3600000.0098070.001950
GRID        3833        0.3400000.0083140.005555
GRID        3834        0.3500000.0092380.003826
GRID        3835        0.3500000.0070710.007071
GRID        3836        0.3600000.0019500.009807
GRID        3837        0.3400000.0055550.008314
GRID        3838        0.3500000.0038260.009238
GRID        3839        0.3400000.0098070.001950
GRID        3840        0.3300000.0092380.003826
GRID        3841        0.3300000.0070710.007071
GRID        3842        0.3400000.0019500.009807
GRID        3843        0.3300000.0038260.009238
GRID        3844        0.700000-0.00908-0.04569
GRID        3845        0.700000-0.02056-0.04965
GRID        3846        0.700000-0.04569-0.00908
GRID        3847        0.700000-0.04965-0.02056
GRID        3848        0.700000-0.03800-0.03800
GRID        3849        0.700000-0.03873-0.02588
GRID        3850        0.700000-0.02588-0.03873
GRID        3851        0.700000-0.00430-0.02164
GRID        3852        0.700000-0.00621-0.01501
GRID        3853        0.700000-0.01501-0.00621
GRID        3854        0.700000-0.02164-0.00430
GRID        3855        0.700000-0.01149-0.01149
GRID        3856        0.700000-0.01834-0.01226
GRID        3857        0.700000-0.01226-0.01834
GRID        3858        0.700000-0.009080.045692
GRID        3859        0.700000-0.020560.049658
GRID        3860        0.700000-0.038000.038007
GRID        3861        0.700000-0.025880.038735
GRID        3862        0.700000-0.038730.025882
GRID        3863        0.700000-0.049650.020569
GRID        3864        0.700000-0.045690.009088
GRID        3865        0.700000-0.006210.015013
GRID        3866        0.700000-0.004300.021643
GRID        3867        0.700000-0.011490.011490
GRID        3868        0.700000-0.012260.018348
GRID        3869        0.700000-0.015010.006218
GRID        3870        0.700000-0.018340.012260
GRID        3871        0.700000-0.021640.004305
GRID        3872        0.710000-0.02296-0.05543
GRID        3873        0.710000-0.05543-0.02296
GRID        3874        0.710000-0.04242-0.04242
GRID        3875        0.710000-0.022960.055432
GRID        3876        0.710000-0.042420.042426
GRID        3877        0.710000-0.055430.022961
GRID        3878        0.710000-0.00382-0.00923
GRID        3879        0.710000-0.00923-0.00382
GRID        3880        0.710000-0.00707-0.00707
GRID        3881        0.710000-0.003820.009238
GRID        3882        0.710000-0.007070.007071
GRID        3883        0.710000-0.009230.003826
GRID        3884        0.7000000.045692-0.00908
GRID        3885        0.7000000.049658-0.02056
GRID        3886        0.7000000.038735-0.02588
GRID        3887        0.7000000.038007-0.03800
GRID        3888        0.7000000.025882-0.03873
GRID        3889        0.7000000.020569-0.04965
GRID        3890        0.7000000.009088-0.04569
GRID        3891        0.7000000.021643-0.00430
GRID        3892        0.7000000.015013-0.00621
GRID        3893        0.7000000.011490-0.01149
GRID        3894        0.7000000.018348-0.01226
GRID        3895        0.7000000.012260-0.01834
GRID        3896        0.7000000.006218-0.01501
GRID        3897        0.7000000.004305-0.02164
GRID        3898        0.7100000.055432-0.02296
GRID        3899        0.7100000.042426-0.04242
GRID        3900        0.7100000.022961-0.05543
GRID        3901        0.7100000.009238-0.00382
GRID        3902        0.7100000.007071-0.00707
GRID        3903        0.7100000.003826-0.00923
GRID        3904        0.7000000.0380070.038007
GRID        3905        0.7000000.0387350.025882
GRID        3906        0.7000000.0496580.020569
GRID        3907        0.7000000.0258820.038735
GRID        3908        0.7000000.0205690.049658
GRID        3909        0.7000000.0456920.009088
GRID        3910        0.7000000.0090880.045692
GRID        3911        0.7000000.0114900.011490
GRID        3912        0.7000000.0183480.012260
GRID        3913        0.7000000.0150130.006218
GRID        3914        0.7000000.0062180.015013
GRID        3915        0.7000000.0122600.018348
GRID        3916        0.7000000.0216430.004305
GRID        3917        0.7000000.0043050.021643
GRID        3918        0.7100000.0092380.003826
GRID        3919        0.7100000.0070710.007071
GRID        3920        0.7100000.0038260.009238
GRID        3921        0.7100000.0554320.022961
GRID        3922        0.7100000.0424260.042426
GRID        3923        0.7100000.0229610.055432
GRID        3924        0.7200000.0387350.025882
GRID        3925        0.7200000.0380070.038007
GRID        3926        0.7200000.0496580.020569
GRID        3927        0.7200000.0258820.038735
GRID        3928        0.7200000.0205690.049658
GRID        3929        0.7200000.053750-1.8E-18
GRID        3930        0.7200000.0456920.009088
GRID        3931        0.7200000.0090880.045692
GRID        3932        0.720000-5.2E-180.053750
GRID        3933        0.7200000.045692-0.00908
GRID        3934        0.7200000.049658-0.02056
GRID        3935        0.720000-0.009080.045692
GRID        3936        0.720000-0.020560.049658
GRID        3937        0.7200000.038007-0.03800
GRID        3938        0.7200000.038735-0.02588
GRID        3939        0.7200000.0114900.011490
GRID        3940        0.7200000.0150130.006218
GRID        3941        0.7200000.0183480.012260
GRID        3942        0.720000-0.025880.038735
GRID        3943        0.720000-0.038000.038007
GRID        3944        0.7200000.0122600.018348
GRID        3945        0.7200000.0062180.015013
GRID        3946        0.7200000.025882-0.03873
GRID        3947        0.7200000.020569-0.04965
GRID        3948        0.7200000.0162502.61E-17
GRID        3949        0.7200000.0216430.004305
GRID        3950        0.720000-0.038730.025882
GRID        3951        0.720000-0.049650.020569
GRID        3952        0.720000-3.8E-180.016250
GRID        3953        0.7200000.0043050.021643
GRID        3954        0.720000 0.00000-0.05375
GRID        3955        0.7200000.009088-0.04569
GRID        3956        0.7200000.015013-0.00621
GRID        3957        0.7200000.021643-0.00430
GRID        3958        0.720000-0.045690.009088
GRID        3959        0.720000-0.053755.51E-18
GRID        3960        0.720000-0.004300.021643
GRID        3961        0.720000-0.006210.015013
GRID        3962        0.720000-0.00908-0.04569
GRID        3963        0.720000-0.02056-0.04965
GRID        3964        0.7200000.011490-0.01149
GRID        3965        0.7200000.018348-0.01226
GRID        3966        0.720000-0.04569-0.00908
GRID        3967        0.720000-0.04965-0.02056
GRID        3968        0.720000-0.011490.011490
GRID        3969        0.720000-0.012260.018348
GRID        3970        0.720000-0.03873-0.02588
GRID        3971        0.720000-0.03800-0.03800
GRID        3972        0.720000-0.02588-0.03873
GRID        3973        0.7200000.006218-0.01501
GRID        3974        0.7200000.012260-0.01834
GRID        3975        0.720000-0.018340.012260
GRID        3976        0.720000-0.015010.006218
GRID        3977        0.720000-4.4E-18-0.01625
GRID        3978        0.7200000.004305-0.02164
GRID        3979        0.720000-0.016252.29E-17
GRID        3980        0.720000-0.021640.004305
GRID        3981        0.720000-0.00621-0.01501
GRID        3982        0.720000-0.00430-0.02164
GRID        3983        0.720000-0.02164-0.00430
GRID        3984        0.720000-0.01501-0.00621
GRID        3985        0.720000-0.01149-0.01149
GRID        3986        0.720000-0.01834-0.01226
GRID        3987        0.720000-0.01226-0.01834
GRID        3988        0.980000-0.00195-0.00980
GRID        3989        0.990000-0.00382-0.00923
GRID        3990        0.990000-0.00923-0.00382
GRID        3991        0.980000-0.00980-0.00195
GRID        3992        0.980000-0.00555-0.00831
GRID        3993        0.990000-0.00707-0.00707
GRID        3994        0.980000-0.00831-0.00555
GRID        3995        0.960000-0.00195-0.00980
GRID        3996        0.970000-0.00382-0.00923
GRID        3997        0.970000-0.00923-0.00382
GRID        3998        0.960000-0.00980-0.00195
GRID        3999        0.960000-0.00555-0.00831
GRID        4000        0.970000-0.00707-0.00707
GRID        4001        0.960000-0.00831-0.00555
GRID        4002        0.940000-0.00195-0.00980
GRID        4003        0.950000-0.00382-0.00923
GRID        4004        0.950000-0.00923-0.00382
GRID        4005        0.940000-0.00980-0.00195
GRID        4006        0.940000-0.00555-0.00831
GRID        4007        0.950000-0.00707-0.00707
GRID        4008        0.940000-0.00831-0.00555
GRID        4009        0.920000-0.00195-0.00980
GRID        4010        0.930000-0.00382-0.00923
GRID        4011        0.930000-0.00923-0.00382
GRID        4012        0.920000-0.00980-0.00195
GRID        4013        0.920000-0.00555-0.00831
GRID        4014        0.930000-0.00707-0.00707
GRID        4015        0.920000-0.00831-0.00555
GRID        4016        0.900000-0.00195-0.00980
GRID        4017        0.910000-0.00382-0.00923
GRID        4018        0.910000-0.00923-0.00382
GRID        4019        0.900000-0.00980-0.00195
GRID        4020        0.900000-0.00555-0.00831
GRID        4021        0.910000-0.00707-0.00707
GRID        4022        0.900000-0.00831-0.00555
GRID        4023        0.880000-0.00195-0.00980
GRID        4024        0.890000-0.00382-0.00923
GRID        4025        0.890000-0.00923-0.00382
GRID        4026        0.880000-0.00980-0.00195
GRID        4027        0.880000-0.00555-0.00831
GRID        4028        0.890000-0.00707-0.00707
GRID        4029        0.880000-0.00831-0.00555
GRID        4030        0.860000-0.00195-0.00980
GRID        4031        0.870000-0.00382-0.00923
GRID        4032        0.870000-0.00923-0.00382
GRID        4033        0.860000-0.00980-0.00195
GRID        4034        0.860000-0.00555-0.00831
GRID        4035        0.870000-0.00707-0.00707
GRID        4036        0.860000-0.00831-0.00555
GRID        4037        0.840000-0.00195-0.00980
GRID        4038        0.850000-0.00382-0.00923
GRID        4039        0.850000-0.00923-0.00382
GRID        4040        0.840000-0.00980-0.00195
GRID        4041        0.840000-0.00555-0.00831
GRID        4042        0.850000-0.00707-0.00707
GRID        4043        0.840000-0.00831-0.00555
GRID        4044        0.820000-0.00195-0.00980
GRID        4045        0.830000-0.00382-0.00923
GRID        4046        0.830000-0.00923-0.00382
GRID        4047        0.820000-0.00980-0.00195
GRID        4048        0.820000-0.00555-0.00831
GRID        4049        0.830000-0.00707-0.00707
GRID        4050        0.820000-0.00831-0.00555
GRID        4051        0.800000-0.00195-0.00980
GRID        4052        0.810000-0.00382-0.00923
GRID        4053        0.810000-0.00923-0.00382
GRID        4054        0.800000-0.00980-0.00195
GRID        4055        0.800000-0.00555-0.00831
GRID        4056        0.810000-0.00707-0.00707
GRID        4057        0.800000-0.00831-0.00555
GRID        4058        0.780000-0.00195-0.00980
GRID        4059        0.790000-0.00382-0.00923
GRID        4060        0.790000-0.00923-0.00382
GRID        4061        0.780000-0.00980-0.00195
GRID        4062        0.780000-0.00555-0.00831
GRID        4063        0.790000-0.00707-0.00707
GRID        4064        0.780000-0.00831-0.00555
GRID        4065        0.760000-0.00195-0.00980
GRID        4066        0.770000-0.00382-0.00923
GRID        4067        0.770000-0.00923-0.00382
GRID        4068        0.760000-0.00980-0.00195
GRID        4069        0.760000-0.00555-0.00831
GRID        4070        0.770000-0.00707-0.00707
GRID        4071        0.760000-0.00831-0.00555
GRID        4072        0.740000-0.00195-0.00980
GRID        4073        0.750000-0.00382-0.00923
GRID        4074        0.750000-0.00923-0.00382
GRID        4075        0.740000-0.00980-0.00195
GRID        4076        0.740000-0.00555-0.00831
GRID        4077        0.750000-0.00707-0.00707
GRID        4078        0.740000-0.00831-0.00555
GRID        4079        0.730000-0.00382-0.00923
GRID        4080        0.730000-0.00923-0.00382
GRID        4081        0.730000-0.00707-0.00707
GRID        4082        0.990000-0.003820.009238
GRID        4083        0.980000-0.001950.009807
GRID        4084        0.990000-0.007070.007071
GRID        4085        0.980000-0.005550.008314
GRID        4086        0.970000-0.003820.009238
GRID        4087        0.960000-0.001950.009807
GRID        4088        0.990000-0.009230.003826
GRID        4089        0.980000-0.008310.005555
GRID        4090        0.970000-0.007070.007071
GRID        4091        0.960000-0.005550.008314
GRID        4092        0.950000-0.003820.009238
GRID        4093        0.940000-0.001950.009807
GRID        4094        0.980000-0.009800.001950
GRID        4095        0.970000-0.009230.003826
GRID        4096        0.960000-0.008310.005555
GRID        4097        0.950000-0.007070.007071
GRID        4098        0.940000-0.005550.008314
GRID        4099        0.930000-0.003820.009238
GRID        4100        0.920000-0.001950.009807
GRID        4101        0.960000-0.009800.001950
GRID        4102        0.950000-0.009230.003826
GRID        4103        0.940000-0.008310.005555
GRID        4104        0.930000-0.007070.007071
GRID        4105        0.920000-0.005550.008314
GRID        4106        0.910000-0.003820.009238
GRID        4107        0.900000-0.001950.009807
GRID        4108        0.940000-0.009800.001950
GRID        4109        0.930000-0.009230.003826
GRID        4110        0.920000-0.008310.005555
GRID        4111        0.910000-0.007070.007071
GRID        4112        0.900000-0.005550.008314
GRID        4113        0.890000-0.003820.009238
GRID        4114        0.880000-0.001950.009807
GRID        4115        0.920000-0.009800.001950
GRID        4116        0.910000-0.009230.003826
GRID        4117        0.900000-0.008310.005555
GRID        4118        0.890000-0.007070.007071
GRID        4119        0.880000-0.005550.008314
GRID        4120        0.870000-0.003820.009238
GRID        4121        0.860000-0.001950.009807
GRID        4122        0.900000-0.009800.001950
GRID        4123        0.890000-0.009230.003826
GRID        4124        0.880000-0.008310.005555
GRID        4125        0.870000-0.007070.007071
GRID        4126        0.860000-0.005550.008314
GRID        4127        0.850000-0.003820.009238
GRID        4128        0.840000-0.001950.009807
GRID        4129        0.880000-0.009800.001950
GRID        4130        0.870000-0.009230.003826
GRID        4131        0.860000-0.008310.005555
GRID        4132        0.850000-0.007070.007071
GRID        4133        0.840000-0.005550.008314
GRID        4134        0.830000-0.003820.009238
GRID        4135        0.820000-0.001950.009807
GRID        4136        0.860000-0.009800.001950
GRID        4137        0.850000-0.009230.003826
GRID        4138        0.840000-0.008310.005555
GRID        4139        0.830000-0.007070.007071
GRID        4140        0.820000-0.005550.008314
GRID        4141        0.810000-0.003820.009238
GRID        4142        0.800000-0.001950.009807
GRID        4143        0.840000-0.009800.001950
GRID        4144        0.830000-0.009230.003826
GRID        4145        0.820000-0.008310.005555
GRID        4146        0.810000-0.007070.007071
GRID        4147        0.800000-0.005550.008314
GRID        4148        0.790000-0.003820.009238
GRID        4149        0.780000-0.001950.009807
GRID        4150        0.820000-0.009800.001950
GRID        4151        0.810000-0.009230.003826
GRID        4152        0.800000-0.008310.005555
GRID        4153        0.790000-0.007070.007071
GRID        4154        0.780000-0.005550.008314
GRID        4155        0.770000-0.003820.009238
GRID        4156        0.760000-0.001950.009807
GRID        4157        0.800000-0.009800.001950
GRID        4158        0.790000-0.009230.003826
GRID        4159        0.780000-0.008310.005555
GRID        4160        0.770000-0.007070.007071
GRID        4161        0.760000-0.005550.008314
GRID        4162        0.750000-0.003820.009238
GRID        4163        0.740000-0.001950.009807
GRID        4164        0.780000-0.009800.001950
GRID        4165        0.770000-0.009230.003826
GRID        4166        0.760000-0.008310.005555
GRID        4167        0.750000-0.007070.007071
GRID        4168        0.740000-0.005550.008314
GRID        4169        0.730000-0.003820.009238
GRID        4170        0.760000-0.009800.001950
GRID        4171        0.750000-0.009230.003826
GRID        4172        0.740000-0.008310.005555
GRID        4173        0.730000-0.007070.007071
GRID        4174        0.740000-0.009800.001950
GRID        4175        0.730000-0.009230.003826
GRID        4176        0.9800000.009807-0.00195
GRID        4177        0.9900000.009238-0.00382
GRID        4178        0.9800000.008314-0.00555
GRID        4179        0.9900000.007071-0.00707
GRID        4180        0.9600000.009807-0.00195
GRID        4181        0.9700000.009238-0.00382
GRID        4182        0.9800000.005555-0.00831
GRID        4183        0.9900000.003826-0.00923
GRID        4184        0.9600000.008314-0.00555
GRID        4185        0.9700000.007071-0.00707
GRID        4186        0.9400000.009807-0.00195
GRID        4187        0.9500000.009238-0.00382
GRID        4188        0.9800000.001950-0.00980
GRID        4189        0.9600000.005555-0.00831
GRID        4190        0.9700000.003826-0.00923
GRID        4191        0.9400000.008314-0.00555
GRID        4192        0.9500000.007071-0.00707
GRID        4193        0.9200000.009807-0.00195
GRID        4194        0.9300000.009238-0.00382
GRID        4195        0.9600000.001950-0.00980
GRID        4196        0.9400000.005555-0.00831
GRID        4197        0.9500000.003826-0.00923
GRID        4198        0.9200000.008314-0.00555
GRID        4199        0.9300000.007071-0.00707
GRID        4200        0.9000000.009807-0.00195
GRID        4201        0.9100000.009238-0.00382
GRID        4202        0.9400000.001950-0.00980
GRID        4203        0.9200000.005555-0.00831
GRID        4204        0.9300000.003826-0.00923
GRID        4205        0.9000000.008314-0.00555
GRID        4206        0.9100000.007071-0.00707
GRID        4207        0.8800000.009807-0.00195
GRID        4208        0.8900000.009238-0.00382
GRID        4209        0.9200000.001950-0.00980
GRID        4210        0.9000000.005555-0.00831
GRID        4211        0.9100000.003826-0.00923
GRID        4212        0.8800000.008314-0.00555
GRID        4213        0.8900000.007071-0.00707
GRID        4214        0.8600000.009807-0.00195
GRID        4215        0.8700000.009238-0.00382
GRID        4216        0.9000000.001950-0.00980
GRID        4217        0.8800000.005555-0.00831
GRID        4218        0.8900000.003826-0.00923
GRID        4219        0.8600000.008314-0.00555
GRID        4220        0.8700000.007071-0.00707
GRID        4221        0.8400000.009807-0.00195
GRID        4222        0.8500000.009238-0.00382
GRID        4223        0.8800000.001950-0.00980
GRID        4224        0.8600000.005555-0.00831
GRID        4225        0.8700000.003826-0.00923
GRID        4226        0.8400000.008314-0.00555
GRID        4227        0.8500000.007071-0.00707
GRID        4228        0.8200000.009807-0.00195
GRID        4229        0.8300000.009238-0.00382
GRID        4230        0.8600000.001950-0.00980
GRID        4231        0.8400000.005555-0.00831
GRID        4232        0.8500000.003826-0.00923
GRID        4233        0.8200000.008314-0.00555
GRID        4234        0.8300000.007071-0.00707
GRID        4235        0.8000000.009807-0.00195
GRID        4236        0.8100000.009238-0.00382
GRID        4237        0.8400000.001950-0.00980
GRID        4238        0.8200000.005555-0.00831
GRID        4239        0.8300000.003826-0.00923
GRID        4240        0.8000000.008314-0.00555
GRID        4241        0.8100000.007071-0.00707
GRID        4242        0.7800000.009807-0.00195
GRID        4243        0.7900000.009238-0.00382
GRID        4244        0.8200000.001950-0.00980
GRID        4245        0.8000000.005555-0.00831
GRID        4246        0.8100000.003826-0.00923
GRID        4247        0.7800000.008314-0.00555
GRID        4248        0.7900000.007071-0.00707
GRID        4249        0.7600000.009807-0.00195
GRID        4250        0.7700000.009238-0.00382
GRID        4251        0.8000000.001950-0.00980
GRID        4252        0.7800000.005555-0.00831
GRID        4253        0.7900000.003826-0.00923
GRID        4254        0.7600000.008314-0.00555
GRID        4255        0.7700000.007071-0.00707
GRID        4256        0.7400000.009807-0.00195
GRID        4257        0.7500000.009238-0.00382
GRID        4258        0.7800000.001950-0.00980
GRID        4259        0.7600000.005555-0.00831
GRID        4260        0.7700000.003826-0.00923
GRID        4261        0.7400000.008314-0.00555
GRID        4262        0.7500000.007071-0.00707
GRID        4263        0.7300000.009238-0.00382
GRID        4264        0.7600000.001950-0.00980
GRID        4265        0.7400000.005555-0.00831
GRID        4266        0.7500000.003826-0.00923
GRID        4267        0.7300000.007071-0.00707
GRID        4268        0.7400000.001950-0.00980
GRID        4269        0.7300000.003826-0.00923
GRID        4270        0.9800000.0083140.005555
GRID        4271        0.9900000.0092380.003826
GRID        4272        0.9900000.0070710.007071
GRID        4273        0.9800000.0055550.008314
GRID        4274        0.9900000.0038260.009238
GRID        4275        0.9800000.0098070.001950
GRID        4276        0.9600000.0083140.005555
GRID        4277        0.9700000.0092380.003826
GRID        4278        0.9700000.0070710.007071
GRID        4279        0.9800000.0019500.009807
GRID        4280        0.9600000.0055550.008314
GRID        4281        0.9700000.0038260.009238
GRID        4282        0.9600000.0098070.001950
GRID        4283        0.9400000.0083140.005555
GRID        4284        0.9500000.0092380.003826
GRID        4285        0.9500000.0070710.007071
GRID        4286        0.9600000.0019500.009807
GRID        4287        0.9400000.0055550.008314
GRID        4288        0.9500000.0038260.009238
GRID        4289        0.9400000.0098070.001950
GRID        4290        0.9200000.0083140.005555
GRID        4291        0.9300000.0092380.003826
GRID        4292        0.9300000.0070710.007071
GRID        4293        0.9400000.0019500.009807
GRID        4294        0.9200000.0055550.008314
GRID        4295        0.9300000.0038260.009238
GRID        4296        0.9200000.0098070.001950
GRID        4297        0.9000000.0083140.005555
GRID        4298        0.9100000.0092380.003826
GRID        4299        0.9100000.0070710.007071
GRID        4300        0.9200000.0019500.009807
GRID        4301        0.9000000.0055550.008314
GRID        4302        0.9100000.0038260.009238
GRID        4303        0.9000000.0098070.001950
GRID        4304        0.8800000.0083140.005555
GRID        4305        0.8900000.0092380.003826
GRID        4306        0.8900000.0070710.007071
GRID        4307        0.9000000.0019500.009807
GRID        4308        0.8800000.0055550.008314
GRID        4309        0.8900000.0038260.009238
GRID        4310        0.8800000.0098070.001950
GRID        4311        0.8600000.0083140.005555
GRID        4312        0.8700000.0092380.003826
GRID        4313        0.8700000.0070710.007071
GRID        4314        0.8800000.0019500.009807
GRID        4315        0.8600000.0055550.008314
GRID        4316        0.8700000.0038260.009238
GRID        4317        0.8600000.0098070.001950
GRID        4318        0.8400000.0083140.005555
GRID        4319        0.8500000.0092380.003826
GRID        4320        0.8500000.0070710.007071
GRID        4321        0.8600000.0019500.009807
GRID        4322        0.8400000.0055550.008314
GRID        4323        0.8500000.0038260.009238
GRID        4324        0.8400000.0098070.001950
GRID        4325        0.8200000.0083140.005555
GRID        4326        0.8300000.0092380.003826
GRID        4327        0.8300000.0070710.007071
GRID        4328        0.8400000.0019500.009807
GRID        4329        0.8200000.0055550.008314
GRID        4330        0.8300000.0038260.009238
GRID        4331        0.8200000.0098070.001950
GRID        4332        0.8000000.0083140.005555
GRID        4333        0.8100000.0092380.003826
GRID        4334        0.8100000.0070710.007071
GRID        4335        0.8200000.0019500.009807
GRID        4336        0.8000000.0055550.008314
GRID        4337        0.8100000.0038260.009238
GRID        4338        0.8000000.0098070.001950
GRID        4339        0.7800000.0083140.005555
GRID        4340        0.7900000.0092380.003826
GRID        4341        0.7900000.0070710.007071
GRID        4342        0.8000000.0019500.009807
GRID        4343        0.7800000.0055550.008314
GRID        4344        0.7900000.0038260.009238
GRID        4345        0.7800000.0098070.001950
GRID        4346        0.7600000.0083140.005555
GRID        4347        0.7700000.0092380.003826
GRID        4348        0.7700000.0070710.007071
GRID        4349        0.7800000.0019500.009807
GRID        4350        0.7600000.0055550.008314
GRID        4351        0.7700000.0038260.009238
GRID        4352        0.7600000.0098070.001950
GRID        4353        0.7400000.0083140.005555
GRID        4354        0.7500000.0092380.003826
GRID        4355        0.7500000.0070710.007071
GRID        4356        0.7600000.0019500.009807
GRID        4357        0.7400000.0055550.008314
GRID        4358        0.7500000.0038260.009238
GRID        4359        0.7400000.0098070.001950
GRID        4360        0.7300000.0092380.003826
GRID        4361        0.7300000.0070710.007071
GRID        4362        0.7400000.0019500.009807
GRID        4363        0.7300000.0038260.009238
GRID        4364         1.000000.0056320.004228
GRID        4365         1.000000.0062130.006214
GRID        4366         1.000000.0075730.003462
GRID        4367         1.000000.0042250.005634
GRID        4368         1.000000.0034610.007574
GRID        4369         1.000000.0060490.001555
GRID        4370         1.000000.0080956.070E-6
GRID        4371         1.000000.0015500.006051
GRID        4372         1.000002.890E-60.008096
GRID        4373         1.000000.007574-0.00345
GRID        4374         1.000000.006051-0.00153
GRID        4375         1.00000-0.001530.006051
GRID        4376         1.00000-0.003450.007574
GRID        4377         1.000000.006215-0.00620
GRID        4378         1.000000.005635-0.00421
GRID        4379         1.00000-0.004210.005634
GRID        4380         1.00000-0.006210.006214
GRID        4381         1.000000.004229-0.00561
GRID        4382         1.000000.003463-0.00756
GRID        4383         1.00000-0.005620.004228
GRID        4384         1.00000-0.007560.003462
GRID        4385         1.000000.001556-0.00603
GRID        4386         1.000006.336E-6-0.00808
GRID        4387         1.00000-0.006030.001553
GRID        4388         1.00000-0.008084.043E-6
GRID        4389         1.00000-0.00345-0.00756
GRID        4390         1.00000-0.00153-0.00603
GRID        4391         1.00000-0.00603-0.00153
GRID        4392         1.00000-0.00756-0.00345
GRID        4393         1.00000-0.00620-0.00620
GRID        4394         1.00000-0.00421-0.00562
GRID        4395         1.00000-0.00562-0.00421
GRID        4396        -1.8E-190.0044480.003046
GRID        4397        -2.7E-190.0030410.004452
GRID        4398        -1.1E-210.0046131.825E-5
GRID        4399        -9.2E-200.0030110.001509
GRID        4400        -1.8E-190.0015010.003016
GRID        4401        -2.8E-191.056E-50.004616
GRID        4402        1.84E-190.004454-0.00301
GRID        4403        8.97E-200.003017-0.00146
GRID        4404        -1.6E-210.0015292.684E-5
GRID        4405        -9.3E-201.915E-50.001534
GRID        4406        -2.7E-19-0.003020.004453
GRID        4407        -1.8E-19-0.001470.003017
GRID        4408        2.70E-190.003049-0.00442
GRID        4409        1.82E-190.001511-0.00297
GRID        4410        9.08E-202.384E-5-0.00148
GRID        4411        -9.2E-20-0.002980.001510
GRID        4412        -1.6E-21-0.001482.662E-5
GRID        4413        -1.8E-19-0.004430.003047
GRID        4414        2.80E-191.870E-5-0.00458
GRID        4415        8.99E-20-0.00298-0.00146
GRID        4416        1.82E-19-0.00146-0.00297
GRID        4417        -9.8E-22-0.004581.600E-5
GRID        4418        2.71E-19-0.00302-0.00442
GRID        4419        1.85E-19-0.00442-0.00302
GRID        4420        0.300000-0.00861-0.04578
GRID        4421        0.300000-0.02056-0.05278
GRID        4422        0.300000-0.04965-0.02369
GRID        4423        0.300000-0.04328-0.01111
GRID        4424        0.300000-0.03800-0.04113
GRID        4425        0.300000-0.03669-0.02702
GRID        4426        0.300000-0.02452-0.03919
GRID        4427        0.300000-0.01387-0.03536
GRID        4428        0.300000-0.03349-0.01574
GRID        4429        0.300000-0.02563-0.02750
GRID        4430        0.300000-0.020560.046533
GRID        4431        0.300000-0.008610.040787
GRID        4432        0.300000-0.038000.034882
GRID        4433        0.300000-0.024520.034197
GRID        4434        0.300000-0.013870.031615
GRID        4435        0.300000-0.049650.017444
GRID        4436        0.300000-0.036690.022020
GRID        4437        0.300000-0.025630.023757
GRID        4438        0.300000-0.043280.006110
GRID        4439        0.300000-0.033490.011997
GRID        4440        0.3000000.043287-0.01111
GRID        4441        0.3000000.049658-0.02369
GRID        4442        0.3000000.036697-0.02702
GRID        4443        0.3000000.038007-0.04113
GRID        4444        0.3000000.033490-0.01574
GRID        4445        0.3000000.024520-0.03919
GRID        4446        0.3000000.020569-0.05278
GRID        4447        0.3000000.025632-0.02750
GRID        4448        0.3000000.008610-0.04578
GRID        4449        0.3000000.013872-0.03536
GRID        4450        0.3000000.0366970.022020
GRID        4451        0.3000000.0496580.017444
GRID        4452        0.3000000.0380070.034882
GRID        4453        0.3000000.0245200.034197
GRID        4454        0.3000000.0205690.046533
GRID        4455        0.3000000.0432870.006110
GRID        4456        0.3000000.0334900.011997
GRID        4457        0.3000000.0256320.023757
GRID        4458        0.3000000.0086100.040787
GRID        4459        0.3000000.0138720.031615
GRID        4460        0.3200000.0496580.017444
GRID        4461        0.3200000.0366970.022020
GRID        4462        0.3200000.0380070.034882
GRID        4463        0.3200000.0245200.034197
GRID        4464        0.3200000.0205690.046533
GRID        4465        0.3200000.053750-0.00312
GRID        4466        0.3200000.0432870.006110
GRID        4467        0.3200000.0334900.011997
GRID        4468        0.3200000.0256320.023757
GRID        4469        0.3200000.0086100.040787
GRID        4470        0.3200001.77E-170.050625
GRID        4471        0.3200000.0138720.031615
GRID        4472        0.3200000.049658-0.02369
GRID        4473        0.3200000.043287-0.01111
GRID        4474        0.3200000.036250-0.00187
GRID        4475        0.320000-0.008610.040787
GRID        4476        0.320000-0.020560.046533
GRID        4477        0.3200008.88E-180.034375
GRID        4478        0.3200000.038007-0.04113
GRID        4479        0.3200000.036697-0.02702
GRID        4480        0.3200000.033490-0.01574
GRID        4481        0.320000-0.024520.034197
GRID        4482        0.320000-0.038000.034882
GRID        4483        0.320000-0.013870.031615
GRID        4484        0.3200000.020569-0.05278
GRID        4485        0.3200000.024520-0.03919
GRID        4486        0.3200000.025632-0.02750
GRID        4487        0.320000-0.036690.022020
GRID        4488        0.320000-0.049650.017444
GRID        4489        0.320000-0.025630.023757
GRID        4490        0.320000 0.00000-0.05687
GRID        4491        0.3200000.008610-0.04578
GRID        4492        0.3200000.013872-0.03536
GRID        4493        0.320000-0.043280.006110
GRID        4494        0.320000-0.05375-0.00312
GRID        4495        0.320000-0.033490.011997
GRID        4496        0.320000-0.00861-0.04578
GRID        4497        0.320000-0.02056-0.05278
GRID        4498        0.320000 0.00000-0.03812
GRID        4499        0.320000-0.04328-0.01111
GRID        4500        0.320000-0.04965-0.02369
GRID        4501        0.320000-0.03625-0.00187
GRID        4502        0.320000-0.03669-0.02702
GRID        4503        0.320000-0.03800-0.04113
GRID        4504        0.320000-0.02452-0.03919
GRID        4505        0.320000-0.01387-0.03536
GRID        4506        0.320000-0.03349-0.01574
GRID        4507        0.320000-0.02563-0.02750
GRID        4508        0.700000-0.00669-0.03366
GRID        4509        0.700000-0.01578-0.03811
GRID        4510        0.700000-0.03366-0.00669
GRID        4511        0.700000-0.03811-0.01578
GRID        4512        0.700000-0.02916-0.02916
GRID        4513        0.700000-0.02854-0.01907
GRID        4514        0.700000-0.01907-0.02854
GRID        4515        0.700000-0.01100-0.02656
GRID        4516        0.700000-0.02656-0.01100
GRID        4517        0.700000-0.02032-0.02032
GRID        4518        0.700000-0.006690.033667
GRID        4519        0.700000-0.015780.038110
GRID        4520        0.700000-0.029160.029168
GRID        4521        0.700000-0.019070.028542
GRID        4522        0.700000-0.011000.026561
GRID        4523        0.700000-0.028540.019071
GRID        4524        0.700000-0.038110.015785
GRID        4525        0.700000-0.020320.020329
GRID        4526        0.700000-0.033660.006696
GRID        4527        0.700000-0.026560.011002
GRID        4528        0.7000000.033667-0.00669
GRID        4529        0.7000000.038110-0.01578
GRID        4530        0.7000000.028542-0.01907
GRID        4531        0.7000000.029168-0.02916
GRID        4532        0.7000000.026561-0.01100
GRID        4533        0.7000000.019071-0.02854
GRID        4534        0.7000000.015785-0.03811
GRID        4535        0.7000000.020329-0.02032
GRID        4536        0.7000000.006696-0.03366
GRID        4537        0.7000000.011002-0.02656
GRID        4538        0.7000000.0291680.029168
GRID        4539        0.7000000.0285420.019071
GRID        4540        0.7000000.0381100.015785
GRID        4541        0.7000000.0190710.028542
GRID        4542        0.7000000.0157850.038110
GRID        4543        0.7000000.0336670.006696
GRID        4544        0.7000000.0203290.020329
GRID        4545        0.7000000.0265610.011002
GRID        4546        0.7000000.0066960.033667
GRID        4547        0.7000000.0110020.026561
GRID        4548        0.7200000.0285420.019071
GRID        4549        0.7200000.0291680.029168
GRID        4550        0.7200000.0381100.015785
GRID        4551        0.7200000.0190710.028542
GRID        4552        0.7200000.0157850.038110
GRID        4553        0.7200000.0412504.44E-18
GRID        4554        0.7200000.0336670.006696
GRID        4555        0.7200000.0203290.020329
GRID        4556        0.7200000.0265610.011002
GRID        4557        0.7200000.0066960.033667
GRID        4558        0.720000-1.7E-170.041250
GRID        4559        0.7200000.0110020.026561
GRID        4560        0.7200000.033667-0.00669
GRID        4561        0.7200000.038110-0.01578
GRID        4562        0.7200000.0287508.88E-18
GRID        4563        0.720000-0.006690.033667
GRID        4564        0.720000-0.015780.038110
GRID        4565        0.720000-1.3E-170.028750
GRID        4566        0.7200000.029168-0.02916
GRID        4567        0.7200000.028542-0.01907
GRID        4568        0.7200000.026561-0.01100
GRID        4569        0.720000-0.019070.028542
GRID        4570        0.720000-0.029160.029168
GRID        4571        0.720000-0.011000.026561
GRID        4572        0.7200000.019071-0.02854
GRID        4573        0.7200000.015785-0.03811
GRID        4574        0.7200000.020329-0.02032
GRID        4575        0.720000-0.028540.019071
GRID        4576        0.720000-0.038110.015785
GRID        4577        0.720000-0.020320.020329
GRID        4578        0.720000 0.00000-0.04125
GRID        4579        0.7200000.006696-0.03366
GRID        4580        0.7200000.011002-0.02656
GRID        4581        0.720000-0.033660.006696
GRID        4582        0.720000-0.04125 0.00000
GRID        4583        0.720000-0.026560.011002
GRID        4584        0.720000-0.00669-0.03366
GRID        4585        0.720000-0.01578-0.03811
GRID        4586        0.720000-4.4E-18-0.02875
GRID        4587        0.720000-0.03366-0.00669
GRID        4588        0.720000-0.03811-0.01578
GRID        4589        0.720000-0.02875 0.00000
GRID        4590        0.720000-0.02854-0.01907
GRID        4591        0.720000-0.02916-0.02916
GRID        4592        0.720000-0.01907-0.02854
GRID        4593        0.720000-0.01100-0.02656
GRID        4594        0.720000-0.02656-0.01100
GRID        4595        0.720000-0.02032-0.02032
GRID        4596         1.000000.0030410.004452
GRID        4597         1.000000.0044480.003046
GRID        4598         1.000000.0030110.001509
GRID        4599         1.000000.0046131.825E-5
GRID        4600         1.000001.056E-50.004616
GRID        4601         1.000000.0015010.003016
GRID        4602         1.000000.004454-0.00301
GRID        4603         1.000000.003017-0.00146
GRID        4604         1.000001.915E-50.001534
GRID        4605         1.000000.0015292.684E-5
GRID        4606         1.00000-0.003020.004453
GRID        4607         1.00000-0.001470.003017
GRID        4608         1.000000.003049-0.00442
GRID        4609         1.000000.001511-0.00297
GRID        4610         1.000002.384E-5-0.00148
GRID        4611         1.00000-0.002980.001510
GRID        4612         1.00000-0.001482.662E-5
GRID        4613         1.00000-0.004430.003047
GRID        4614         1.000001.870E-5-0.00458
GRID        4615         1.00000-0.00146-0.00297
GRID        4616         1.00000-0.00298-0.00146
GRID        4617         1.00000-0.004581.600E-5
GRID        4618         1.00000-0.00302-0.00442
GRID        4619         1.00000-0.00442-0.00302
GRID        4620        0.9900000.0053560.005358
GRID        4621        0.9800000.0056320.004228
GRID        4622        0.9900000.0059070.003098
GRID        4623        0.9800000.0062130.006214
GRID        4624        0.9800000.0075730.003462
GRID        4625        0.9800000.0042250.005634
GRID        4626        0.9900000.0030950.005910
GRID        4627        0.9800000.0034610.007574
GRID        4628        0.9800000.0060490.001555
GRID        4629        0.9900000.0061911.214E-5
GRID        4630        0.9800000.0080956.070E-6
GRID        4631        0.9700000.0053560.005358
GRID        4632        0.9600000.0056320.004228
GRID        4633        0.9700000.0059070.003098
GRID        4634        0.9600000.0062130.006214
GRID        4635        0.9600000.0075730.003462
GRID        4636        0.9800000.0015500.006051
GRID        4637        0.9900005.781E-60.006193
GRID        4638        0.9800002.890E-60.008096
GRID        4639        0.9600000.0042250.005634
GRID        4640        0.9700000.0030950.005910
GRID        4641        0.9600000.0034610.007574
GRID        4642        0.9900000.005910-0.00308
GRID        4643        0.9800000.007574-0.00345
GRID        4644        0.9800000.006051-0.00153
GRID        4645        0.9600000.0060490.001555
GRID        4646        0.9700000.0061911.214E-5
GRID        4647        0.9600000.0080956.070E-6
GRID        4648        0.9500000.0053560.005358
GRID        4649        0.9400000.0056320.004228
GRID        4650        0.9500000.0059070.003098
GRID        4651        0.9400000.0062130.006214
GRID        4652        0.9400000.0075730.003462
GRID        4653        0.990000-0.003080.005910
GRID        4654        0.980000-0.001530.006051
GRID        4655        0.980000-0.003450.007574
GRID        4656        0.9600000.0015500.006051
GRID        4657        0.9700005.781E-60.006193
GRID        4658        0.9600002.890E-60.008096
GRID        4659        0.9400000.0042250.005634
GRID        4660        0.9500000.0030950.005910
GRID        4661        0.9400000.0034610.007574
GRID        4662        0.9900000.005359-0.00534
GRID        4663        0.9800000.006215-0.00620
GRID        4664        0.9800000.005635-0.00421
GRID        4665        0.9700000.005910-0.00308
GRID        4666        0.9600000.007574-0.00345
GRID        4667        0.9600000.006051-0.00153
GRID        4668        0.9400000.0060490.001555
GRID        4669        0.9500000.0061911.214E-5
GRID        4670        0.9400000.0080956.070E-6
GRID        4671        0.9300000.0053560.005358
GRID        4672        0.9200000.0056320.004228
GRID        4673        0.9300000.0059070.003098
GRID        4674        0.9200000.0062130.006214
GRID        4675        0.9200000.0075730.003462
GRID        4676        0.990000-0.005340.005358
GRID        4677        0.980000-0.004210.005634
GRID        4678        0.980000-0.006210.006214
GRID        4679        0.970000-0.003080.005910
GRID        4680        0.960000-0.001530.006051
GRID        4681        0.960000-0.003450.007574
GRID        4682        0.9400000.0015500.006051
GRID        4683        0.9500005.781E-60.006193
GRID        4684        0.9400002.890E-60.008096
GRID        4685        0.9200000.0042250.005634
GRID        4686        0.9300000.0030950.005910
GRID        4687        0.9200000.0034610.007574
GRID        4688        0.9800000.004229-0.00561
GRID        4689        0.9900000.003099-0.00589
GRID        4690        0.9800000.003463-0.00756
GRID        4691        0.9700000.005359-0.00534
GRID        4692        0.9600000.006215-0.00620
GRID        4693        0.9600000.005635-0.00421
GRID        4694        0.9500000.005910-0.00308
GRID        4695        0.9400000.007574-0.00345
GRID        4696        0.9400000.006051-0.00153
GRID        4697        0.9200000.0060490.001555
GRID        4698        0.9300000.0061911.214E-5
GRID        4699        0.9200000.0080956.070E-6
GRID        4700        0.9100000.0053560.005358
GRID        4701        0.9000000.0056320.004228
GRID        4702        0.9100000.0059070.003098
GRID        4703        0.9000000.0062130.006214
GRID        4704        0.9000000.0075730.003462
GRID        4705        0.980000-0.005620.004228
GRID        4706        0.990000-0.005890.003098
GRID        4707        0.980000-0.007560.003462
GRID        4708        0.970000-0.005340.005358
GRID        4709        0.960000-0.004210.005634
GRID        4710        0.960000-0.006210.006214
GRID        4711        0.950000-0.003080.005910
GRID        4712        0.940000-0.001530.006051
GRID        4713        0.940000-0.003450.007574
GRID        4714        0.9200000.0015500.006051
GRID        4715        0.9300005.781E-60.006193
GRID        4716        0.9200002.890E-60.008096
GRID        4717        0.9000000.0042250.005634
GRID        4718        0.9100000.0030950.005910
GRID        4719        0.9000000.0034610.007574
GRID        4720        0.9800000.001556-0.00603
GRID        4721        0.9900001.267E-5-0.00617
GRID        4722        0.9800006.336E-6-0.00808
GRID        4723        0.9600000.004229-0.00561
GRID        4724        0.9700000.003099-0.00589
GRID        4725        0.9600000.003463-0.00756
GRID        4726        0.9500000.005359-0.00534
GRID        4727        0.9400000.006215-0.00620
GRID        4728        0.9400000.005635-0.00421
GRID        4729        0.9300000.005910-0.00308
GRID        4730        0.9200000.007574-0.00345
GRID        4731        0.9200000.006051-0.00153
GRID        4732        0.9000000.0060490.001555
GRID        4733        0.9100000.0061911.214E-5
GRID        4734        0.9000000.0080956.070E-6
GRID        4735        0.8900000.0053560.005358
GRID        4736        0.8800000.0056320.004228
GRID        4737        0.8900000.0059070.003098
GRID        4738        0.8800000.0062130.006214
GRID        4739        0.8800000.0075730.003462
GRID        4740        0.980000-0.006030.001553
GRID        4741        0.990000-0.006178.086E-6
GRID        4742        0.980000-0.008084.043E-6
GRID        4743        0.960000-0.005620.004228
GRID        4744        0.970000-0.005890.003098
GRID        4745        0.960000-0.007560.003462
GRID        4746        0.950000-0.005340.005358
GRID        4747        0.940000-0.004210.005634
GRID        4748        0.940000-0.006210.006214
GRID        4749        0.930000-0.003080.005910
GRID        4750        0.920000-0.001530.006051
GRID        4751        0.920000-0.003450.007574
GRID        4752        0.9000000.0015500.006051
GRID        4753        0.9100005.781E-60.006193
GRID        4754        0.9000002.890E-60.008096
GRID        4755        0.8800000.0042250.005634
GRID        4756        0.8900000.0030950.005910
GRID        4757        0.8800000.0034610.007574
GRID        4758        0.990000-0.00308-0.00589
GRID        4759        0.980000-0.00345-0.00756
GRID        4760        0.980000-0.00153-0.00603
GRID        4761        0.9600000.001556-0.00603
GRID        4762        0.9700001.267E-5-0.00617
GRID        4763        0.9600006.336E-6-0.00808
GRID        4764        0.9400000.004229-0.00561
GRID        4765        0.9500000.003099-0.00589
GRID        4766        0.9400000.003463-0.00756
GRID        4767        0.9300000.005359-0.00534
GRID        4768        0.9200000.006215-0.00620
GRID        4769        0.9200000.005635-0.00421
GRID        4770        0.9100000.005910-0.00308
GRID        4771        0.9000000.007574-0.00345
GRID        4772        0.9000000.006051-0.00153
GRID        4773        0.8800000.0060490.001555
GRID        4774        0.8900000.0061911.214E-5
GRID        4775        0.8800000.0080956.070E-6
GRID        4776        0.8700000.0053560.005358
GRID        4777        0.8600000.0056320.004228
GRID        4778        0.8700000.0059070.003098
GRID        4779        0.8600000.0062130.006214
GRID        4780        0.8600000.0075730.003462
GRID        4781        0.990000-0.00589-0.00308
GRID        4782        0.980000-0.00603-0.00153
GRID        4783        0.980000-0.00756-0.00345
GRID        4784        0.960000-0.006030.001553
GRID        4785        0.970000-0.006178.086E-6
GRID        4786        0.960000-0.008084.043E-6
GRID        4787        0.940000-0.005620.004228
GRID        4788        0.950000-0.005890.003098
GRID        4789        0.940000-0.007560.003462
GRID        4790        0.930000-0.005340.005358
GRID        4791        0.920000-0.004210.005634
GRID        4792        0.920000-0.006210.006214
GRID        4793        0.910000-0.003080.005910
GRID        4794        0.900000-0.001530.006051
GRID        4795        0.900000-0.003450.007574
GRID        4796        0.8800000.0015500.006051
GRID        4797        0.8900005.781E-60.006193
GRID        4798        0.8800002.890E-60.008096
GRID        4799        0.8600000.0042250.005634
GRID        4800        0.8700000.0030950.005910
GRID        4801        0.8600000.0034610.007574
GRID        4802        0.990000-0.00534-0.00534
GRID        4803        0.980000-0.00620-0.00620
GRID        4804        0.980000-0.00421-0.00562
GRID        4805        0.980000-0.00562-0.00421
GRID        4806        0.970000-0.00308-0.00589
GRID        4807        0.960000-0.00345-0.00756
GRID        4808        0.960000-0.00153-0.00603
GRID        4809        0.9400000.001556-0.00603
GRID        4810        0.9500001.267E-5-0.00617
GRID        4811        0.9400006.336E-6-0.00808
GRID        4812        0.9200000.004229-0.00561
GRID        4813        0.9300000.003099-0.00589
GRID        4814        0.9200000.003463-0.00756
GRID        4815        0.9100000.005359-0.00534
GRID        4816        0.9000000.006215-0.00620
GRID        4817        0.9000000.005635-0.00421
GRID        4818        0.8900000.005910-0.00308
GRID        4819        0.8800000.007574-0.00345
GRID        4820        0.8800000.006051-0.00153
GRID        4821        0.8600000.0060490.001555
GRID        4822        0.8700000.0061911.214E-5
GRID        4823        0.8600000.0080956.070E-6
GRID        4824        0.8500000.0053560.005358
GRID        4825        0.8400000.0056320.004228
GRID        4826        0.8500000.0059070.003098
GRID        4827        0.8400000.0062130.006214
GRID        4828        0.8400000.0075730.003462
GRID        4829        0.970000-0.00589-0.00308
GRID        4830        0.960000-0.00603-0.00153
GRID        4831        0.960000-0.00756-0.00345
GRID        4832        0.940000-0.006030.001553
GRID        4833        0.950000-0.006178.086E-6
GRID        4834        0.940000-0.008084.043E-6
GRID        4835        0.920000-0.005620.004228
GRID        4836        0.930000-0.005890.003098
GRID        4837        0.920000-0.007560.003462
GRID        4838        0.910000-0.005340.005358
GRID        4839        0.900000-0.004210.005634
GRID        4840        0.900000-0.006210.006214
GRID        4841        0.890000-0.003080.005910
GRID        4842        0.880000-0.001530.006051
GRID        4843        0.880000-0.003450.007574
GRID        4844        0.8600000.0015500.006051
GRID        4845        0.8700005.781E-60.006193
GRID        4846        0.8600002.890E-60.008096
GRID        4847        0.8400000.0042250.005634
GRID        4848        0.8500000.0030950.005910
GRID        4849        0.8400000.0034610.007574
GRID        4850        0.970000-0.00534-0.00534
GRID        4851        0.960000-0.00620-0.00620
GRID        4852        0.960000-0.00421-0.00562
GRID        4853        0.960000-0.00562-0.00421
GRID        4854        0.950000-0.00308-0.00589
GRID        4855        0.940000-0.00345-0.00756
GRID        4856        0.940000-0.00153-0.00603
GRID        4857        0.9200000.001556-0.00603
GRID        4858        0.9300001.267E-5-0.00617
GRID        4859        0.9200006.336E-6-0.00808
GRID        4860        0.9000000.004229-0.00561
GRID        4861        0.9100000.003099-0.00589
GRID        4862        0.9000000.003463-0.00756
GRID        4863        0.8900000.005359-0.00534
GRID        4864        0.8800000.006215-0.00620
GRID        4865        0.8800000.005635-0.00421
GRID        4866        0.8700000.005910-0.00308
GRID        4867        0.8600000.007574-0.00345
GRID        4868        0.8600000.006051-0.00153
GRID        4869        0.8400000.0060490.001555
GRID        4870        0.8500000.0061911.214E-5
GRID        4871        0.8400000.0080956.070E-6
GRID        4872        0.8300000.0053560.005358
GRID        4873        0.8200000.0056320.004228
GRID        4874        0.8300000.0059070.003098
GRID        4875        0.8200000.0062130.006214
GRID        4876        0.8200000.0075730.003462
GRID        4877        0.950000-0.00589-0.00308
GRID        4878        0.940000-0.00603-0.00153
GRID        4879        0.940000-0.00756-0.00345
GRID        4880        0.920000-0.006030.001553
GRID        4881        0.930000-0.006178.086E-6
GRID        4882        0.920000-0.008084.043E-6
GRID        4883        0.900000-0.005620.004228
GRID        4884        0.910000-0.005890.003098
GRID        4885        0.900000-0.007560.003462
GRID        4886        0.890000-0.005340.005358
GRID        4887        0.880000-0.004210.005634
GRID        4888        0.880000-0.006210.006214
GRID        4889        0.870000-0.003080.005910
GRID        4890        0.860000-0.001530.006051
GRID        4891        0.860000-0.003450.007574
GRID        4892        0.8400000.0015500.006051
GRID        4893        0.8500005.781E-60.006193
GRID        4894        0.8400002.890E-60.008096
GRID        4895        0.8200000.0042250.005634
GRID        4896        0.8300000.0030950.005910
GRID        4897        0.8200000.0034610.007574
GRID        4898        0.950000-0.00534-0.00534
GRID        4899        0.940000-0.00620-0.00620
GRID        4900        0.940000-0.00421-0.00562
GRID        4901        0.940000-0.00562-0.00421
GRID        4902        0.930000-0.00308-0.00589
GRID        4903        0.920000-0.00345-0.00756
GRID        4904        0.920000-0.00153-0.00603
GRID        4905        0.9000000.001556-0.00603
GRID        4906        0.9100001.267E-5-0.00617
GRID        4907        0.9000006.336E-6-0.00808
GRID        4908        0.8800000.004229-0.00561
GRID        4909        0.8900000.003099-0.00589
GRID        4910        0.8800000.003463-0.00756
GRID        4911        0.8700000.005359-0.00534
GRID        4912        0.8600000.006215-0.00620
GRID        4913        0.8600000.005635-0.00421
GRID        4914        0.8500000.005910-0.00308
GRID        4915        0.8400000.007574-0.00345
GRID        4916        0.8400000.006051-0.00153
GRID        4917        0.8200000.0060490.001555
GRID        4918        0.8300000.0061911.214E-5
GRID        4919        0.8200000.0080956.070E-6
GRID        4920        0.8100000.0053560.005358
GRID        4921        0.8000000.0056320.004228
GRID        4922        0.8100000.0059070.003098
GRID        4923        0.8000000.0062130.006214
GRID        4924        0.8000000.0075730.003462
GRID        4925        0.930000-0.00589-0.00308
GRID        4926        0.920000-0.00603-0.00153
GRID        4927        0.920000-0.00756-0.00345
GRID        4928        0.900000-0.006030.001553
GRID        4929        0.910000-0.006178.086E-6
GRID        4930        0.900000-0.008084.043E-6
GRID        4931        0.880000-0.005620.004228
GRID        4932        0.890000-0.005890.003098
GRID        4933        0.880000-0.007560.003462
GRID        4934        0.870000-0.005340.005358
GRID        4935        0.860000-0.004210.005634
GRID        4936        0.860000-0.006210.006214
GRID        4937        0.850000-0.003080.005910
GRID        4938        0.840000-0.001530.006051
GRID        4939        0.840000-0.003450.007574
GRID        4940        0.8200000.0015500.006051
GRID        4941        0.8300005.781E-60.006193
GRID        4942        0.8200002.890E-60.008096
GRID        4943        0.8000000.0042250.005634
GRID        4944        0.8100000.0030950.005910
GRID        4945        0.8000000.0034610.007574
GRID        4946        0.930000-0.00534-0.00534
GRID        4947        0.920000-0.00620-0.00620
GRID        4948        0.920000-0.00421-0.00562
GRID        4949        0.920000-0.00562-0.00421
GRID        4950        0.910000-0.00308-0.00589
GRID        4951        0.900000-0.00345-0.00756
GRID        4952        0.900000-0.00153-0.00603
GRID        4953        0.8800000.001556-0.00603
GRID        4954        0.8900001.267E-5-0.00617
GRID        4955        0.8800006.336E-6-0.00808
GRID        4956        0.8600000.004229-0.00561
GRID        4957        0.8700000.003099-0.00589
GRID        4958        0.8600000.003463-0.00756
GRID        4959        0.8500000.005359-0.00534
GRID        4960        0.8400000.006215-0.00620
GRID        4961        0.8400000.005635-0.00421
GRID        4962        0.8300000.005910-0.00308
GRID        4963        0.8200000.007574-0.00345
GRID        4964        0.8200000.006051-0.00153
GRID        4965        0.8000000.0060490.001555
GRID        4966        0.8100000.0061911.214E-5
GRID        4967        0.8000000.0080956.070E-6
GRID        4968        0.7900000.0053560.005358
GRID        4969        0.7800000.0056320.004228
GRID        4970        0.7900000.0059070.003098
GRID        4971        0.7800000.0062130.006214
GRID        4972        0.7800000.0075730.003462
GRID        4973        0.910000-0.00589-0.00308
GRID        4974        0.900000-0.00603-0.00153
GRID        4975        0.900000-0.00756-0.00345
GRID        4976        0.880000-0.006030.001553
GRID        4977        0.890000-0.006178.086E-6
GRID        4978        0.880000-0.008084.043E-6
GRID        4979        0.860000-0.005620.004228
GRID        4980        0.870000-0.005890.003098
GRID        4981        0.860000-0.007560.003462
GRID        4982        0.850000-0.005340.005358
GRID        4983        0.840000-0.004210.005634
GRID        4984        0.840000-0.006210.006214
GRID        4985        0.830000-0.003080.005910
GRID        4986        0.820000-0.001530.006051
GRID        4987        0.820000-0.003450.007574
GRID        4988        0.8000000.0015500.006051
GRID        4989        0.8100005.781E-60.006193
GRID        4990        0.8000002.890E-60.008096
GRID        4991        0.7800000.0042250.005634
GRID        4992        0.7900000.0030950.005910
GRID        4993        0.7800000.0034610.007574
GRID        4994        0.910000-0.00534-0.00534
GRID        4995        0.900000-0.00620-0.00620
GRID        4996        0.900000-0.00421-0.00562
GRID        4997        0.900000-0.00562-0.00421
GRID        4998        0.890000-0.00308-0.00589
GRID        4999        0.880000-0.00345-0.00756
GRID        5000        0.880000-0.00153-0.00603
GRID        5001        0.8600000.001556-0.00603
GRID        5002        0.8700001.267E-5-0.00617
GRID        5003        0.8600006.336E-6-0.00808
GRID        5004        0.8400000.004229-0.00561
GRID        5005        0.8500000.003099-0.00589
GRID        5006        0.8400000.003463-0.00756
GRID        5007        0.8300000.005359-0.00534
GRID        5008        0.8200000.006215-0.00620
GRID        5009        0.8200000.005635-0.00421
GRID        5010        0.8100000.005910-0.00308
GRID        5011        0.8000000.007574-0.00345
GRID        5012        0.8000000.006051-0.00153
GRID        5013        0.7800000.0060490.001555
GRID        5014        0.7900000.0061911.214E-5
GRID        5015        0.7800000.0080956.070E-6
GRID        5016        0.7700000.0053560.005358
GRID        5017        0.7600000.0056320.004228
GRID        5018        0.7700000.0059070.003098
GRID        5019        0.7600000.0062130.006214
GRID        5020        0.7600000.0075730.003462
GRID        5021        0.890000-0.00589-0.00308
GRID        5022        0.880000-0.00603-0.00153
GRID        5023        0.880000-0.00756-0.00345
GRID        5024        0.860000-0.006030.001553
GRID        5025        0.870000-0.006178.086E-6
GRID        5026        0.860000-0.008084.043E-6
GRID        5027        0.840000-0.005620.004228
GRID        5028        0.850000-0.005890.003098
GRID        5029        0.840000-0.007560.003462
GRID        5030        0.830000-0.005340.005358
GRID        5031        0.820000-0.004210.005634
GRID        5032        0.820000-0.006210.006214
GRID        5033        0.810000-0.003080.005910
GRID        5034        0.800000-0.001530.006051
GRID        5035        0.800000-0.003450.007574
GRID        5036        0.7800000.0015500.006051
GRID        5037        0.7900005.781E-60.006193
GRID        5038        0.7800002.890E-60.008096
GRID        5039        0.7600000.0042250.005634
GRID        5040        0.7700000.0030950.005910
GRID        5041        0.7600000.0034610.007574
GRID        5042        0.890000-0.00534-0.00534
GRID        5043        0.880000-0.00620-0.00620
GRID        5044        0.880000-0.00421-0.00562
GRID        5045        0.880000-0.00562-0.00421
GRID        5046        0.870000-0.00308-0.00589
GRID        5047        0.860000-0.00345-0.00756
GRID        5048        0.860000-0.00153-0.00603
GRID        5049        0.8400000.001556-0.00603
GRID        5050        0.8500001.267E-5-0.00617
GRID        5051        0.8400006.336E-6-0.00808
GRID        5052        0.8200000.004229-0.00561
GRID        5053        0.8300000.003099-0.00589
GRID        5054        0.8200000.003463-0.00756
GRID        5055        0.8100000.005359-0.00534
GRID        5056        0.8000000.006215-0.00620
GRID        5057        0.8000000.005635-0.00421
GRID        5058        0.7900000.005910-0.00308
GRID        5059        0.7800000.007574-0.00345
GRID        5060        0.7800000.006051-0.00153
GRID        5061        0.7600000.0060490.001555
GRID        5062        0.7700000.0061911.214E-5
GRID        5063        0.7600000.0080956.070E-6
GRID        5064        0.7500000.0053560.005358
GRID        5065        0.7400000.0056320.004228
GRID        5066        0.7500000.0059070.003098
GRID        5067        0.7400000.0062130.006214
GRID        5068        0.7400000.0075730.003462
GRID        5069        0.870000-0.00589-0.00308
GRID        5070        0.860000-0.00603-0.00153
GRID        5071        0.860000-0.00756-0.00345
GRID        5072        0.840000-0.006030.001553
GRID        5073        0.850000-0.006178.086E-6
GRID        5074        0.840000-0.008084.043E-6
GRID        5075        0.820000-0.005620.004228
GRID        5076        0.830000-0.005890.003098
GRID        5077        0.820000-0.007560.003462
GRID        5078        0.810000-0.005340.005358
GRID        5079        0.800000-0.004210.005634
GRID        5080        0.800000-0.006210.006214
GRID        5081        0.790000-0.003080.005910
GRID        5082        0.780000-0.001530.006051
GRID        5083        0.780000-0.003450.007574
GRID        5084        0.7600000.0015500.006051
GRID        5085        0.7700005.781E-60.006193
GRID        5086        0.7600002.890E-60.008096
GRID        5087        0.7400000.0042250.005634
GRID        5088        0.7500000.0030950.005910
GRID        5089        0.7400000.0034610.007574
GRID        5090        0.870000-0.00534-0.00534
GRID        5091        0.860000-0.00620-0.00620
GRID        5092        0.860000-0.00421-0.00562
GRID        5093        0.860000-0.00562-0.00421
GRID        5094        0.850000-0.00308-0.00589
GRID        5095        0.840000-0.00345-0.00756
GRID        5096        0.840000-0.00153-0.00603
GRID        5097        0.8200000.001556-0.00603
GRID        5098        0.8300001.267E-5-0.00617
GRID        5099        0.8200006.336E-6-0.00808
GRID        5100        0.8000000.004229-0.00561
GRID        5101        0.8100000.003099-0.00589
GRID        5102        0.8000000.003463-0.00756
GRID        5103        0.7900000.005359-0.00534
GRID        5104        0.7800000.006215-0.00620
GRID        5105        0.7800000.005635-0.00421
GRID        5106        0.7700000.005910-0.00308
GRID        5107        0.7600000.007574-0.00345
GRID        5108        0.7600000.006051-0.00153
GRID        5109        0.7400000.0060490.001555
GRID        5110        0.7500000.0061911.214E-5
GRID        5111        0.7400000.0080956.070E-6
GRID        5112        0.7300000.0053560.005358
GRID        5113        0.7200000.0056320.004228
GRID        5114        0.7300000.0059070.003098
GRID        5115        0.7200000.0062130.006214
GRID        5116        0.7200000.0075730.003462
GRID        5117        0.850000-0.00589-0.00308
GRID        5118        0.840000-0.00603-0.00153
GRID        5119        0.840000-0.00756-0.00345
GRID        5120        0.820000-0.006030.001553
GRID        5121        0.830000-0.006178.086E-6
GRID        5122        0.820000-0.008084.043E-6
GRID        5123        0.800000-0.005620.004228
GRID        5124        0.810000-0.005890.003098
GRID        5125        0.800000-0.007560.003462
GRID        5126        0.790000-0.005340.005358
GRID        5127        0.780000-0.004210.005634
GRID        5128        0.780000-0.006210.006214
GRID        5129        0.770000-0.003080.005910
GRID        5130        0.760000-0.001530.006051
GRID        5131        0.760000-0.003450.007574
GRID        5132        0.7400000.0015500.006051
GRID        5133        0.7500005.781E-60.006193
GRID        5134        0.7400002.890E-60.008096
GRID        5135        0.7200000.0042250.005634
GRID        5136        0.7300000.0030950.005910
GRID        5137        0.7200000.0034610.007574
GRID        5138        0.850000-0.00534-0.00534
GRID        5139        0.840000-0.00620-0.00620
GRID        5140        0.840000-0.00421-0.00562
GRID        5141        0.840000-0.00562-0.00421
GRID        5142        0.830000-0.00308-0.00589
GRID        5143        0.820000-0.00345-0.00756
GRID        5144        0.820000-0.00153-0.00603
GRID        5145        0.8000000.001556-0.00603
GRID        5146        0.8100001.267E-5-0.00617
GRID        5147        0.8000006.336E-6-0.00808
GRID        5148        0.7800000.004229-0.00561
GRID        5149        0.7900000.003099-0.00589
GRID        5150        0.7800000.003463-0.00756
GRID        5151        0.7700000.005359-0.00534
GRID        5152        0.7600000.006215-0.00620
GRID        5153        0.7600000.005635-0.00421
GRID        5154        0.7500000.005910-0.00308
GRID        5155        0.7400000.007574-0.00345
GRID        5156        0.7400000.006051-0.00153
GRID        5157        0.7200000.0060490.001555
GRID        5158        0.7300000.0061911.214E-5
GRID        5159        0.7200000.0080956.070E-6
GRID        5160        0.7100000.0053560.005358
GRID        5161        0.7000000.0056320.004228
GRID        5162        0.7100000.0059070.003098
GRID        5163        0.7000000.0062130.006214
GRID        5164        0.7000000.0075730.003462
GRID        5165        0.830000-0.00589-0.00308
GRID        5166        0.820000-0.00603-0.00153
GRID        5167        0.820000-0.00756-0.00345
GRID        5168        0.800000-0.006030.001553
GRID        5169        0.810000-0.006178.086E-6
GRID        5170        0.800000-0.008084.043E-6
GRID        5171        0.780000-0.005620.004228
GRID        5172        0.790000-0.005890.003098
GRID        5173        0.780000-0.007560.003462
GRID        5174        0.770000-0.005340.005358
GRID        5175        0.760000-0.004210.005634
GRID        5176        0.760000-0.006210.006214
GRID        5177        0.750000-0.003080.005910
GRID        5178        0.740000-0.001530.006051
GRID        5179        0.740000-0.003450.007574
GRID        5180        0.7200000.0015500.006051
GRID        5181        0.7300005.781E-60.006193
GRID        5182        0.7200002.890E-60.008096
GRID        5183        0.7000000.0042250.005634
GRID        5184        0.7100000.0030950.005910
GRID        5185        0.7000000.0034610.007574
GRID        5186        0.830000-0.00534-0.00534
GRID        5187        0.820000-0.00620-0.00620
GRID        5188        0.820000-0.00421-0.00562
GRID        5189        0.820000-0.00562-0.00421
GRID        5190        0.810000-0.00308-0.00589
GRID        5191        0.800000-0.00345-0.00756
GRID        5192        0.800000-0.00153-0.00603
GRID        5193        0.7800000.001556-0.00603
GRID        5194        0.7900001.267E-5-0.00617
GRID        5195        0.7800006.336E-6-0.00808
GRID        5196        0.7600000.004229-0.00561
GRID        5197        0.7700000.003099-0.00589
GRID        5198        0.7600000.003463-0.00756
GRID        5199        0.7500000.005359-0.00534
GRID        5200        0.7400000.006215-0.00620
GRID        5201        0.7400000.005635-0.00421
GRID        5202        0.7300000.005910-0.00308
GRID        5203        0.7200000.007574-0.00345
GRID        5204        0.7200000.006051-0.00153
GRID        5205        0.7000000.0060490.001555
GRID        5206        0.7100000.0061911.214E-5
GRID        5207        0.7000000.0080956.070E-6
GRID        5208        0.6900000.0053560.005358
GRID        5209        0.6800000.0056320.004228
GRID        5210        0.6900000.0059070.003098
GRID        5211        0.6800000.0062130.006214
GRID        5212        0.6800000.0075730.003462
GRID        5213        0.810000-0.00589-0.00308
GRID        5214        0.800000-0.00603-0.00153
GRID        5215        0.800000-0.00756-0.00345
GRID        5216        0.780000-0.006030.001553
GRID        5217        0.790000-0.006178.086E-6
GRID        5218        0.780000-0.008084.043E-6
GRID        5219        0.760000-0.005620.004228
GRID        5220        0.770000-0.005890.003098
GRID        5221        0.760000-0.007560.003462
GRID        5222        0.750000-0.005340.005358
GRID        5223        0.740000-0.004210.005634
GRID        5224        0.740000-0.006210.006214
GRID        5225        0.730000-0.003080.005910
GRID        5226        0.720000-0.001530.006051
GRID        5227        0.720000-0.003450.007574
GRID        5228        0.7000000.0015500.006051
GRID        5229        0.7100005.781E-60.006193
GRID        5230        0.7000002.890E-60.008096
GRID        5231        0.6800000.0042250.005634
GRID        5232        0.6900000.0030950.005910
GRID        5233        0.6800000.0034610.007574
GRID        5234        0.810000-0.00534-0.00534
GRID        5235        0.800000-0.00620-0.00620
GRID        5236        0.800000-0.00421-0.00562
GRID        5237        0.800000-0.00562-0.00421
GRID        5238        0.790000-0.00308-0.00589
GRID        5239        0.780000-0.00345-0.00756
GRID        5240        0.780000-0.00153-0.00603
GRID        5241        0.7600000.001556-0.00603
GRID        5242        0.7700001.267E-5-0.00617
GRID        5243        0.7600006.336E-6-0.00808
GRID        5244        0.7400000.004229-0.00561
GRID        5245        0.7500000.003099-0.00589
GRID        5246        0.7400000.003463-0.00756
GRID        5247        0.7300000.005359-0.00534
GRID        5248        0.7200000.006215-0.00620
GRID        5249        0.7200000.005635-0.00421
GRID        5250        0.7100000.005910-0.00308
GRID        5251        0.7000000.007574-0.00345
GRID        5252        0.7000000.006051-0.00153
GRID        5253        0.6800000.0060490.001555
GRID        5254        0.6900000.0061911.214E-5
GRID        5255        0.6800000.0080956.070E-6
GRID        5256        0.6700000.0053560.005358
GRID        5257        0.6600000.0056320.004228
GRID        5258        0.6700000.0059070.003098
GRID        5259        0.6600000.0062130.006214
GRID        5260        0.6600000.0075730.003462
GRID        5261        0.790000-0.00589-0.00308
GRID        5262        0.780000-0.00603-0.00153
GRID        5263        0.780000-0.00756-0.00345
GRID        5264        0.760000-0.006030.001553
GRID        5265        0.770000-0.006178.086E-6
GRID        5266        0.760000-0.008084.043E-6
GRID        5267        0.740000-0.005620.004228
GRID        5268        0.750000-0.005890.003098
GRID        5269        0.740000-0.007560.003462
GRID        5270        0.730000-0.005340.005358
GRID        5271        0.720000-0.004210.005634
GRID        5272        0.720000-0.006210.006214
GRID        5273        0.710000-0.003080.005910
GRID        5274        0.700000-0.001530.006051
GRID        5275        0.700000-0.003450.007574
GRID        5276        0.6800000.0015500.006051
GRID        5277        0.6900005.781E-60.006193
GRID        5278        0.6800002.890E-60.008096
GRID        5279        0.6600000.0042250.005634
GRID        5280        0.6700000.0030950.005910
GRID        5281        0.6600000.0034610.007574
GRID        5282        0.790000-0.00534-0.00534
GRID        5283        0.780000-0.00620-0.00620
GRID        5284        0.780000-0.00421-0.00562
GRID        5285        0.780000-0.00562-0.00421
GRID        5286        0.770000-0.00308-0.00589
GRID        5287        0.760000-0.00345-0.00756
GRID        5288        0.760000-0.00153-0.00603
GRID        5289        0.7400000.001556-0.00603
GRID        5290        0.7500001.267E-5-0.00617
GRID        5291        0.7400006.336E-6-0.00808
GRID        5292        0.7200000.004229-0.00561
GRID        5293        0.7300000.003099-0.00589
GRID        5294        0.7200000.003463-0.00756
GRID        5295        0.7100000.005359-0.00534
GRID        5296        0.7000000.006215-0.00620
GRID        5297        0.7000000.005635-0.00421
GRID        5298        0.6900000.005910-0.00308
GRID        5299        0.6800000.007574-0.00345
GRID        5300        0.6800000.006051-0.00153
GRID        5301        0.6600000.0060490.001555
GRID        5302        0.6700000.0061911.214E-5
GRID        5303        0.6600000.0080956.070E-6
GRID        5304        0.6500000.0053560.005358
GRID        5305        0.6400000.0056320.004228
GRID        5306        0.6500000.0059070.003098
GRID        5307        0.6400000.0062130.006214
GRID        5308        0.6400000.0075730.003462
GRID        5309        0.770000-0.00589-0.00308
GRID        5310        0.760000-0.00603-0.00153
GRID        5311        0.760000-0.00756-0.00345
GRID        5312        0.740000-0.006030.001553
GRID        5313        0.750000-0.006178.086E-6
GRID        5314        0.740000-0.008084.043E-6
GRID        5315        0.720000-0.005620.004228
GRID        5316        0.730000-0.005890.003098
GRID        5317        0.720000-0.007560.003462
GRID        5318        0.710000-0.005340.005358
GRID        5319        0.700000-0.004210.005634
GRID        5320        0.700000-0.006210.006214
GRID        5321        0.690000-0.003080.005910
GRID        5322        0.680000-0.001530.006051
GRID        5323        0.680000-0.003450.007574
GRID        5324        0.6600000.0015500.006051
GRID        5325        0.6700005.781E-60.006193
GRID        5326        0.6600002.890E-60.008096
GRID        5327        0.6400000.0042250.005634
GRID        5328        0.6500000.0030950.005910
GRID        5329        0.6400000.0034610.007574
GRID        5330        0.770000-0.00534-0.00534
GRID        5331        0.760000-0.00620-0.00620
GRID        5332        0.760000-0.00421-0.00562
GRID        5333        0.760000-0.00562-0.00421
GRID        5334        0.750000-0.00308-0.00589
GRID        5335        0.740000-0.00345-0.00756
GRID        5336        0.740000-0.00153-0.00603
GRID        5337        0.7200000.001556-0.00603
GRID        5338        0.7300001.267E-5-0.00617
GRID        5339        0.7200006.336E-6-0.00808
GRID        5340        0.7000000.004229-0.00561
GRID        5341        0.7100000.003099-0.00589
GRID        5342        0.7000000.003463-0.00756
GRID        5343        0.6900000.005359-0.00534
GRID        5344        0.6800000.006215-0.00620
GRID        5345        0.6800000.005635-0.00421
GRID        5346        0.6700000.005910-0.00308
GRID        5347        0.6600000.007574-0.00345
GRID        5348        0.6600000.006051-0.00153
GRID        5349        0.6400000.0060490.001555
GRID        5350        0.6500000.0061911.214E-5
GRID        5351        0.6400000.0080956.070E-6
GRID        5352        0.6300000.0053560.005358
GRID        5353        0.6200000.0056320.004228
GRID        5354        0.6300000.0059070.003098
GRID        5355        0.6200000.0062130.006214
GRID        5356        0.6200000.0075730.003462
GRID        5357        0.750000-0.00589-0.00308
GRID        5358        0.740000-0.00603-0.00153
GRID        5359        0.740000-0.00756-0.00345
GRID        5360        0.720000-0.006030.001553
GRID        5361        0.730000-0.006178.086E-6
GRID        5362        0.720000-0.008084.043E-6
GRID        5363        0.700000-0.005620.004228
GRID        5364        0.710000-0.005890.003098
GRID        5365        0.700000-0.007560.003462
GRID        5366        0.690000-0.005340.005358
GRID        5367        0.680000-0.004210.005634
GRID        5368        0.680000-0.006210.006214
GRID        5369        0.670000-0.003080.005910
GRID        5370        0.660000-0.001530.006051
GRID        5371        0.660000-0.003450.007574
GRID        5372        0.6400000.0015500.006051
GRID        5373        0.6500005.781E-60.006193
GRID        5374        0.6400002.890E-60.008096
GRID        5375        0.6200000.0042250.005634
GRID        5376        0.6300000.0030950.005910
GRID        5377        0.6200000.0034610.007574
GRID        5378        0.750000-0.00534-0.00534
GRID        5379        0.740000-0.00620-0.00620
GRID        5380        0.740000-0.00421-0.00562
GRID        5381        0.740000-0.00562-0.00421
GRID        5382        0.730000-0.00308-0.00589
GRID        5383        0.720000-0.00345-0.00756
GRID        5384        0.720000-0.00153-0.00603
GRID        5385        0.7000000.001556-0.00603
GRID        5386        0.7100001.267E-5-0.00617
GRID        5387        0.7000006.336E-6-0.00808
GRID        5388        0.6800000.004229-0.00561
GRID        5389        0.6900000.003099-0.00589
GRID        5390        0.6800000.003463-0.00756
GRID        5391        0.6700000.005359-0.00534
GRID        5392        0.6600000.006215-0.00620
GRID        5393        0.6600000.005635-0.00421
GRID        5394        0.6500000.005910-0.00308
GRID        5395        0.6400000.007574-0.00345
GRID        5396        0.6400000.006051-0.00153
GRID        5397        0.6200000.0060490.001555
GRID        5398        0.6300000.0061911.214E-5
GRID        5399        0.6200000.0080956.070E-6
GRID        5400        0.6100000.0053560.005358
GRID        5401        0.6000000.0056320.004228
GRID        5402        0.6100000.0059070.003098
GRID        5403        0.6000000.0062130.006214
GRID        5404        0.6000000.0075730.003462
GRID        5405        0.730000-0.00589-0.00308
GRID        5406        0.720000-0.00603-0.00153
GRID        5407        0.720000-0.00756-0.00345
GRID        5408        0.700000-0.006030.001553
GRID        5409        0.710000-0.006178.086E-6
GRID        5410        0.700000-0.008084.043E-6
GRID        5411        0.680000-0.005620.004228
GRID        5412        0.690000-0.005890.003098
GRID        5413        0.680000-0.007560.003462
GRID        5414        0.670000-0.005340.005358
GRID        5415        0.660000-0.004210.005634
GRID        5416        0.660000-0.006210.006214
GRID        5417        0.650000-0.003080.005910
GRID        5418        0.640000-0.001530.006051
GRID        5419        0.640000-0.003450.007574
GRID        5420        0.6200000.0015500.006051
GRID        5421        0.6300005.781E-60.006193
GRID        5422        0.6200002.890E-60.008096
GRID        5423        0.6000000.0042250.005634
GRID        5424        0.6100000.0030950.005910
GRID        5425        0.6000000.0034610.007574
GRID        5426        0.730000-0.00534-0.00534
GRID        5427        0.720000-0.00620-0.00620
GRID        5428        0.720000-0.00421-0.00562
GRID        5429        0.720000-0.00562-0.00421
GRID        5430        0.710000-0.00308-0.00589
GRID        5431        0.700000-0.00345-0.00756
GRID        5432        0.700000-0.00153-0.00603
GRID        5433        0.6800000.001556-0.00603
GRID        5434        0.6900001.267E-5-0.00617
GRID        5435        0.6800006.336E-6-0.00808
GRID        5436        0.6600000.004229-0.00561
GRID        5437        0.6700000.003099-0.00589
GRID        5438        0.6600000.003463-0.00756
GRID        5439        0.6500000.005359-0.00534
GRID        5440        0.6400000.006215-0.00620
GRID        5441        0.6400000.005635-0.00421
GRID        5442        0.6300000.005910-0.00308
GRID        5443        0.6200000.007574-0.00345
GRID        5444        0.6200000.006051-0.00153
GRID        5445        0.6000000.0060490.001555
GRID        5446        0.6100000.0061911.214E-5
GRID        5447        0.6000000.0080956.070E-6
GRID        5448        0.5900000.0053560.005358
GRID        5449        0.5800000.0056320.004228
GRID        5450        0.5900000.0059070.003098
GRID        5451        0.5800000.0062130.006214
GRID        5452        0.5800000.0075730.003462
GRID        5453        0.710000-0.00589-0.00308
GRID        5454        0.700000-0.00603-0.00153
GRID        5455        0.700000-0.00756-0.00345
GRID        5456        0.680000-0.006030.001553
GRID        5457        0.690000-0.006178.086E-6
GRID        5458        0.680000-0.008084.043E-6
GRID        5459        0.660000-0.005620.004228
GRID        5460        0.670000-0.005890.003098
GRID        5461        0.660000-0.007560.003462
GRID        5462        0.650000-0.005340.005358
GRID        5463        0.640000-0.004210.005634
GRID        5464        0.640000-0.006210.006214
GRID        5465        0.630000-0.003080.005910
GRID        5466        0.620000-0.001530.006051
GRID        5467        0.620000-0.003450.007574
GRID        5468        0.6000000.0015500.006051
GRID        5469        0.6100005.781E-60.006193
GRID        5470        0.6000002.890E-60.008096
GRID        5471        0.5800000.0042250.005634
GRID        5472        0.5900000.0030950.005910
GRID        5473        0.5800000.0034610.007574
GRID        5474        0.710000-0.00534-0.00534
GRID        5475        0.700000-0.00620-0.00620
GRID        5476        0.700000-0.00421-0.00562
GRID        5477        0.700000-0.00562-0.00421
GRID        5478        0.690000-0.00308-0.00589
GRID        5479        0.680000-0.00345-0.00756
GRID        5480        0.680000-0.00153-0.00603
GRID        5481        0.6600000.001556-0.00603
GRID        5482        0.6700001.267E-5-0.00617
GRID        5483        0.6600006.336E-6-0.00808
GRID        5484        0.6400000.004229-0.00561
GRID        5485        0.6500000.003099-0.00589
GRID        5486        0.6400000.003463-0.00756
GRID        5487        0.6300000.005359-0.00534
GRID        5488        0.6200000.006215-0.00620
GRID        5489        0.6200000.005635-0.00421
GRID        5490        0.6100000.005910-0.00308
GRID        5491        0.6000000.007574-0.00345
GRID        5492        0.6000000.006051-0.00153
GRID        5493        0.5800000.0060490.001555
GRID        5494        0.5900000.0061911.214E-5
GRID        5495        0.5800000.0080956.070E-6
GRID        5496        0.5700000.0053560.005358
GRID        5497        0.5600000.0056320.004228
GRID        5498        0.5700000.0059070.003098
GRID        5499        0.5600000.0062130.006214
GRID        5500        0.5600000.0075730.003462
GRID        5501        0.690000-0.00589-0.00308
GRID        5502        0.680000-0.00603-0.00153
GRID        5503        0.680000-0.00756-0.00345
GRID        5504        0.660000-0.006030.001553
GRID        5505        0.670000-0.006178.086E-6
GRID        5506        0.660000-0.008084.043E-6
GRID        5507        0.640000-0.005620.004228
GRID        5508        0.650000-0.005890.003098
GRID        5509        0.640000-0.007560.003462
GRID        5510        0.630000-0.005340.005358
GRID        5511        0.620000-0.004210.005634
GRID        5512        0.620000-0.006210.006214
GRID        5513        0.610000-0.003080.005910
GRID        5514        0.600000-0.001530.006051
GRID        5515        0.600000-0.003450.007574
GRID        5516        0.5800000.0015500.006051
GRID        5517        0.5900005.781E-60.006193
GRID        5518        0.5800002.890E-60.008096
GRID        5519        0.5600000.0042250.005634
GRID        5520        0.5700000.0030950.005910
GRID        5521        0.5600000.0034610.007574
GRID        5522        0.690000-0.00534-0.00534
GRID        5523        0.680000-0.00620-0.00620
GRID        5524        0.680000-0.00421-0.00562
GRID        5525        0.680000-0.00562-0.00421
GRID        5526        0.670000-0.00308-0.00589
GRID        5527        0.660000-0.00345-0.00756
GRID        5528        0.660000-0.00153-0.00603
GRID        5529        0.6400000.001556-0.00603
GRID        5530        0.6500001.267E-5-0.00617
GRID        5531        0.6400006.336E-6-0.00808
GRID        5532        0.6200000.004229-0.00561
GRID        5533        0.6300000.003099-0.00589
GRID        5534        0.6200000.003463-0.00756
GRID        5535        0.6100000.005359-0.00534
GRID        5536        0.6000000.006215-0.00620
GRID        5537        0.6000000.005635-0.00421
GRID        5538        0.5900000.005910-0.00308
GRID        5539        0.5800000.007574-0.00345
GRID        5540        0.5800000.006051-0.00153
GRID        5541        0.5600000.0060490.001555
GRID        5542        0.5700000.0061911.214E-5
GRID        5543        0.5600000.0080956.070E-6
GRID        5544        0.5500000.0053560.005358
GRID        5545        0.5400000.0056320.004228
GRID        5546        0.5500000.0059070.003098
GRID        5547        0.5400000.0062130.006214
GRID        5548        0.5400000.0075730.003462
GRID        5549        0.670000-0.00589-0.00308
GRID        5550        0.660000-0.00603-0.00153
GRID        5551        0.660000-0.00756-0.00345
GRID        5552        0.640000-0.006030.001553
GRID        5553        0.650000-0.006178.086E-6
GRID        5554        0.640000-0.008084.043E-6
GRID        5555        0.620000-0.005620.004228
GRID        5556        0.630000-0.005890.003098
GRID        5557        0.620000-0.007560.003462
GRID        5558        0.610000-0.005340.005358
GRID        5559        0.600000-0.004210.005634
GRID        5560        0.600000-0.006210.006214
GRID        5561        0.590000-0.003080.005910
GRID        5562        0.580000-0.001530.006051
GRID        5563        0.580000-0.003450.007574
GRID        5564        0.5600000.0015500.006051
GRID        5565        0.5700005.781E-60.006193
GRID        5566        0.5600002.890E-60.008096
GRID        5567        0.5400000.0042250.005634
GRID        5568        0.5500000.0030950.005910
GRID        5569        0.5400000.0034610.007574
GRID        5570        0.670000-0.00534-0.00534
GRID        5571        0.660000-0.00620-0.00620
GRID        5572        0.660000-0.00421-0.00562
GRID        5573        0.660000-0.00562-0.00421
GRID        5574        0.650000-0.00308-0.00589
GRID        5575        0.640000-0.00345-0.00756
GRID        5576        0.640000-0.00153-0.00603
GRID        5577        0.6200000.001556-0.00603
GRID        5578        0.6300001.267E-5-0.00617
GRID        5579        0.6200006.336E-6-0.00808
GRID        5580        0.6000000.004229-0.00561
GRID        5581        0.6100000.003099-0.00589
GRID        5582        0.6000000.003463-0.00756
GRID        5583        0.5900000.005359-0.00534
GRID        5584        0.5800000.006215-0.00620
GRID        5585        0.5800000.005635-0.00421
GRID        5586        0.5700000.005910-0.00308
GRID        5587        0.5600000.007574-0.00345
GRID        5588        0.5600000.006051-0.00153
GRID        5589        0.5400000.0060490.001555
GRID        5590        0.5500000.0061911.214E-5
GRID        5591        0.5400000.0080956.070E-6
GRID        5592        0.5300000.0053560.005358
GRID        5593        0.5200000.0056320.004228
GRID        5594        0.5300000.0059070.003098
GRID        5595        0.5200000.0062130.006214
GRID        5596        0.5200000.0075730.003462
GRID        5597        0.650000-0.00589-0.00308
GRID        5598        0.640000-0.00603-0.00153
GRID        5599        0.640000-0.00756-0.00345
GRID        5600        0.620000-0.006030.001553
GRID        5601        0.630000-0.006178.086E-6
GRID        5602        0.620000-0.008084.043E-6
GRID        5603        0.600000-0.005620.004228
GRID        5604        0.610000-0.005890.003098
GRID        5605        0.600000-0.007560.003462
GRID        5606        0.590000-0.005340.005358
GRID        5607        0.580000-0.004210.005634
GRID        5608        0.580000-0.006210.006214
GRID        5609        0.570000-0.003080.005910
GRID        5610        0.560000-0.001530.006051
GRID        5611        0.560000-0.003450.007574
GRID        5612        0.5400000.0015500.006051
GRID        5613        0.5500005.781E-60.006193
GRID        5614        0.5400002.890E-60.008096
GRID        5615        0.5200000.0042250.005634
GRID        5616        0.5300000.0030950.005910
GRID        5617        0.5200000.0034610.007574
GRID        5618        0.650000-0.00534-0.00534
GRID        5619        0.640000-0.00620-0.00620
GRID        5620        0.640000-0.00421-0.00562
GRID        5621        0.640000-0.00562-0.00421
GRID        5622        0.630000-0.00308-0.00589
GRID        5623        0.620000-0.00345-0.00756
GRID        5624        0.620000-0.00153-0.00603
GRID        5625        0.6000000.001556-0.00603
GRID        5626        0.6100001.267E-5-0.00617
GRID        5627        0.6000006.336E-6-0.00808
GRID        5628        0.5800000.004229-0.00561
GRID        5629        0.5900000.003099-0.00589
GRID        5630        0.5800000.003463-0.00756
GRID        5631        0.5700000.005359-0.00534
GRID        5632        0.5600000.006215-0.00620
GRID        5633        0.5600000.005635-0.00421
GRID        5634        0.5500000.005910-0.00308
GRID        5635        0.5400000.007574-0.00345
GRID        5636        0.5400000.006051-0.00153
GRID        5637        0.5200000.0060490.001555
GRID        5638        0.5300000.0061911.214E-5
GRID        5639        0.5200000.0080956.070E-6
GRID        5640        0.5100000.0053560.005358
GRID        5641        0.5000000.0056320.004228
GRID        5642        0.5100000.0059070.003098
GRID        5643        0.5000000.0062130.006214
GRID        5644        0.5000000.0075730.003462
GRID        5645        0.630000-0.00589-0.00308
GRID        5646        0.620000-0.00603-0.00153
GRID        5647        0.620000-0.00756-0.00345
GRID        5648        0.600000-0.006030.001553
GRID        5649        0.610000-0.006178.086E-6
GRID        5650        0.600000-0.008084.043E-6
GRID        5651        0.580000-0.005620.004228
GRID        5652        0.590000-0.005890.003098
GRID        5653        0.580000-0.007560.003462
GRID        5654        0.570000-0.005340.005358
GRID        5655        0.560000-0.004210.005634
GRID        5656        0.560000-0.006210.006214
GRID        5657        0.550000-0.003080.005910
GRID        5658        0.540000-0.001530.006051
GRID        5659        0.540000-0.003450.007574
GRID        5660        0.5200000.0015500.006051
GRID        5661        0.5300005.781E-60.006193
GRID        5662        0.5200002.890E-60.008096
GRID        5663        0.5000000.0042250.005634
GRID        5664        0.5100000.0030950.005910
GRID        5665        0.5000000.0034610.007574
GRID        5666        0.630000-0.00534-0.00534
GRID        5667        0.620000-0.00620-0.00620
GRID        5668        0.620000-0.00421-0.00562
GRID        5669        0.620000-0.00562-0.00421
GRID        5670        0.610000-0.00308-0.00589
GRID        5671        0.600000-0.00345-0.00756
GRID        5672        0.600000-0.00153-0.00603
GRID        5673        0.5800000.001556-0.00603
GRID        5674        0.5900001.267E-5-0.00617
GRID        5675        0.5800006.336E-6-0.00808
GRID        5676        0.5600000.004229-0.00561
GRID        5677        0.5700000.003099-0.00589
GRID        5678        0.5600000.003463-0.00756
GRID        5679        0.5500000.005359-0.00534
GRID        5680        0.5400000.006215-0.00620
GRID        5681        0.5400000.005635-0.00421
GRID        5682        0.5300000.005910-0.00308
GRID        5683        0.5200000.007574-0.00345
GRID        5684        0.5200000.006051-0.00153
GRID        5685        0.5000000.0060490.001555
GRID        5686        0.5100000.0061911.214E-5
GRID        5687        0.5000000.0080956.070E-6
GRID        5688        0.4900000.0053560.005358
GRID        5689        0.4800000.0056320.004228
GRID        5690        0.4900000.0059070.003098
GRID        5691        0.4800000.0062130.006214
GRID        5692        0.4800000.0075730.003462
GRID        5693        0.610000-0.00589-0.00308
GRID        5694        0.600000-0.00603-0.00153
GRID        5695        0.600000-0.00756-0.00345
GRID        5696        0.580000-0.006030.001553
GRID        5697        0.590000-0.006178.086E-6
GRID        5698        0.580000-0.008084.043E-6
GRID        5699        0.560000-0.005620.004228
GRID        5700        0.570000-0.005890.003098
GRID        5701        0.560000-0.007560.003462
GRID        5702        0.550000-0.005340.005358
GRID        5703        0.540000-0.004210.005634
GRID        5704        0.540000-0.006210.006214
GRID        5705        0.530000-0.003080.005910
GRID        5706        0.520000-0.001530.006051
GRID        5707        0.520000-0.003450.007574
GRID        5708        0.5000000.0015500.006051
GRID        5709        0.5100005.781E-60.006193
GRID        5710        0.5000002.890E-60.008096
GRID        5711        0.4800000.0042250.005634
GRID        5712        0.4900000.0030950.005910
GRID        5713        0.4800000.0034610.007574
GRID        5714        0.610000-0.00534-0.00534
GRID        5715        0.600000-0.00620-0.00620
GRID        5716        0.600000-0.00421-0.00562
GRID        5717        0.600000-0.00562-0.00421
GRID        5718        0.590000-0.00308-0.00589
GRID        5719        0.580000-0.00345-0.00756
GRID        5720        0.580000-0.00153-0.00603
GRID        5721        0.5600000.001556-0.00603
GRID        5722        0.5700001.267E-5-0.00617
GRID        5723        0.5600006.336E-6-0.00808
GRID        5724        0.5400000.004229-0.00561
GRID        5725        0.5500000.003099-0.00589
GRID        5726        0.5400000.003463-0.00756
GRID        5727        0.5300000.005359-0.00534
GRID        5728        0.5200000.006215-0.00620
GRID        5729        0.5200000.005635-0.00421
GRID        5730        0.5100000.005910-0.00308
GRID        5731        0.5000000.007574-0.00345
GRID        5732        0.5000000.006051-0.00153
GRID        5733        0.4800000.0060490.001555
GRID        5734        0.4900000.0061911.214E-5
GRID        5735        0.4800000.0080956.070E-6
GRID        5736        0.4700000.0053560.005358
GRID        5737        0.4600000.0056320.004228
GRID        5738        0.4700000.0059070.003098
GRID        5739        0.4600000.0062130.006214
GRID        5740        0.4600000.0075730.003462
GRID        5741        0.590000-0.00589-0.00308
GRID        5742        0.580000-0.00603-0.00153
GRID        5743        0.580000-0.00756-0.00345
GRID        5744        0.560000-0.006030.001553
GRID        5745        0.570000-0.006178.086E-6
GRID        5746        0.560000-0.008084.043E-6
GRID        5747        0.540000-0.005620.004228
GRID        5748        0.550000-0.005890.003098
GRID        5749        0.540000-0.007560.003462
GRID        5750        0.530000-0.005340.005358
GRID        5751        0.520000-0.004210.005634
GRID        5752        0.520000-0.006210.006214
GRID        5753        0.510000-0.003080.005910
GRID        5754        0.500000-0.001530.006051
GRID        5755        0.500000-0.003450.007574
GRID        5756        0.4800000.0015500.006051
GRID        5757        0.4900005.781E-60.006193
GRID        5758        0.4800002.890E-60.008096
GRID        5759        0.4600000.0042250.005634
GRID        5760        0.4700000.0030950.005910
GRID        5761        0.4600000.0034610.007574
GRID        5762        0.590000-0.00534-0.00534
GRID        5763        0.580000-0.00620-0.00620
GRID        5764        0.580000-0.00421-0.00562
GRID        5765        0.580000-0.00562-0.00421
GRID        5766        0.570000-0.00308-0.00589
GRID        5767        0.560000-0.00345-0.00756
GRID        5768        0.560000-0.00153-0.00603
GRID        5769        0.5400000.001556-0.00603
GRID        5770        0.5500001.267E-5-0.00617
GRID        5771        0.5400006.336E-6-0.00808
GRID        5772        0.5200000.004229-0.00561
GRID        5773        0.5300000.003099-0.00589
GRID        5774        0.5200000.003463-0.00756
GRID        5775        0.5100000.005359-0.00534
GRID        5776        0.5000000.006215-0.00620
GRID        5777        0.5000000.005635-0.00421
GRID        5778        0.4900000.005910-0.00308
GRID        5779        0.4800000.007574-0.00345
GRID        5780        0.4800000.006051-0.00153
GRID        5781        0.4600000.0060490.001555
GRID        5782        0.4700000.0061911.214E-5
GRID        5783        0.4600000.0080956.070E-6
GRID        5784        0.4500000.0053560.005358
GRID        5785        0.4400000.0056320.004228
GRID        5786        0.4500000.0059070.003098
GRID        5787        0.4400000.0062130.006214
GRID        5788        0.4400000.0075730.003462
GRID        5789        0.570000-0.00589-0.00308
GRID        5790        0.560000-0.00603-0.00153
GRID        5791        0.560000-0.00756-0.00345
GRID        5792        0.540000-0.006030.001553
GRID        5793        0.550000-0.006178.086E-6
GRID        5794        0.540000-0.008084.043E-6
GRID        5795        0.520000-0.005620.004228
GRID        5796        0.530000-0.005890.003098
GRID        5797        0.520000-0.007560.003462
GRID        5798        0.510000-0.005340.005358
GRID        5799        0.500000-0.004210.005634
GRID        5800        0.500000-0.006210.006214
GRID        5801        0.490000-0.003080.005910
GRID        5802        0.480000-0.001530.006051
GRID        5803        0.480000-0.003450.007574
GRID        5804        0.4600000.0015500.006051
GRID        5805        0.4700005.781E-60.006193
GRID        5806        0.4600002.890E-60.008096
GRID        5807        0.4400000.0042250.005634
GRID        5808        0.4500000.0030950.005910
GRID        5809        0.4400000.0034610.007574
GRID        5810        0.570000-0.00534-0.00534
GRID        5811        0.560000-0.00620-0.00620
GRID        5812        0.560000-0.00421-0.00562
GRID        5813        0.560000-0.00562-0.00421
GRID        5814        0.550000-0.00308-0.00589
GRID        5815        0.540000-0.00345-0.00756
GRID        5816        0.540000-0.00153-0.00603
GRID        5817        0.5200000.001556-0.00603
GRID        5818        0.5300001.267E-5-0.00617
GRID        5819        0.5200006.336E-6-0.00808
GRID        5820        0.5000000.004229-0.00561
GRID        5821        0.5100000.003099-0.00589
GRID        5822        0.5000000.003463-0.00756
GRID        5823        0.4900000.005359-0.00534
GRID        5824        0.4800000.006215-0.00620
GRID        5825        0.4800000.005635-0.00421
GRID        5826        0.4700000.005910-0.00308
GRID        5827        0.4600000.007574-0.00345
GRID        5828        0.4600000.006051-0.00153
GRID        5829        0.4400000.0060490.001555
GRID        5830        0.4500000.0061911.214E-5
GRID        5831        0.4400000.0080956.070E-6
GRID        5832        0.4300000.0053560.005358
GRID        5833        0.4200000.0056320.004228
GRID        5834        0.4300000.0059070.003098
GRID        5835        0.4200000.0062130.006214
GRID        5836        0.4200000.0075730.003462
GRID        5837        0.550000-0.00589-0.00308
GRID        5838        0.540000-0.00603-0.00153
GRID        5839        0.540000-0.00756-0.00345
GRID        5840        0.520000-0.006030.001553
GRID        5841        0.530000-0.006178.086E-6
GRID        5842        0.520000-0.008084.043E-6
GRID        5843        0.500000-0.005620.004228
GRID        5844        0.510000-0.005890.003098
GRID        5845        0.500000-0.007560.003462
GRID        5846        0.490000-0.005340.005358
GRID        5847        0.480000-0.004210.005634
GRID        5848        0.480000-0.006210.006214
GRID        5849        0.470000-0.003080.005910
GRID        5850        0.460000-0.001530.006051
GRID        5851        0.460000-0.003450.007574
GRID        5852        0.4400000.0015500.006051
GRID        5853        0.4500005.781E-60.006193
GRID        5854        0.4400002.890E-60.008096
GRID        5855        0.4200000.0042250.005634
GRID        5856        0.4300000.0030950.005910
GRID        5857        0.4200000.0034610.007574
GRID        5858        0.550000-0.00534-0.00534
GRID        5859        0.540000-0.00620-0.00620
GRID        5860        0.540000-0.00421-0.00562
GRID        5861        0.540000-0.00562-0.00421
GRID        5862        0.530000-0.00308-0.00589
GRID        5863        0.520000-0.00345-0.00756
GRID        5864        0.520000-0.00153-0.00603
GRID        5865        0.5000000.001556-0.00603
GRID        5866        0.5100001.267E-5-0.00617
GRID        5867        0.5000006.336E-6-0.00808
GRID        5868        0.4800000.004229-0.00561
GRID        5869        0.4900000.003099-0.00589
GRID        5870        0.4800000.003463-0.00756
GRID        5871        0.4700000.005359-0.00534
GRID        5872        0.4600000.006215-0.00620
GRID        5873        0.4600000.005635-0.00421
GRID        5874        0.4500000.005910-0.00308
GRID        5875        0.4400000.007574-0.00345
GRID        5876        0.4400000.006051-0.00153
GRID        5877        0.4200000.0060490.001555
GRID        5878        0.4300000.0061911.214E-5
GRID        5879        0.4200000.0080956.070E-6
GRID        5880        0.4100000.0053560.005358
GRID        5881        0.4000000.0056320.004228
GRID        5882        0.4100000.0059070.003098
GRID        5883        0.4000000.0062130.006214
GRID        5884        0.4000000.0075730.003462
GRID        5885        0.530000-0.00589-0.00308
GRID        5886        0.520000-0.00603-0.00153
GRID        5887        0.520000-0.00756-0.00345
GRID        5888        0.500000-0.006030.001553
GRID        5889        0.510000-0.006178.086E-6
GRID        5890        0.500000-0.008084.043E-6
GRID        5891        0.480000-0.005620.004228
GRID        5892        0.490000-0.005890.003098
GRID        5893        0.480000-0.007560.003462
GRID        5894        0.470000-0.005340.005358
GRID        5895        0.460000-0.004210.005634
GRID        5896        0.460000-0.006210.006214
GRID        5897        0.450000-0.003080.005910
GRID        5898        0.440000-0.001530.006051
GRID        5899        0.440000-0.003450.007574
GRID        5900        0.4200000.0015500.006051
GRID        5901        0.4300005.781E-60.006193
GRID        5902        0.4200002.890E-60.008096
GRID        5903        0.4000000.0042250.005634
GRID        5904        0.4100000.0030950.005910
GRID        5905        0.4000000.0034610.007574
GRID        5906        0.530000-0.00534-0.00534
GRID        5907        0.520000-0.00620-0.00620
GRID        5908        0.520000-0.00421-0.00562
GRID        5909        0.520000-0.00562-0.00421
GRID        5910        0.510000-0.00308-0.00589
GRID        5911        0.500000-0.00345-0.00756
GRID        5912        0.500000-0.00153-0.00603
GRID        5913        0.4800000.001556-0.00603
GRID        5914        0.4900001.267E-5-0.00617
GRID        5915        0.4800006.336E-6-0.00808
GRID        5916        0.4600000.004229-0.00561
GRID        5917        0.4700000.003099-0.00589
GRID        5918        0.4600000.003463-0.00756
GRID        5919        0.4500000.005359-0.00534
GRID        5920        0.4400000.006215-0.00620
GRID        5921        0.4400000.005635-0.00421
GRID        5922        0.4300000.005910-0.00308
GRID        5923        0.4200000.007574-0.00345
GRID        5924        0.4200000.006051-0.00153
GRID        5925        0.4000000.0060490.001555
GRID        5926        0.4100000.0061911.214E-5
GRID        5927        0.4000000.0080956.070E-6
GRID        5928        0.3900000.0053560.005358
GRID        5929        0.3800000.0056320.004228
GRID        5930        0.3900000.0059070.003098
GRID        5931        0.3800000.0062130.006214
GRID        5932        0.3800000.0075730.003462
GRID        5933        0.510000-0.00589-0.00308
GRID        5934        0.500000-0.00603-0.00153
GRID        5935        0.500000-0.00756-0.00345
GRID        5936        0.480000-0.006030.001553
GRID        5937        0.490000-0.006178.086E-6
GRID        5938        0.480000-0.008084.043E-6
GRID        5939        0.460000-0.005620.004228
GRID        5940        0.470000-0.005890.003098
GRID        5941        0.460000-0.007560.003462
GRID        5942        0.450000-0.005340.005358
GRID        5943        0.440000-0.004210.005634
GRID        5944        0.440000-0.006210.006214
GRID        5945        0.430000-0.003080.005910
GRID        5946        0.420000-0.001530.006051
GRID        5947        0.420000-0.003450.007574
GRID        5948        0.4000000.0015500.006051
GRID        5949        0.4100005.781E-60.006193
GRID        5950        0.4000002.890E-60.008096
GRID        5951        0.3800000.0042250.005634
GRID        5952        0.3900000.0030950.005910
GRID        5953        0.3800000.0034610.007574
GRID        5954        0.510000-0.00534-0.00534
GRID        5955        0.500000-0.00620-0.00620
GRID        5956        0.500000-0.00421-0.00562
GRID        5957        0.500000-0.00562-0.00421
GRID        5958        0.490000-0.00308-0.00589
GRID        5959        0.480000-0.00345-0.00756
GRID        5960        0.480000-0.00153-0.00603
GRID        5961        0.4600000.001556-0.00603
GRID        5962        0.4700001.267E-5-0.00617
GRID        5963        0.4600006.336E-6-0.00808
GRID        5964        0.4400000.004229-0.00561
GRID        5965        0.4500000.003099-0.00589
GRID        5966        0.4400000.003463-0.00756
GRID        5967        0.4300000.005359-0.00534
GRID        5968        0.4200000.006215-0.00620
GRID        5969        0.4200000.005635-0.00421
GRID        5970        0.4100000.005910-0.00308
GRID        5971        0.4000000.007574-0.00345
GRID        5972        0.4000000.006051-0.00153
GRID        5973        0.3800000.0060490.001555
GRID        5974        0.3900000.0061911.214E-5
GRID        5975        0.3800000.0080956.070E-6
GRID        5976        0.3700000.0053560.005358
GRID        5977        0.3600000.0056320.004228
GRID        5978        0.3700000.0059070.003098
GRID        5979        0.3600000.0062130.006214
GRID        5980        0.3600000.0075730.003462
GRID        5981        0.490000-0.00589-0.00308
GRID        5982        0.480000-0.00603-0.00153
GRID        5983        0.480000-0.00756-0.00345
GRID        5984        0.460000-0.006030.001553
GRID        5985        0.470000-0.006178.086E-6
GRID        5986        0.460000-0.008084.043E-6
GRID        5987        0.440000-0.005620.004228
GRID        5988        0.450000-0.005890.003098
GRID        5989        0.440000-0.007560.003462
GRID        5990        0.430000-0.005340.005358
GRID        5991        0.420000-0.004210.005634
GRID        5992        0.420000-0.006210.006214
GRID        5993        0.410000-0.003080.005910
GRID        5994        0.400000-0.001530.006051
GRID        5995        0.400000-0.003450.007574
GRID        5996        0.3800000.0015500.006051
GRID        5997        0.3900005.781E-60.006193
GRID        5998        0.3800002.890E-60.008096
GRID        5999        0.3600000.0042250.005634
GRID        6000        0.3700000.0030950.005910
GRID        6001        0.3600000.0034610.007574
GRID        6002        0.490000-0.00534-0.00534
GRID        6003        0.480000-0.00620-0.00620
GRID        6004        0.480000-0.00421-0.00562
GRID        6005        0.480000-0.00562-0.00421
GRID        6006        0.470000-0.00308-0.00589
GRID        6007        0.460000-0.00345-0.00756
GRID        6008        0.460000-0.00153-0.00603
GRID        6009        0.4400000.001556-0.00603
GRID        6010        0.4500001.267E-5-0.00617
GRID        6011        0.4400006.336E-6-0.00808
GRID        6012        0.4200000.004229-0.00561
GRID        6013        0.4300000.003099-0.00589
GRID        6014        0.4200000.003463-0.00756
GRID        6015        0.4100000.005359-0.00534
GRID        6016        0.4000000.006215-0.00620
GRID        6017        0.4000000.005635-0.00421
GRID        6018        0.3900000.005910-0.00308
GRID        6019        0.3800000.007574-0.00345
GRID        6020        0.3800000.006051-0.00153
GRID        6021        0.3600000.0060490.001555
GRID        6022        0.3700000.0061911.214E-5
GRID        6023        0.3600000.0080956.070E-6
GRID        6024        0.3500000.0053560.005358
GRID        6025        0.3400000.0056320.004228
GRID        6026        0.3500000.0059070.003098
GRID        6027        0.3400000.0062130.006214
GRID        6028        0.3400000.0075730.003462
GRID        6029        0.470000-0.00589-0.00308
GRID        6030        0.460000-0.00603-0.00153
GRID        6031        0.460000-0.00756-0.00345
GRID        6032        0.440000-0.006030.001553
GRID        6033        0.450000-0.006178.086E-6
GRID        6034        0.440000-0.008084.043E-6
GRID        6035        0.420000-0.005620.004228
GRID        6036        0.430000-0.005890.003098
GRID        6037        0.420000-0.007560.003462
GRID        6038        0.410000-0.005340.005358
GRID        6039        0.400000-0.004210.005634
GRID        6040        0.400000-0.006210.006214
GRID        6041        0.390000-0.003080.005910
GRID        6042        0.380000-0.001530.006051
GRID        6043        0.380000-0.003450.007574
GRID        6044        0.3600000.0015500.006051
GRID        6045        0.3700005.781E-60.006193
GRID        6046        0.3600002.890E-60.008096
GRID        6047        0.3400000.0042250.005634
GRID        6048        0.3500000.0030950.005910
GRID        6049        0.3400000.0034610.007574
GRID        6050        0.470000-0.00534-0.00534
GRID        6051        0.460000-0.00620-0.00620
GRID        6052        0.460000-0.00421-0.00562
GRID        6053        0.460000-0.00562-0.00421
GRID        6054        0.450000-0.00308-0.00589
GRID        6055        0.440000-0.00345-0.00756
GRID        6056        0.440000-0.00153-0.00603
GRID        6057        0.4200000.001556-0.00603
GRID        6058        0.4300001.267E-5-0.00617
GRID        6059        0.4200006.336E-6-0.00808
GRID        6060        0.4000000.004229-0.00561
GRID        6061        0.4100000.003099-0.00589
GRID        6062        0.4000000.003463-0.00756
GRID        6063        0.3900000.005359-0.00534
GRID        6064        0.3800000.006215-0.00620
GRID        6065        0.3800000.005635-0.00421
GRID        6066        0.3700000.005910-0.00308
GRID        6067        0.3600000.007574-0.00345
GRID        6068        0.3600000.006051-0.00153
GRID        6069        0.3400000.0060490.001555
GRID        6070        0.3500000.0061911.214E-5
GRID        6071        0.3400000.0080956.070E-6
GRID        6072        0.3300000.0053560.005358
GRID        6073        0.3200000.0056320.004228
GRID        6074        0.3300000.0059070.003098
GRID        6075        0.3200000.0062130.006214
GRID        6076        0.3200000.0075730.003462
GRID        6077        0.450000-0.00589-0.00308
GRID        6078        0.440000-0.00603-0.00153
GRID        6079        0.440000-0.00756-0.00345
GRID        6080        0.420000-0.006030.001553
GRID        6081        0.430000-0.006178.086E-6
GRID        6082        0.420000-0.008084.043E-6
GRID        6083        0.400000-0.005620.004228
GRID        6084        0.410000-0.005890.003098
GRID        6085        0.400000-0.007560.003462
GRID        6086        0.390000-0.005340.005358
GRID        6087        0.380000-0.004210.005634
GRID        6088        0.380000-0.006210.006214
GRID        6089        0.370000-0.003080.005910
GRID        6090        0.360000-0.001530.006051
GRID        6091        0.360000-0.003450.007574
GRID        6092        0.3400000.0015500.006051
GRID        6093        0.3500005.781E-60.006193
GRID        6094        0.3400002.890E-60.008096
GRID        6095        0.3200000.0042250.005634
GRID        6096        0.3300000.0030950.005910
GRID        6097        0.3200000.0034610.007574
GRID        6098        0.450000-0.00534-0.00534
GRID        6099        0.440000-0.00620-0.00620
GRID        6100        0.440000-0.00421-0.00562
GRID        6101        0.440000-0.00562-0.00421
GRID        6102        0.430000-0.00308-0.00589
GRID        6103        0.420000-0.00345-0.00756
GRID        6104        0.420000-0.00153-0.00603
GRID        6105        0.4000000.001556-0.00603
GRID        6106        0.4100001.267E-5-0.00617
GRID        6107        0.4000006.336E-6-0.00808
GRID        6108        0.3800000.004229-0.00561
GRID        6109        0.3900000.003099-0.00589
GRID        6110        0.3800000.003463-0.00756
GRID        6111        0.3700000.005359-0.00534
GRID        6112        0.3600000.006215-0.00620
GRID        6113        0.3600000.005635-0.00421
GRID        6114        0.3500000.005910-0.00308
GRID        6115        0.3400000.007574-0.00345
GRID        6116        0.3400000.006051-0.00153
GRID        6117        0.3200000.0060490.001555
GRID        6118        0.3300000.0061911.214E-5
GRID        6119        0.3200000.0080956.070E-6
GRID        6120        0.3100000.0053560.005358
GRID        6121        0.3000000.0056320.004228
GRID        6122        0.3100000.0059070.003098
GRID        6123        0.3000000.0062130.006214
GRID        6124        0.3000000.0075730.003462
GRID        6125        0.430000-0.00589-0.00308
GRID        6126        0.420000-0.00603-0.00153
GRID        6127        0.420000-0.00756-0.00345
GRID        6128        0.400000-0.006030.001553
GRID        6129        0.410000-0.006178.086E-6
GRID        6130        0.400000-0.008084.043E-6
GRID        6131        0.380000-0.005620.004228
GRID        6132        0.390000-0.005890.003098
GRID        6133        0.380000-0.007560.003462
GRID        6134        0.370000-0.005340.005358
GRID        6135        0.360000-0.004210.005634
GRID        6136        0.360000-0.006210.006214
GRID        6137        0.350000-0.003080.005910
GRID        6138        0.340000-0.001530.006051
GRID        6139        0.340000-0.003450.007574
GRID        6140        0.3200000.0015500.006051
GRID        6141        0.3300005.781E-60.006193
GRID        6142        0.3200002.890E-60.008096
GRID        6143        0.3000000.0042250.005634
GRID        6144        0.3100000.0030950.005910
GRID        6145        0.3000000.0034610.007574
GRID        6146        0.430000-0.00534-0.00534
GRID        6147        0.420000-0.00620-0.00620
GRID        6148        0.420000-0.00421-0.00562
GRID        6149        0.420000-0.00562-0.00421
GRID        6150        0.410000-0.00308-0.00589
GRID        6151        0.400000-0.00345-0.00756
GRID        6152        0.400000-0.00153-0.00603
GRID        6153        0.3800000.001556-0.00603
GRID        6154        0.3900001.267E-5-0.00617
GRID        6155        0.3800006.336E-6-0.00808
GRID        6156        0.3600000.004229-0.00561
GRID        6157        0.3700000.003099-0.00589
GRID        6158        0.3600000.003463-0.00756
GRID        6159        0.3500000.005359-0.00534
GRID        6160        0.3400000.006215-0.00620
GRID        6161        0.3400000.005635-0.00421
GRID        6162        0.3300000.005910-0.00308
GRID        6163        0.3200000.007574-0.00345
GRID        6164        0.3200000.006051-0.00153
GRID        6165        0.3000000.0060490.001555
GRID        6166        0.3100000.0061911.214E-5
GRID        6167        0.3000000.0080956.070E-6
GRID        6168        0.2900000.0053560.005358
GRID        6169        0.2800000.0056320.004228
GRID        6170        0.2900000.0059070.003098
GRID        6171        0.2800000.0062130.006214
GRID        6172        0.2800000.0075730.003462
GRID        6173        0.410000-0.00589-0.00308
GRID        6174        0.400000-0.00603-0.00153
GRID        6175        0.400000-0.00756-0.00345
GRID        6176        0.380000-0.006030.001553
GRID        6177        0.390000-0.006178.086E-6
GRID        6178        0.380000-0.008084.043E-6
GRID        6179        0.360000-0.005620.004228
GRID        6180        0.370000-0.005890.003098
GRID        6181        0.360000-0.007560.003462
GRID        6182        0.350000-0.005340.005358
GRID        6183        0.340000-0.004210.005634
GRID        6184        0.340000-0.006210.006214
GRID        6185        0.330000-0.003080.005910
GRID        6186        0.320000-0.001530.006051
GRID        6187        0.320000-0.003450.007574
GRID        6188        0.3000000.0015500.006051
GRID        6189        0.3100005.781E-60.006193
GRID        6190        0.3000002.890E-60.008096
GRID        6191        0.2800000.0042250.005634
GRID        6192        0.2900000.0030950.005910
GRID        6193        0.2800000.0034610.007574
GRID        6194        0.410000-0.00534-0.00534
GRID        6195        0.400000-0.00620-0.00620
GRID        6196        0.400000-0.00421-0.00562
GRID        6197        0.400000-0.00562-0.00421
GRID        6198        0.390000-0.00308-0.00589
GRID        6199        0.380000-0.00345-0.00756
GRID        6200        0.380000-0.00153-0.00603
GRID        6201        0.3600000.001556-0.00603
GRID        6202        0.3700001.267E-5-0.00617
GRID        6203        0.3600006.336E-6-0.00808
GRID        6204        0.3400000.004229-0.00561
GRID        6205        0.3500000.003099-0.00589
GRID        6206        0.3400000.003463-0.00756
GRID        6207        0.3300000.005359-0.00534
GRID        6208        0.3200000.006215-0.00620
GRID        6209        0.3200000.005635-0.00421
GRID        6210        0.3100000.005910-0.00308
GRID        6211        0.3000000.007574-0.00345
GRID        6212        0.3000000.006051-0.00153
GRID        6213        0.2800000.0060490.001555
GRID        6214        0.2900000.0061911.214E-5
GRID        6215        0.2800000.0080956.070E-6
GRID        6216        0.2700000.0053560.005358
GRID        6217        0.2600000.0056320.004228
GRID        6218        0.2700000.0059070.003098
GRID        6219        0.2600000.0062130.006214
GRID        6220        0.2600000.0075730.003462
GRID        6221        0.390000-0.00589-0.00308
GRID        6222        0.380000-0.00603-0.00153
GRID        6223        0.380000-0.00756-0.00345
GRID        6224        0.360000-0.006030.001553
GRID        6225        0.370000-0.006178.086E-6
GRID        6226        0.360000-0.008084.043E-6
GRID        6227        0.340000-0.005620.004228
GRID        6228        0.350000-0.005890.003098
GRID        6229        0.340000-0.007560.003462
GRID        6230        0.330000-0.005340.005358
GRID        6231        0.320000-0.004210.005634
GRID        6232        0.320000-0.006210.006214
GRID        6233        0.310000-0.003080.005910
GRID        6234        0.300000-0.001530.006051
GRID        6235        0.300000-0.003450.007574
GRID        6236        0.2800000.0015500.006051
GRID        6237        0.2900005.781E-60.006193
GRID        6238        0.2800002.890E-60.008096
GRID        6239        0.2600000.0042250.005634
GRID        6240        0.2700000.0030950.005910
GRID        6241        0.2600000.0034610.007574
GRID        6242        0.390000-0.00534-0.00534
GRID        6243        0.380000-0.00620-0.00620
GRID        6244        0.380000-0.00421-0.00562
GRID        6245        0.380000-0.00562-0.00421
GRID        6246        0.370000-0.00308-0.00589
GRID        6247        0.360000-0.00345-0.00756
GRID        6248        0.360000-0.00153-0.00603
GRID        6249        0.3400000.001556-0.00603
GRID        6250        0.3500001.267E-5-0.00617
GRID        6251        0.3400006.336E-6-0.00808
GRID        6252        0.3200000.004229-0.00561
GRID        6253        0.3300000.003099-0.00589
GRID        6254        0.3200000.003463-0.00756
GRID        6255        0.3100000.005359-0.00534
GRID        6256        0.3000000.006215-0.00620
GRID        6257        0.3000000.005635-0.00421
GRID        6258        0.2900000.005910-0.00308
GRID        6259        0.2800000.007574-0.00345
GRID        6260        0.2800000.006051-0.00153
GRID        6261        0.2600000.0060490.001555
GRID        6262        0.2700000.0061911.214E-5
GRID        6263        0.2600000.0080956.070E-6
GRID        6264        0.2500000.0053560.005358
GRID        6265        0.2400000.0056320.004228
GRID        6266        0.2500000.0059070.003098
GRID        6267        0.2400000.0062130.006214
GRID        6268        0.2400000.0075730.003462
GRID        6269        0.370000-0.00589-0.00308
GRID        6270        0.360000-0.00603-0.00153
GRID        6271        0.360000-0.00756-0.00345
GRID        6272        0.340000-0.006030.001553
GRID        6273        0.350000-0.006178.086E-6
GRID        6274        0.340000-0.008084.043E-6
GRID        6275        0.320000-0.005620.004228
GRID        6276        0.330000-0.005890.003098
GRID        6277        0.320000-0.007560.003462
GRID        6278        0.310000-0.005340.005358
GRID        6279        0.300000-0.004210.005634
GRID        6280        0.300000-0.006210.006214
GRID        6281        0.290000-0.003080.005910
GRID        6282        0.280000-0.001530.006051
GRID        6283        0.280000-0.003450.007574
GRID        6284        0.2600000.0015500.006051
GRID        6285        0.2700005.781E-60.006193
GRID        6286        0.2600002.890E-60.008096
GRID        6287        0.2400000.0042250.005634
GRID        6288        0.2500000.0030950.005910
GRID        6289        0.2400000.0034610.007574
GRID        6290        0.370000-0.00534-0.00534
GRID        6291        0.360000-0.00620-0.00620
GRID        6292        0.360000-0.00421-0.00562
GRID        6293        0.360000-0.00562-0.00421
GRID        6294        0.350000-0.00308-0.00589
GRID        6295        0.340000-0.00345-0.00756
GRID        6296        0.340000-0.00153-0.00603
GRID        6297        0.3200000.001556-0.00603
GRID        6298        0.3300001.267E-5-0.00617
GRID        6299        0.3200006.336E-6-0.00808
GRID        6300        0.3000000.004229-0.00561
GRID        6301        0.3100000.003099-0.00589
GRID        6302        0.3000000.003463-0.00756
GRID        6303        0.2900000.005359-0.00534
GRID        6304        0.2800000.006215-0.00620
GRID        6305        0.2800000.005635-0.00421
GRID        6306        0.2700000.005910-0.00308
GRID        6307        0.2600000.007574-0.00345
GRID        6308        0.2600000.006051-0.00153
GRID        6309        0.2400000.0060490.001555
GRID        6310        0.2500000.0061911.214E-5
GRID        6311        0.2400000.0080956.070E-6
GRID        6312        0.2300000.0053560.005358
GRID        6313        0.2200000.0056320.004228
GRID        6314        0.2300000.0059070.003098
GRID        6315        0.2200000.0062130.006214
GRID        6316        0.2200000.0075730.003462
GRID        6317        0.350000-0.00589-0.00308
GRID        6318        0.340000-0.00603-0.00153
GRID        6319        0.340000-0.00756-0.00345
GRID        6320        0.320000-0.006030.001553
GRID        6321        0.330000-0.006178.086E-6
GRID        6322        0.320000-0.008084.043E-6
GRID        6323        0.300000-0.005620.004228
GRID        6324        0.310000-0.005890.003098
GRID        6325        0.300000-0.007560.003462
GRID        6326        0.290000-0.005340.005358
GRID        6327        0.280000-0.004210.005634
GRID        6328        0.280000-0.006210.006214
GRID        6329        0.270000-0.003080.005910
GRID        6330        0.260000-0.001530.006051
GRID        6331        0.260000-0.003450.007574
GRID        6332        0.2400000.0015500.006051
GRID        6333        0.2500005.781E-60.006193
GRID        6334        0.2400002.890E-60.008096
GRID        6335        0.2200000.0042250.005634
GRID        6336        0.2300000.0030950.005910
GRID        6337        0.2200000.0034610.007574
GRID        6338        0.350000-0.00534-0.00534
GRID        6339        0.340000-0.00620-0.00620
GRID        6340        0.340000-0.00421-0.00562
GRID        6341        0.340000-0.00562-0.00421
GRID        6342        0.330000-0.00308-0.00589
GRID        6343        0.320000-0.00345-0.00756
GRID        6344        0.320000-0.00153-0.00603
GRID        6345        0.3000000.001556-0.00603
GRID        6346        0.3100001.267E-5-0.00617
GRID        6347        0.3000006.336E-6-0.00808
GRID        6348        0.2800000.004229-0.00561
GRID        6349        0.2900000.003099-0.00589
GRID        6350        0.2800000.003463-0.00756
GRID        6351        0.2700000.005359-0.00534
GRID        6352        0.2600000.006215-0.00620
GRID        6353        0.2600000.005635-0.00421
GRID        6354        0.2500000.005910-0.00308
GRID        6355        0.2400000.007574-0.00345
GRID        6356        0.2400000.006051-0.00153
GRID        6357        0.2200000.0060490.001555
GRID        6358        0.2300000.0061911.214E-5
GRID        6359        0.2200000.0080956.070E-6
GRID        6360        0.2100000.0053560.005358
GRID        6361        0.2000000.0056320.004228
GRID        6362        0.2100000.0059070.003098
GRID        6363        0.2000000.0062130.006214
GRID        6364        0.2000000.0075730.003462
GRID        6365        0.330000-0.00589-0.00308
GRID        6366        0.320000-0.00603-0.00153
GRID        6367        0.320000-0.00756-0.00345
GRID        6368        0.300000-0.006030.001553
GRID        6369        0.310000-0.006178.086E-6
GRID        6370        0.300000-0.008084.043E-6
GRID        6371        0.280000-0.005620.004228
GRID        6372        0.290000-0.005890.003098
GRID        6373        0.280000-0.007560.003462
GRID        6374        0.270000-0.005340.005358
GRID        6375        0.260000-0.004210.005634
GRID        6376        0.260000-0.006210.006214
GRID        6377        0.250000-0.003080.005910
GRID        6378        0.240000-0.001530.006051
GRID        6379        0.240000-0.003450.007574
GRID        6380        0.2200000.0015500.006051
GRID        6381        0.2300005.781E-60.006193
GRID        6382        0.2200002.890E-60.008096
GRID        6383        0.2000000.0042250.005634
GRID        6384        0.2100000.0030950.005910
GRID        6385        0.2000000.0034610.007574
GRID        6386        0.330000-0.00534-0.00534
GRID        6387        0.320000-0.00620-0.00620
GRID        6388        0.320000-0.00421-0.00562
GRID        6389        0.320000-0.00562-0.00421
GRID        6390        0.310000-0.00308-0.00589
GRID        6391        0.300000-0.00345-0.00756
GRID        6392        0.300000-0.00153-0.00603
GRID        6393        0.2800000.001556-0.00603
GRID        6394        0.2900001.267E-5-0.00617
GRID        6395        0.2800006.336E-6-0.00808
GRID        6396        0.2600000.004229-0.00561
GRID        6397        0.2700000.003099-0.00589
GRID        6398        0.2600000.003463-0.00756
GRID        6399        0.2500000.005359-0.00534
GRID        6400        0.2400000.006215-0.00620
GRID        6401        0.2400000.005635-0.00421
GRID        6402        0.2300000.005910-0.00308
GRID        6403        0.2200000.007574-0.00345
GRID        6404        0.2200000.006051-0.00153
GRID        6405        0.2000000.0060490.001555
GRID        6406        0.2100000.0061911.214E-5
GRID        6407        0.2000000.0080956.070E-6
GRID        6408        0.1900000.0053560.005358
GRID        6409        0.1800000.0056320.004228
GRID        6410        0.1900000.0059070.003098
GRID        6411        0.1800000.0062130.006214
GRID        6412        0.1800000.0075730.003462
GRID        6413        0.310000-0.00589-0.00308
GRID        6414        0.300000-0.00603-0.00153
GRID        6415        0.300000-0.00756-0.00345
GRID        6416        0.280000-0.006030.001553
GRID        6417        0.290000-0.006178.086E-6
GRID        6418        0.280000-0.008084.043E-6
GRID        6419        0.260000-0.005620.004228
GRID        6420        0.270000-0.005890.003098
GRID        6421        0.260000-0.007560.003462
GRID        6422        0.250000-0.005340.005358
GRID        6423        0.240000-0.004210.005634
GRID        6424        0.240000-0.006210.006214
GRID        6425        0.230000-0.003080.005910
GRID        6426        0.220000-0.001530.006051
GRID        6427        0.220000-0.003450.007574
GRID        6428        0.2000000.0015500.006051
GRID        6429        0.2100005.781E-60.006193
GRID        6430        0.2000002.890E-60.008096
GRID        6431        0.1800000.0042250.005634
GRID        6432        0.1900000.0030950.005910
GRID        6433        0.1800000.0034610.007574
GRID        6434        0.310000-0.00534-0.00534
GRID        6435        0.300000-0.00620-0.00620
GRID        6436        0.300000-0.00421-0.00562
GRID        6437        0.300000-0.00562-0.00421
GRID        6438        0.290000-0.00308-0.00589
GRID        6439        0.280000-0.00345-0.00756
GRID        6440        0.280000-0.00153-0.00603
GRID        6441        0.2600000.001556-0.00603
GRID        6442        0.2700001.267E-5-0.00617
GRID        6443        0.2600006.336E-6-0.00808
GRID        6444        0.2400000.004229-0.00561
GRID        6445        0.2500000.003099-0.00589
GRID        6446        0.2400000.003463-0.00756
GRID        6447        0.2300000.005359-0.00534
GRID        6448        0.2200000.006215-0.00620
GRID        6449        0.2200000.005635-0.00421
GRID        6450        0.2100000.005910-0.00308
GRID        6451        0.2000000.007574-0.00345
GRID        6452        0.2000000.006051-0.00153
GRID        6453        0.1800000.0060490.001555
GRID        6454        0.1900000.0061911.214E-5
GRID        6455        0.1800000.0080956.070E-6
GRID        6456        0.1700000.0053560.005358
GRID        6457        0.1600000.0056320.004228
GRID        6458        0.1700000.0059070.003098
GRID        6459        0.1600000.0062130.006214
GRID        6460        0.1600000.0075730.003462
GRID        6461        0.290000-0.00589-0.00308
GRID        6462        0.280000-0.00603-0.00153
GRID        6463        0.280000-0.00756-0.00345
GRID        6464        0.260000-0.006030.001553
GRID        6465        0.270000-0.006178.086E-6
GRID        6466        0.260000-0.008084.043E-6
GRID        6467        0.240000-0.005620.004228
GRID        6468        0.250000-0.005890.003098
GRID        6469        0.240000-0.007560.003462
GRID        6470        0.230000-0.005340.005358
GRID        6471        0.220000-0.004210.005634
GRID        6472        0.220000-0.006210.006214
GRID        6473        0.210000-0.003080.005910
GRID        6474        0.200000-0.001530.006051
GRID        6475        0.200000-0.003450.007574
GRID        6476        0.1800000.0015500.006051
GRID        6477        0.1900005.781E-60.006193
GRID        6478        0.1800002.890E-60.008096
GRID        6479        0.1600000.0042250.005634
GRID        6480        0.1700000.0030950.005910
GRID        6481        0.1600000.0034610.007574
GRID        6482        0.290000-0.00534-0.00534
GRID        6483        0.280000-0.00620-0.00620
GRID        6484        0.280000-0.00421-0.00562
GRID        6485        0.280000-0.00562-0.00421
GRID        6486        0.270000-0.00308-0.00589
GRID        6487        0.260000-0.00345-0.00756
GRID        6488        0.260000-0.00153-0.00603
GRID        6489        0.2400000.001556-0.00603
GRID        6490        0.2500001.267E-5-0.00617
GRID        6491        0.2400006.336E-6-0.00808
GRID        6492        0.2200000.004229-0.00561
GRID        6493        0.2300000.003099-0.00589
GRID        6494        0.2200000.003463-0.00756
GRID        6495        0.2100000.005359-0.00534
GRID        6496        0.2000000.006215-0.00620
GRID        6497        0.2000000.005635-0.00421
GRID        6498        0.1900000.005910-0.00308
GRID        6499        0.1800000.007574-0.00345
GRID        6500        0.1800000.006051-0.00153
GRID        6501        0.1600000.0060490.001555
GRID        6502        0.1700000.0061911.214E-5
GRID        6503        0.1600000.0080956.070E-6
GRID        6504        0.1500000.0053560.005358
GRID        6505        0.1400000.0056320.004228
GRID        6506        0.1500000.0059070.003098
GRID        6507        0.1400000.0062130.006214
GRID        6508        0.1400000.0075730.003462
GRID        6509        0.270000-0.00589-0.00308
GRID        6510        0.260000-0.00603-0.00153
GRID        6511        0.260000-0.00756-0.00345
GRID        6512        0.240000-0.006030.001553
GRID        6513        0.250000-0.006178.086E-6
GRID        6514        0.240000-0.008084.043E-6
GRID        6515        0.220000-0.005620.004228
GRID        6516        0.230000-0.005890.003098
GRID        6517        0.220000-0.007560.003462
GRID        6518        0.210000-0.005340.005358
GRID        6519        0.200000-0.004210.005634
GRID        6520        0.200000-0.006210.006214
GRID        6521        0.190000-0.003080.005910
GRID        6522        0.180000-0.001530.006051
GRID        6523        0.180000-0.003450.007574
GRID        6524        0.1600000.0015500.006051
GRID        6525        0.1700005.781E-60.006193
GRID        6526        0.1600002.890E-60.008096
GRID        6527        0.1400000.0042250.005634
GRID        6528        0.1500000.0030950.005910
GRID        6529        0.1400000.0034610.007574
GRID        6530        0.270000-0.00534-0.00534
GRID        6531        0.260000-0.00620-0.00620
GRID        6532        0.260000-0.00421-0.00562
GRID        6533        0.260000-0.00562-0.00421
GRID        6534        0.250000-0.00308-0.00589
GRID        6535        0.240000-0.00345-0.00756
GRID        6536        0.240000-0.00153-0.00603
GRID        6537        0.2200000.001556-0.00603
GRID        6538        0.2300001.267E-5-0.00617
GRID        6539        0.2200006.336E-6-0.00808
GRID        6540        0.2000000.004229-0.00561
GRID        6541        0.2100000.003099-0.00589
GRID        6542        0.2000000.003463-0.00756
GRID        6543        0.1900000.005359-0.00534
GRID        6544        0.1800000.006215-0.00620
GRID        6545        0.1800000.005635-0.00421
GRID        6546        0.1700000.005910-0.00308
GRID        6547        0.1600000.007574-0.00345
GRID        6548        0.1600000.006051-0.00153
GRID        6549        0.1400000.0060490.001555
GRID        6550        0.1500000.0061911.214E-5
GRID        6551        0.1400000.0080956.070E-6
GRID        6552        0.1300000.0053560.005358
GRID        6553        0.1200000.0056320.004228
GRID        6554        0.1300000.0059070.003098
GRID        6555        0.1200000.0062130.006214
GRID        6556        0.1200000.0075730.003462
GRID        6557        0.250000-0.00589-0.00308
GRID        6558        0.240000-0.00603-0.00153
GRID        6559        0.240000-0.00756-0.00345
GRID        6560        0.220000-0.006030.001553
GRID        6561        0.230000-0.006178.086E-6
GRID        6562        0.220000-0.008084.043E-6
GRID        6563        0.200000-0.005620.004228
GRID        6564        0.210000-0.005890.003098
GRID        6565        0.200000-0.007560.003462
GRID        6566        0.190000-0.005340.005358
GRID        6567        0.180000-0.004210.005634
GRID        6568        0.180000-0.006210.006214
GRID        6569        0.170000-0.003080.005910
GRID        6570        0.160000-0.001530.006051
GRID        6571        0.160000-0.003450.007574
GRID        6572        0.1400000.0015500.006051
GRID        6573        0.1500005.781E-60.006193
GRID        6574        0.1400002.890E-60.008096
GRID        6575        0.1200000.0042250.005634
GRID        6576        0.1300000.0030950.005910
GRID        6577        0.1200000.0034610.007574
GRID        6578        0.250000-0.00534-0.00534
GRID        6579        0.240000-0.00620-0.00620
GRID        6580        0.240000-0.00421-0.00562
GRID        6581        0.240000-0.00562-0.00421
GRID        6582        0.230000-0.00308-0.00589
GRID        6583        0.220000-0.00345-0.00756
GRID        6584        0.220000-0.00153-0.00603
GRID        6585        0.2000000.001556-0.00603
GRID        6586        0.2100001.267E-5-0.00617
GRID        6587        0.2000006.336E-6-0.00808
GRID        6588        0.1800000.004229-0.00561
GRID        6589        0.1900000.003099-0.00589
GRID        6590        0.1800000.003463-0.00756
GRID        6591        0.1700000.005359-0.00534
GRID        6592        0.1600000.006215-0.00620
GRID        6593        0.1600000.005635-0.00421
GRID        6594        0.1500000.005910-0.00308
GRID        6595        0.1400000.007574-0.00345
GRID        6596        0.1400000.006051-0.00153
GRID        6597        0.1200000.0060490.001555
GRID        6598        0.1300000.0061911.214E-5
GRID        6599        0.1200000.0080956.070E-6
GRID        6600        0.1100000.0053560.005358
GRID        6601        0.1000000.0056320.004228
GRID        6602        0.1100000.0059070.003098
GRID        6603        0.1000000.0062130.006214
GRID        6604        0.1000000.0075730.003462
GRID        6605        0.230000-0.00589-0.00308
GRID        6606        0.220000-0.00603-0.00153
GRID        6607        0.220000-0.00756-0.00345
GRID        6608        0.200000-0.006030.001553
GRID        6609        0.210000-0.006178.086E-6
GRID        6610        0.200000-0.008084.043E-6
GRID        6611        0.180000-0.005620.004228
GRID        6612        0.190000-0.005890.003098
GRID        6613        0.180000-0.007560.003462
GRID        6614        0.170000-0.005340.005358
GRID        6615        0.160000-0.004210.005634
GRID        6616        0.160000-0.006210.006214
GRID        6617        0.150000-0.003080.005910
GRID        6618        0.140000-0.001530.006051
GRID        6619        0.140000-0.003450.007574
GRID        6620        0.1200000.0015500.006051
GRID        6621        0.1300005.781E-60.006193
GRID        6622        0.1200002.890E-60.008096
GRID        6623        0.1000000.0042250.005634
GRID        6624        0.1100000.0030950.005910
GRID        6625        0.1000000.0034610.007574
GRID        6626        0.230000-0.00534-0.00534
GRID        6627        0.220000-0.00620-0.00620
GRID        6628        0.220000-0.00421-0.00562
GRID        6629        0.220000-0.00562-0.00421
GRID        6630        0.210000-0.00308-0.00589
GRID        6631        0.200000-0.00345-0.00756
GRID        6632        0.200000-0.00153-0.00603
GRID        6633        0.1800000.001556-0.00603
GRID        6634        0.1900001.267E-5-0.00617
GRID        6635        0.1800006.336E-6-0.00808
GRID        6636        0.1600000.004229-0.00561
GRID        6637        0.1700000.003099-0.00589
GRID        6638        0.1600000.003463-0.00756
GRID        6639        0.1500000.005359-0.00534
GRID        6640        0.1400000.006215-0.00620
GRID        6641        0.1400000.005635-0.00421
GRID        6642        0.1300000.005910-0.00308
GRID        6643        0.1200000.007574-0.00345
GRID        6644        0.1200000.006051-0.00153
GRID        6645        0.1000000.0060490.001555
GRID        6646        0.1100000.0061911.214E-5
GRID        6647        0.1000000.0080956.070E-6
GRID        6648        0.0900000.0053560.005358
GRID        6649        0.0800000.0056320.004228
GRID        6650        0.0900000.0059070.003098
GRID        6651        0.0800000.0062130.006214
GRID        6652        0.0800000.0075730.003462
GRID        6653        0.210000-0.00589-0.00308
GRID        6654        0.200000-0.00603-0.00153
GRID        6655        0.200000-0.00756-0.00345
GRID        6656        0.180000-0.006030.001553
GRID        6657        0.190000-0.006178.086E-6
GRID        6658        0.180000-0.008084.043E-6
GRID        6659        0.160000-0.005620.004228
GRID        6660        0.170000-0.005890.003098
GRID        6661        0.160000-0.007560.003462
GRID        6662        0.150000-0.005340.005358
GRID        6663        0.140000-0.004210.005634
GRID        6664        0.140000-0.006210.006214
GRID        6665        0.130000-0.003080.005910
GRID        6666        0.120000-0.001530.006051
GRID        6667        0.120000-0.003450.007574
GRID        6668        0.1000000.0015500.006051
GRID        6669        0.1100005.781E-60.006193
GRID        6670        0.1000002.890E-60.008096
GRID        6671        0.0800000.0042250.005634
GRID        6672        0.0900000.0030950.005910
GRID        6673        0.0800000.0034610.007574
GRID        6674        0.210000-0.00534-0.00534
GRID        6675        0.200000-0.00620-0.00620
GRID        6676        0.200000-0.00421-0.00562
GRID        6677        0.200000-0.00562-0.00421
GRID        6678        0.190000-0.00308-0.00589
GRID        6679        0.180000-0.00345-0.00756
GRID        6680        0.180000-0.00153-0.00603
GRID        6681        0.1600000.001556-0.00603
GRID        6682        0.1700001.267E-5-0.00617
GRID        6683        0.1600006.336E-6-0.00808
GRID        6684        0.1400000.004229-0.00561
GRID        6685        0.1500000.003099-0.00589
GRID        6686        0.1400000.003463-0.00756
GRID        6687        0.1300000.005359-0.00534
GRID        6688        0.1200000.006215-0.00620
GRID        6689        0.1200000.005635-0.00421
GRID        6690        0.1100000.005910-0.00308
GRID        6691        0.1000000.007574-0.00345
GRID        6692        0.1000000.006051-0.00153
GRID        6693        0.0800000.0060490.001555
GRID        6694        0.0900000.0061911.214E-5
GRID        6695        0.0800000.0080956.070E-6
GRID        6696        0.0700000.0053560.005358
GRID        6697        0.0600000.0056320.004228
GRID        6698        0.0700000.0059070.003098
GRID        6699        0.0600000.0062130.006214
GRID        6700        0.0600000.0075730.003462
GRID        6701        0.190000-0.00589-0.00308
GRID        6702        0.180000-0.00603-0.00153
GRID        6703        0.180000-0.00756-0.00345
GRID        6704        0.160000-0.006030.001553
GRID        6705        0.170000-0.006178.086E-6
GRID        6706        0.160000-0.008084.043E-6
GRID        6707        0.140000-0.005620.004228
GRID        6708        0.150000-0.005890.003098
GRID        6709        0.140000-0.007560.003462
GRID        6710        0.130000-0.005340.005358
GRID        6711        0.120000-0.004210.005634
GRID        6712        0.120000-0.006210.006214
GRID        6713        0.110000-0.003080.005910
GRID        6714        0.100000-0.001530.006051
GRID        6715        0.100000-0.003450.007574
GRID        6716        0.0800000.0015500.006051
GRID        6717        0.0900005.781E-60.006193
GRID        6718        0.0800002.890E-60.008096
GRID        6719        0.0600000.0042250.005634
GRID        6720        0.0700000.0030950.005910
GRID        6721        0.0600000.0034610.007574
GRID        6722        0.190000-0.00534-0.00534
GRID        6723        0.180000-0.00620-0.00620
GRID        6724        0.180000-0.00421-0.00562
GRID        6725        0.180000-0.00562-0.00421
GRID        6726        0.170000-0.00308-0.00589
GRID        6727        0.160000-0.00345-0.00756
GRID        6728        0.160000-0.00153-0.00603
GRID        6729        0.1400000.001556-0.00603
GRID        6730        0.1500001.267E-5-0.00617
GRID        6731        0.1400006.336E-6-0.00808
GRID        6732        0.1200000.004229-0.00561
GRID        6733        0.1300000.003099-0.00589
GRID        6734        0.1200000.003463-0.00756
GRID        6735        0.1100000.005359-0.00534
GRID        6736        0.1000000.006215-0.00620
GRID        6737        0.1000000.005635-0.00421
GRID        6738        0.0900000.005910-0.00308
GRID        6739        0.0800000.007574-0.00345
GRID        6740        0.0800000.006051-0.00153
GRID        6741        0.0600000.0060490.001555
GRID        6742        0.0700000.0061911.214E-5
GRID        6743        0.0600000.0080956.070E-6
GRID        6744        0.0500000.0053560.005358
GRID        6745        0.0400000.0056320.004228
GRID        6746        0.0500000.0059070.003098
GRID        6747        0.0400000.0062130.006214
GRID        6748        0.0400000.0075730.003462
GRID        6749        0.170000-0.00589-0.00308
GRID        6750        0.160000-0.00603-0.00153
GRID        6751        0.160000-0.00756-0.00345
GRID        6752        0.140000-0.006030.001553
GRID        6753        0.150000-0.006178.086E-6
GRID        6754        0.140000-0.008084.043E-6
GRID        6755        0.120000-0.005620.004228
GRID        6756        0.130000-0.005890.003098
GRID        6757        0.120000-0.007560.003462
GRID        6758        0.110000-0.005340.005358
GRID        6759        0.100000-0.004210.005634
GRID        6760        0.100000-0.006210.006214
GRID        6761        0.090000-0.003080.005910
GRID        6762        0.080000-0.001530.006051
GRID        6763        0.080000-0.003450.007574
GRID        6764        0.0600000.0015500.006051
GRID        6765        0.0700005.781E-60.006193
GRID        6766        0.0600002.890E-60.008096
GRID        6767        0.0400000.0042250.005634
GRID        6768        0.0500000.0030950.005910
GRID        6769        0.0400000.0034610.007574
GRID        6770        0.170000-0.00534-0.00534
GRID        6771        0.160000-0.00620-0.00620
GRID        6772        0.160000-0.00421-0.00562
GRID        6773        0.160000-0.00562-0.00421
GRID        6774        0.150000-0.00308-0.00589
GRID        6775        0.140000-0.00345-0.00756
GRID        6776        0.140000-0.00153-0.00603
GRID        6777        0.1200000.001556-0.00603
GRID        6778        0.1300001.267E-5-0.00617
GRID        6779        0.1200006.336E-6-0.00808
GRID        6780        0.1000000.004229-0.00561
GRID        6781        0.1100000.003099-0.00589
GRID        6782        0.1000000.003463-0.00756
GRID        6783        0.0900000.005359-0.00534
GRID        6784        0.0800000.006215-0.00620
GRID        6785        0.0800000.005635-0.00421
GRID        6786        0.0700000.005910-0.00308
GRID        6787        0.0600000.007574-0.00345
GRID        6788        0.0600000.006051-0.00153
GRID        6789        0.0400000.0060490.001555
GRID        6790        0.0500000.0061911.214E-5
GRID        6791        0.0400000.0080956.070E-6
GRID        6792        0.0300000.0053560.005358
GRID        6793        0.0200000.0056320.004228
GRID        6794        0.0300000.0059070.003098
GRID        6795        0.0200000.0062130.006214
GRID        6796        0.0200000.0075730.003462
GRID        6797        0.150000-0.00589-0.00308
GRID        6798        0.140000-0.00603-0.00153
GRID        6799        0.140000-0.00756-0.00345
GRID        6800        0.120000-0.006030.001553
GRID        6801        0.130000-0.006178.086E-6
GRID        6802        0.120000-0.008084.043E-6
GRID        6803        0.100000-0.005620.004228
GRID        6804        0.110000-0.005890.003098
GRID        6805        0.100000-0.007560.003462
GRID        6806        0.090000-0.005340.005358
GRID        6807        0.080000-0.004210.005634
GRID        6808        0.080000-0.006210.006214
GRID        6809        0.070000-0.003080.005910
GRID        6810        0.060000-0.001530.006051
GRID        6811        0.060000-0.003450.007574
GRID        6812        0.0400000.0015500.006051
GRID        6813        0.0500005.781E-60.006193
GRID        6814        0.0400002.890E-60.008096
GRID        6815        0.0200000.0042250.005634
GRID        6816        0.0300000.0030950.005910
GRID        6817        0.0200000.0034610.007574
GRID        6818        0.150000-0.00534-0.00534
GRID        6819        0.140000-0.00620-0.00620
GRID        6820        0.140000-0.00421-0.00562
GRID        6821        0.140000-0.00562-0.00421
GRID        6822        0.130000-0.00308-0.00589
GRID        6823        0.120000-0.00345-0.00756
GRID        6824        0.120000-0.00153-0.00603
GRID        6825        0.1000000.001556-0.00603
GRID        6826        0.1100001.267E-5-0.00617
GRID        6827        0.1000006.336E-6-0.00808
GRID        6828        0.0800000.004229-0.00561
GRID        6829        0.0900000.003099-0.00589
GRID        6830        0.0800000.003463-0.00756
GRID        6831        0.0700000.005359-0.00534
GRID        6832        0.0600000.006215-0.00620
GRID        6833        0.0600000.005635-0.00421
GRID        6834        0.0500000.005910-0.00308
GRID        6835        0.0400000.007574-0.00345
GRID        6836        0.0400000.006051-0.00153
GRID        6837        0.0200000.0060490.001555
GRID        6838        0.0300000.0061911.214E-5
GRID        6839        0.0200000.0080956.070E-6
GRID        6840        0.0100000.0053560.005358
GRID        6841        0.0100000.0059070.003098
GRID        6842        0.130000-0.00589-0.00308
GRID        6843        0.120000-0.00603-0.00153
GRID        6844        0.120000-0.00756-0.00345
GRID        6845        0.100000-0.006030.001553
GRID        6846        0.110000-0.006178.086E-6
GRID        6847        0.100000-0.008084.043E-6
GRID        6848        0.080000-0.005620.004228
GRID        6849        0.090000-0.005890.003098
GRID        6850        0.080000-0.007560.003462
GRID        6851        0.070000-0.005340.005358
GRID        6852        0.060000-0.004210.005634
GRID        6853        0.060000-0.006210.006214
GRID        6854        0.050000-0.003080.005910
GRID        6855        0.040000-0.001530.006051
GRID        6856        0.040000-0.003450.007574
GRID        6857        0.0200000.0015500.006051
GRID        6858        0.0300005.781E-60.006193
GRID        6859        0.0200002.890E-60.008096
GRID        6860        0.0100000.0030950.005910
GRID        6861        0.130000-0.00534-0.00534
GRID        6862        0.120000-0.00620-0.00620
GRID        6863        0.120000-0.00421-0.00562
GRID        6864        0.120000-0.00562-0.00421
GRID        6865        0.110000-0.00308-0.00589
GRID        6866        0.100000-0.00345-0.00756
GRID        6867        0.100000-0.00153-0.00603
GRID        6868        0.0800000.001556-0.00603
GRID        6869        0.0900001.267E-5-0.00617
GRID        6870        0.0800006.336E-6-0.00808
GRID        6871        0.0600000.004229-0.00561
GRID        6872        0.0700000.003099-0.00589
GRID        6873        0.0600000.003463-0.00756
GRID        6874        0.0500000.005359-0.00534
GRID        6875        0.0400000.006215-0.00620
GRID        6876        0.0400000.005635-0.00421
GRID        6877        0.0300000.005910-0.00308
GRID        6878        0.0200000.007574-0.00345
GRID        6879        0.0200000.006051-0.00153
GRID        6880        0.0100000.0061911.214E-5
GRID        6881        0.110000-0.00589-0.00308
GRID        6882        0.100000-0.00603-0.00153
GRID        6883        0.100000-0.00756-0.00345
GRID        6884        0.080000-0.006030.001553
GRID        6885        0.090000-0.006178.086E-6
GRID        6886        0.080000-0.008084.043E-6
GRID        6887        0.060000-0.005620.004228
GRID        6888        0.070000-0.005890.003098
GRID        6889        0.060000-0.007560.003462
GRID        6890        0.050000-0.005340.005358
GRID        6891        0.040000-0.004210.005634
GRID        6892        0.040000-0.006210.006214
GRID        6893        0.030000-0.003080.005910
GRID        6894        0.020000-0.001530.006051
GRID        6895        0.020000-0.003450.007574
GRID        6896        0.0100005.781E-60.006193
GRID        6897        0.110000-0.00534-0.00534
GRID        6898        0.100000-0.00620-0.00620
GRID        6899        0.100000-0.00421-0.00562
GRID        6900        0.100000-0.00562-0.00421
GRID        6901        0.090000-0.00308-0.00589
GRID        6902        0.080000-0.00345-0.00756
GRID        6903        0.080000-0.00153-0.00603
GRID        6904        0.0600000.001556-0.00603
GRID        6905        0.0700001.267E-5-0.00617
GRID        6906        0.0600006.336E-6-0.00808
GRID        6907        0.0400000.004229-0.00561
GRID        6908        0.0500000.003099-0.00589
GRID        6909        0.0400000.003463-0.00756
GRID        6910        0.0300000.005359-0.00534
GRID        6911        0.0200000.006215-0.00620
GRID        6912        0.0200000.005635-0.00421
GRID        6913        0.0100000.005910-0.00308
GRID        6914        0.090000-0.00589-0.00308
GRID        6915        0.080000-0.00603-0.00153
GRID        6916        0.080000-0.00756-0.00345
GRID        6917        0.060000-0.006030.001553
GRID        6918        0.070000-0.006178.086E-6
GRID        6919        0.060000-0.008084.043E-6
GRID        6920        0.040000-0.005620.004228
GRID        6921        0.050000-0.005890.003098
GRID        6922        0.040000-0.007560.003462
GRID        6923        0.030000-0.005340.005358
GRID        6924        0.020000-0.004210.005634
GRID        6925        0.020000-0.006210.006214
GRID        6926        0.010000-0.003080.005910
GRID        6927        0.090000-0.00534-0.00534
GRID        6928        0.080000-0.00620-0.00620
GRID        6929        0.080000-0.00421-0.00562
GRID        6930        0.080000-0.00562-0.00421
GRID        6931        0.070000-0.00308-0.00589
GRID        6932        0.060000-0.00345-0.00756
GRID        6933        0.060000-0.00153-0.00603
GRID        6934        0.0400000.001556-0.00603
GRID        6935        0.0500001.267E-5-0.00617
GRID        6936        0.0400006.336E-6-0.00808
GRID        6937        0.0200000.004229-0.00561
GRID        6938        0.0300000.003099-0.00589
GRID        6939        0.0200000.003463-0.00756
GRID        6940        0.0100000.005359-0.00534
GRID        6941        0.070000-0.00589-0.00308
GRID        6942        0.060000-0.00603-0.00153
GRID        6943        0.060000-0.00756-0.00345
GRID        6944        0.040000-0.006030.001553
GRID        6945        0.050000-0.006178.086E-6
GRID        6946        0.040000-0.008084.043E-6
GRID        6947        0.020000-0.005620.004228
GRID        6948        0.030000-0.005890.003098
GRID        6949        0.020000-0.007560.003462
GRID        6950        0.010000-0.005340.005358
GRID        6951        0.070000-0.00534-0.00534
GRID        6952        0.060000-0.00620-0.00620
GRID        6953        0.060000-0.00421-0.00562
GRID        6954        0.060000-0.00562-0.00421
GRID        6955        0.050000-0.00308-0.00589
GRID        6956        0.040000-0.00345-0.00756
GRID        6957        0.040000-0.00153-0.00603
GRID        6958        0.0200000.001556-0.00603
GRID        6959        0.0300001.267E-5-0.00617
GRID        6960        0.0200006.336E-6-0.00808
GRID        6961        0.0100000.003099-0.00589
GRID        6962        0.050000-0.00589-0.00308
GRID        6963        0.040000-0.00603-0.00153
GRID        6964        0.040000-0.00756-0.00345
GRID        6965        0.020000-0.006030.001553
GRID        6966        0.030000-0.006178.086E-6
GRID        6967        0.020000-0.008084.043E-6
GRID        6968        0.010000-0.005890.003098
GRID        6969        0.050000-0.00534-0.00534
GRID        6970        0.040000-0.00620-0.00620
GRID        6971        0.040000-0.00421-0.00562
GRID        6972        0.040000-0.00562-0.00421
GRID        6973        0.030000-0.00308-0.00589
GRID        6974        0.020000-0.00345-0.00756
GRID        6975        0.020000-0.00153-0.00603
GRID        6976        0.0100001.267E-5-0.00617
GRID        6977        0.030000-0.00589-0.00308
GRID        6978        0.020000-0.00603-0.00153
GRID        6979        0.020000-0.00756-0.00345
GRID        6980        0.010000-0.006178.086E-6
GRID        6981        0.030000-0.00534-0.00534
GRID        6982        0.020000-0.00620-0.00620
GRID        6983        0.020000-0.00421-0.00562
GRID        6984        0.020000-0.00562-0.00421
GRID        6985        0.010000-0.00308-0.00589
GRID        6986        0.010000-0.00589-0.00308
GRID        6987        0.010000-0.00534-0.00534
GRID        6988        0.3100000.0577420.020167
GRID        6989        0.3100000.0441940.040444
GRID        6990        0.3100000.0239170.053992
GRID        6991        0.3100000.062500-0.00375
GRID        6992        0.3100001.32E-170.058750
GRID        6993        0.3100000.057742-0.02766
GRID        6994        0.310000-0.023910.053992
GRID        6995        0.3100000.044194-0.04794
GRID        6996        0.3100000.0254060.009273
GRID        6997        0.3100000.0194450.018195
GRID        6998        0.310000-0.044190.040444
GRID        6999        0.3100000.0105230.024156
GRID        7000        0.3100000.023917-0.06149
GRID        7001        0.3100000.027500-0.00125
GRID        7002        0.310000-0.057740.020167
GRID        7003        0.3100003.40E-180.026250
GRID        7004        0.3100005.74E-19-0.06625
GRID        7005        0.3100000.025406-0.01177
GRID        7006        0.310000-0.06250-0.00375
GRID        7007        0.310000-0.010520.024156
GRID        7008        0.310000-0.02391-0.06149
GRID        7009        0.3100000.019445-0.02069
GRID        7010        0.310000-0.05774-0.02766
GRID        7011        0.310000-0.019440.018195
GRID        7012        0.310000-0.04419-0.04794
GRID        7013        0.3100000.010523-0.02665
GRID        7014        0.310000-0.025400.009273
GRID        7015        0.3100001.72E-18-0.02875
GRID        7016        0.310000-0.02750-0.00125
GRID        7017        0.310000-0.01052-0.02665
GRID        7018        0.310000-0.02540-0.01177
GRID        7019        0.310000-0.01944-0.02069
GRID        7020        0.7100000.0335870.033587
GRID        7021        0.7100000.0438840.018177
GRID        7022        0.7100000.0181770.043884
GRID        7023        0.7100000.047500-1.0E-18
GRID        7024        0.710000-5.5E-180.047500
GRID        7025        0.7100000.043884-0.01817
GRID        7026        0.710000-0.018170.043884
GRID        7027        0.7100000.033587-0.03358
GRID        7028        0.7100000.0159090.015909
GRID        7029        0.7100000.0207870.008610
GRID        7030        0.710000-0.033580.033587
GRID        7031        0.7100000.0086100.020787
GRID        7032        0.7100000.018177-0.04388
GRID        7033        0.7100000.0225004.90E-18
GRID        7034        0.710000-0.043880.018177
GRID        7035        0.710000-1.9E-180.022500
GRID        7036        0.7100003.82E-19-0.04750
GRID        7037        0.7100000.020787-0.00861
GRID        7038        0.710000-0.047504.74E-18
GRID        7039        0.710000-0.008610.020787
GRID        7040        0.710000-0.01817-0.04388
GRID        7041        0.7100000.015909-0.01590
GRID        7042        0.710000-0.04388-0.01817
GRID        7043        0.710000-0.015900.015909
GRID        7044        0.710000-0.03358-0.03358
GRID        7045        0.7100000.008610-0.02078
GRID        7046        0.710000-0.020780.008610
GRID        7047        0.710000-3.2E-18-0.02250
GRID        7048        0.710000-0.022503.21E-18
GRID        7049        0.710000-0.00861-0.02078
GRID        7050        0.710000-0.02078-0.00861
GRID        7051        0.710000-0.01590-0.01590
GRID        7052        0.9800000.0030410.004452
GRID        7053        0.9800000.0044480.003046
GRID        7054        0.9900000.0029880.002994
GRID        7055        0.9800000.0030110.001509
GRID        7056        0.9800000.0046131.825E-5
GRID        7057        0.9900000.0030352.437E-5
GRID        7058        0.9800001.056E-50.004616
GRID        7059        0.9800000.0015010.003016
GRID        7060        0.9900001.535E-50.003038
GRID        7061        0.9600000.0030410.004452
GRID        7062        0.9600000.0044480.003046
GRID        7063        0.9700000.0029880.002994
GRID        7064        0.9800000.004454-0.00301
GRID        7065        0.9900000.002999-0.00295
GRID        7066        0.9800000.003017-0.00146
GRID        7067        0.9600000.0030110.001509
GRID        7068        0.9600000.0046131.825E-5
GRID        7069        0.9700000.0030352.437E-5
GRID        7070        0.9800001.915E-50.001534
GRID        7071        0.9800000.0015292.684E-5
GRID        7072        0.9900002.295E-52.932E-5
GRID        7073        0.980000-0.003020.004453
GRID        7074        0.990000-0.002960.002996
GRID        7075        0.980000-0.001470.003017
GRID        7076        0.9600001.056E-50.004616
GRID        7077        0.9600000.0015010.003016
GRID        7078        0.9700001.535E-50.003038
GRID        7079        0.9400000.0030410.004452
GRID        7080        0.9400000.0044480.003046
GRID        7081        0.9500000.0029880.002994
GRID        7082        0.9800000.003049-0.00442
GRID        7083        0.9800000.001511-0.00297
GRID        7084        0.9900002.473E-5-0.00299
GRID        7085        0.9800002.384E-5-0.00148
GRID        7086        0.9600000.004454-0.00301
GRID        7087        0.9700000.002999-0.00295
GRID        7088        0.9600000.003017-0.00146
GRID        7089        0.9400000.0030110.001509
GRID        7090        0.9400000.0046131.825E-5
GRID        7091        0.9500000.0030352.437E-5
GRID        7092        0.9600001.915E-50.001534
GRID        7093        0.9600000.0015292.684E-5
GRID        7094        0.9700002.295E-52.932E-5
GRID        7095        0.980000-0.002980.001510
GRID        7096        0.990000-0.003002.392E-5
GRID        7097        0.980000-0.001482.662E-5
GRID        7098        0.980000-0.004430.003047
GRID        7099        0.960000-0.003020.004453
GRID        7100        0.970000-0.002960.002996
GRID        7101        0.960000-0.001470.003017
GRID        7102        0.9400001.056E-50.004616
GRID        7103        0.9400000.0015010.003016
GRID        7104        0.9500001.535E-50.003038
GRID        7105        0.9200000.0030410.004452
GRID        7106        0.9200000.0044480.003046
GRID        7107        0.9300000.0029880.002994
GRID        7108        0.9800001.870E-5-0.00458
GRID        7109        0.9600000.003049-0.00442
GRID        7110        0.990000-0.00296-0.00296
GRID        7111        0.980000-0.00146-0.00297
GRID        7112        0.980000-0.00298-0.00146
GRID        7113        0.9600000.001511-0.00297
GRID        7114        0.9700002.473E-5-0.00299
GRID        7115        0.9600002.384E-5-0.00148
GRID        7116        0.9400000.004454-0.00301
GRID        7117        0.9500000.002999-0.00295
GRID        7118        0.9400000.003017-0.00146
GRID        7119        0.9200000.0030110.001509
GRID        7120        0.9200000.0046131.825E-5
GRID        7121        0.9300000.0030352.437E-5
GRID        7122        0.9400001.915E-50.001534
GRID        7123        0.9400000.0015292.684E-5
GRID        7124        0.9500002.295E-52.932E-5
GRID        7125        0.960000-0.002980.001510
GRID        7126        0.970000-0.003002.392E-5
GRID        7127        0.960000-0.001482.662E-5
GRID        7128        0.980000-0.004581.600E-5
GRID        7129        0.960000-0.004430.003047
GRID        7130        0.940000-0.003020.004453
GRID        7131        0.950000-0.002960.002996
GRID        7132        0.940000-0.001470.003017
GRID        7133        0.9200001.056E-50.004616
GRID        7134        0.9200000.0015010.003016
GRID        7135        0.9300001.535E-50.003038
GRID        7136        0.9000000.0030410.004452
GRID        7137        0.9000000.0044480.003046
GRID        7138        0.9100000.0029880.002994
GRID        7139        0.980000-0.00302-0.00442
GRID        7140        0.9600001.870E-5-0.00458
GRID        7141        0.9400000.003049-0.00442
GRID        7142        0.980000-0.00442-0.00302
GRID        7143        0.970000-0.00296-0.00296
GRID        7144        0.960000-0.00146-0.00297
GRID        7145        0.960000-0.00298-0.00146
GRID        7146        0.9400000.001511-0.00297
GRID        7147        0.9500002.473E-5-0.00299
GRID        7148        0.9400002.384E-5-0.00148
GRID        7149        0.9200000.004454-0.00301
GRID        7150        0.9300000.002999-0.00295
GRID        7151        0.9200000.003017-0.00146
GRID        7152        0.9000000.0030110.001509
GRID        7153        0.9000000.0046131.825E-5
GRID        7154        0.9100000.0030352.437E-5
GRID        7155        0.9200001.915E-50.001534
GRID        7156        0.9200000.0015292.684E-5
GRID        7157        0.9300002.295E-52.932E-5
GRID        7158        0.940000-0.002980.001510
GRID        7159        0.950000-0.003002.392E-5
GRID        7160        0.940000-0.001482.662E-5
GRID        7161        0.960000-0.004581.600E-5
GRID        7162        0.940000-0.004430.003047
GRID        7163        0.920000-0.003020.004453
GRID        7164        0.930000-0.002960.002996
GRID        7165        0.920000-0.001470.003017
GRID        7166        0.9000001.056E-50.004616
GRID        7167        0.9000000.0015010.003016
GRID        7168        0.9100001.535E-50.003038
GRID        7169        0.8800000.0030410.004452
GRID        7170        0.8800000.0044480.003046
GRID        7171        0.8900000.0029880.002994
GRID        7172        0.960000-0.00302-0.00442
GRID        7173        0.9400001.870E-5-0.00458
GRID        7174        0.9200000.003049-0.00442
GRID        7175        0.960000-0.00442-0.00302
GRID        7176        0.950000-0.00296-0.00296
GRID        7177        0.940000-0.00146-0.00297
GRID        7178        0.940000-0.00298-0.00146
GRID        7179        0.9200000.001511-0.00297
GRID        7180        0.9300002.473E-5-0.00299
GRID        7181        0.9200002.384E-5-0.00148
GRID        7182        0.9000000.004454-0.00301
GRID        7183        0.9100000.002999-0.00295
GRID        7184        0.9000000.003017-0.00146
GRID        7185        0.8800000.0030110.001509
GRID        7186        0.8800000.0046131.825E-5
GRID        7187        0.8900000.0030352.437E-5
GRID        7188        0.9000001.915E-50.001534
GRID        7189        0.9000000.0015292.684E-5
GRID        7190        0.9100002.295E-52.932E-5
GRID        7191        0.920000-0.002980.001510
GRID        7192        0.930000-0.003002.392E-5
GRID        7193        0.920000-0.001482.662E-5
GRID        7194        0.940000-0.004581.600E-5
GRID        7195        0.920000-0.004430.003047
GRID        7196        0.900000-0.003020.004453
GRID        7197        0.910000-0.002960.002996
GRID        7198        0.900000-0.001470.003017
GRID        7199        0.8800001.056E-50.004616
GRID        7200        0.8800000.0015010.003016
GRID        7201        0.8900001.535E-50.003038
GRID        7202        0.8600000.0030410.004452
GRID        7203        0.8600000.0044480.003046
GRID        7204        0.8700000.0029880.002994
GRID        7205        0.940000-0.00302-0.00442
GRID        7206        0.9200001.870E-5-0.00458
GRID        7207        0.9000000.003049-0.00442
GRID        7208        0.940000-0.00442-0.00302
GRID        7209        0.930000-0.00296-0.00296
GRID        7210        0.920000-0.00146-0.00297
GRID        7211        0.920000-0.00298-0.00146
GRID        7212        0.9000000.001511-0.00297
GRID        7213        0.9100002.473E-5-0.00299
GRID        7214        0.9000002.384E-5-0.00148
GRID        7215        0.8800000.004454-0.00301
GRID        7216        0.8900000.002999-0.00295
GRID        7217        0.8800000.003017-0.00146
GRID        7218        0.8600000.0030110.001509
GRID        7219        0.8600000.0046131.825E-5
GRID        7220        0.8700000.0030352.437E-5
GRID        7221        0.8800001.915E-50.001534
GRID        7222        0.8800000.0015292.684E-5
GRID        7223        0.8900002.295E-52.932E-5
GRID        7224        0.900000-0.002980.001510
GRID        7225        0.910000-0.003002.392E-5
GRID        7226        0.900000-0.001482.662E-5
GRID        7227        0.920000-0.004581.600E-5
GRID        7228        0.900000-0.004430.003047
GRID        7229        0.880000-0.003020.004453
GRID        7230        0.890000-0.002960.002996
GRID        7231        0.880000-0.001470.003017
GRID        7232        0.8600001.056E-50.004616
GRID        7233        0.8600000.0015010.003016
GRID        7234        0.8700001.535E-50.003038
GRID        7235        0.8400000.0030410.004452
GRID        7236        0.8400000.0044480.003046
GRID        7237        0.8500000.0029880.002994
GRID        7238        0.920000-0.00302-0.00442
GRID        7239        0.9000001.870E-5-0.00458
GRID        7240        0.8800000.003049-0.00442
GRID        7241        0.920000-0.00442-0.00302
GRID        7242        0.910000-0.00296-0.00296
GRID        7243        0.900000-0.00146-0.00297
GRID        7244        0.900000-0.00298-0.00146
GRID        7245        0.8800000.001511-0.00297
GRID        7246        0.8900002.473E-5-0.00299
GRID        7247        0.8800002.384E-5-0.00148
GRID        7248        0.8600000.004454-0.00301
GRID        7249        0.8700000.002999-0.00295
GRID        7250        0.8600000.003017-0.00146
GRID        7251        0.8400000.0030110.001509
GRID        7252        0.8400000.0046131.825E-5
GRID        7253        0.8500000.0030352.437E-5
GRID        7254        0.8600001.915E-50.001534
GRID        7255        0.8600000.0015292.684E-5
GRID        7256        0.8700002.295E-52.932E-5
GRID        7257        0.880000-0.002980.001510
GRID        7258        0.890000-0.003002.392E-5
GRID        7259        0.880000-0.001482.662E-5
GRID        7260        0.900000-0.004581.600E-5
GRID        7261        0.880000-0.004430.003047
GRID        7262        0.860000-0.003020.004453
GRID        7263        0.870000-0.002960.002996
GRID        7264        0.860000-0.001470.003017
GRID        7265        0.8400001.056E-50.004616
GRID        7266        0.8400000.0015010.003016
GRID        7267        0.8500001.535E-50.003038
GRID        7268        0.8200000.0030410.004452
GRID        7269        0.8200000.0044480.003046
GRID        7270        0.8300000.0029880.002994
GRID        7271        0.900000-0.00302-0.00442
GRID        7272        0.8800001.870E-5-0.00458
GRID        7273        0.8600000.003049-0.00442
GRID        7274        0.900000-0.00442-0.00302
GRID        7275        0.890000-0.00296-0.00296
GRID        7276        0.880000-0.00146-0.00297
GRID        7277        0.880000-0.00298-0.00146
GRID        7278        0.8600000.001511-0.00297
GRID        7279        0.8700002.473E-5-0.00299
GRID        7280        0.8600002.384E-5-0.00148
GRID        7281        0.8400000.004454-0.00301
GRID        7282        0.8500000.002999-0.00295
GRID        7283        0.8400000.003017-0.00146
GRID        7284        0.8200000.0030110.001509
GRID        7285        0.8200000.0046131.825E-5
GRID        7286        0.8300000.0030352.437E-5
GRID        7287        0.8400001.915E-50.001534
GRID        7288        0.8400000.0015292.684E-5
GRID        7289        0.8500002.295E-52.932E-5
GRID        7290        0.860000-0.002980.001510
GRID        7291        0.870000-0.003002.392E-5
GRID        7292        0.860000-0.001482.662E-5
GRID        7293        0.880000-0.004581.600E-5
GRID        7294        0.860000-0.004430.003047
GRID        7295        0.840000-0.003020.004453
GRID        7296        0.850000-0.002960.002996
GRID        7297        0.840000-0.001470.003017
GRID        7298        0.8200001.056E-50.004616
GRID        7299        0.8200000.0015010.003016
GRID        7300        0.8300001.535E-50.003038
GRID        7301        0.8000000.0030410.004452
GRID        7302        0.8000000.0044480.003046
GRID        7303        0.8100000.0029880.002994
GRID        7304        0.880000-0.00302-0.00442
GRID        7305        0.8600001.870E-5-0.00458
GRID        7306        0.8400000.003049-0.00442
GRID        7307        0.880000-0.00442-0.00302
GRID        7308        0.870000-0.00296-0.00296
GRID        7309        0.860000-0.00146-0.00297
GRID        7310        0.860000-0.00298-0.00146
GRID        7311        0.8400000.001511-0.00297
GRID        7312        0.8500002.473E-5-0.00299
GRID        7313        0.8400002.384E-5-0.00148
GRID        7314        0.8200000.004454-0.00301
GRID        7315        0.8300000.002999-0.00295
GRID        7316        0.8200000.003017-0.00146
GRID        7317        0.8000000.0030110.001509
GRID        7318        0.8000000.0046131.825E-5
GRID        7319        0.8100000.0030352.437E-5
GRID        7320        0.8200001.915E-50.001534
GRID        7321        0.8200000.0015292.684E-5
GRID        7322        0.8300002.295E-52.932E-5
GRID        7323        0.840000-0.002980.001510
GRID        7324        0.850000-0.003002.392E-5
GRID        7325        0.840000-0.001482.662E-5
GRID        7326        0.860000-0.004581.600E-5
GRID        7327        0.840000-0.004430.003047
GRID        7328        0.820000-0.003020.004453
GRID        7329        0.830000-0.002960.002996
GRID        7330        0.820000-0.001470.003017
GRID        7331        0.8000001.056E-50.004616
GRID        7332        0.8000000.0015010.003016
GRID        7333        0.8100001.535E-50.003038
GRID        7334        0.7800000.0030410.004452
GRID        7335        0.7800000.0044480.003046
GRID        7336        0.7900000.0029880.002994
GRID        7337        0.860000-0.00302-0.00442
GRID        7338        0.8400001.870E-5-0.00458
GRID        7339        0.8200000.003049-0.00442
GRID        7340        0.860000-0.00442-0.00302
GRID        7341        0.850000-0.00296-0.00296
GRID        7342        0.840000-0.00146-0.00297
GRID        7343        0.840000-0.00298-0.00146
GRID        7344        0.8200000.001511-0.00297
GRID        7345        0.8300002.473E-5-0.00299
GRID        7346        0.8200002.384E-5-0.00148
GRID        7347        0.8000000.004454-0.00301
GRID        7348        0.8100000.002999-0.00295
GRID        7349        0.8000000.003017-0.00146
GRID        7350        0.7800000.0030110.001509
GRID        7351        0.7800000.0046131.825E-5
GRID        7352        0.7900000.0030352.437E-5
GRID        7353        0.8000001.915E-50.001534
GRID        7354        0.8000000.0015292.684E-5
GRID        7355        0.8100002.295E-52.932E-5
GRID        7356        0.820000-0.002980.001510
GRID        7357        0.830000-0.003002.392E-5
GRID        7358        0.820000-0.001482.662E-5
GRID        7359        0.840000-0.004581.600E-5
GRID        7360        0.820000-0.004430.003047
GRID        7361        0.800000-0.003020.004453
GRID        7362        0.810000-0.002960.002996
GRID        7363        0.800000-0.001470.003017
GRID        7364        0.7800001.056E-50.004616
GRID        7365        0.7800000.0015010.003016
GRID        7366        0.7900001.535E-50.003038
GRID        7367        0.7600000.0030410.004452
GRID        7368        0.7600000.0044480.003046
GRID        7369        0.7700000.0029880.002994
GRID        7370        0.840000-0.00302-0.00442
GRID        7371        0.8200001.870E-5-0.00458
GRID        7372        0.8000000.003049-0.00442
GRID        7373        0.840000-0.00442-0.00302
GRID        7374        0.830000-0.00296-0.00296
GRID        7375        0.820000-0.00146-0.00297
GRID        7376        0.820000-0.00298-0.00146
GRID        7377        0.8000000.001511-0.00297
GRID        7378        0.8100002.473E-5-0.00299
GRID        7379        0.8000002.384E-5-0.00148
GRID        7380        0.7800000.004454-0.00301
GRID        7381        0.7900000.002999-0.00295
GRID        7382        0.7800000.003017-0.00146
GRID        7383        0.7600000.0030110.001509
GRID        7384        0.7600000.0046131.825E-5
GRID        7385        0.7700000.0030352.437E-5
GRID        7386        0.7800001.915E-50.001534
GRID        7387        0.7800000.0015292.684E-5
GRID        7388        0.7900002.295E-52.932E-5
GRID        7389        0.800000-0.002980.001510
GRID        7390        0.810000-0.003002.392E-5
GRID        7391        0.800000-0.001482.662E-5
GRID        7392        0.820000-0.004581.600E-5
GRID        7393        0.800000-0.004430.003047
GRID        7394        0.780000-0.003020.004453
GRID        7395        0.790000-0.002960.002996
GRID        7396        0.780000-0.001470.003017
GRID        7397        0.7600001.056E-50.004616
GRID        7398        0.7600000.0015010.003016
GRID        7399        0.7700001.535E-50.003038
GRID        7400        0.7400000.0030410.004452
GRID        7401        0.7400000.0044480.003046
GRID        7402        0.7500000.0029880.002994
GRID        7403        0.820000-0.00302-0.00442
GRID        7404        0.8000001.870E-5-0.00458
GRID        7405        0.7800000.003049-0.00442
GRID        7406        0.820000-0.00442-0.00302
GRID        7407        0.810000-0.00296-0.00296
GRID        7408        0.800000-0.00146-0.00297
GRID        7409        0.800000-0.00298-0.00146
GRID        7410        0.7800000.001511-0.00297
GRID        7411        0.7900002.473E-5-0.00299
GRID        7412        0.7800002.384E-5-0.00148
GRID        7413        0.7600000.004454-0.00301
GRID        7414        0.7700000.002999-0.00295
GRID        7415        0.7600000.003017-0.00146
GRID        7416        0.7400000.0030110.001509
GRID        7417        0.7400000.0046131.825E-5
GRID        7418        0.7500000.0030352.437E-5
GRID        7419        0.7600001.915E-50.001534
GRID        7420        0.7600000.0015292.684E-5
GRID        7421        0.7700002.295E-52.932E-5
GRID        7422        0.780000-0.002980.001510
GRID        7423        0.790000-0.003002.392E-5
GRID        7424        0.780000-0.001482.662E-5
GRID        7425        0.800000-0.004581.600E-5
GRID        7426        0.780000-0.004430.003047
GRID        7427        0.760000-0.003020.004453
GRID        7428        0.770000-0.002960.002996
GRID        7429        0.760000-0.001470.003017
GRID        7430        0.7400001.056E-50.004616
GRID        7431        0.7400000.0015010.003016
GRID        7432        0.7500001.535E-50.003038
GRID        7433        0.7200000.0030410.004452
GRID        7434        0.7200000.0044480.003046
GRID        7435        0.7300000.0029880.002994
GRID        7436        0.800000-0.00302-0.00442
GRID        7437        0.7800001.870E-5-0.00458
GRID        7438        0.7600000.003049-0.00442
GRID        7439        0.800000-0.00442-0.00302
GRID        7440        0.790000-0.00296-0.00296
GRID        7441        0.780000-0.00146-0.00297
GRID        7442        0.780000-0.00298-0.00146
GRID        7443        0.7600000.001511-0.00297
GRID        7444        0.7700002.473E-5-0.00299
GRID        7445        0.7600002.384E-5-0.00148
GRID        7446        0.7400000.004454-0.00301
GRID        7447        0.7500000.002999-0.00295
GRID        7448        0.7400000.003017-0.00146
GRID        7449        0.7200000.0030110.001509
GRID        7450        0.7200000.0046131.825E-5
GRID        7451        0.7300000.0030352.437E-5
GRID        7452        0.7400001.915E-50.001534
GRID        7453        0.7400000.0015292.684E-5
GRID        7454        0.7500002.295E-52.932E-5
GRID        7455        0.760000-0.002980.001510
GRID        7456        0.770000-0.003002.392E-5
GRID        7457        0.760000-0.001482.662E-5
GRID        7458        0.780000-0.004581.600E-5
GRID        7459        0.760000-0.004430.003047
GRID        7460        0.740000-0.003020.004453
GRID        7461        0.750000-0.002960.002996
GRID        7462        0.740000-0.001470.003017
GRID        7463        0.7200001.056E-50.004616
GRID        7464        0.7200000.0015010.003016
GRID        7465        0.7300001.535E-50.003038
GRID        7466        0.7000000.0030410.004452
GRID        7467        0.7000000.0044480.003046
GRID        7468        0.7100000.0029880.002994
GRID        7469        0.780000-0.00302-0.00442
GRID        7470        0.7600001.870E-5-0.00458
GRID        7471        0.7400000.003049-0.00442
GRID        7472        0.780000-0.00442-0.00302
GRID        7473        0.770000-0.00296-0.00296
GRID        7474        0.760000-0.00146-0.00297
GRID        7475        0.760000-0.00298-0.00146
GRID        7476        0.7400000.001511-0.00297
GRID        7477        0.7500002.473E-5-0.00299
GRID        7478        0.7400002.384E-5-0.00148
GRID        7479        0.7200000.004454-0.00301
GRID        7480        0.7300000.002999-0.00295
GRID        7481        0.7200000.003017-0.00146
GRID        7482        0.7000000.0030110.001509
GRID        7483        0.7000000.0046131.825E-5
GRID        7484        0.7100000.0030352.437E-5
GRID        7485        0.7200001.915E-50.001534
GRID        7486        0.7200000.0015292.684E-5
GRID        7487        0.7300002.295E-52.932E-5
GRID        7488        0.740000-0.002980.001510
GRID        7489        0.750000-0.003002.392E-5
GRID        7490        0.740000-0.001482.662E-5
GRID        7491        0.760000-0.004581.600E-5
GRID        7492        0.740000-0.004430.003047
GRID        7493        0.720000-0.003020.004453
GRID        7494        0.730000-0.002960.002996
GRID        7495        0.720000-0.001470.003017
GRID        7496        0.7000001.056E-50.004616
GRID        7497        0.7000000.0015010.003016
GRID        7498        0.7100001.535E-50.003038
GRID        7499        0.6800000.0030410.004452
GRID        7500        0.6800000.0044480.003046
GRID        7501        0.6900000.0029880.002994
GRID        7502        0.760000-0.00302-0.00442
GRID        7503        0.7400001.870E-5-0.00458
GRID        7504        0.7200000.003049-0.00442
GRID        7505        0.760000-0.00442-0.00302
GRID        7506        0.750000-0.00296-0.00296
GRID        7507        0.740000-0.00146-0.00297
GRID        7508        0.740000-0.00298-0.00146
GRID        7509        0.7200000.001511-0.00297
GRID        7510        0.7300002.473E-5-0.00299
GRID        7511        0.7200002.384E-5-0.00148
GRID        7512        0.7000000.004454-0.00301
GRID        7513        0.7100000.002999-0.00295
GRID        7514        0.7000000.003017-0.00146
GRID        7515        0.6800000.0030110.001509
GRID        7516        0.6800000.0046131.825E-5
GRID        7517        0.6900000.0030352.437E-5
GRID        7518        0.7000001.915E-50.001534
GRID        7519        0.7000000.0015292.684E-5
GRID        7520        0.7100002.295E-52.932E-5
GRID        7521        0.720000-0.002980.001510
GRID        7522        0.730000-0.003002.392E-5
GRID        7523        0.720000-0.001482.662E-5
GRID        7524        0.740000-0.004581.600E-5
GRID        7525        0.720000-0.004430.003047
GRID        7526        0.700000-0.003020.004453
GRID        7527        0.710000-0.002960.002996
GRID        7528        0.700000-0.001470.003017
GRID        7529        0.6800001.056E-50.004616
GRID        7530        0.6800000.0015010.003016
GRID        7531        0.6900001.535E-50.003038
GRID        7532        0.6600000.0030410.004452
GRID        7533        0.6600000.0044480.003046
GRID        7534        0.6700000.0029880.002994
GRID        7535        0.740000-0.00302-0.00442
GRID        7536        0.7200001.870E-5-0.00458
GRID        7537        0.7000000.003049-0.00442
GRID        7538        0.740000-0.00442-0.00302
GRID        7539        0.730000-0.00296-0.00296
GRID        7540        0.720000-0.00146-0.00297
GRID        7541        0.720000-0.00298-0.00146
GRID        7542        0.7000000.001511-0.00297
GRID        7543        0.7100002.473E-5-0.00299
GRID        7544        0.7000002.384E-5-0.00148
GRID        7545        0.6800000.004454-0.00301
GRID        7546        0.6900000.002999-0.00295
GRID        7547        0.6800000.003017-0.00146
GRID        7548        0.6600000.0030110.001509
GRID        7549        0.6600000.0046131.825E-5
GRID        7550        0.6700000.0030352.437E-5
GRID        7551        0.6800001.915E-50.001534
GRID        7552        0.6800000.0015292.684E-5
GRID        7553        0.6900002.295E-52.932E-5
GRID        7554        0.700000-0.002980.001510
GRID        7555        0.710000-0.003002.392E-5
GRID        7556        0.700000-0.001482.662E-5
GRID        7557        0.720000-0.004581.600E-5
GRID        7558        0.700000-0.004430.003047
GRID        7559        0.680000-0.003020.004453
GRID        7560        0.690000-0.002960.002996
GRID        7561        0.680000-0.001470.003017
GRID        7562        0.6600001.056E-50.004616
GRID        7563        0.6600000.0015010.003016
GRID        7564        0.6700001.535E-50.003038
GRID        7565        0.6400000.0030410.004452
GRID        7566        0.6400000.0044480.003046
GRID        7567        0.6500000.0029880.002994
GRID        7568        0.720000-0.00302-0.00442
GRID        7569        0.7000001.870E-5-0.00458
GRID        7570        0.6800000.003049-0.00442
GRID        7571        0.720000-0.00442-0.00302
GRID        7572        0.710000-0.00296-0.00296
GRID        7573        0.700000-0.00146-0.00297
GRID        7574        0.700000-0.00298-0.00146
GRID        7575        0.6800000.001511-0.00297
GRID        7576        0.6900002.473E-5-0.00299
GRID        7577        0.6800002.384E-5-0.00148
GRID        7578        0.6600000.004454-0.00301
GRID        7579        0.6700000.002999-0.00295
GRID        7580        0.6600000.003017-0.00146
GRID        7581        0.6400000.0030110.001509
GRID        7582        0.6400000.0046131.825E-5
GRID        7583        0.6500000.0030352.437E-5
GRID        7584        0.6600001.915E-50.001534
GRID        7585        0.6600000.0015292.684E-5
GRID        7586        0.6700002.295E-52.932E-5
GRID        7587        0.680000-0.002980.001510
GRID        7588        0.690000-0.003002.392E-5
GRID        7589        0.680000-0.001482.662E-5
GRID        7590        0.700000-0.004581.600E-5
GRID        7591        0.680000-0.004430.003047
GRID        7592        0.660000-0.003020.004453
GRID        7593        0.670000-0.002960.002996
GRID        7594        0.660000-0.001470.003017
GRID        7595        0.6400001.056E-50.004616
GRID        7596        0.6400000.0015010.003016
GRID        7597        0.6500001.535E-50.003038
GRID        7598        0.6200000.0030410.004452
GRID        7599        0.6200000.0044480.003046
GRID        7600        0.6300000.0029880.002994
GRID        7601        0.700000-0.00302-0.00442
GRID        7602        0.6800001.870E-5-0.00458
GRID        7603        0.6600000.003049-0.00442
GRID        7604        0.700000-0.00442-0.00302
GRID        7605        0.690000-0.00296-0.00296
GRID        7606        0.680000-0.00146-0.00297
GRID        7607        0.680000-0.00298-0.00146
GRID        7608        0.6600000.001511-0.00297
GRID        7609        0.6700002.473E-5-0.00299
GRID        7610        0.6600002.384E-5-0.00148
GRID        7611        0.6400000.004454-0.00301
GRID        7612        0.6500000.002999-0.00295
GRID        7613        0.6400000.003017-0.00146
GRID        7614        0.6200000.0030110.001509
GRID        7615        0.6200000.0046131.825E-5
GRID        7616        0.6300000.0030352.437E-5
GRID        7617        0.6400001.915E-50.001534
GRID        7618        0.6400000.0015292.684E-5
GRID        7619        0.6500002.295E-52.932E-5
GRID        7620        0.660000-0.002980.001510
GRID        7621        0.670000-0.003002.392E-5
GRID        7622        0.660000-0.001482.662E-5
GRID        7623        0.680000-0.004581.600E-5
GRID        7624        0.660000-0.004430.003047
GRID        7625        0.640000-0.003020.004453
GRID        7626        0.650000-0.002960.002996
GRID        7627        0.640000-0.001470.003017
GRID        7628        0.6200001.056E-50.004616
GRID        7629        0.6200000.0015010.003016
GRID        7630        0.6300001.535E-50.003038
GRID        7631        0.6000000.0030410.004452
GRID        7632        0.6000000.0044480.003046
GRID        7633        0.6100000.0029880.002994
GRID        7634        0.680000-0.00302-0.00442
GRID        7635        0.6600001.870E-5-0.00458
GRID        7636        0.6400000.003049-0.00442
GRID        7637        0.680000-0.00442-0.00302
GRID        7638        0.670000-0.00296-0.00296
GRID        7639        0.660000-0.00146-0.00297
GRID        7640        0.660000-0.00298-0.00146
GRID        7641        0.6400000.001511-0.00297
GRID        7642        0.6500002.473E-5-0.00299
GRID        7643        0.6400002.384E-5-0.00148
GRID        7644        0.6200000.004454-0.00301
GRID        7645        0.6300000.002999-0.00295
GRID        7646        0.6200000.003017-0.00146
GRID        7647        0.6000000.0030110.001509
GRID        7648        0.6000000.0046131.825E-5
GRID        7649        0.6100000.0030352.437E-5
GRID        7650        0.6200001.915E-50.001534
GRID        7651        0.6200000.0015292.684E-5
GRID        7652        0.6300002.295E-52.932E-5
GRID        7653        0.640000-0.002980.001510
GRID        7654        0.650000-0.003002.392E-5
GRID        7655        0.640000-0.001482.662E-5
GRID        7656        0.660000-0.004581.600E-5
GRID        7657        0.640000-0.004430.003047
GRID        7658        0.620000-0.003020.004453
GRID        7659        0.630000-0.002960.002996
GRID        7660        0.620000-0.001470.003017
GRID        7661        0.6000001.056E-50.004616
GRID        7662        0.6000000.0015010.003016
GRID        7663        0.6100001.535E-50.003038
GRID        7664        0.5800000.0030410.004452
GRID        7665        0.5800000.0044480.003046
GRID        7666        0.5900000.0029880.002994
GRID        7667        0.660000-0.00302-0.00442
GRID        7668        0.6400001.870E-5-0.00458
GRID        7669        0.6200000.003049-0.00442
GRID        7670        0.660000-0.00442-0.00302
GRID        7671        0.650000-0.00296-0.00296
GRID        7672        0.640000-0.00146-0.00297
GRID        7673        0.640000-0.00298-0.00146
GRID        7674        0.6200000.001511-0.00297
GRID        7675        0.6300002.473E-5-0.00299
GRID        7676        0.6200002.384E-5-0.00148
GRID        7677        0.6000000.004454-0.00301
GRID        7678        0.6100000.002999-0.00295
GRID        7679        0.6000000.003017-0.00146
GRID        7680        0.5800000.0030110.001509
GRID        7681        0.5800000.0046131.825E-5
GRID        7682        0.5900000.0030352.437E-5
GRID        7683        0.6000001.915E-50.001534
GRID        7684        0.6000000.0015292.684E-5
GRID        7685        0.6100002.295E-52.932E-5
GRID        7686        0.620000-0.002980.001510
GRID        7687        0.630000-0.003002.392E-5
GRID        7688        0.620000-0.001482.662E-5
GRID        7689        0.640000-0.004581.600E-5
GRID        7690        0.620000-0.004430.003047
GRID        7691        0.600000-0.003020.004453
GRID        7692        0.610000-0.002960.002996
GRID        7693        0.600000-0.001470.003017
GRID        7694        0.5800001.056E-50.004616
GRID        7695        0.5800000.0015010.003016
GRID        7696        0.5900001.535E-50.003038
GRID        7697        0.5600000.0030410.004452
GRID        7698        0.5600000.0044480.003046
GRID        7699        0.5700000.0029880.002994
GRID        7700        0.640000-0.00302-0.00442
GRID        7701        0.6200001.870E-5-0.00458
GRID        7702        0.6000000.003049-0.00442
GRID        7703        0.640000-0.00442-0.00302
GRID        7704        0.630000-0.00296-0.00296
GRID        7705        0.620000-0.00146-0.00297
GRID        7706        0.620000-0.00298-0.00146
GRID        7707        0.6000000.001511-0.00297
GRID        7708        0.6100002.473E-5-0.00299
GRID        7709        0.6000002.384E-5-0.00148
GRID        7710        0.5800000.004454-0.00301
GRID        7711        0.5900000.002999-0.00295
GRID        7712        0.5800000.003017-0.00146
GRID        7713        0.5600000.0030110.001509
GRID        7714        0.5600000.0046131.825E-5
GRID        7715        0.5700000.0030352.437E-5
GRID        7716        0.5800001.915E-50.001534
GRID        7717        0.5800000.0015292.684E-5
GRID        7718        0.5900002.295E-52.932E-5
GRID        7719        0.600000-0.002980.001510
GRID        7720        0.610000-0.003002.392E-5
GRID        7721        0.600000-0.001482.662E-5
GRID        7722        0.620000-0.004581.600E-5
GRID        7723        0.600000-0.004430.003047
GRID        7724        0.580000-0.003020.004453
GRID        7725        0.590000-0.002960.002996
GRID        7726        0.580000-0.001470.003017
GRID        7727        0.5600001.056E-50.004616
GRID        7728        0.5600000.0015010.003016
GRID        7729        0.5700001.535E-50.003038
GRID        7730        0.5400000.0030410.004452
GRID        7731        0.5400000.0044480.003046
GRID        7732        0.5500000.0029880.002994
GRID        7733        0.620000-0.00302-0.00442
GRID        7734        0.6000001.870E-5-0.00458
GRID        7735        0.5800000.003049-0.00442
GRID        7736        0.620000-0.00442-0.00302
GRID        7737        0.610000-0.00296-0.00296
GRID        7738        0.600000-0.00146-0.00297
GRID        7739        0.600000-0.00298-0.00146
GRID        7740        0.5800000.001511-0.00297
GRID        7741        0.5900002.473E-5-0.00299
GRID        7742        0.5800002.384E-5-0.00148
GRID        7743        0.5600000.004454-0.00301
GRID        7744        0.5700000.002999-0.00295
GRID        7745        0.5600000.003017-0.00146
GRID        7746        0.5400000.0030110.001509
GRID        7747        0.5400000.0046131.825E-5
GRID        7748        0.5500000.0030352.437E-5
GRID        7749        0.5600001.915E-50.001534
GRID        7750        0.5600000.0015292.684E-5
GRID        7751        0.5700002.295E-52.932E-5
GRID        7752        0.580000-0.002980.001510
GRID        7753        0.590000-0.003002.392E-5
GRID        7754        0.580000-0.001482.662E-5
GRID        7755        0.600000-0.004581.600E-5
GRID        7756        0.580000-0.004430.003047
GRID        7757        0.560000-0.003020.004453
GRID        7758        0.570000-0.002960.002996
GRID        7759        0.560000-0.001470.003017
GRID        7760        0.5400001.056E-50.004616
GRID        7761        0.5400000.0015010.003016
GRID        7762        0.5500001.535E-50.003038
GRID        7763        0.5200000.0030410.004452
GRID        7764        0.5200000.0044480.003046
GRID        7765        0.5300000.0029880.002994
GRID        7766        0.600000-0.00302-0.00442
GRID        7767        0.5800001.870E-5-0.00458
GRID        7768        0.5600000.003049-0.00442
GRID        7769        0.600000-0.00442-0.00302
GRID        7770        0.590000-0.00296-0.00296
GRID        7771        0.580000-0.00146-0.00297
GRID        7772        0.580000-0.00298-0.00146
GRID        7773        0.5600000.001511-0.00297
GRID        7774        0.5700002.473E-5-0.00299
GRID        7775        0.5600002.384E-5-0.00148
GRID        7776        0.5400000.004454-0.00301
GRID        7777        0.5500000.002999-0.00295
GRID        7778        0.5400000.003017-0.00146
GRID        7779        0.5200000.0030110.001509
GRID        7780        0.5200000.0046131.825E-5
GRID        7781        0.5300000.0030352.437E-5
GRID        7782        0.5400001.915E-50.001534
GRID        7783        0.5400000.0015292.684E-5
GRID        7784        0.5500002.295E-52.932E-5
GRID        7785        0.560000-0.002980.001510
GRID        7786        0.570000-0.003002.392E-5
GRID        7787        0.560000-0.001482.662E-5
GRID        7788        0.580000-0.004581.600E-5
GRID        7789        0.560000-0.004430.003047
GRID        7790        0.540000-0.003020.004453
GRID        7791        0.550000-0.002960.002996
GRID        7792        0.540000-0.001470.003017
GRID        7793        0.5200001.056E-50.004616
GRID        7794        0.5200000.0015010.003016
GRID        7795        0.5300001.535E-50.003038
GRID        7796        0.5000000.0030410.004452
GRID        7797        0.5000000.0044480.003046
GRID        7798        0.5100000.0029880.002994
GRID        7799        0.580000-0.00302-0.00442
GRID        7800        0.5600001.870E-5-0.00458
GRID        7801        0.5400000.003049-0.00442
GRID        7802        0.580000-0.00442-0.00302
GRID        7803        0.570000-0.00296-0.00296
GRID        7804        0.560000-0.00146-0.00297
GRID        7805        0.560000-0.00298-0.00146
GRID        7806        0.5400000.001511-0.00297
GRID        7807        0.5500002.473E-5-0.00299
GRID        7808        0.5400002.384E-5-0.00148
GRID        7809        0.5200000.004454-0.00301
GRID        7810        0.5300000.002999-0.00295
GRID        7811        0.5200000.003017-0.00146
GRID        7812        0.5000000.0030110.001509
GRID        7813        0.5000000.0046131.825E-5
GRID        7814        0.5100000.0030352.437E-5
GRID        7815        0.5200001.915E-50.001534
GRID        7816        0.5200000.0015292.684E-5
GRID        7817        0.5300002.295E-52.932E-5
GRID        7818        0.540000-0.002980.001510
GRID        7819        0.550000-0.003002.392E-5
GRID        7820        0.540000-0.001482.662E-5
GRID        7821        0.560000-0.004581.600E-5
GRID        7822        0.540000-0.004430.003047
GRID        7823        0.520000-0.003020.004453
GRID        7824        0.530000-0.002960.002996
GRID        7825        0.520000-0.001470.003017
GRID        7826        0.4800000.0030410.004452
GRID        7827        0.4800000.0044480.003046
GRID        7828        0.4900000.0029880.002994
GRID        7829        0.5000001.056E-50.004616
GRID        7830        0.5000000.0015010.003016
GRID        7831        0.5100001.535E-50.003038
GRID        7832        0.560000-0.00302-0.00442
GRID        7833        0.5400001.870E-5-0.00458
GRID        7834        0.5200000.003049-0.00442
GRID        7835        0.560000-0.00442-0.00302
GRID        7836        0.550000-0.00296-0.00296
GRID        7837        0.540000-0.00146-0.00297
GRID        7838        0.540000-0.00298-0.00146
GRID        7839        0.5200000.001511-0.00297
GRID        7840        0.5300002.473E-5-0.00299
GRID        7841        0.5200002.384E-5-0.00148
GRID        7842        0.5000000.004454-0.00301
GRID        7843        0.5100000.002999-0.00295
GRID        7844        0.5000000.003017-0.00146
GRID        7845        0.4800000.0030110.001509
GRID        7846        0.4800000.0046131.825E-5
GRID        7847        0.4900000.0030352.437E-5
GRID        7848        0.5000001.915E-50.001534
GRID        7849        0.5000000.0015292.684E-5
GRID        7850        0.5100002.295E-52.932E-5
GRID        7851        0.520000-0.002980.001510
GRID        7852        0.530000-0.003002.392E-5
GRID        7853        0.520000-0.001482.662E-5
GRID        7854        0.540000-0.004581.600E-5
GRID        7855        0.520000-0.004430.003047
GRID        7856        0.500000-0.003020.004453
GRID        7857        0.510000-0.002960.002996
GRID        7858        0.500000-0.001470.003017
GRID        7859        0.4600000.0030410.004452
GRID        7860        0.4600000.0044480.003046
GRID        7861        0.4700000.0029880.002994
GRID        7862        0.4800001.056E-50.004616
GRID        7863        0.4800000.0015010.003016
GRID        7864        0.4900001.535E-50.003038
GRID        7865        0.540000-0.00302-0.00442
GRID        7866        0.5200001.870E-5-0.00458
GRID        7867        0.5000000.003049-0.00442
GRID        7868        0.540000-0.00442-0.00302
GRID        7869        0.530000-0.00296-0.00296
GRID        7870        0.520000-0.00146-0.00297
GRID        7871        0.520000-0.00298-0.00146
GRID        7872        0.4800000.004454-0.00301
GRID        7873        0.4900000.002999-0.00295
GRID        7874        0.4800000.003017-0.00146
GRID        7875        0.5000000.001511-0.00297
GRID        7876        0.5100002.473E-5-0.00299
GRID        7877        0.5000002.384E-5-0.00148
GRID        7878        0.4600000.0030110.001509
GRID        7879        0.4600000.0046131.825E-5
GRID        7880        0.4700000.0030352.437E-5
GRID        7881        0.4800001.915E-50.001534
GRID        7882        0.4800000.0015292.684E-5
GRID        7883        0.4900002.295E-52.932E-5
GRID        7884        0.500000-0.002980.001510
GRID        7885        0.510000-0.003002.392E-5
GRID        7886        0.500000-0.001482.662E-5
GRID        7887        0.520000-0.004581.600E-5
GRID        7888        0.500000-0.004430.003047
GRID        7889        0.480000-0.003020.004453
GRID        7890        0.490000-0.002960.002996
GRID        7891        0.480000-0.001470.003017
GRID        7892        0.4400000.0030410.004452
GRID        7893        0.4400000.0044480.003046
GRID        7894        0.4500000.0029880.002994
GRID        7895        0.4600001.056E-50.004616
GRID        7896        0.4600000.0015010.003016
GRID        7897        0.4700001.535E-50.003038
GRID        7898        0.520000-0.00302-0.00442
GRID        7899        0.5000001.870E-5-0.00458
GRID        7900        0.4800000.003049-0.00442
GRID        7901        0.520000-0.00442-0.00302
GRID        7902        0.510000-0.00296-0.00296
GRID        7903        0.500000-0.00146-0.00297
GRID        7904        0.500000-0.00298-0.00146
GRID        7905        0.4600000.004454-0.00301
GRID        7906        0.4700000.002999-0.00295
GRID        7907        0.4600000.003017-0.00146
GRID        7908        0.4800000.001511-0.00297
GRID        7909        0.4900002.473E-5-0.00299
GRID        7910        0.4800002.384E-5-0.00148
GRID        7911        0.4400000.0030110.001509
GRID        7912        0.4400000.0046131.825E-5
GRID        7913        0.4500000.0030352.437E-5
GRID        7914        0.4600001.915E-50.001534
GRID        7915        0.4600000.0015292.684E-5
GRID        7916        0.4700002.295E-52.932E-5
GRID        7917        0.480000-0.002980.001510
GRID        7918        0.490000-0.003002.392E-5
GRID        7919        0.480000-0.001482.662E-5
GRID        7920        0.500000-0.004581.600E-5
GRID        7921        0.480000-0.004430.003047
GRID        7922        0.460000-0.003020.004453
GRID        7923        0.470000-0.002960.002996
GRID        7924        0.460000-0.001470.003017
GRID        7925        0.4200000.0030410.004452
GRID        7926        0.4200000.0044480.003046
GRID        7927        0.4300000.0029880.002994
GRID        7928        0.4400001.056E-50.004616
GRID        7929        0.4400000.0015010.003016
GRID        7930        0.4500001.535E-50.003038
GRID        7931        0.500000-0.00302-0.00442
GRID        7932        0.4800001.870E-5-0.00458
GRID        7933        0.4600000.003049-0.00442
GRID        7934        0.500000-0.00442-0.00302
GRID        7935        0.490000-0.00296-0.00296
GRID        7936        0.480000-0.00146-0.00297
GRID        7937        0.480000-0.00298-0.00146
GRID        7938        0.4400000.004454-0.00301
GRID        7939        0.4500000.002999-0.00295
GRID        7940        0.4400000.003017-0.00146
GRID        7941        0.4600000.001511-0.00297
GRID        7942        0.4700002.473E-5-0.00299
GRID        7943        0.4600002.384E-5-0.00148
GRID        7944        0.4200000.0030110.001509
GRID        7945        0.4200000.0046131.825E-5
GRID        7946        0.4300000.0030352.437E-5
GRID        7947        0.4400001.915E-50.001534
GRID        7948        0.4400000.0015292.684E-5
GRID        7949        0.4500002.295E-52.932E-5
GRID        7950        0.460000-0.002980.001510
GRID        7951        0.470000-0.003002.392E-5
GRID        7952        0.460000-0.001482.662E-5
GRID        7953        0.480000-0.004581.600E-5
GRID        7954        0.460000-0.004430.003047
GRID        7955        0.440000-0.003020.004453
GRID        7956        0.450000-0.002960.002996
GRID        7957        0.440000-0.001470.003017
GRID        7958        0.4000000.0030410.004452
GRID        7959        0.4000000.0044480.003046
GRID        7960        0.4100000.0029880.002994
GRID        7961        0.4200001.056E-50.004616
GRID        7962        0.4200000.0015010.003016
GRID        7963        0.4300001.535E-50.003038
GRID        7964        0.480000-0.00302-0.00442
GRID        7965        0.4600001.870E-5-0.00458
GRID        7966        0.4400000.003049-0.00442
GRID        7967        0.480000-0.00442-0.00302
GRID        7968        0.470000-0.00296-0.00296
GRID        7969        0.460000-0.00146-0.00297
GRID        7970        0.460000-0.00298-0.00146
GRID        7971        0.4200000.004454-0.00301
GRID        7972        0.4300000.002999-0.00295
GRID        7973        0.4200000.003017-0.00146
GRID        7974        0.4400000.001511-0.00297
GRID        7975        0.4500002.473E-5-0.00299
GRID        7976        0.4400002.384E-5-0.00148
GRID        7977        0.4000000.0030110.001509
GRID        7978        0.4000000.0046131.825E-5
GRID        7979        0.4100000.0030352.437E-5
GRID        7980        0.4200001.915E-50.001534
GRID        7981        0.4200000.0015292.684E-5
GRID        7982        0.4300002.295E-52.932E-5
GRID        7983        0.440000-0.002980.001510
GRID        7984        0.450000-0.003002.392E-5
GRID        7985        0.440000-0.001482.662E-5
GRID        7986        0.460000-0.004581.600E-5
GRID        7987        0.440000-0.004430.003047
GRID        7988        0.420000-0.003020.004453
GRID        7989        0.430000-0.002960.002996
GRID        7990        0.420000-0.001470.003017
GRID        7991        0.3800000.0030410.004452
GRID        7992        0.3800000.0044480.003046
GRID        7993        0.3900000.0029880.002994
GRID        7994        0.4000001.056E-50.004616
GRID        7995        0.4000000.0015010.003016
GRID        7996        0.4100001.535E-50.003038
GRID        7997        0.460000-0.00302-0.00442
GRID        7998        0.4400001.870E-5-0.00458
GRID        7999        0.4200000.003049-0.00442
GRID        8000        0.460000-0.00442-0.00302
GRID        8001        0.450000-0.00296-0.00296
GRID        8002        0.440000-0.00146-0.00297
GRID        8003        0.440000-0.00298-0.00146
GRID        8004        0.4000000.004454-0.00301
GRID        8005        0.4100000.002999-0.00295
GRID        8006        0.4000000.003017-0.00146
GRID        8007        0.4200000.001511-0.00297
GRID        8008        0.4300002.473E-5-0.00299
GRID        8009        0.4200002.384E-5-0.00148
GRID        8010        0.3800000.0030110.001509
GRID        8011        0.3800000.0046131.825E-5
GRID        8012        0.3900000.0030352.437E-5
GRID        8013        0.4000001.915E-50.001534
GRID        8014        0.4000000.0015292.684E-5
GRID        8015        0.4100002.295E-52.932E-5
GRID        8016        0.420000-0.002980.001510
GRID        8017        0.430000-0.003002.392E-5
GRID        8018        0.420000-0.001482.662E-5
GRID        8019        0.440000-0.004581.600E-5
GRID        8020        0.420000-0.004430.003047
GRID        8021        0.400000-0.003020.004453
GRID        8022        0.410000-0.002960.002996
GRID        8023        0.400000-0.001470.003017
GRID        8024        0.3600000.0030410.004452
GRID        8025        0.3600000.0044480.003046
GRID        8026        0.3700000.0029880.002994
GRID        8027        0.3800001.056E-50.004616
GRID        8028        0.3800000.0015010.003016
GRID        8029        0.3900001.535E-50.003038
GRID        8030        0.440000-0.00302-0.00442
GRID        8031        0.4200001.870E-5-0.00458
GRID        8032        0.4000000.003049-0.00442
GRID        8033        0.440000-0.00442-0.00302
GRID        8034        0.430000-0.00296-0.00296
GRID        8035        0.420000-0.00146-0.00297
GRID        8036        0.420000-0.00298-0.00146
GRID        8037        0.3800000.004454-0.00301
GRID        8038        0.3900000.002999-0.00295
GRID        8039        0.3800000.003017-0.00146
GRID        8040        0.4000000.001511-0.00297
GRID        8041        0.4100002.473E-5-0.00299
GRID        8042        0.4000002.384E-5-0.00148
GRID        8043        0.3600000.0030110.001509
GRID        8044        0.3600000.0046131.825E-5
GRID        8045        0.3700000.0030352.437E-5
GRID        8046        0.3800001.915E-50.001534
GRID        8047        0.3800000.0015292.684E-5
GRID        8048        0.3900002.295E-52.932E-5
GRID        8049        0.400000-0.002980.001510
GRID        8050        0.410000-0.003002.392E-5
GRID        8051        0.400000-0.001482.662E-5
GRID        8052        0.420000-0.004581.600E-5
GRID        8053        0.400000-0.004430.003047
GRID        8054        0.380000-0.003020.004453
GRID        8055        0.390000-0.002960.002996
GRID        8056        0.380000-0.001470.003017
GRID        8057        0.3400000.0030410.004452
GRID        8058        0.3400000.0044480.003046
GRID        8059        0.3500000.0029880.002994
GRID        8060        0.3600001.056E-50.004616
GRID        8061        0.3600000.0015010.003016
GRID        8062        0.3700001.535E-50.003038
GRID        8063        0.420000-0.00302-0.00442
GRID        8064        0.4000001.870E-5-0.00458
GRID        8065        0.3800000.003049-0.00442
GRID        8066        0.420000-0.00442-0.00302
GRID        8067        0.410000-0.00296-0.00296
GRID        8068        0.400000-0.00146-0.00297
GRID        8069        0.400000-0.00298-0.00146
GRID        8070        0.3600000.004454-0.00301
GRID        8071        0.3700000.002999-0.00295
GRID        8072        0.3600000.003017-0.00146
GRID        8073        0.3800000.001511-0.00297
GRID        8074        0.3900002.473E-5-0.00299
GRID        8075        0.3800002.384E-5-0.00148
GRID        8076        0.3400000.0030110.001509
GRID        8077        0.3400000.0046131.825E-5
GRID        8078        0.3500000.0030352.437E-5
GRID        8079        0.3600001.915E-50.001534
GRID        8080        0.3600000.0015292.684E-5
GRID        8081        0.3700002.295E-52.932E-5
GRID        8082        0.380000-0.002980.001510
GRID        8083        0.390000-0.003002.392E-5
GRID        8084        0.380000-0.001482.662E-5
GRID        8085        0.400000-0.004581.600E-5
GRID        8086        0.380000-0.004430.003047
GRID        8087        0.360000-0.003020.004453
GRID        8088        0.370000-0.002960.002996
GRID        8089        0.360000-0.001470.003017
GRID        8090        0.3200000.0030410.004452
GRID        8091        0.3200000.0044480.003046
GRID        8092        0.3300000.0029880.002994
GRID        8093        0.3400001.056E-50.004616
GRID        8094        0.3400000.0015010.003016
GRID        8095        0.3500001.535E-50.003038
GRID        8096        0.400000-0.00302-0.00442
GRID        8097        0.3800001.870E-5-0.00458
GRID        8098        0.3600000.003049-0.00442
GRID        8099        0.400000-0.00442-0.00302
GRID        8100        0.390000-0.00296-0.00296
GRID        8101        0.380000-0.00146-0.00297
GRID        8102        0.380000-0.00298-0.00146
GRID        8103        0.3400000.004454-0.00301
GRID        8104        0.3500000.002999-0.00295
GRID        8105        0.3400000.003017-0.00146
GRID        8106        0.3600000.001511-0.00297
GRID        8107        0.3700002.473E-5-0.00299
GRID        8108        0.3600002.384E-5-0.00148
GRID        8109        0.3200000.0030110.001509
GRID        8110        0.3200000.0046131.825E-5
GRID        8111        0.3300000.0030352.437E-5
GRID        8112        0.3400001.915E-50.001534
GRID        8113        0.3400000.0015292.684E-5
GRID        8114        0.3500002.295E-52.932E-5
GRID        8115        0.360000-0.002980.001510
GRID        8116        0.370000-0.003002.392E-5
GRID        8117        0.360000-0.001482.662E-5
GRID        8118        0.380000-0.004581.600E-5
GRID        8119        0.3000000.0030410.004452
GRID        8120        0.3000000.0044480.003046
GRID        8121        0.3100000.0029880.002994
GRID        8122        0.360000-0.004430.003047
GRID        8123        0.340000-0.003020.004453
GRID        8124        0.350000-0.002960.002996
GRID        8125        0.340000-0.001470.003017
GRID        8126        0.3200001.056E-50.004616
GRID        8127        0.3200000.0015010.003016
GRID        8128        0.3300001.535E-50.003038
GRID        8129        0.380000-0.00302-0.00442
GRID        8130        0.3600001.870E-5-0.00458
GRID        8131        0.3400000.003049-0.00442
GRID        8132        0.380000-0.00442-0.00302
GRID        8133        0.370000-0.00296-0.00296
GRID        8134        0.360000-0.00146-0.00297
GRID        8135        0.360000-0.00298-0.00146
GRID        8136        0.3200000.004454-0.00301
GRID        8137        0.3300000.002999-0.00295
GRID        8138        0.3200000.003017-0.00146
GRID        8139        0.3400000.001511-0.00297
GRID        8140        0.3500002.473E-5-0.00299
GRID        8141        0.3400002.384E-5-0.00148
GRID        8142        0.3000000.0030110.001509
GRID        8143        0.3000000.0046131.825E-5
GRID        8144        0.3100000.0030352.437E-5
GRID        8145        0.3200001.915E-50.001534
GRID        8146        0.3200000.0015292.684E-5
GRID        8147        0.3300002.295E-52.932E-5
GRID        8148        0.340000-0.002980.001510
GRID        8149        0.350000-0.003002.392E-5
GRID        8150        0.340000-0.001482.662E-5
GRID        8151        0.360000-0.004581.600E-5
GRID        8152        0.2800000.0030410.004452
GRID        8153        0.2800000.0044480.003046
GRID        8154        0.2900000.0029880.002994
GRID        8155        0.3000001.056E-50.004616
GRID        8156        0.3000000.0015010.003016
GRID        8157        0.3100001.535E-50.003038
GRID        8158        0.340000-0.004430.003047
GRID        8159        0.320000-0.003020.004453
GRID        8160        0.330000-0.002960.002996
GRID        8161        0.320000-0.001470.003017
GRID        8162        0.360000-0.00302-0.00442
GRID        8163        0.3400001.870E-5-0.00458
GRID        8164        0.3200000.003049-0.00442
GRID        8165        0.3000000.004454-0.00301
GRID        8166        0.3100000.002999-0.00295
GRID        8167        0.3000000.003017-0.00146
GRID        8168        0.360000-0.00442-0.00302
GRID        8169        0.350000-0.00296-0.00296
GRID        8170        0.340000-0.00146-0.00297
GRID        8171        0.340000-0.00298-0.00146
GRID        8172        0.3200000.001511-0.00297
GRID        8173        0.3300002.473E-5-0.00299
GRID        8174        0.3200002.384E-5-0.00148
GRID        8175        0.2800000.0030110.001509
GRID        8176        0.2800000.0046131.825E-5
GRID        8177        0.2900000.0030352.437E-5
GRID        8178        0.3000001.915E-50.001534
GRID        8179        0.3000000.0015292.684E-5
GRID        8180        0.3100002.295E-52.932E-5
GRID        8181        0.320000-0.002980.001510
GRID        8182        0.330000-0.003002.392E-5
GRID        8183        0.320000-0.001482.662E-5
GRID        8184        0.340000-0.004581.600E-5
GRID        8185        0.2600000.0030410.004452
GRID        8186        0.2600000.0044480.003046
GRID        8187        0.2700000.0029880.002994
GRID        8188        0.2800001.056E-50.004616
GRID        8189        0.2800000.0015010.003016
GRID        8190        0.2900001.535E-50.003038
GRID        8191        0.300000-0.003020.004453
GRID        8192        0.310000-0.002960.002996
GRID        8193        0.300000-0.001470.003017
GRID        8194        0.320000-0.004430.003047
GRID        8195        0.340000-0.00302-0.00442
GRID        8196        0.3200001.870E-5-0.00458
GRID        8197        0.3000000.003049-0.00442
GRID        8198        0.2800000.004454-0.00301
GRID        8199        0.2900000.002999-0.00295
GRID        8200        0.2800000.003017-0.00146
GRID        8201        0.3000000.001511-0.00297
GRID        8202        0.3100002.473E-5-0.00299
GRID        8203        0.3000002.384E-5-0.00148
GRID        8204        0.340000-0.00442-0.00302
GRID        8205        0.330000-0.00296-0.00296
GRID        8206        0.320000-0.00146-0.00297
GRID        8207        0.320000-0.00298-0.00146
GRID        8208        0.2600000.0030110.001509
GRID        8209        0.2600000.0046131.825E-5
GRID        8210        0.2700000.0030352.437E-5
GRID        8211        0.2800001.915E-50.001534
GRID        8212        0.2800000.0015292.684E-5
GRID        8213        0.2900002.295E-52.932E-5
GRID        8214        0.300000-0.002980.001510
GRID        8215        0.310000-0.003002.392E-5
GRID        8216        0.300000-0.001482.662E-5
GRID        8217        0.320000-0.004581.600E-5
GRID        8218        0.2400000.0030410.004452
GRID        8219        0.2400000.0044480.003046
GRID        8220        0.2500000.0029880.002994
GRID        8221        0.2600001.056E-50.004616
GRID        8222        0.2600000.0015010.003016
GRID        8223        0.2700001.535E-50.003038
GRID        8224        0.280000-0.003020.004453
GRID        8225        0.290000-0.002960.002996
GRID        8226        0.280000-0.001470.003017
GRID        8227        0.300000-0.004430.003047
GRID        8228        0.320000-0.00302-0.00442
GRID        8229        0.3000001.870E-5-0.00458
GRID        8230        0.2800000.003049-0.00442
GRID        8231        0.2600000.004454-0.00301
GRID        8232        0.2700000.002999-0.00295
GRID        8233        0.2600000.003017-0.00146
GRID        8234        0.2800000.001511-0.00297
GRID        8235        0.2900002.473E-5-0.00299
GRID        8236        0.2800002.384E-5-0.00148
GRID        8237        0.310000-0.00296-0.00296
GRID        8238        0.300000-0.00146-0.00297
GRID        8239        0.300000-0.00298-0.00146
GRID        8240        0.320000-0.00442-0.00302
GRID        8241        0.2400000.0030110.001509
GRID        8242        0.2400000.0046131.825E-5
GRID        8243        0.2500000.0030352.437E-5
GRID        8244        0.2600001.915E-50.001534
GRID        8245        0.2600000.0015292.684E-5
GRID        8246        0.2700002.295E-52.932E-5
GRID        8247        0.280000-0.002980.001510
GRID        8248        0.290000-0.003002.392E-5
GRID        8249        0.280000-0.001482.662E-5
GRID        8250        0.300000-0.004581.600E-5
GRID        8251        0.2200000.0030410.004452
GRID        8252        0.2200000.0044480.003046
GRID        8253        0.2300000.0029880.002994
GRID        8254        0.2400001.056E-50.004616
GRID        8255        0.2400000.0015010.003016
GRID        8256        0.2500001.535E-50.003038
GRID        8257        0.260000-0.003020.004453
GRID        8258        0.270000-0.002960.002996
GRID        8259        0.260000-0.001470.003017
GRID        8260        0.280000-0.004430.003047
GRID        8261        0.300000-0.00302-0.00442
GRID        8262        0.2800001.870E-5-0.00458
GRID        8263        0.2600000.003049-0.00442
GRID        8264        0.2400000.004454-0.00301
GRID        8265        0.2500000.002999-0.00295
GRID        8266        0.2400000.003017-0.00146
GRID        8267        0.2600000.001511-0.00297
GRID        8268        0.2700002.473E-5-0.00299
GRID        8269        0.2600002.384E-5-0.00148
GRID        8270        0.290000-0.00296-0.00296
GRID        8271        0.280000-0.00146-0.00297
GRID        8272        0.280000-0.00298-0.00146
GRID        8273        0.300000-0.00442-0.00302
GRID        8274        0.2200000.0030110.001509
GRID        8275        0.2200000.0046131.825E-5
GRID        8276        0.2300000.0030352.437E-5
GRID        8277        0.2400001.915E-50.001534
GRID        8278        0.2400000.0015292.684E-5
GRID        8279        0.2500002.295E-52.932E-5
GRID        8280        0.260000-0.002980.001510
GRID        8281        0.270000-0.003002.392E-5
GRID        8282        0.260000-0.001482.662E-5
GRID        8283        0.280000-0.004581.600E-5
GRID        8284        0.2000000.0030410.004452
GRID        8285        0.2000000.0044480.003046
GRID        8286        0.2100000.0029880.002994
GRID        8287        0.2200001.056E-50.004616
GRID        8288        0.2200000.0015010.003016
GRID        8289        0.2300001.535E-50.003038
GRID        8290        0.240000-0.003020.004453
GRID        8291        0.250000-0.002960.002996
GRID        8292        0.240000-0.001470.003017
GRID        8293        0.260000-0.004430.003047
GRID        8294        0.280000-0.00302-0.00442
GRID        8295        0.2600001.870E-5-0.00458
GRID        8296        0.2400000.003049-0.00442
GRID        8297        0.2200000.004454-0.00301
GRID        8298        0.2300000.002999-0.00295
GRID        8299        0.2200000.003017-0.00146
GRID        8300        0.2400000.001511-0.00297
GRID        8301        0.2500002.473E-5-0.00299
GRID        8302        0.2400002.384E-5-0.00148
GRID        8303        0.270000-0.00296-0.00296
GRID        8304        0.260000-0.00146-0.00297
GRID        8305        0.260000-0.00298-0.00146
GRID        8306        0.280000-0.00442-0.00302
GRID        8307        0.2000000.0030110.001509
GRID        8308        0.2000000.0046131.825E-5
GRID        8309        0.2100000.0030352.437E-5
GRID        8310        0.2200001.915E-50.001534
GRID        8311        0.2200000.0015292.684E-5
GRID        8312        0.2300002.295E-52.932E-5
GRID        8313        0.240000-0.002980.001510
GRID        8314        0.250000-0.003002.392E-5
GRID        8315        0.240000-0.001482.662E-5
GRID        8316        0.260000-0.004581.600E-5
GRID        8317        0.1800000.0030410.004452
GRID        8318        0.1800000.0044480.003046
GRID        8319        0.1900000.0029880.002994
GRID        8320        0.2000001.056E-50.004616
GRID        8321        0.2000000.0015010.003016
GRID        8322        0.2100001.535E-50.003038
GRID        8323        0.220000-0.003020.004453
GRID        8324        0.230000-0.002960.002996
GRID        8325        0.220000-0.001470.003017
GRID        8326        0.240000-0.004430.003047
GRID        8327        0.260000-0.00302-0.00442
GRID        8328        0.2400001.870E-5-0.00458
GRID        8329        0.2200000.003049-0.00442
GRID        8330        0.2000000.004454-0.00301
GRID        8331        0.2100000.002999-0.00295
GRID        8332        0.2000000.003017-0.00146
GRID        8333        0.2200000.001511-0.00297
GRID        8334        0.2300002.473E-5-0.00299
GRID        8335        0.2200002.384E-5-0.00148
GRID        8336        0.250000-0.00296-0.00296
GRID        8337        0.240000-0.00146-0.00297
GRID        8338        0.240000-0.00298-0.00146
GRID        8339        0.260000-0.00442-0.00302
GRID        8340        0.1800000.0030110.001509
GRID        8341        0.1800000.0046131.825E-5
GRID        8342        0.1900000.0030352.437E-5
GRID        8343        0.2000001.915E-50.001534
GRID        8344        0.2000000.0015292.684E-5
GRID        8345        0.2100002.295E-52.932E-5
GRID        8346        0.220000-0.002980.001510
GRID        8347        0.230000-0.003002.392E-5
GRID        8348        0.220000-0.001482.662E-5
GRID        8349        0.240000-0.004581.600E-5
GRID        8350        0.1600000.0030410.004452
GRID        8351        0.1600000.0044480.003046
GRID        8352        0.1700000.0029880.002994
GRID        8353        0.1800001.056E-50.004616
GRID        8354        0.1800000.0015010.003016
GRID        8355        0.1900001.535E-50.003038
GRID        8356        0.200000-0.003020.004453
GRID        8357        0.210000-0.002960.002996
GRID        8358        0.200000-0.001470.003017
GRID        8359        0.220000-0.004430.003047
GRID        8360        0.240000-0.00302-0.00442
GRID        8361        0.2200001.870E-5-0.00458
GRID        8362        0.2000000.003049-0.00442
GRID        8363        0.1800000.004454-0.00301
GRID        8364        0.1900000.002999-0.00295
GRID        8365        0.1800000.003017-0.00146
GRID        8366        0.2000000.001511-0.00297
GRID        8367        0.2100002.473E-5-0.00299
GRID        8368        0.2000002.384E-5-0.00148
GRID        8369        0.230000-0.00296-0.00296
GRID        8370        0.220000-0.00146-0.00297
GRID        8371        0.220000-0.00298-0.00146
GRID        8372        0.240000-0.00442-0.00302
GRID        8373        0.1600000.0030110.001509
GRID        8374        0.1600000.0046131.825E-5
GRID        8375        0.1700000.0030352.437E-5
GRID        8376        0.1800001.915E-50.001534
GRID        8377        0.1800000.0015292.684E-5
GRID        8378        0.1900002.295E-52.932E-5
GRID        8379        0.200000-0.002980.001510
GRID        8380        0.210000-0.003002.392E-5
GRID        8381        0.200000-0.001482.662E-5
GRID        8382        0.220000-0.004581.600E-5
GRID        8383        0.1400000.0030410.004452
GRID        8384        0.1400000.0044480.003046
GRID        8385        0.1500000.0029880.002994
GRID        8386        0.1600001.056E-50.004616
GRID        8387        0.1600000.0015010.003016
GRID        8388        0.1700001.535E-50.003038
GRID        8389        0.180000-0.003020.004453
GRID        8390        0.190000-0.002960.002996
GRID        8391        0.180000-0.001470.003017
GRID        8392        0.200000-0.004430.003047
GRID        8393        0.220000-0.00302-0.00442
GRID        8394        0.2000001.870E-5-0.00458
GRID        8395        0.1800000.003049-0.00442
GRID        8396        0.1600000.004454-0.00301
GRID        8397        0.1700000.002999-0.00295
GRID        8398        0.1600000.003017-0.00146
GRID        8399        0.1800000.001511-0.00297
GRID        8400        0.1900002.473E-5-0.00299
GRID        8401        0.1800002.384E-5-0.00148
GRID        8402        0.210000-0.00296-0.00296
GRID        8403        0.200000-0.00146-0.00297
GRID        8404        0.200000-0.00298-0.00146
GRID        8405        0.220000-0.00442-0.00302
GRID        8406        0.1400000.0030110.001509
GRID        8407        0.1400000.0046131.825E-5
GRID        8408        0.1500000.0030352.437E-5
GRID        8409        0.1600001.915E-50.001534
GRID        8410        0.1600000.0015292.684E-5
GRID        8411        0.1700002.295E-52.932E-5
GRID        8412        0.180000-0.002980.001510
GRID        8413        0.190000-0.003002.392E-5
GRID        8414        0.180000-0.001482.662E-5
GRID        8415        0.200000-0.004581.600E-5
GRID        8416        0.1200000.0030410.004452
GRID        8417        0.1200000.0044480.003046
GRID        8418        0.1300000.0029880.002994
GRID        8419        0.1400001.056E-50.004616
GRID        8420        0.1400000.0015010.003016
GRID        8421        0.1500001.535E-50.003038
GRID        8422        0.160000-0.003020.004453
GRID        8423        0.170000-0.002960.002996
GRID        8424        0.160000-0.001470.003017
GRID        8425        0.180000-0.004430.003047
GRID        8426        0.200000-0.00302-0.00442
GRID        8427        0.1800001.870E-5-0.00458
GRID        8428        0.1600000.003049-0.00442
GRID        8429        0.1400000.004454-0.00301
GRID        8430        0.1500000.002999-0.00295
GRID        8431        0.1400000.003017-0.00146
GRID        8432        0.1600000.001511-0.00297
GRID        8433        0.1700002.473E-5-0.00299
GRID        8434        0.1600002.384E-5-0.00148
GRID        8435        0.190000-0.00296-0.00296
GRID        8436        0.180000-0.00146-0.00297
GRID        8437        0.180000-0.00298-0.00146
GRID        8438        0.200000-0.00442-0.00302
GRID        8439        0.1200000.0030110.001509
GRID        8440        0.1200000.0046131.825E-5
GRID        8441        0.1300000.0030352.437E-5
GRID        8442        0.1400001.915E-50.001534
GRID        8443        0.1400000.0015292.684E-5
GRID        8444        0.1500002.295E-52.932E-5
GRID        8445        0.160000-0.002980.001510
GRID        8446        0.170000-0.003002.392E-5
GRID        8447        0.160000-0.001482.662E-5
GRID        8448        0.180000-0.004581.600E-5
GRID        8449        0.1000000.0030410.004452
GRID        8450        0.1000000.0044480.003046
GRID        8451        0.1100000.0029880.002994
GRID        8452        0.1200001.056E-50.004616
GRID        8453        0.1200000.0015010.003016
GRID        8454        0.1300001.535E-50.003038
GRID        8455        0.140000-0.003020.004453
GRID        8456        0.150000-0.002960.002996
GRID        8457        0.140000-0.001470.003017
GRID        8458        0.160000-0.004430.003047
GRID        8459        0.180000-0.00302-0.00442
GRID        8460        0.1600001.870E-5-0.00458
GRID        8461        0.1400000.003049-0.00442
GRID        8462        0.1200000.004454-0.00301
GRID        8463        0.1300000.002999-0.00295
GRID        8464        0.1200000.003017-0.00146
GRID        8465        0.1400000.001511-0.00297
GRID        8466        0.1500002.473E-5-0.00299
GRID        8467        0.1400002.384E-5-0.00148
GRID        8468        0.170000-0.00296-0.00296
GRID        8469        0.160000-0.00146-0.00297
GRID        8470        0.160000-0.00298-0.00146
GRID        8471        0.180000-0.00442-0.00302
GRID        8472        0.1000000.0030110.001509
GRID        8473        0.1000000.0046131.825E-5
GRID        8474        0.1100000.0030352.437E-5
GRID        8475        0.1200001.915E-50.001534
GRID        8476        0.1200000.0015292.684E-5
GRID        8477        0.1300002.295E-52.932E-5
GRID        8478        0.140000-0.002980.001510
GRID        8479        0.150000-0.003002.392E-5
GRID        8480        0.140000-0.001482.662E-5
GRID        8481        0.160000-0.004581.600E-5
GRID        8482        0.0800000.0030410.004452
GRID        8483        0.0800000.0044480.003046
GRID        8484        0.0900000.0029880.002994
GRID        8485        0.1000001.056E-50.004616
GRID        8486        0.1000000.0015010.003016
GRID        8487        0.1100001.535E-50.003038
GRID        8488        0.120000-0.003020.004453
GRID        8489        0.130000-0.002960.002996
GRID        8490        0.120000-0.001470.003017
GRID        8491        0.140000-0.004430.003047
GRID        8492        0.160000-0.00302-0.00442
GRID        8493        0.1400001.870E-5-0.00458
GRID        8494        0.1200000.003049-0.00442
GRID        8495        0.1000000.004454-0.00301
GRID        8496        0.1100000.002999-0.00295
GRID        8497        0.1000000.003017-0.00146
GRID        8498        0.1200000.001511-0.00297
GRID        8499        0.1300002.473E-5-0.00299
GRID        8500        0.1200002.384E-5-0.00148
GRID        8501        0.150000-0.00296-0.00296
GRID        8502        0.140000-0.00146-0.00297
GRID        8503        0.140000-0.00298-0.00146
GRID        8504        0.160000-0.00442-0.00302
GRID        8505        0.0800000.0030110.001509
GRID        8506        0.0800000.0046131.825E-5
GRID        8507        0.0900000.0030352.437E-5
GRID        8508        0.1000001.915E-50.001534
GRID        8509        0.1000000.0015292.684E-5
GRID        8510        0.1100002.295E-52.932E-5
GRID        8511        0.120000-0.002980.001510
GRID        8512        0.130000-0.003002.392E-5
GRID        8513        0.120000-0.001482.662E-5
GRID        8514        0.140000-0.004581.600E-5
GRID        8515        0.0600000.0030410.004452
GRID        8516        0.0600000.0044480.003046
GRID        8517        0.0700000.0029880.002994
GRID        8518        0.0800001.056E-50.004616
GRID        8519        0.0800000.0015010.003016
GRID        8520        0.0900001.535E-50.003038
GRID        8521        0.100000-0.003020.004453
GRID        8522        0.110000-0.002960.002996
GRID        8523        0.100000-0.001470.003017
GRID        8524        0.120000-0.004430.003047
GRID        8525        0.140000-0.00302-0.00442
GRID        8526        0.1200001.870E-5-0.00458
GRID        8527        0.1000000.003049-0.00442
GRID        8528        0.0800000.004454-0.00301
GRID        8529        0.0900000.002999-0.00295
GRID        8530        0.0800000.003017-0.00146
GRID        8531        0.1000000.001511-0.00297
GRID        8532        0.1100002.473E-5-0.00299
GRID        8533        0.1000002.384E-5-0.00148
GRID        8534        0.130000-0.00296-0.00296
GRID        8535        0.120000-0.00146-0.00297
GRID        8536        0.120000-0.00298-0.00146
GRID        8537        0.140000-0.00442-0.00302
GRID        8538        0.0600000.0030110.001509
GRID        8539        0.0600000.0046131.825E-5
GRID        8540        0.0700000.0030352.437E-5
GRID        8541        0.0800001.915E-50.001534
GRID        8542        0.0800000.0015292.684E-5
GRID        8543        0.0900002.295E-52.932E-5
GRID        8544        0.100000-0.002980.001510
GRID        8545        0.110000-0.003002.392E-5
GRID        8546        0.100000-0.001482.662E-5
GRID        8547        0.120000-0.004581.600E-5
GRID        8548        0.0400000.0030410.004452
GRID        8549        0.0400000.0044480.003046
GRID        8550        0.0500000.0029880.002994
GRID        8551        0.0600001.056E-50.004616
GRID        8552        0.0600000.0015010.003016
GRID        8553        0.0700001.535E-50.003038
GRID        8554        0.080000-0.003020.004453
GRID        8555        0.090000-0.002960.002996
GRID        8556        0.080000-0.001470.003017
GRID        8557        0.100000-0.004430.003047
GRID        8558        0.120000-0.00302-0.00442
GRID        8559        0.1000001.870E-5-0.00458
GRID        8560        0.0800000.003049-0.00442
GRID        8561        0.0600000.004454-0.00301
GRID        8562        0.0700000.002999-0.00295
GRID        8563        0.0600000.003017-0.00146
GRID        8564        0.0800000.001511-0.00297
GRID        8565        0.0900002.473E-5-0.00299
GRID        8566        0.0800002.384E-5-0.00148
GRID        8567        0.110000-0.00296-0.00296
GRID        8568        0.100000-0.00146-0.00297
GRID        8569        0.100000-0.00298-0.00146
GRID        8570        0.120000-0.00442-0.00302
GRID        8571        0.0400000.0030110.001509
GRID        8572        0.0400000.0046131.825E-5
GRID        8573        0.0500000.0030352.437E-5
GRID        8574        0.0600001.915E-50.001534
GRID        8575        0.0600000.0015292.684E-5
GRID        8576        0.0700002.295E-52.932E-5
GRID        8577        0.080000-0.002980.001510
GRID        8578        0.090000-0.003002.392E-5
GRID        8579        0.080000-0.001482.662E-5
GRID        8580        0.100000-0.004581.600E-5
GRID        8581        0.0200000.0030410.004452
GRID        8582        0.0200000.0044480.003046
GRID        8583        0.0300000.0029880.002994
GRID        8584        0.0400001.056E-50.004616
GRID        8585        0.0400000.0015010.003016
GRID        8586        0.0500001.535E-50.003038
GRID        8587        0.060000-0.003020.004453
GRID        8588        0.070000-0.002960.002996
GRID        8589        0.060000-0.001470.003017
GRID        8590        0.080000-0.004430.003047
GRID        8591        0.100000-0.00302-0.00442
GRID        8592        0.0800001.870E-5-0.00458
GRID        8593        0.0600000.003049-0.00442
GRID        8594        0.0400000.004454-0.00301
GRID        8595        0.0500000.002999-0.00295
GRID        8596        0.0400000.003017-0.00146
GRID        8597        0.0600000.001511-0.00297
GRID        8598        0.0700002.473E-5-0.00299
GRID        8599        0.0600002.384E-5-0.00148
GRID        8600        0.090000-0.00296-0.00296
GRID        8601        0.080000-0.00146-0.00297
GRID        8602        0.080000-0.00298-0.00146
GRID        8603        0.100000-0.00442-0.00302
GRID        8604        0.0200000.0030110.001509
GRID        8605        0.0200000.0046131.825E-5
GRID        8606        0.0300000.0030352.437E-5
GRID        8607        0.0400001.915E-50.001534
GRID        8608        0.0400000.0015292.684E-5
GRID        8609        0.0500002.295E-52.932E-5
GRID        8610        0.060000-0.002980.001510
GRID        8611        0.070000-0.003002.392E-5
GRID        8612        0.060000-0.001482.662E-5
GRID        8613        0.080000-0.004581.600E-5
GRID        8614        0.0100000.0029880.002994
GRID        8615        0.0200001.056E-50.004616
GRID        8616        0.0200000.0015010.003016
GRID        8617        0.0300001.535E-50.003038
GRID        8618        0.040000-0.003020.004453
GRID        8619        0.050000-0.002960.002996
GRID        8620        0.040000-0.001470.003017
GRID        8621        0.060000-0.004430.003047
GRID        8622        0.080000-0.00302-0.00442
GRID        8623        0.0600001.870E-5-0.00458
GRID        8624        0.0400000.003049-0.00442
GRID        8625        0.0200000.004454-0.00301
GRID        8626        0.0300000.002999-0.00295
GRID        8627        0.0200000.003017-0.00146
GRID        8628        0.0400000.001511-0.00297
GRID        8629        0.0500002.473E-5-0.00299
GRID        8630        0.0400002.384E-5-0.00148
GRID        8631        0.070000-0.00296-0.00296
GRID        8632        0.060000-0.00146-0.00297
GRID        8633        0.060000-0.00298-0.00146
GRID        8634        0.080000-0.00442-0.00302
GRID        8635        0.0100000.0030352.437E-5
GRID        8636        0.0200001.915E-50.001534
GRID        8637        0.0200000.0015292.684E-5
GRID        8638        0.0300002.295E-52.932E-5
GRID        8639        0.040000-0.002980.001510
GRID        8640        0.050000-0.003002.392E-5
GRID        8641        0.040000-0.001482.662E-5
GRID        8642        0.060000-0.004581.600E-5
GRID        8643        0.0100001.535E-50.003038
GRID        8644        0.020000-0.003020.004453
GRID        8645        0.030000-0.002960.002996
GRID        8646        0.020000-0.001470.003017
GRID        8647        0.040000-0.004430.003047
GRID        8648        0.060000-0.00302-0.00442
GRID        8649        0.0400001.870E-5-0.00458
GRID        8650        0.0200000.003049-0.00442
GRID        8651        0.0100000.002999-0.00295
GRID        8652        0.0200000.001511-0.00297
GRID        8653        0.0300002.473E-5-0.00299
GRID        8654        0.0200002.384E-5-0.00148
GRID        8655        0.050000-0.00296-0.00296
GRID        8656        0.040000-0.00146-0.00297
GRID        8657        0.040000-0.00298-0.00146
GRID        8658        0.060000-0.00442-0.00302
GRID        8659        0.0100002.295E-52.932E-5
GRID        8660        0.020000-0.002980.001510
GRID        8661        0.030000-0.003002.392E-5
GRID        8662        0.020000-0.001482.662E-5
GRID        8663        0.040000-0.004581.600E-5
GRID        8664        0.010000-0.002960.002996
GRID        8665        0.020000-0.004430.003047
GRID        8666        0.040000-0.00302-0.00442
GRID        8667        0.0200001.870E-5-0.00458
GRID        8668        0.0100002.473E-5-0.00299
GRID        8669        0.030000-0.00296-0.00296
GRID        8670        0.020000-0.00146-0.00297
GRID        8671        0.020000-0.00298-0.00146
GRID        8672        0.040000-0.00442-0.00302
GRID        8673        0.010000-0.003002.392E-5
GRID        8674        0.020000-0.004581.600E-5
GRID        8675        0.020000-0.00302-0.00442
GRID        8676        0.010000-0.00296-0.00296
GRID        8677        0.020000-0.00442-0.00302
GRID        8678        0.3100000.0415740.014720
GRID        8679        0.3100000.0318190.029319
GRID        8680        0.3100000.0172200.039074
GRID        8681        0.3100000.045000-0.00250
GRID        8682        0.3100001.27E-170.042500
GRID        8683        0.3100000.041574-0.01972
GRID        8684        0.310000-0.017220.039074
GRID        8685        0.3100000.031819-0.03431
GRID        8686        0.310000-0.031810.029319
GRID        8687        0.3100000.017220-0.04407
GRID        8688        0.310000-0.041570.014720
GRID        8689        0.3100001.14E-18-0.04750
GRID        8690        0.310000-0.04500-0.00250
GRID        8691        0.310000-0.01722-0.04407
GRID        8692        0.310000-0.04157-0.01972
GRID        8693        0.310000-0.03181-0.03431
GRID        8694        0.7100000.0247480.024748
GRID        8695        0.7100000.0323350.013393
GRID        8696        0.7100000.0133930.032335
GRID        8697        0.7100000.0350004.13E-18
GRID        8698        0.710000-5.9E-180.035000
GRID        8699        0.7100000.032335-0.01339
GRID        8700        0.710000-0.013390.032335
GRID        8701        0.7100000.024748-0.02474
GRID        8702        0.710000-0.024740.024748
GRID        8703        0.7100000.013393-0.03233
GRID        8704        0.710000-0.032330.013393
GRID        8705        0.7100007.65E-19-0.03500
GRID        8706        0.710000-0.035003.98E-18
GRID        8707        0.710000-0.01339-0.03233
GRID        8708        0.710000-0.03233-0.01339
GRID        8709        0.710000-0.02474-0.02474
$ Element data section
CHEXA          1       1       5       1       2       9      13       4+CONT
+CONT          6      16    4620    4364    4622    4621    4623    4365+CONT
+CONT       4366    4624    4272    2504    4271    4270
CHEXA          2       1       5       1       3      12       9       2+CONT
+CONT          8      21    4620    4367    4626    4625    4621    4364+CONT
+CONT       4596    7052    4622    4597    7054    7053
CHEXA          3       1       5       1       4      13      12       3+CONT
+CONT         11      26    4620    4365    4272    4623    4625    4367+CONT
+CONT       2505    4273    4626    4368    4274    4627
CHEXA          4       1       9       2       7      18      16       6+CONT
+CONT         15      32    4622    4369    4629    4628    4624    4366+CONT
+CONT       4370    4630    4271    2506    2734    4275
CHEXA          5       1      14       5       9      22      28      13+CONT
+CONT         16      33    4631    4621    4633    4632    4634    4623+CONT
+CONT       4624    4635    4278    4270    4277    4276
CHEXA          6       1       9       2       8      21      18       7+CONT
+CONT         19      37    4622    4597    7054    7053    4628    4369+CONT
+CONT       4598    7055    4629    4599    7057    7056
CHEXA          7       1      12       3      10      25      21       8+CONT
+CONT         20      40    4626    4371    4637    4636    7052    4596+CONT
+CONT       4600    7058    7054    4601    7060    7059
CHEXA          8       1      14       5      12      27      22       9+CONT
+CONT         21      41    4631    4625    4640    4639    4632    4621+CONT
+CONT       7052    7061    4633    7053    7063    7062
CHEXA          9       1      12       3      11      26      25      10+CONT
+CONT         24      46    4626    4368    4274    4627    4636    4371+CONT
+CONT       2507    4279    4637    4372    2720    4638
CHEXA         10       1      14       5      13      28      27      12+CONT
+CONT         26      48    4631    4623    4278    4634    4639    4625+CONT
+CONT       4273    4280    4640    4627    4281    4641
CHEXA         11       1      35      17      31      55      18       7+CONT
+CONT         15      32    4642    4373    4177    4643    4644    4374+CONT
+CONT       2500    4176    4629    4370    2734    4630
CHEXA         12       1      22       9      18      36      33      16+CONT
+CONT         32      56    4633    4628    4646    4645    4635    4624+CONT
+CONT       4630    4647    4277    4275    2735    4282
CHEXA         13       1      29      14      22      42      50      28+CONT
+CONT         33      57    4648    4632    4650    4649    4651    4634+CONT
+CONT       4635    4652    4285    4276    4284    4283
CHEXA         14       1      35      17       7      18      59      34+CONT
+CONT         19      37    4642    4374    4629    4644    7064    4602+CONT
+CONT       4599    7056    7065    4603    7057    7066
CHEXA         15       1      22       9      21      41      36      18+CONT
+CONT         37      62    4633    7053    7063    7062    4645    4628+CONT
+CONT       7055    7067    4646    7056    7069    7068
CHEXA         16       1      21       8      20      40      37      19+CONT
+CONT         38      63    7054    4601    7060    7059    7055    4598+CONT
+CONT       4604    7070    7057    4605    7072    7071
CHEXA         17       1      45      23      39      66      25      10+CONT
+CONT         20      40    4653    4606    7074    7073    4654    4375+CONT
+CONT       4607    7075    4637    4600    7060    7058
CHEXA         18       1      27      12      25      47      41      21+CONT
+CONT         40      67    4640    4636    4657    4656    7061    7052+CONT
+CONT       7058    7076    7063    7059    7078    7077
CHEXA         19       1      29      14      27      49      42      22+CONT
+CONT         41      68    4648    4639    4660    4659    4649    4632+CONT
+CONT       7061    7079    4650    7062    7081    7080
CHEXA         20       1      45      23      10      25      72      44+CONT
+CONT         24      46    4653    4375    4637    4654    4655    4376+CONT
+CONT       4372    4638    4082    2496    2720    4083
CHEXA         21       1      27      12      26      48      47      25+CONT
+CONT         46      74    4640    4627    4281    4641    4656    4636+CONT
+CONT       4279    4286    4657    4638    2721    4658
CHEXA         22       1      29      14      28      50      49      27+CONT
+CONT         48      76    4648    4634    4285    4651    4659    4639+CONT
+CONT       4280    4287    4660    4641    4288    4661
CHEXA         23       1      54      30      17      35      81      52+CONT
+CONT         34      59    4662    4378    4642    4664    4688    4381+CONT
+CONT       4602    7064    4689    4608    7065    7082
CHEXA         24       1      54      30      53      83      35      17+CONT
+CONT         31      55    4662    4377    4179    4663    4664    4378+CONT
+CONT       2501    4178    4642    4373    4177    4643
CHEXA         25       1      60      35      55      85      36      18+CONT
+CONT         32      56    4665    4643    4181    4666    4667    4644+CONT
+CONT       4176    4180    4646    4630    2735    4647
CHEXA         26       1      42      22      36      61      57      33+CONT
+CONT         56      86    4650    4645    4669    4668    4652    4635+CONT
+CONT       4647    4670    4284    4282    2736    4289
CHEXA         27       1      51      29      42      69      78      50+CONT
+CONT         57      87    4671    4649    4673    4672    4674    4651+CONT
+CONT       4652    4675    4292    4283    4291    4290
CHEXA         28       1      59      34      19      37      89      58+CONT
+CONT         38      63    7065    4603    7057    7066    7083    4609+CONT
+CONT       4605    7071    7084    4610    7072    7085
CHEXA         29       1      60      35      18      36      90      59+CONT
+CONT         37      62    4665    4644    4646    4667    7086    7064+CONT
+CONT       7056    7068    7087    7066    7069    7088
CHEXA         30       1      42      22      41      68      61      36+CONT
+CONT         62      93    4650    7062    7081    7080    4668    4645+CONT
+CONT       7067    7089    4669    7068    7091    7090
CHEXA         31       1      41      21      40      67      62      37+CONT
+CONT         63      94    7063    7059    7078    7077    7067    7055+CONT
+CONT       7070    7092    7069    7071    7094    7093
CHEXA         32       1      66      39      64      95      40      20+CONT
+CONT         38      63    7074    4611    7096    7095    7075    4607+CONT
+CONT       4612    7097    7060    4604    7072    7070
CHEXA         33       1      71      43      65      98      45      23+CONT
+CONT         39      66    4676    4383    4706    4705    4677    4379+CONT
+CONT       4613    7098    4653    4606    7074    7073
CHEXA         34       1      73      45      66      99      47      25+CONT
+CONT         40      67    4679    7073    7100    7099    4680    4654+CONT
+CONT       7075    7101    4657    7058    7078    7076
CHEXA         35       1      49      27      47      75      68      41+CONT
+CONT         67     100    4660    4656    4683    4682    7079    7061+CONT
+CONT       7076    7102    7081    7077    7104    7103
CHEXA         36       1      51      29      49      77      69      42+CONT
+CONT         68     101    4671    4659    4686    4685    4672    4649+CONT
+CONT       7079    7105    4673    7080    7107    7106
CHEXA         37       1      71      43      23      45     103      70+CONT
+CONT         44      72    4676    4379    4653    4677    4678    4380+CONT
+CONT       4376    4655    4084    2497    4082    4085
CHEXA         38       1      73      45      25      47     105      72+CONT
+CONT         46      74    4679    4654    4657    4680    4681    4655+CONT
+CONT       4638    4658    4086    4083    2721    4087
CHEXA         39       1      49      27      48      76      75      47+CONT
+CONT         74     107    4660    4641    4288    4661    4682    4656+CONT
+CONT       4286    4293    4683    4658    2722    4684
CHEXA         40       1      51      29      50      78      77      49+CONT
+CONT         76     109    4671    4651    4292    4674    4685    4659+CONT
+CONT       4287    4294    4686    4661    4295    4687
CHEXA         41       1      81      52      34      59     115      80+CONT
+CONT         58      89    4689    4608    7065    7082    4720    4385+CONT
+CONT       4609    7083    4721    4614    7084    7108
CHEXA         42       1      84      54      35      60     116      81+CONT
+CONT         59      90    4691    4664    4665    4693    4723    4688+CONT
+CONT       7064    7086    4724    7082    7087    7109
CHEXA         43       1      54      30      52      81      83      53+CONT
+CONT         82     117    4662    4381    4689    4688    4663    4377+CONT
+CONT       4382    4690    4179    2502    4183    4182
CHEXA         44       1      84      54      83     118      60      35+CONT
+CONT         55      85    4691    4663    4185    4692    4693    4664+CONT
+CONT       4178    4184    4665    4643    4181    4666
CHEXA         45       1      91      60      85     120      61      36+CONT
+CONT         56      86    4694    4666    4187    4695    4696    4667+CONT
+CONT       4180    4186    4669    4647    2736    4670
CHEXA         46       1      69      42      61      92      87      57+CONT
+CONT         86     121    4673    4668    4698    4697    4675    4652+CONT
+CONT       4670    4699    4291    4289    2737    4296
CHEXA         47       1      79      51      69     102     111      78+CONT
+CONT         87     122    4700    4672    4702    4701    4703    4674+CONT
+CONT       4675    4704    4299    4290    4298    4297
CHEXA         48       1     124      88      58      89      95      64+CONT
+CONT         38      63    7110    4615    7084    7111    7112    4616+CONT
+CONT       4610    7085    7096    4612    7072    7097
CHEXA         49       1      90      59      37      62     125      89+CONT
+CONT         63      94    7087    7066    7069    7088    7113    7083+CONT
+CONT       7071    7093    7114    7085    7094    7115
CHEXA         50       1      91      60      36      61     126      90+CONT
+CONT         62      93    4694    4667    4669    4696    7116    7086+CONT
+CONT       7068    7090    7117    7088    7091    7118
CHEXA         51       1      69      42      68     101      92      61+CONT
+CONT         93     129    4673    7080    7107    7106    4697    4668+CONT
+CONT       7089    7119    4698    7090    7121    7120
CHEXA         52       1      68      41      67     100      93      62+CONT
+CONT         94     130    7081    7077    7104    7103    7089    7067+CONT
+CONT       7092    7122    7091    7093    7124    7123
CHEXA         53       1      99      66      95     131      67      40+CONT
+CONT         63      94    7100    7095    7126    7125    7101    7075+CONT
+CONT       7097    7127    7078    7070    7094    7092
CHEXA         54       1      98      65      96     132      66      39+CONT
+CONT         64      95    4706    4387    4741    4740    7098    4613+CONT
+CONT       4617    7128    7074    4611    7096    7095
CHEXA         55       1      71      43      70     103      98      65+CONT
+CONT         97     134    4676    4380    4084    4678    4705    4383+CONT
+CONT       2498    4089    4706    4384    4088    4707
CHEXA         56       1     104      71      98     135      73      45+CONT
+CONT         66      99    4708    4705    4744    4743    4709    4677+CONT
+CONT       7098    7129    4679    7073    7100    7099
CHEXA         57       1     106      73      99     136      75      47+CONT
+CONT         67     100    4711    7099    7131    7130    4712    4680+CONT
+CONT       7101    7132    4683    7076    7104    7102
CHEXA         58       1      77      49      75     108     101      68+CONT
+CONT        100     137    4686    4682    4715    4714    7105    7079+CONT
+CONT       7102    7133    7107    7103    7135    7134
CHEXA         59       1      79      51      77     110     102      69+CONT
+CONT        101     138    4700    4685    4718    4717    4701    4672+CONT
+CONT       7105    7136    4702    7106    7138    7137
CHEXA         60       1     104      71      45      73     140     103+CONT
+CONT         72     105    4708    4677    4679    4709    4710    4678+CONT
+CONT       4655    4681    4090    4085    4086    4091
CHEXA         61       1     106      73      47      75     142     105+CONT
+CONT         74     107    4711    4680    4683    4712    4713    4681+CONT
+CONT       4658    4684    4092    4087    2722    4093
CHEXA         62       1      77      49      76     109     108      75+CONT
+CONT        107     144    4686    4661    4295    4687    4714    4682+CONT
+CONT       4293    4300    4715    4684    2723    4716
CHEXA         63       1      79      51      78     111     110      77+CONT
+CONT        109     146    4700    4674    4299    4703    4717    4685+CONT
+CONT       4294    4301    4718    4687    4302    4719
CHEXA         64       1     152     113      80     115     124      88+CONT
+CONT         58      89    4758    4390    4721    4760    7139    4618+CONT
+CONT       4614    7108    7110    4615    7084    7111
CHEXA         65       1      81      52      80     115     117      82+CONT
+CONT        114     153    4689    4385    4721    4720    4690    4382+CONT
+CONT       4386    4722    4183    2503    2706    4188
CHEXA         66       1     116      81      59      90     154     115+CONT
+CONT         89     125    4724    7082    7087    7109    4761    4720+CONT
+CONT       7083    7113    4762    7108    7114    7140
CHEXA         67       1     119      84      60      91     155     116+CONT
+CONT         90     126    4726    4693    4694    4728    4764    4723+CONT
+CONT       7086    7116    4765    7109    7117    7141
CHEXA         68       1      84      54      81     116     118      83+CONT
+CONT        117     156    4691    4688    4724    4723    4692    4663+CONT
+CONT       4690    4725    4185    4182    4190    4189
CHEXA         69       1     119      84     118     157      91      60+CONT
+CONT         85     120    4726    4692    4192    4727    4728    4693+CONT
+CONT       4184    4191    4694    4666    4187    4695
CHEXA         70       1     127      91     120     159      92      61+CONT
+CONT         86     121    4729    4695    4194    4730    4731    4696+CONT
+CONT       4186    4193    4698    4670    2737    4699
CHEXA         71       1     102      69      92     128     122      87+CONT
+CONT        121     160    4702    4697    4733    4732    4704    4675+CONT
+CONT       4699    4734    4298    4296    2738    4303
CHEXA         72       1     112      79     102     139     148     111+CONT
+CONT        122     161    4735    4701    4737    4736    4738    4703+CONT
+CONT       4704    4739    4306    4297    4305    4304
CHEXA         73       1     163     123      88     124     132      96+CONT
+CONT         64      95    4781    4619    7110    7142    4782    4391+CONT
+CONT       4616    7112    4741    4617    7096    7128
CHEXA         74       1     164     124      89     125     131      95+CONT
+CONT         63      94    7143    7111    7114    7144    7145    7112+CONT
+CONT       7085    7115    7126    7097    7094    7127
CHEXA         75       1     126      90      62      93     165     125+CONT
+CONT         94     130    7117    7088    7091    7118    7146    7113+CONT
+CONT       7093    7123    7147    7115    7124    7148
CHEXA         76       1     127      91      61      92     166     126+CONT
+CONT         93     129    4729    4696    4698    4731    7149    7116+CONT
+CONT       7090    7120    7150    7118    7121    7151
CHEXA         77       1     102      69     101     138     128      92+CONT
+CONT        129     169    4702    7106    7138    7137    4732    4697+CONT
+CONT       7119    7152    4733    7120    7154    7153
CHEXA         78       1     101      68     100     137     129      93+CONT
+CONT        130     170    7107    7103    7135    7134    7119    7089+CONT
+CONT       7122    7155    7121    7123    7157    7156
CHEXA         79       1     136      99     131     171     100      67+CONT
+CONT         94     130    7131    7125    7159    7158    7132    7101+CONT
+CONT       7127    7160    7104    7092    7124    7122
CHEXA         80       1     135      98     132     172      99      66+CONT
+CONT         95     131    4744    4740    4785    4784    7129    7098+CONT
+CONT       7128    7161    7100    7095    7126    7125
CHEXA         81       1      98      65      97     134     132      96+CONT
+CONT        133     173    4706    4384    4088    4707    4740    4387+CONT
+CONT       2499    4094    4741    4388    2692    4742
CHEXA         82       1     104      71     103     140     135      98+CONT
+CONT        134     174    4708    4678    4090    4710    4743    4705+CONT
+CONT       4089    4096    4744    4707    4095    4745
CHEXA         83       1     141     104     135     175     106      73+CONT
+CONT         99     136    4746    4743    4788    4787    4747    4709+CONT
+CONT       7129    7162    4711    7099    7131    7130
CHEXA         84       1     143     106     136     176     108      75+CONT
+CONT        100     137    4749    7130    7164    7163    4750    4712+CONT
+CONT       7132    7165    4715    7102    7135    7133
CHEXA         85       1     110      77     108     145     138     101+CONT
+CONT        137     177    4718    4714    4753    4752    7136    7105+CONT
+CONT       7133    7166    7138    7134    7168    7167
CHEXA         86       1     112      79     110     147     139     102+CONT
+CONT        138     178    4735    4717    4756    4755    4736    4701+CONT
+CONT       7136    7169    4737    7137    7171    7170
CHEXA         87       1     141     104      73     106     180     140+CONT
+CONT        105     142    4746    4709    4711    4747    4748    4710+CONT
+CONT       4681    4713    4097    4091    4092    4098
CHEXA         88       1     143     106      75     108     182     142+CONT
+CONT        107     144    4749    4712    4715    4750    4751    4713+CONT
+CONT       4684    4716    4099    4093    2723    4100
CHEXA         89       1     110      77     109     146     145     108+CONT
+CONT        144     184    4718    4687    4302    4719    4752    4714+CONT
+CONT       4300    4307    4753    4716    2724    4754
CHEXA         90       1     112      79     111     148     147     110+CONT
+CONT        146     186    4735    4703    4306    4738    4755    4717+CONT
+CONT       4301    4308    4756    4719    4309    4757
CHEXA         91       1     191     150     113     152     163     123+CONT
+CONT         88     124    4802    4394    4758    4804    4805    4395+CONT
+CONT       4618    7139    4781    4619    7110    7142
CHEXA         92       1     152     113     151     192     115      80+CONT
+CONT        114     153    4758    4389    3989    4759    4760    4390+CONT
+CONT       2492    3988    4721    4386    2706    4722
CHEXA         93       1     193     152     115     154     164     124+CONT
+CONT         89     125    4806    4760    4762    4808    7172    7139+CONT
+CONT       7108    7140    7143    7111    7114    7144
CHEXA         94       1     116      81     115     154     156     117+CONT
+CONT        153     194    4724    4720    4762    4761    4725    4690+CONT
+CONT       4722    4763    4190    4188    2707    4195
CHEXA         95       1     155     116      90     126     195     154+CONT
+CONT        125     165    4765    7109    7117    7141    4809    4761+CONT
+CONT       7113    7146    4810    7140    7147    7173
CHEXA         96       1     158     119      91     127     196     155+CONT
+CONT        126     166    4767    4728    4729    4769    4812    4764+CONT
+CONT       7116    7149    4813    7141    7150    7174
CHEXA         97       1     119      84     116     155     157     118+CONT
+CONT        156     197    4726    4723    4765    4764    4727    4692+CONT
+CONT       4725    4766    4192    4189    4197    4196
CHEXA         98       1     158     119     157     198     127      91+CONT
+CONT        120     159    4767    4727    4199    4768    4769    4728+CONT
+CONT       4191    4198    4729    4695    4194    4730
CHEXA         99       1     167     127     159     200     128      92+CONT
+CONT        121     160    4770    4730    4201    4771    4772    4731+CONT
+CONT       4193    4200    4733    4699    2738    4734
CHEXA        100       1     139     102     128     168     161     122+CONT
+CONT        160     201    4737    4732    4774    4773    4739    4704+CONT
+CONT       4734    4775    4305    4303    2739    4310
CHEXA        101       1     149     112     139     179     188     148+CONT
+CONT        161     202    4776    4736    4778    4777    4779    4738+CONT
+CONT       4739    4780    4313    4304    4312    4311
CHEXA        102       1     163     123      96     132     203     162+CONT
+CONT        133     173    4781    4391    4741    4782    4783    4392+CONT
+CONT       4388    4742    3990    2493    2692    3991
CHEXA        103       1     204     163     124     164     172     132+CONT
+CONT         95     131    4829    7142    7143    7175    4830    4782+CONT
+CONT       7112    7145    4785    7128    7126    7161
CHEXA        104       1     205     164     125     165     171     131+CONT
+CONT         94     130    7176    7144    7147    7177    7178    7145+CONT
+CONT       7115    7148    7159    7127    7124    7160
CHEXA        105       1     166     126      93     129     206     165+CONT
+CONT        130     170    7150    7118    7121    7151    7179    7146+CONT
+CONT       7123    7156    7180    7148    7157    7181
CHEXA        106       1     167     127      92     128     207     166+CONT
+CONT        129     169    4770    4731    4733    4772    7182    7149+CONT
+CONT       7120    7153    7183    7151    7154    7184
CHEXA        107       1     139     102     138     178     168     128+CONT
+CONT        169     210    4737    7137    7171    7170    4773    4732+CONT
+CONT       7152    7185    4774    7153    7187    7186
CHEXA        108       1     138     101     137     177     169     129+CONT
+CONT        170     211    7138    7134    7168    7167    7152    7119+CONT
+CONT       7155    7188    7154    7156    7190    7189
CHEXA        109       1     176     136     171     212     137     100+CONT
+CONT        130     170    7164    7158    7192    7191    7165    7132+CONT
+CONT       7160    7193    7135    7122    7157    7155
CHEXA        110       1     175     135     172     213     136      99+CONT
+CONT        131     171    4788    4784    4833    4832    7162    7129+CONT
+CONT       7161    7194    7131    7125    7159    7158
CHEXA        111       1     135      98     134     174     172     132+CONT
+CONT        173     214    4744    4707    4095    4745    4784    4740+CONT
+CONT       4094    4101    4785    4742    2693    4786
CHEXA        112       1     141     104     140     180     175     135+CONT
+CONT        174     215    4746    4710    4097    4748    4787    4743+CONT
+CONT       4096    4103    4788    4745    4102    4789
CHEXA        113       1     181     141     175     216     143     106+CONT
+CONT        136     176    4790    4787    4836    4835    4791    4747+CONT
+CONT       7162    7195    4749    7130    7164    7163
CHEXA        114       1     183     143     176     217     145     108+CONT
+CONT        137     177    4793    7163    7197    7196    4794    4750+CONT
+CONT       7165    7198    4753    7133    7168    7166
CHEXA        115       1     147     110     145     185     178     138+CONT
+CONT        177     218    4756    4752    4797    4796    7169    7136+CONT
+CONT       7166    7199    7171    7167    7201    7200
CHEXA        116       1     149     112     147     187     179     139+CONT
+CONT        178     219    4776    4755    4800    4799    4777    4736+CONT
+CONT       7169    7202    4778    7170    7204    7203
CHEXA        117       1     181     141     106     143     221     180+CONT
+CONT        142     182    4790    4747    4749    4791    4792    4748+CONT
+CONT       4713    4751    4104    4098    4099    4105
CHEXA        118       1     183     143     108     145     223     182+CONT
+CONT        144     184    4793    4750    4753    4794    4795    4751+CONT
+CONT       4716    4754    4106    4100    2724    4107
CHEXA        119       1     147     110     146     186     185     145+CONT
+CONT        184     225    4756    4719    4309    4757    4796    4752+CONT
+CONT       4307    4314    4797    4754    2725    4798
CHEXA        120       1     149     112     148     188     187     147+CONT
+CONT        186     227    4776    4738    4313    4779    4799    4755+CONT
+CONT       4308    4315    4800    4757    4316    4801
CHEXA        121       1     191     150     190     231     152     113+CONT
+CONT        151     192    4802    4393    3993    4803    4804    4394+CONT
+CONT       2495    3992    4758    4389    3989    4759
CHEXA        122       1     191     150     123     163     231     190+CONT
+CONT        162     203    4802    4395    4781    4805    4803    4393+CONT
+CONT       4392    4783    3993    2494    3990    3994
CHEXA        123       1     232     191     152     193     204     163+CONT
+CONT        124     164    4850    4804    4806    4852    4853    4805+CONT
+CONT       7139    7172    4829    7142    7143    7175
CHEXA        124       1     193     152     192     233     154     115+CONT
+CONT        153     194    4806    4759    3996    4807    4808    4760+CONT
+CONT       3988    3995    4762    4722    2707    4763
CHEXA        125       1     234     193     154     195     205     164+CONT
+CONT        125     165    4854    4808    4810    4856    7205    7172+CONT
+CONT       7140    7173    7176    7144    7147    7177
CHEXA        126       1     155     116     154     195     197     156+CONT
+CONT        194     235    4765    4761    4810    4809    4766    4725+CONT
+CONT       4763    4811    4197    4195    2708    4202
CHEXA        127       1     196     155     126     166     236     195+CONT
+CONT        165     206    4813    7141    7150    7174    4857    4809+CONT
+CONT       7146    7179    4858    7173    7180    7206
CHEXA        128       1     199     158     127     167     237     196+CONT
+CONT        166     207    4815    4769    4770    4817    4860    4812+CONT
+CONT       7149    7182    4861    7174    7183    7207
CHEXA        129       1     158     119     155     196     198     157+CONT
+CONT        197     238    4767    4764    4813    4812    4768    4727+CONT
+CONT       4766    4814    4199    4196    4204    4203
CHEXA        130       1     199     158     198     239     167     127+CONT
+CONT        159     200    4815    4768    4206    4816    4817    4769+CONT
+CONT       4198    4205    4770    4730    4201    4771
CHEXA        131       1     208     167     200     241     168     128+CONT
+CONT        160     201    4818    4771    4208    4819    4820    4772+CONT
+CONT       4200    4207    4774    4734    2739    4775
CHEXA        132       1     179     139     168     209     202     161+CONT
+CONT        201     242    4778    4773    4822    4821    4780    4739+CONT
+CONT       4775    4823    4312    4310    2740    4317
CHEXA        133       1     189     149     179     220     229     188+CONT
+CONT        202     243    4824    4777    4826    4825    4827    4779+CONT
+CONT       4780    4828    4320    4311    4319    4318
CHEXA        134       1     204     163     132     172     244     203+CONT
+CONT        173     214    4829    4782    4785    4830    4831    4783+CONT
+CONT       4742    4786    3997    3991    2693    3998
CHEXA        135       1     245     204     164     205     213     172+CONT
+CONT        131     171    4877    7175    7176    7208    4878    4830+CONT
+CONT       7145    7178    4833    7161    7159    7194
CHEXA        136       1     246     205     165     206     212     171+CONT
+CONT        130     170    7209    7177    7180    7210    7211    7178+CONT
+CONT       7148    7181    7192    7160    7157    7193
CHEXA        137       1     207     166     129     169     247     206+CONT
+CONT        170     211    7183    7151    7154    7184    7212    7179+CONT
+CONT       7156    7189    7213    7181    7190    7214
CHEXA        138       1     208     167     128     168     248     207+CONT
+CONT        169     210    4818    4772    4774    4820    7215    7182+CONT
+CONT       7153    7186    7216    7184    7187    7217
CHEXA        139       1     179     139     178     219     209     168+CONT
+CONT        210     251    4778    7170    7204    7203    4821    4773+CONT
+CONT       7185    7218    4822    7186    7220    7219
CHEXA        140       1     178     138     177     218     210     169+CONT
+CONT        211     252    7171    7167    7201    7200    7185    7152+CONT
+CONT       7188    7221    7187    7189    7223    7222
CHEXA        141       1     217     176     212     253     177     137+CONT
+CONT        170     211    7197    7191    7225    7224    7198    7165+CONT
+CONT       7193    7226    7168    7155    7190    7188
CHEXA        142       1     216     175     213     254     176     136+CONT
+CONT        171     212    4836    4832    4881    4880    7195    7162+CONT
+CONT       7194    7227    7164    7158    7192    7191
CHEXA        143       1     175     135     174     215     213     172+CONT
+CONT        214     255    4788    4745    4102    4789    4832    4784+CONT
+CONT       4101    4108    4833    4786    2694    4834
CHEXA        144       1     181     141     180     221     216     175+CONT
+CONT        215     256    4790    4748    4104    4792    4835    4787+CONT
+CONT       4103    4110    4836    4789    4109    4837
CHEXA        145       1     222     181     216     257     183     143+CONT
+CONT        176     217    4838    4835    4884    4883    4839    4791+CONT
+CONT       7195    7228    4793    7163    7197    7196
CHEXA        146       1     224     183     217     258     185     145+CONT
+CONT        177     218    4841    7196    7230    7229    4842    4794+CONT
+CONT       7198    7231    4797    7166    7201    7199
CHEXA        147       1     187     147     185     226     219     178+CONT
+CONT        218     259    4800    4796    4845    4844    7202    7169+CONT
+CONT       7199    7232    7204    7200    7234    7233
CHEXA        148       1     189     149     187     228     220     179+CONT
+CONT        219     260    4824    4799    4848    4847    4825    4777+CONT
+CONT       7202    7235    4826    7203    7237    7236
CHEXA        149       1     222     181     143     183     262     221+CONT
+CONT        182     223    4838    4791    4793    4839    4840    4792+CONT
+CONT       4751    4795    4111    4105    4106    4112
CHEXA        150       1     224     183     145     185     264     223+CONT
+CONT        184     225    4841    4794    4797    4842    4843    4795+CONT
+CONT       4754    4798    4113    4107    2725    4114
CHEXA        151       1     187     147     186     227     226     185+CONT
+CONT        225     266    4800    4757    4316    4801    4844    4796+CONT
+CONT       4314    4321    4845    4798    2726    4846
CHEXA        152       1     189     149     188     229     228     187+CONT
+CONT        227     268    4824    4779    4320    4827    4847    4799+CONT
+CONT       4315    4322    4848    4801    4323    4849
CHEXA        153       1     232     191     231     272     193     152+CONT
+CONT        192     233    4850    4803    4000    4851    4852    4804+CONT
+CONT       3992    3999    4806    4759    3996    4807
CHEXA        154       1     232     191     163     204     272     231+CONT
+CONT        203     244    4850    4805    4829    4853    4851    4803+CONT
+CONT       4783    4831    4000    3994    3997    4001
CHEXA        155       1     273     232     193     234     245     204+CONT
+CONT        164     205    4898    4852    4854    4900    4901    4853+CONT
+CONT       7172    7205    4877    7175    7176    7208
CHEXA        156       1     234     193     233     274     195     154+CONT
+CONT        194     235    4854    4807    4003    4855    4856    4808+CONT
+CONT       3995    4002    4810    4763    2708    4811
CHEXA        157       1     275     234     195     236     246     205+CONT
+CONT        165     206    4902    4856    4858    4904    7238    7205+CONT
+CONT       7173    7206    7209    7177    7180    7210
CHEXA        158       1     196     155     195     236     238     197+CONT
+CONT        235     276    4813    4809    4858    4857    4814    4766+CONT
+CONT       4811    4859    4204    4202    2709    4209
CHEXA        159       1     237     196     166     207     277     236+CONT
+CONT        206     247    4861    7174    7183    7207    4905    4857+CONT
+CONT       7179    7212    4906    7206    7213    7239
CHEXA        160       1     240     199     167     208     278     237+CONT
+CONT        207     248    4863    4817    4818    4865    4908    4860+CONT
+CONT       7182    7215    4909    7207    7216    7240
CHEXA        161       1     199     158     196     237     239     198+CONT
+CONT        238     279    4815    4812    4861    4860    4816    4768+CONT
+CONT       4814    4862    4206    4203    4211    4210
CHEXA        162       1     240     199     239     280     208     167+CONT
+CONT        200     241    4863    4816    4213    4864    4865    4817+CONT
+CONT       4205    4212    4818    4771    4208    4819
CHEXA        163       1     249     208     241     282     209     168+CONT
+CONT        201     242    4866    4819    4215    4867    4868    4820+CONT
+CONT       4207    4214    4822    4775    2740    4823
CHEXA        164       1     220     179     209     250     243     202+CONT
+CONT        242     283    4826    4821    4870    4869    4828    4780+CONT
+CONT       4823    4871    4319    4317    2741    4324
CHEXA        165       1     230     189     220     261     270     229+CONT
+CONT        243     284    4872    4825    4874    4873    4875    4827+CONT
+CONT       4828    4876    4327    4318    4326    4325
CHEXA        166       1     245     204     172     213     285     244+CONT
+CONT        214     255    4877    4830    4833    4878    4879    4831+CONT
+CONT       4786    4834    4004    3998    2694    4005
CHEXA        167       1     286     245     205     246     254     213+CONT
+CONT        171     212    4925    7208    7209    7241    4926    4878+CONT
+CONT       7178    7211    4881    7194    7192    7227
CHEXA        168       1     287     246     206     247     253     212+CONT
+CONT        170     211    7242    7210    7213    7243    7244    7211+CONT
+CONT       7181    7214    7225    7193    7190    7226
CHEXA        169       1     248     207     169     210     288     247+CONT
+CONT        211     252    7216    7184    7187    7217    7245    7212+CONT
+CONT       7189    7222    7246    7214    7223    7247
CHEXA        170       1     249     208     168     209     289     248+CONT
+CONT        210     251    4866    4820    4822    4868    7248    7215+CONT
+CONT       7186    7219    7249    7217    7220    7250
CHEXA        171       1     220     179     219     260     250     209+CONT
+CONT        251     292    4826    7203    7237    7236    4869    4821+CONT
+CONT       7218    7251    4870    7219    7253    7252
CHEXA        172       1     219     178     218     259     251     210+CONT
+CONT        252     293    7204    7200    7234    7233    7218    7185+CONT
+CONT       7221    7254    7220    7222    7256    7255
CHEXA        173       1     258     217     253     294     218     177+CONT
+CONT        211     252    7230    7224    7258    7257    7231    7198+CONT
+CONT       7226    7259    7201    7188    7223    7221
CHEXA        174       1     257     216     254     295     217     176+CONT
+CONT        212     253    4884    4880    4929    4928    7228    7195+CONT
+CONT       7227    7260    7197    7191    7225    7224
CHEXA        175       1     216     175     215     256     254     213+CONT
+CONT        255     296    4836    4789    4109    4837    4880    4832+CONT
+CONT       4108    4115    4881    4834    2695    4882
CHEXA        176       1     222     181     221     262     257     216+CONT
+CONT        256     297    4838    4792    4111    4840    4883    4835+CONT
+CONT       4110    4117    4884    4837    4116    4885
CHEXA        177       1     263     222     257     298     224     183+CONT
+CONT        217     258    4886    4883    4932    4931    4887    4839+CONT
+CONT       7228    7261    4841    7196    7230    7229
CHEXA        178       1     265     224     258     299     226     185+CONT
+CONT        218     259    4889    7229    7263    7262    4890    4842+CONT
+CONT       7231    7264    4845    7199    7234    7232
CHEXA        179       1     228     187     226     267     260     219+CONT
+CONT        259     300    4848    4844    4893    4892    7235    7202+CONT
+CONT       7232    7265    7237    7233    7267    7266
CHEXA        180       1     230     189     228     269     261     220+CONT
+CONT        260     301    4872    4847    4896    4895    4873    4825+CONT
+CONT       7235    7268    4874    7236    7270    7269
CHEXA        181       1     263     222     183     224     303     262+CONT
+CONT        223     264    4886    4839    4841    4887    4888    4840+CONT
+CONT       4795    4843    4118    4112    4113    4119
CHEXA        182       1     265     224     185     226     305     264+CONT
+CONT        225     266    4889    4842    4845    4890    4891    4843+CONT
+CONT       4798    4846    4120    4114    2726    4121
CHEXA        183       1     228     187     227     268     267     226+CONT
+CONT        266     307    4848    4801    4323    4849    4892    4844+CONT
+CONT       4321    4328    4893    4846    2727    4894
CHEXA        184       1     230     189     229     270     269     228+CONT
+CONT        268     309    4872    4827    4327    4875    4895    4847+CONT
+CONT       4322    4329    4896    4849    4330    4897
CHEXA        185       1     273     232     272     314     234     193+CONT
+CONT        233     274    4898    4851    4007    4899    4900    4852+CONT
+CONT       3999    4006    4854    4807    4003    4855
CHEXA        186       1     273     232     204     245     314     272+CONT
+CONT        244     285    4898    4853    4877    4901    4899    4851+CONT
+CONT       4831    4879    4007    4001    4004    4008
CHEXA        187       1     315     273     234     275     286     245+CONT
+CONT        205     246    4946    4900    4902    4948    4949    4901+CONT
+CONT       7205    7238    4925    7208    7209    7241
CHEXA        188       1     275     234     274     316     236     195+CONT
+CONT        235     276    4902    4855    4010    4903    4904    4856+CONT
+CONT       4002    4009    4858    4811    2709    4859
CHEXA        189       1     317     275     236     277     287     246+CONT
+CONT        206     247    4950    4904    4906    4952    7271    7238+CONT
+CONT       7206    7239    7242    7210    7213    7243
CHEXA        190       1     237     196     236     277     279     238+CONT
+CONT        276     318    4861    4857    4906    4905    4862    4814+CONT
+CONT       4859    4907    4211    4209    2710    4216
CHEXA        191       1     278     237     207     248     319     277+CONT
+CONT        247     288    4909    7207    7216    7240    4953    4905+CONT
+CONT       7212    7245    4954    7239    7246    7272
CHEXA        192       1     281     240     208     249     320     278+CONT
+CONT        248     289    4911    4865    4866    4913    4956    4908+CONT
+CONT       7215    7248    4957    7240    7249    7273
CHEXA        193       1     240     199     237     278     280     239+CONT
+CONT        279     321    4863    4860    4909    4908    4864    4816+CONT
+CONT       4862    4910    4213    4210    4218    4217
CHEXA        194       1     281     240     280     322     249     208+CONT
+CONT        241     282    4911    4864    4220    4912    4913    4865+CONT
+CONT       4212    4219    4866    4819    4215    4867
CHEXA        195       1     290     249     282     324     250     209+CONT
+CONT        242     283    4914    4867    4222    4915    4916    4868+CONT
+CONT       4214    4221    4870    4823    2741    4871
CHEXA        196       1     261     220     250     291     284     243+CONT
+CONT        283     325    4874    4869    4918    4917    4876    4828+CONT
+CONT       4871    4919    4326    4324    2742    4331
CHEXA        197       1     271     230     261     302     311     270+CONT
+CONT        284     326    4920    4873    4922    4921    4923    4875+CONT
+CONT       4876    4924    4334    4325    4333    4332
CHEXA        198       1     286     245     213     254     328     285+CONT
+CONT        255     296    4925    4878    4881    4926    4927    4879+CONT
+CONT       4834    4882    4011    4005    2695    4012
CHEXA        199       1     329     286     246     287     295     254+CONT
+CONT        212     253    4973    7241    7242    7274    4974    4926+CONT
+CONT       7211    7244    4929    7227    7225    7260
CHEXA        200       1     330     287     247     288     294     253+CONT
+CONT        211     252    7275    7243    7246    7276    7277    7244+CONT
+CONT       7214    7247    7258    7226    7223    7259
CHEXA        201       1     289     248     210     251     331     288+CONT
+CONT        252     293    7249    7217    7220    7250    7278    7245+CONT
+CONT       7222    7255    7279    7247    7256    7280
CHEXA        202       1     290     249     209     250     332     289+CONT
+CONT        251     292    4914    4868    4870    4916    7281    7248+CONT
+CONT       7219    7252    7282    7250    7253    7283
CHEXA        203       1     261     220     260     301     291     250+CONT
+CONT        292     335    4874    7236    7270    7269    4917    4869+CONT
+CONT       7251    7284    4918    7252    7286    7285
CHEXA        204       1     260     219     259     300     292     251+CONT
+CONT        293     336    7237    7233    7267    7266    7251    7218+CONT
+CONT       7254    7287    7253    7255    7289    7288
CHEXA        205       1     299     258     294     337     259     218+CONT
+CONT        252     293    7263    7257    7291    7290    7264    7231+CONT
+CONT       7259    7292    7234    7221    7256    7254
CHEXA        206       1     298     257     295     338     258     217+CONT
+CONT        253     294    4932    4928    4977    4976    7261    7228+CONT
+CONT       7260    7293    7230    7224    7258    7257
CHEXA        207       1     257     216     256     297     295     254+CONT
+CONT        296     339    4884    4837    4116    4885    4928    4880+CONT
+CONT       4115    4122    4929    4882    2696    4930
CHEXA        208       1     263     222     262     303     298     257+CONT
+CONT        297     340    4886    4840    4118    4888    4931    4883+CONT
+CONT       4117    4124    4932    4885    4123    4933
CHEXA        209       1     304     263     298     341     265     224+CONT
+CONT        258     299    4934    4931    4980    4979    4935    4887+CONT
+CONT       7261    7294    4889    7229    7263    7262
CHEXA        210       1     306     265     299     342     267     226+CONT
+CONT        259     300    4937    7262    7296    7295    4938    4890+CONT
+CONT       7264    7297    4893    7232    7267    7265
CHEXA        211       1     269     228     267     308     301     260+CONT
+CONT        300     343    4896    4892    4941    4940    7268    7235+CONT
+CONT       7265    7298    7270    7266    7300    7299
CHEXA        212       1     271     230     269     310     302     261+CONT
+CONT        301     344    4920    4895    4944    4943    4921    4873+CONT
+CONT       7268    7301    4922    7269    7303    7302
CHEXA        213       1     304     263     224     265     346     303+CONT
+CONT        264     305    4934    4887    4889    4935    4936    4888+CONT
+CONT       4843    4891    4125    4119    4120    4126
CHEXA        214       1     306     265     226     267     348     305+CONT
+CONT        266     307    4937    4890    4893    4938    4939    4891+CONT
+CONT       4846    4894    4127    4121    2727    4128
CHEXA        215       1     269     228     268     309     308     267+CONT
+CONT        307     350    4896    4849    4330    4897    4940    4892+CONT
+CONT       4328    4335    4941    4894    2728    4942
CHEXA        216       1     271     230     270     311     310     269+CONT
+CONT        309     352    4920    4875    4334    4923    4943    4895+CONT
+CONT       4329    4336    4944    4897    4337    4945
CHEXA        217       1     315     273     314     359     275     234+CONT
+CONT        274     316    4946    4899    4014    4947    4948    4900+CONT
+CONT       4006    4013    4902    4855    4010    4903
CHEXA        218       1     315     273     245     286     359     314+CONT
+CONT        285     328    4946    4901    4925    4949    4947    4899+CONT
+CONT       4879    4927    4014    4008    4011    4015
CHEXA        219       1     360     315     275     317     329     286+CONT
+CONT        246     287    4994    4948    4950    4996    4997    4949+CONT
+CONT       7238    7271    4973    7241    7242    7274
CHEXA        220       1     317     275     316     361     277     236+CONT
+CONT        276     318    4950    4903    4017    4951    4952    4904+CONT
+CONT       4009    4016    4906    4859    2710    4907
CHEXA        221       1     362     317     277     319     330     287+CONT
+CONT        247     288    4998    4952    4954    5000    7304    7271+CONT
+CONT       7239    7272    7275    7243    7246    7276
CHEXA        222       1     278     237     277     319     321     279+CONT
+CONT        318     363    4909    4905    4954    4953    4910    4862+CONT
+CONT       4907    4955    4218    4216    2711    4223
CHEXA        223       1     320     278     248     289     364     319+CONT
+CONT        288     331    4957    7240    7249    7273    5001    4953+CONT
+CONT       7245    7278    5002    7272    7279    7305
CHEXA        224       1     323     281     249     290     365     320+CONT
+CONT        289     332    4959    4913    4914    4961    5004    4956+CONT
+CONT       7248    7281    5005    7273    7282    7306
CHEXA        225       1     281     240     278     320     322     280+CONT
+CONT        321     366    4911    4908    4957    4956    4912    4864+CONT
+CONT       4910    4958    4220    4217    4225    4224
CHEXA        226       1     323     281     322     367     290     249+CONT
+CONT        282     324    4959    4912    4227    4960    4961    4913+CONT
+CONT       4219    4226    4914    4867    4222    4915
CHEXA        227       1     333     290     324     369     291     250+CONT
+CONT        283     325    4962    4915    4229    4963    4964    4916+CONT
+CONT       4221    4228    4918    4871    2742    4919
CHEXA        228       1     302     261     291     334     326     284+CONT
+CONT        325     370    4922    4917    4966    4965    4924    4876+CONT
+CONT       4919    4967    4333    4331    2743    4338
CHEXA        229       1     313     271     302     345     355     311+CONT
+CONT        326     372    4968    4921    4970    4969    4971    4923+CONT
+CONT       4924    4972    4341    4332    4340    4339
CHEXA        230       1     329     286     254     295     375     328+CONT
+CONT        296     339    4973    4926    4929    4974    4975    4927+CONT
+CONT       4882    4930    4018    4012    2696    4019
CHEXA        231       1     376     329     287     330     338     295+CONT
+CONT        253     294    5021    7274    7275    7307    5022    4974+CONT
+CONT       7244    7277    4977    7260    7258    7293
CHEXA        232       1     377     330     288     331     337     294+CONT
+CONT        252     293    7308    7276    7279    7309    7310    7277+CONT
+CONT       7247    7280    7291    7259    7256    7292
CHEXA        233       1     332     289     251     292     378     331+CONT
+CONT        293     336    7282    7250    7253    7283    7311    7278+CONT
+CONT       7255    7288    7312    7280    7289    7313
CHEXA        234       1     333     290     250     291     379     332+CONT
+CONT        292     335    4962    4916    4918    4964    7314    7281+CONT
+CONT       7252    7285    7315    7283    7286    7316
CHEXA        235       1     302     261     301     344     334     291+CONT
+CONT        335     382    4922    7269    7303    7302    4965    4917+CONT
+CONT       7284    7317    4966    7285    7319    7318
CHEXA        236       1     301     260     300     343     335     292+CONT
+CONT        336     383    7270    7266    7300    7299    7284    7251+CONT
+CONT       7287    7320    7286    7288    7322    7321
CHEXA        237       1     342     299     337     384     300     259+CONT
+CONT        293     336    7296    7290    7324    7323    7297    7264+CONT
+CONT       7292    7325    7267    7254    7289    7287
CHEXA        238       1     341     298     338     385     299     258+CONT
+CONT        294     337    4980    4976    5025    5024    7294    7261+CONT
+CONT       7293    7326    7263    7257    7291    7290
CHEXA        239       1     298     257     297     340     338     295+CONT
+CONT        339     386    4932    4885    4123    4933    4976    4928+CONT
+CONT       4122    4129    4977    4930    2697    4978
CHEXA        240       1     304     263     303     346     341     298+CONT
+CONT        340     387    4934    4888    4125    4936    4979    4931+CONT
+CONT       4124    4131    4980    4933    4130    4981
CHEXA        241       1     347     304     341     388     306     265+CONT
+CONT        299     342    4982    4979    5028    5027    4983    4935+CONT
+CONT       7294    7327    4937    7262    7296    7295
CHEXA        242       1     349     306     342     389     308     267+CONT
+CONT        300     343    4985    7295    7329    7328    4986    4938+CONT
+CONT       7297    7330    4941    7265    7300    7298
CHEXA        243       1     310     269     308     351     344     301+CONT
+CONT        343     390    4944    4940    4989    4988    7301    7268+CONT
+CONT       7298    7331    7303    7299    7333    7332
CHEXA        244       1     313     271     310     354     345     302+CONT
+CONT        344     391    4968    4943    4992    4991    4969    4921+CONT
+CONT       7301    7334    4970    7302    7336    7335
CHEXA        245       1     347     304     265     306     393     346+CONT
+CONT        305     348    4982    4935    4937    4983    4984    4936+CONT
+CONT       4891    4939    4132    4126    4127    4133
CHEXA        246       1     349     306     267     308     395     348+CONT
+CONT        307     350    4985    4938    4941    4986    4987    4939+CONT
+CONT       4894    4942    4134    4128    2728    4135
CHEXA        247       1     310     269     309     352     351     308+CONT
+CONT        350     397    4944    4897    4337    4945    4988    4940+CONT
+CONT       4335    4342    4989    4942    2729    4990
CHEXA        248       1     313     271     311     355     354     310+CONT
+CONT        352     400    4968    4923    4341    4971    4991    4943+CONT
+CONT       4336    4343    4992    4945    4344    4993
CHEXA        249       1     360     315     359     408     317     275+CONT
+CONT        316     361    4994    4947    4021    4995    4996    4948+CONT
+CONT       4013    4020    4950    4903    4017    4951
CHEXA        250       1     360     315     286     329     408     359+CONT
+CONT        328     375    4994    4949    4973    4997    4995    4947+CONT
+CONT       4927    4975    4021    4015    4018    4022
CHEXA        251       1     409     360     317     362     376     329+CONT
+CONT        287     330    5042    4996    4998    5044    5045    4997+CONT
+CONT       7271    7304    5021    7274    7275    7307
CHEXA        252       1     362     317     361     410     319     277+CONT
+CONT        318     363    4998    4951    4024    4999    5000    4952+CONT
+CONT       4016    4023    4954    4907    2711    4955
CHEXA        253       1     411     362     319     364     377     330+CONT
+CONT        288     331    5046    5000    5002    5048    7337    7304+CONT
+CONT       7272    7305    7308    7276    7279    7309
CHEXA        254       1     320     278     319     364     366     321+CONT
+CONT        363     412    4957    4953    5002    5001    4958    4910+CONT
+CONT       4955    5003    4225    4223    2712    4230
CHEXA        255       1     365     320     289     332     413     364+CONT
+CONT        331     378    5005    7273    7282    7306    5049    5001+CONT
+CONT       7278    7311    5050    7305    7312    7338
CHEXA        256       1     368     323     290     333     414     365+CONT
+CONT        332     379    5007    4961    4962    5009    5052    5004+CONT
+CONT       7281    7314    5053    7306    7315    7339
CHEXA        257       1     323     281     320     365     367     322+CONT
+CONT        366     415    4959    4956    5005    5004    4960    4912+CONT
+CONT       4958    5006    4227    4224    4232    4231
CHEXA        258       1     368     323     367     416     333     290+CONT
+CONT        324     369    5007    4960    4234    5008    5009    4961+CONT
+CONT       4226    4233    4962    4915    4229    4963
CHEXA        259       1     380     333     369     418     334     291+CONT
+CONT        325     370    5010    4963    4236    5011    5012    4964+CONT
+CONT       4228    4235    4966    4919    2743    4967
CHEXA        260       1     345     302     334     381     372     326+CONT
+CONT        370     420    4970    4965    5014    5013    4972    4924+CONT
+CONT       4967    5015    4340    4338    2744    4345
CHEXA        261       1     358     313     345     392     404     355+CONT
+CONT        372     423    5016    4969    5018    5017    5019    4971+CONT
+CONT       4972    5020    4348    4339    4347    4346
CHEXA        262       3     406     356     373     425     357     312+CONT
+CONT        327     374    7020    3924    7021    3905    3904    3925+CONT
+CONT       3926    3906    3922    2488    3921    2456
CHEXA        263       1     376     329     295     338     426     375+CONT
+CONT        339     386    5021    4974    4977    5022    5023    4975+CONT
+CONT       4930    4978    4025    4019    2697    4026
CHEXA        264       1     427     376     330     377     385     338+CONT
+CONT        294     337    5069    7307    7308    7340    5070    5022+CONT
+CONT       7277    7310    5025    7293    7291    7326
CHEXA        265       1     428     377     331     378     384     337+CONT
+CONT        293     336    7341    7309    7312    7342    7343    7310+CONT
+CONT       7280    7313    7324    7292    7289    7325
CHEXA        266       1     379     332     292     335     429     378+CONT
+CONT        336     383    7315    7283    7286    7316    7344    7311+CONT
+CONT       7288    7321    7345    7313    7322    7346
CHEXA        267       1     380     333     291     334     430     379+CONT
+CONT        335     382    5010    4964    4966    5012    7347    7314+CONT
+CONT       7285    7318    7348    7316    7319    7349
CHEXA        268       1     345     302     344     391     381     334+CONT
+CONT        382     433    4970    7302    7336    7335    5013    4965+CONT
+CONT       7317    7350    5014    7318    7352    7351
CHEXA        269       1     344     301     343     390     382     335+CONT
+CONT        383     434    7303    7299    7333    7332    7317    7284+CONT
+CONT       7320    7353    7319    7321    7355    7354
CHEXA        270       1     389     342     384     435     343     300+CONT
+CONT        336     383    7329    7323    7357    7356    7330    7297+CONT
+CONT       7325    7358    7300    7287    7322    7320
CHEXA        271       1     388     341     385     436     342     299+CONT
+CONT        337     384    5028    5024    5073    5072    7327    7294+CONT
+CONT       7326    7359    7296    7290    7324    7323
CHEXA        272       1     341     298     340     387     385     338+CONT
+CONT        386     437    4980    4933    4130    4981    5024    4976+CONT
+CONT       4129    4136    5025    4978    2698    5026
CHEXA        273       1     347     304     346     393     388     341+CONT
+CONT        387     438    4982    4936    4132    4984    5027    4979+CONT
+CONT       4131    4138    5028    4981    4137    5029
CHEXA        274       1     394     347     388     439     349     306+CONT
+CONT        342     389    5030    5027    5076    5075    5031    4983+CONT
+CONT       7327    7360    4985    7295    7329    7328
CHEXA        275       1     396     349     389     440     351     308+CONT
+CONT        343     390    5033    7328    7362    7361    5034    4986+CONT
+CONT       7330    7363    4989    7298    7333    7331
CHEXA        276       1     354     310     351     399     391     344+CONT
+CONT        390     441    4992    4988    5037    5036    7334    7301+CONT
+CONT       7331    7364    7336    7332    7366    7365
CHEXA        277       1     358     313     354     403     392     345+CONT
+CONT        391     442    5016    4991    5040    5039    5017    4969+CONT
+CONT       7334    7367    5018    7335    7369    7368
CHEXA        278       1     394     347     306     349     444     393+CONT
+CONT        348     395    5030    4983    4985    5031    5032    4984+CONT
+CONT       4939    4987    4139    4133    4134    4140
CHEXA        279       1     396     349     308     351     446     395+CONT
+CONT        350     397    5033    4986    4989    5034    5035    4987+CONT
+CONT       4942    4990    4141    4135    2729    4142
CHEXA        280       1     354     310     352     400     399     351+CONT
+CONT        397     449    4992    4945    4344    4993    5036    4988+CONT
+CONT       4342    4349    5037    4990    2730    5038
CHEXA        281       1     358     313     355     404     403     354+CONT
+CONT        400     453    5016    4971    4348    5019    5039    4991+CONT
+CONT       4343    4350    5040    4993    4351    5041
CHEXA        282       3     406     356     312     357     455     401+CONT
+CONT        353     402    7020    3925    3922    3904    3907    3927+CONT
+CONT       2489    2457    7022    3928    3923    3908
CHEXA        283       1     409     360     408     461     362     317+CONT
+CONT        361     410    5042    4995    4028    5043    5044    4996+CONT
+CONT       4020    4027    4998    4951    4024    4999
CHEXA        284       1     409     360     329     376     461     408+CONT
+CONT        375     426    5042    4997    5021    5045    5043    4995+CONT
+CONT       4975    5023    4028    4022    4025    4029
CHEXA        285       1     462     409     362     411     427     376+CONT
+CONT        330     377    5090    5044    5046    5092    5093    5045+CONT
+CONT       7304    7337    5069    7307    7308    7340
CHEXA        286       1     411     362     410     463     364     319+CONT
+CONT        363     412    5046    4999    4031    5047    5048    5000+CONT
+CONT       4023    4030    5002    4955    2712    5003
CHEXA        287       1     464     411     364     413     428     377+CONT
+CONT        331     378    5094    5048    5050    5096    7370    7337+CONT
+CONT       7305    7338    7341    7309    7312    7342
CHEXA        288       1     365     320     364     413     415     366+CONT
+CONT        412     465    5005    5001    5050    5049    5006    4958+CONT
+CONT       5003    5051    4232    4230    2713    4237
CHEXA        289       1     414     365     332     379     466     413+CONT
+CONT        378     429    5053    7306    7315    7339    5097    5049+CONT
+CONT       7311    7344    5098    7338    7345    7371
CHEXA        290       1     417     368     333     380     467     414+CONT
+CONT        379     430    5055    5009    5010    5057    5100    5052+CONT
+CONT       7314    7347    5101    7339    7348    7372
CHEXA        291       1     368     323     365     414     416     367+CONT
+CONT        415     468    5007    5004    5053    5052    5008    4960+CONT
+CONT       5006    5054    4234    4231    4239    4238
CHEXA        292       1     417     368     416     469     380     333+CONT
+CONT        369     418    5055    5008    4241    5056    5057    5009+CONT
+CONT       4233    4240    5010    4963    4236    5011
CHEXA        293       1     431     380     418     472     381     334+CONT
+CONT        370     420    5058    5011    4243    5059    5060    5012+CONT
+CONT       4235    4242    5014    4967    2744    5015
CHEXA        294       1     392     345     381     432     423     372+CONT
+CONT        420     475    5018    5013    5062    5061    5020    4972+CONT
+CONT       5015    5063    4347    4345    2745    4352
CHEXA        295       3     476     422     371     421     425     373+CONT
+CONT        327     374    7023    3929    2691    2686    3909    3930+CONT
+CONT       2490    2458    7021    3926    3921    3906
CHEXA        296       1     407     358     392     443     457     404+CONT
+CONT        423     478    5064    5017    5066    5065    5067    5019+CONT
+CONT       5020    5068    4355    4346    4354    4353
CHEXA        297       3     459     405     424     480     406     356+CONT
+CONT        373     425    8694    4548    8695    4539    4538    4549+CONT
+CONT       4550    4540    7020    3924    7021    3905
CHEXA        298       1     427     376     338     385     481     426+CONT
+CONT        386     437    5069    5022    5025    5070    5071    5023+CONT
+CONT       4978    5026    4032    4026    2698    4033
CHEXA        299       1     482     427     377     428     436     385+CONT
+CONT        337     384    5117    7340    7341    7373    5118    5070+CONT
+CONT       7310    7343    5073    7326    7324    7359
CHEXA        300       1     483     428     378     429     435     384+CONT
+CONT        336     383    7374    7342    7345    7375    7376    7343+CONT
+CONT       7313    7346    7357    7325    7322    7358
CHEXA        301       1     430     379     335     382     484     429+CONT
+CONT        383     434    7348    7316    7319    7349    7377    7344+CONT
+CONT       7321    7354    7378    7346    7355    7379
CHEXA        302       1     431     380     334     381     485     430+CONT
+CONT        382     433    5058    5012    5014    5060    7380    7347+CONT
+CONT       7318    7351    7381    7349    7352    7382
CHEXA        303       1     392     345     391     442     432     381+CONT
+CONT        433     488    5018    7335    7369    7368    5061    5013+CONT
+CONT       7350    7383    5062    7351    7385    7384
CHEXA        304       1     391     344     390     441     433     382+CONT
+CONT        434     489    7336    7332    7366    7365    7350    7317+CONT
+CONT       7353    7386    7352    7354    7388    7387
CHEXA        305       1     440     389     435     490     390     343+CONT
+CONT        383     434    7362    7356    7390    7389    7363    7330+CONT
+CONT       7358    7391    7333    7320    7355    7353
CHEXA        306       1     439     388     436     491     389     342+CONT
+CONT        384     435    5076    5072    5121    5120    7360    7327+CONT
+CONT       7359    7392    7329    7323    7357    7356
CHEXA        307       1     388     341     387     438     436     385+CONT
+CONT        437     492    5028    4981    4137    5029    5072    5024+CONT
+CONT       4136    4143    5073    5026    2699    5074
CHEXA        308       1     394     347     393     444     439     388+CONT
+CONT        438     493    5030    4984    4139    5032    5075    5027+CONT
+CONT       4138    4145    5076    5029    4144    5077
CHEXA        309       1     445     394     439     494     396     349+CONT
+CONT        389     440    5078    5075    5124    5123    5079    5031+CONT
+CONT       7360    7393    5033    7328    7362    7361
CHEXA        310       1     448     396     440     495     399     351+CONT
+CONT        390     441    5081    7361    7395    7394    5082    5034+CONT
+CONT       7363    7396    5037    7331    7366    7364
CHEXA        311       1     403     354     399     452     442     391+CONT
+CONT        441     496    5040    5036    5085    5084    7367    7334+CONT
+CONT       7364    7397    7369    7365    7399    7398
CHEXA        312       1     407     358     403     456     443     392+CONT
+CONT        442     497    5064    5039    5088    5087    5065    5017+CONT
+CONT       7367    7400    5066    7368    7402    7401
CHEXA        313       1     445     394     349     396     499     444+CONT
+CONT        395     446    5078    5031    5033    5079    5080    5032+CONT
+CONT       4987    5035    4146    4140    4141    4147
CHEXA        314       1     448     396     351     399     502     446+CONT
+CONT        397     449    5081    5034    5037    5082    5083    5035+CONT
+CONT       4990    5038    4148    4142    2730    4149
CHEXA        315       1     403     354     400     453     452     399+CONT
+CONT        449     506    5040    4993    4351    5041    5084    5036+CONT
+CONT       4349    4356    5085    5038    2731    5086
CHEXA        316       3     507     451     401     455     450     398+CONT
+CONT        353     402    7024    3931    7022    3910    2680    3932+CONT
+CONT       3928    3908    2685    2491    3923    2459
CHEXA        317       1     407     358     404     457     456     403+CONT
+CONT        453     510    5064    5019    4355    5067    5087    5039+CONT
+CONT       4350    4357    5088    5041    4358    5089
CHEXA        318       3     459     405     356     406     512     454+CONT
+CONT        401     455    8694    4549    7020    4538    4541    4551+CONT
+CONT       3927    3907    8696    4552    7022    4542
CHEXA        319       1     462     409     461     517     411     362+CONT
+CONT        410     463    5090    5043    4035    5091    5092    5044+CONT
+CONT       4027    4034    5046    4999    4031    5047
CHEXA        320       1     462     409     376     427     517     461+CONT
+CONT        426     481    5090    5045    5069    5093    5091    5043+CONT
+CONT       5023    5071    4035    4029    4032    4036
CHEXA        321       1     518     462     411     464     482     427+CONT
+CONT        377     428    5138    5092    5094    5140    5141    5093+CONT
+CONT       7337    7370    5117    7340    7341    7373
CHEXA        322       1     464     411     463     519     413     364+CONT
+CONT        412     465    5094    5047    4038    5095    5096    5048+CONT
+CONT       4030    4037    5050    5003    2713    5051
CHEXA        323       1     520     464     413     466     483     428+CONT
+CONT        378     429    5142    5096    5098    5144    7403    7370+CONT
+CONT       7338    7371    7374    7342    7345    7375
CHEXA        324       1     414     365     413     466     468     415+CONT
+CONT        465     521    5053    5049    5098    5097    5054    5006+CONT
+CONT       5051    5099    4239    4237    2714    4244
CHEXA        325       1     467     414     379     430     522     466+CONT
+CONT        429     484    5101    7339    7348    7372    5145    5097+CONT
+CONT       7344    7377    5146    7371    7378    7404
CHEXA        326       1     471     417     380     431     523     467+CONT
+CONT        430     485    5103    5057    5058    5105    5148    5100+CONT
+CONT       7347    7380    5149    7372    7381    7405
CHEXA        327       1     417     368     414     467     469     416+CONT
+CONT        468     524    5055    5052    5101    5100    5056    5008+CONT
+CONT       5054    5102    4241    4238    4246    4245
CHEXA        328       1     471     417     469     526     431     380+CONT
+CONT        418     472    5103    5056    4248    5104    5105    5057+CONT
+CONT       4240    4247    5058    5011    4243    5059
CHEXA        329       1     486     431     472     530     432     381+CONT
+CONT        420     475    5106    5059    4250    5107    5108    5060+CONT
+CONT       4242    4249    5062    5015    2745    5063
CHEXA        330       3     476     422     474     531     421     371+CONT
+CONT        419     473    7023    3933    7025    3884    2686    3929+CONT
+CONT       3934    3885    2691    2476    3898    2444
CHEXA        331       1     443     392     432     487     478     423+CONT
+CONT        475     533    5066    5061    5110    5109    5068    5020+CONT
+CONT       5063    5111    4354    4352    2746    4359
CHEXA        332       3     534     477     422     476     480     424+CONT
+CONT        373     425    8697    4553    7023    2687    4543    4554+CONT
+CONT       3930    3909    8695    4550    7021    4540
CHEXA        333       1     460     407     443     498     514     457+CONT
+CONT        478     536    5112    5065    5114    5113    5115    5067+CONT
+CONT       5068    5116    4361    4353    4360    2484
CHEXA        334       3     515     458     479     537     459     405+CONT
+CONT        424     480    7028    3941    7029    3912    4544    4555+CONT
+CONT       4556    4545    8694    4548    8695    4539
CHEXA        335       1     482     427     385     436     538     481+CONT
+CONT        437     492    5117    5070    5073    5118    5119    5071+CONT
+CONT       5026    5074    4039    4033    2699    4040
CHEXA        336       1     539     482     428     483     491     436+CONT
+CONT        384     435    5165    7373    7374    7406    5166    5118+CONT
+CONT       7343    7376    5121    7359    7357    7392
CHEXA        337       1     540     483     429     484     490     435+CONT
+CONT        383     434    7407    7375    7378    7408    7409    7376+CONT
+CONT       7346    7379    7390    7358    7355    7391
CHEXA        338       1     485     430     382     433     541     484+CONT
+CONT        434     489    7381    7349    7352    7382    7410    7377+CONT
+CONT       7354    7387    7411    7379    7388    7412
CHEXA        339       1     486     431     381     432     542     485+CONT
+CONT        433     488    5106    5060    5062    5108    7413    7380+CONT
+CONT       7351    7384    7414    7382    7385    7415
CHEXA        340       1     443     392     442     497     487     432+CONT
+CONT        488     545    5066    7368    7402    7401    5109    5061+CONT
+CONT       7383    7416    5110    7384    7418    7417
CHEXA        341       1     442     391     441     496     488     433+CONT
+CONT        489     546    7369    7365    7399    7398    7383    7350+CONT
+CONT       7386    7419    7385    7387    7421    7420
CHEXA        342       1     495     440     490     547     441     390+CONT
+CONT        434     489    7395    7389    7423    7422    7396    7363+CONT
+CONT       7391    7424    7366    7353    7388    7386
CHEXA        343       1     494     439     491     548     440     389+CONT
+CONT        435     490    5124    5120    5169    5168    7393    7360+CONT
+CONT       7392    7425    7362    7356    7390    7389
CHEXA        344       1     439     388     438     493     491     436+CONT
+CONT        492     549    5076    5029    4144    5077    5120    5072+CONT
+CONT       4143    4150    5121    5074    2700    5122
CHEXA        345       1     445     394     444     499     494     439+CONT
+CONT        493     550    5078    5032    4146    5080    5123    5075+CONT
+CONT       4145    4152    5124    5077    4151    5125
CHEXA        346       1     501     445     494     552     448     396+CONT
+CONT        440     495    5126    5123    5172    5171    5127    5079+CONT
+CONT       7393    7426    5081    7361    7395    7394
CHEXA        347       1     505     448     495     553     452     399+CONT
+CONT        441     496    5129    7394    7428    7427    5130    5082+CONT
+CONT       7396    7429    5085    7364    7399    7397
CHEXA        348       1     456     403     452     509     497     442+CONT
+CONT        496     554    5088    5084    5133    5132    7400    7367+CONT
+CONT       7397    7430    7402    7398    7432    7431
CHEXA        349       1     460     407     456     513     498     443+CONT
+CONT        497     555    5112    5087    5136    5135    5113    5065+CONT
+CONT       7400    7433    5114    7401    7435    7434
CHEXA        350       1     501     445     396     448     557     499+CONT
+CONT        446     502    5126    5079    5081    5127    5128    5080+CONT
+CONT       5035    5083    4153    4147    4148    4154
CHEXA        351       1     505     448     399     452     561     502+CONT
+CONT        449     506    5129    5082    5085    5130    5131    5083+CONT
+CONT       5038    5086    4155    4149    2731    4156
CHEXA        352       3     507     451     398     450     562     504+CONT
+CONT        447     503    7024    3932    2685    2680    3858    3935+CONT
+CONT       2464    2432    7026    3936    3875    3859
CHEXA        353       1     456     403     453     510     509     452+CONT
+CONT        506     565    5088    5041    4358    5089    5132    5084+CONT
+CONT       4356    4362    5133    5086    2732    5134
CHEXA        354       3     567     508     454     512     507     451+CONT
+CONT        401     455    8698    4557    8696    4546    2681    4558+CONT
+CONT       4552    4542    7024    3931    7022    3910
CHEXA        355       1     460     407     457     514     513     456+CONT
+CONT        510     569    5112    5067    4361    5115    5135    5087+CONT
+CONT       4357    2485    5136    5089    4363    5137
CHEXA        356       3     515     458     405     459     570     511+CONT
+CONT        454     512    7028    4555    8694    4544    3915    3944+CONT
+CONT       4551    4541    7031    4559    8696    4547
CHEXA        357       1     518     462     517     574     464     411+CONT
+CONT        463     519    5138    5091    4042    5139    5140    5092+CONT
+CONT       4034    4041    5094    5047    4038    5095
CHEXA        358       1     518     462     427     482     574     517+CONT
+CONT        481     538    5138    5093    5117    5141    5139    5091+CONT
+CONT       5071    5119    4042    4036    4039    4043
CHEXA        359       1     575     518     464     520     539     482+CONT
+CONT        428     483    5186    5140    5142    5188    5189    5141+CONT
+CONT       7370    7403    5165    7373    7374    7406
CHEXA        360       1     520     464     519     576     466     413+CONT
+CONT        465     521    5142    5095    4045    5143    5144    5096+CONT
+CONT       4037    4044    5098    5051    2714    5099
CHEXA        361       1     577     520     466     522     540     483+CONT
+CONT        429     484    5190    5144    5146    5192    7436    7403+CONT
+CONT       7371    7404    7407    7375    7378    7408
CHEXA        362       1     467     414     466     522     524     468+CONT
+CONT        521     578    5101    5097    5146    5145    5102    5054+CONT
+CONT       5099    5147    4246    4244    2715    4251
CHEXA        363       1     523     467     430     485     580     522+CONT
+CONT        484     541    5149    7372    7381    7405    5193    5145+CONT
+CONT       7377    7410    5194    7404    7411    7437
CHEXA        364       1     529     471     431     486     581     523+CONT
+CONT        485     542    5151    5105    5106    5153    5196    5148+CONT
+CONT       7380    7413    5197    7405    7414    7438
CHEXA        365       1     471     417     467     523     526     469+CONT
+CONT        524     582    5103    5100    5149    5148    5104    5056+CONT
+CONT       5102    5150    4248    4245    4253    4252
CHEXA        366       1     529     471     526     585     486     431+CONT
+CONT        472     530    5151    5104    4255    5152    5153    5105+CONT
+CONT       4247    4254    5106    5059    4250    5107
CHEXA        367       3     586     528     470     527     531     474+CONT
+CONT        419     473    7027    3937    3899    3887    3886    3938+CONT
+CONT       2477    2445    7025    3934    3898    3885
CHEXA        368       1     543     486     530     589     487     432+CONT
+CONT        475     533    5154    5107    4257    5155    5156    5108+CONT
+CONT       4249    4256    5110    5063    2746    5111
CHEXA        369       3     534     477     532     591     476     422+CONT
+CONT        474     531    8697    4560    8699    4528    2687    4553+CONT
+CONT       4561    4529    7023    3933    7025    3884
CHEXA        370       1     498     443     487     544     536     478+CONT
+CONT        533     592    5114    5109    5158    5157    5116    5068+CONT
+CONT       5111    5159    4360    4359    2747    2486
CHEXA        371       3     593     535     477     534     537     479+CONT
+CONT        424     480    7033    4562    8697    2688    3916    3949+CONT
+CONT       4554    4543    7029    4556    8695    4545
CHEXA        372       1     516     460     498     556     572     514+CONT
+CONT        536     594    5160    5113    5162    5161    5163    5115+CONT
+CONT       5116    5164    3919    2484    3918    2452
CHEXA        373       3     572     514     536     594     515     458+CONT
+CONT        479     537    3919    2484    3918    2452    3911    3939+CONT
+CONT       3940    3913    7028    3941    7029    3912
CHEXA        374       1     539     482     436     491     595     538+CONT
+CONT        492     549    5165    5118    5121    5166    5167    5119+CONT
+CONT       5074    5122    4046    4040    2700    4047
CHEXA        375       1     596     539     483     540     548     491+CONT
+CONT        435     490    5213    7406    7407    7439    5214    5166+CONT
+CONT       7376    7409    5169    7392    7390    7425
CHEXA        376       1     597     540     484     541     547     490+CONT
+CONT        434     489    7440    7408    7411    7441    7442    7409+CONT
+CONT       7379    7412    7423    7391    7388    7424
CHEXA        377       1     542     485     433     488     598     541+CONT
+CONT        489     546    7414    7382    7385    7415    7443    7410+CONT
+CONT       7387    7420    7444    7412    7421    7445
CHEXA        378       1     543     486     432     487     599     542+CONT
+CONT        488     545    5154    5108    5110    5156    7446    7413+CONT
+CONT       7384    7417    7447    7415    7418    7448
CHEXA        379       1     498     443     497     555     544     487+CONT
+CONT        545     602    5114    7401    7435    7434    5157    5109+CONT
+CONT       7416    7449    5158    7417    7451    7450
CHEXA        380       1     497     442     496     554     545     488+CONT
+CONT        546     603    7402    7398    7432    7431    7416    7383+CONT
+CONT       7419    7452    7418    7420    7454    7453
CHEXA        381       1     553     495     547     604     496     441+CONT
+CONT        489     546    7428    7422    7456    7455    7429    7396+CONT
+CONT       7424    7457    7399    7386    7421    7419
CHEXA        382       1     552     494     548     605     495     440+CONT
+CONT        490     547    5172    5168    5217    5216    7426    7393+CONT
+CONT       7425    7458    7395    7389    7423    7422
CHEXA        383       1     494     439     493     550     548     491+CONT
+CONT        549     606    5124    5077    4151    5125    5168    5120+CONT
+CONT       4150    4157    5169    5122    2701    5170
CHEXA        384       1     501     445     499     557     552     494+CONT
+CONT        550     608    5126    5080    4153    5128    5171    5123+CONT
+CONT       4152    4159    5172    5125    4158    5173
CHEXA        385       1     560     501     552     611     505     448+CONT
+CONT        495     553    5174    5171    5220    5219    5175    5127+CONT
+CONT       7426    7459    5129    7394    7428    7427
CHEXA        386       1     564     505     553     612     509     452+CONT
+CONT        496     554    5177    7427    7461    7460    5178    5130+CONT
+CONT       7429    7462    5133    7397    7432    7430
CHEXA        387       1     513     456     509     568     555     497+CONT
+CONT        554     613    5136    5132    5181    5180    7433    7400+CONT
+CONT       7430    7463    7435    7431    7465    7464
CHEXA        388       1     516     460     513     571     556     498+CONT
+CONT        555     614    5160    5135    5184    5183    5161    5113+CONT
+CONT       7433    7466    5162    7434    7468    7467
CHEXA        389       1     560     501     448     505     616     557+CONT
+CONT        502     561    5174    5127    5129    5175    5176    5128+CONT
+CONT       5083    5131    4160    4154    4155    4161
CHEXA        390       3     617     559     504     562     558     500+CONT
+CONT        447     503    7030    3942    7026    3861    3860    3943+CONT
+CONT       3936    3859    3876    2465    3875    2433
CHEXA        391       1     564     505     452     509     620     561+CONT
+CONT        506     565    5177    5130    5133    5178    5179    5131+CONT
+CONT       5086    5134    4162    4156    2732    4163
CHEXA        392       3     567     508     451     507     621     563+CONT
+CONT        504     562    8698    4558    7024    2681    4518    4563+CONT
+CONT       3935    3858    8700    4564    7026    4519
CHEXA        393       1     513     456     510     569     568     509+CONT
+CONT        565     624    5136    5089    4363    5137    5180    5132+CONT
+CONT       4362    2487    5181    5134    2733    5182
CHEXA        394       3     625     566     511     570     567     508+CONT
+CONT        454     512    7035    3953    7031    3917    2682    4565+CONT
+CONT       4559    4547    8698    4557    8696    4546
CHEXA        395       1     516     460     514     572     571     513+CONT
+CONT        569     627    5160    5115    3919    5163    5183    5135+CONT
+CONT       2485    2453    5184    5137    3920    5185
CHEXA        396       3     572     514     458     515     627     569+CONT
+CONT        511     570    3919    3939    7028    3911    2453    2485+CONT
+CONT       3944    3915    3920    3945    7031    3914
CHEXA        397       1     575     518     574     631     520     464+CONT
+CONT        519     576    5186    5139    4049    5187    5188    5140+CONT
+CONT       4041    4048    5142    5095    4045    5143
CHEXA        398       1     575     518     482     539     631     574+CONT
+CONT        538     595    5186    5141    5165    5189    5187    5139+CONT
+CONT       5119    5167    4049    4043    4046    4050
CHEXA        399       1     632     575     520     577     596     539+CONT
+CONT        483     540    5234    5188    5190    5236    5237    5189+CONT
+CONT       7403    7436    5213    7406    7407    7439
CHEXA        400       1     577     520     576     633     522     466+CONT
+CONT        521     578    5190    5143    4052    5191    5192    5144+CONT
+CONT       4044    4051    5146    5099    2715    5147
CHEXA        401       1     635     577     522     580     597     540+CONT
+CONT        484     541    5238    5192    5194    5240    7469    7436+CONT
+CONT       7404    7437    7440    7408    7411    7441
CHEXA        402       1     523     467     522     580     582     524+CONT
+CONT        578     636    5149    5145    5194    5193    5150    5102+CONT
+CONT       5147    5195    4253    4251    2716    4258
CHEXA        403       1     581     523     485     542     639     580+CONT
+CONT        541     598    5197    7405    7414    7438    5241    5193+CONT
+CONT       7410    7443    5242    7437    7444    7470
CHEXA        404       1     588     529     486     543     640     581+CONT
+CONT        542     599    5199    5153    5154    5201    5244    5196+CONT
+CONT       7413    7446    5245    7438    7447    7471
CHEXA        405       1     529     471     523     581     585     526+CONT
+CONT        582     641    5151    5148    5197    5196    5152    5104+CONT
+CONT       5150    5198    4255    4252    4260    4259
CHEXA        406       3     586     528     584     642     527     470+CONT
+CONT        525     583    7027    3946    7032    3888    3887    3937+CONT
+CONT       3947    3889    3899    2478    3900    2446
CHEXA        407       1     588     529     585     644     543     486+CONT
+CONT        530     589    5199    5152    4262    5200    5201    5153+CONT
+CONT       4254    4261    5154    5107    4257    5155
CHEXA        408       3     645     587     528     586     591     532+CONT
+CONT        474     531    8701    4566    7027    4531    4530    4567+CONT
+CONT       3938    3886    8699    4561    7025    4529
CHEXA        409       1     600     543     589     648     544     487+CONT
+CONT        533     592    5202    5155    4263    5203    5204    5156+CONT
+CONT       4256    2480    5158    5111    2747    5159
CHEXA        410       3     593     535     590     649     534     477+CONT
+CONT        532     591    7033    3957    7037    3891    2688    4562+CONT
+CONT       4568    4532    8697    4560    8699    4528
CHEXA        411       1     556     498     544     601     594     536+CONT
+CONT        592     650    5162    5157    5206    5205    5164    5116+CONT
+CONT       5159    5207    3918    2486    2690    2454
CHEXA        412       3     650     592     535     593     594     536+CONT
+CONT        479     537    2690    3948    7033    2689    2454    2486+CONT
+CONT       3949    3916    3918    3940    7029    3913
CHEXA        413       1     573     516     556     615     629     572+CONT
+CONT        594     651    5208    5161    5210    5209    5211    5163+CONT
+CONT       5164    5212    3717    2452    3716    3715
CHEXA        414       1     596     539     491     548     652     595+CONT
+CONT        549     606    5213    5166    5169    5214    5215    5167+CONT
+CONT       5122    5170    4053    4047    2701    4054
CHEXA        415       1     654     596     540     597     605     548+CONT
+CONT        490     547    5261    7439    7440    7472    5262    5214+CONT
+CONT       7409    7442    5217    7425    7423    7458
CHEXA        416       1     655     597     541     598     604     547+CONT
+CONT        489     546    7473    7441    7444    7474    7475    7442+CONT
+CONT       7412    7445    7456    7424    7421    7457
CHEXA        417       1     599     542     488     545     656     598+CONT
+CONT        546     603    7447    7415    7418    7448    7476    7443+CONT
+CONT       7420    7453    7477    7445    7454    7478
CHEXA        418       1     600     543     487     544     657     599+CONT
+CONT        545     602    5202    5156    5158    5204    7479    7446+CONT
+CONT       7417    7450    7480    7448    7451    7481
CHEXA        419       1     556     498     555     614     601     544+CONT
+CONT        602     660    5162    7434    7468    7467    5205    5157+CONT
+CONT       7449    7482    5206    7450    7484    7483
CHEXA        420       1     555     497     554     613     602     545+CONT
+CONT        603     661    7435    7431    7465    7464    7449    7416+CONT
+CONT       7452    7485    7451    7453    7487    7486
CHEXA        421       1     612     553     604     662     554     496+CONT
+CONT        546     603    7461    7455    7489    7488    7462    7429+CONT
+CONT       7457    7490    7432    7419    7454    7452
CHEXA        422       1     611     552     605     663     553     495+CONT
+CONT        547     604    5220    5216    5265    5264    7459    7426+CONT
+CONT       7458    7491    7428    7422    7456    7455
CHEXA        423       1     552     494     550     608     605     548+CONT
+CONT        606     664    5172    5125    4158    5173    5216    5168+CONT
+CONT       4157    4164    5217    5170    2702    5218
CHEXA        424       1     560     501     557     616     611     552+CONT
+CONT        608     667    5174    5128    4160    5176    5219    5171+CONT
+CONT       4159    4166    5220    5173    4165    5221
CHEXA        425       3     617     559     500     558     668     610+CONT
+CONT        551     609    7030    3943    3876    3860    3862    3950+CONT
+CONT       2466    2434    7034    3951    3877    3863
CHEXA        426       1     619     560     611     670     564     505+CONT
+CONT        553     612    5222    5219    5268    5267    5223    5175+CONT
+CONT       7459    7492    5177    7427    7461    7460
CHEXA        427       1     623     564     612     671     568     509+CONT
+CONT        554     613    5225    7460    7494    7493    5226    5178+CONT
+CONT       7462    7495    5181    7430    7465    7463
CHEXA        428       1     571     513     568     626     614     555+CONT
+CONT        613     672    5184    5180    5229    5228    7466    7433+CONT
+CONT       7463    7496    7468    7464    7498    7497
CHEXA        429       1     573     516     571     628     615     556+CONT
+CONT        614     673    5208    5183    5232    5231    5209    5161+CONT
+CONT       7466    7499    5210    7467    7501    7500
CHEXA        430       1     619     560     505     564     675     616+CONT
+CONT        561     620    5222    5175    5177    5223    5224    5176+CONT
+CONT       5131    5179    4167    4161    4162    4168
CHEXA        431       3     676     618     563     621     617     559+CONT
+CONT        504     562    8702    4569    8700    4521    4520    4570+CONT
+CONT       4564    4519    7030    3942    7026    3861
CHEXA        432       1     623     564     509     568     679     620+CONT
+CONT        565     624    5225    5178    5181    5226    5227    5179+CONT
+CONT       5134    5182    4169    4163    2733    2472
CHEXA        433       3     625     566     508     567     680     622+CONT
+CONT        563     621    7035    4565    8698    2682    3866    3960+CONT
+CONT       4563    4518    7039    4571    8700    4522
CHEXA        434       1     571     513     569     627     626     568+CONT
+CONT        624     682    5184    5137    3920    5185    5228    5180+CONT
+CONT       2487    2455    5229    5182    2684    5230
CHEXA        435       3     682     624     569     627     625     566+CONT
+CONT        511     570    2684    2487    3920    2455    2683    3952+CONT
+CONT       3945    3914    7035    3953    7031    3917
CHEXA        436       1     573     516     572     629     628     571+CONT
+CONT        627     684    5208    5163    3717    5211    5231    5183+CONT
+CONT       2453    3718    5232    5185    3719    5233
CHEXA        437       1     632     575     631     688     577     520+CONT
+CONT        576     633    5234    5187    4056    5235    5236    5188+CONT
+CONT       4048    4055    5190    5143    4052    5191
CHEXA        438       1     632     575     539     596     688     631+CONT
+CONT        595     652    5234    5189    5213    5237    5235    5187+CONT
+CONT       5167    5215    4056    4050    4053    4057
CHEXA        439       1     690     632     577     635     654     596+CONT
+CONT        540     597    5282    5236    5238    5284    5285    5237+CONT
+CONT       7436    7469    5261    7439    7440    7472
CHEXA        440       1     635     577     633     691     580     522+CONT
+CONT        578     636    5238    5191    4059    5239    5240    5192+CONT
+CONT       4051    4058    5194    5147    2716    5195
CHEXA        441       1     694     635     580     639     655     597+CONT
+CONT        541     598    5286    5240    5242    5288    7502    7469+CONT
+CONT       7437    7470    7473    7441    7444    7474
CHEXA        442       1     581     523     580     639     641     582+CONT
+CONT        636     695    5197    5193    5242    5241    5198    5150+CONT
+CONT       5195    5243    4260    4258    2717    4264
CHEXA        443       3     697     637     579     638     642     584+CONT
+CONT        525     583    7036    3954    2678    2674    3890    3955+CONT
+CONT       2479    2447    7032    3947    3900    3889
CHEXA        444       1     640     581     542     599     698     639+CONT
+CONT        598     656    5245    7438    7447    7471    5289    5241+CONT
+CONT       7443    7476    5290    7470    7477    7503
CHEXA        445       1     647     588     543     600     699     640+CONT
+CONT        599     657    5247    5201    5202    5249    5292    5244+CONT
+CONT       7446    7479    5293    7471    7480    7504
CHEXA        446       1     588     529     581     640     644     585+CONT
+CONT        641     700    5199    5196    5245    5244    5200    5152+CONT
+CONT       5198    5246    4262    4259    4266    4265
CHEXA        447       3     645     587     643     702     586     528+CONT
+CONT        584     642    8701    4572    8703    4533    4531    4566+CONT
+CONT       4573    4534    7027    3946    7032    3888
CHEXA        448       1     647     588     644     703     600     543+CONT
+CONT        589     648    5247    5200    4267    5248    5249    5201+CONT
+CONT       4261    2481    5202    5155    4263    5203
CHEXA        449       3     704     646     587     645     649     590+CONT
+CONT        532     591    7041    4574    8701    4535    3894    3965+CONT
+CONT       4567    4530    7037    4568    8699    4532
CHEXA        450       1     658     600     648     706     601     544+CONT
+CONT        592     650    5250    5203    3901    5251    5252    5204+CONT
+CONT       2480    2448    5206    5159    2690    5207
CHEXA        451       3     650     592     648     706     593     535+CONT
+CONT        590     649    2690    2480    3901    2448    2689    3948+CONT
+CONT       3956    3892    7033    3957    7037    3891
CHEXA        452       1     615     556     601     659     651     594+CONT
+CONT        650     707    5210    5205    5254    5253    5212    5164+CONT
+CONT       5207    5255    3716    2454    2649    3720
CHEXA        453       1     630     573     615     674     686     629+CONT
+CONT        651     708    5256    5209    5258    5257    5259    5211+CONT
+CONT       5212    5260    3723    3715    3722    3721
CHEXA        454       1     654     596     548     605     709     652+CONT
+CONT        606     664    5261    5214    5217    5262    5263    5215+CONT
+CONT       5170    5218    4060    4054    2702    4061
CHEXA        455       1     712     654     597     655     663     605+CONT
+CONT        547     604    5309    7472    7473    7505    5310    5262+CONT
+CONT       7442    7475    5265    7458    7456    7491
CHEXA        456       1     713     655     598     656     662     604+CONT
+CONT        546     603    7506    7474    7477    7507    7508    7475+CONT
+CONT       7445    7478    7489    7457    7454    7490
CHEXA        457       1     657     599     545     602     714     656+CONT
+CONT        603     661    7480    7448    7451    7481    7509    7476+CONT
+CONT       7453    7486    7510    7478    7487    7511
CHEXA        458       1     658     600     544     601     715     657+CONT
+CONT        602     660    5250    5204    5206    5252    7512    7479+CONT
+CONT       7450    7483    7513    7481    7484    7514
CHEXA        459       1     615     556     614     673     659     601+CONT
+CONT        660     718    5210    7467    7501    7500    5253    5205+CONT
+CONT       7482    7515    5254    7483    7517    7516
CHEXA        460       1     614     555     613     672     660     602+CONT
+CONT        661     719    7468    7464    7498    7497    7482    7449+CONT
+CONT       7485    7518    7484    7486    7520    7519
CHEXA        461       1     671     612     662     720     613     554+CONT
+CONT        603     661    7494    7488    7522    7521    7495    7462+CONT
+CONT       7490    7523    7465    7452    7487    7485
CHEXA        462       1     670     611     663     721     612     553+CONT
+CONT        604     662    5268    5264    5313    5312    7492    7459+CONT
+CONT       7491    7524    7461    7455    7489    7488
CHEXA        463       1     611     552     608     667     663     605+CONT
+CONT        664     722    5220    5173    4165    5221    5264    5216+CONT
+CONT       4164    4170    5265    5218    2703    5266
CHEXA        464       3     723     666     610     668     665     607+CONT
+CONT        551     609    7038    3958    7034    3864    2668    3959+CONT
+CONT       3951    3863    2672    2467    3877    2435
CHEXA        465       1     619     560     616     675     670     611+CONT
+CONT        667     725    5222    5176    4167    5224    5267    5219+CONT
+CONT       4166    4172    5268    5221    4171    5269
CHEXA        466       3     676     618     559     617     726     669+CONT
+CONT        610     668    8702    4570    7030    4520    4523    4575+CONT
+CONT       3950    3862    8704    4576    7034    4524
CHEXA        467       1     678     619     670     728     623     564+CONT
+CONT        612     671    5270    5267    5316    5315    5271    5223+CONT
+CONT       7492    7525    5225    7460    7494    7493
CHEXA        468       1     681     623     671     729     626     568+CONT
+CONT        613     672    5273    7493    7527    7526    5274    5226+CONT
+CONT       7495    7528    5229    7463    7498    7496
CHEXA        469       1     628     571     626     683     673     614+CONT
+CONT        672     730    5232    5228    5277    5276    7499    7466+CONT
+CONT       7496    7529    7501    7497    7531    7530
CHEXA        470       1     630     573     628     685     674     615+CONT
+CONT        673     731    5256    5231    5280    5279    5257    5209+CONT
+CONT       7499    7532    5258    7500    7534    7533
CHEXA        471       1     678     619     564     623     733     675+CONT
+CONT        620     679    5270    5223    5225    5271    5272    5224+CONT
+CONT       5179    5227    4173    4168    4169    2473
CHEXA        472       3     734     677     622     680     676     618+CONT
+CONT        563     621    7043    3969    7039    3868    4525    4577+CONT
+CONT       4571    4522    8702    4569    8700    4521
CHEXA        473       1     681     623     568     626     736     679+CONT
+CONT        624     682    5273    5226    5229    5274    5275    5227+CONT
+CONT       5182    5230    3881    2472    2684    2440
CHEXA        474       3     682     624     566     625     736     679+CONT
+CONT        622     680    2684    3952    7035    2683    2440    2472+CONT
+CONT       3960    3866    3881    3961    7039    3865
CHEXA        475       1     628     571     627     684     683     626+CONT
+CONT        682     738    5232    5185    3719    5233    5276    5228+CONT
+CONT       2455    3724    5277    5230    2630    5278
CHEXA        476       1     630     573     629     686     685     628+CONT
+CONT        684     740    5256    5211    3723    5259    5279    5231+CONT
+CONT       3718    3725    5280    5233    3726    5281
CHEXA        477       1     690     632     688     744     635     577+CONT
+CONT        633     691    5282    5235    4063    5283    5284    5236+CONT
+CONT       4055    4062    5238    5191    4059    5239
CHEXA        478       1     690     632     596     654     744     688+CONT
+CONT        652     709    5282    5237    5261    5285    5283    5235+CONT
+CONT       5215    5263    4063    4057    4060    4064
CHEXA        479       1     747     690     635     694     712     654+CONT
+CONT        597     655    5330    5284    5286    5332    5333    5285+CONT
+CONT       7469    7502    5309    7472    7473    7505
CHEXA        480       1     694     635     691     748     639     580+CONT
+CONT        636     695    5286    5239    4066    5287    5288    5240+CONT
+CONT       4058    4065    5242    5195    2717    5243
CHEXA        481       3     697     637     692     750     638     579+CONT
+CONT        634     693    7036    3962    7040    3844    2674    3954+CONT
+CONT       3963    3845    2678    2460    3872    2428
CHEXA        482       1     751     694     639     698     713     655+CONT
+CONT        598     656    5334    5288    5290    5336    7535    7502+CONT
+CONT       7470    7503    7506    7474    7477    7507
CHEXA        483       1     640     581     639     698     700     641+CONT
+CONT        695     752    5245    5241    5290    5289    5246    5198+CONT
+CONT       5243    5291    4266    4264    2718    4268
CHEXA        484       3     754     696     637     697     702     643+CONT
+CONT        584     642    8705    4578    7036    2675    4536    4579+CONT
+CONT       3955    3890    8703    4573    7032    4534
CHEXA        485       1     699     640     599     657     755     698+CONT
+CONT        656     714    5293    7471    7480    7504    5337    5289+CONT
+CONT       7476    7509    5338    7503    7510    7536
CHEXA        486       1     705     647     600     658     756     699+CONT
+CONT        657     715    5295    5249    5250    5297    5340    5292+CONT
+CONT       7479    7512    5341    7504    7513    7537
CHEXA        487       1     647     588     640     699     703     644+CONT
+CONT        700     757    5247    5244    5293    5292    5248    5200+CONT
+CONT       5246    5294    4267    4265    4269    2482
CHEXA        488       3     704     646     701     758     645     587+CONT
+CONT        643     702    7041    3974    7045    3895    4535    4574+CONT
+CONT       4580    4537    8701    4572    8703    4533
CHEXA        489       1     705     647     703     759     658     600+CONT
+CONT        648     706    5295    5248    3902    5296    5297    5249+CONT
+CONT       2481    2449    5250    5203    3901    5251
CHEXA        490       3     759     703     646     704     706     648+CONT
+CONT        590     649    3902    3964    7041    3893    2449    2481+CONT
+CONT       3965    3894    3901    3956    7037    3892
CHEXA        491       1     716     658     706     761     659     601+CONT
+CONT        650     707    5298    5251    3587    5299    5300    5252+CONT
+CONT       2448    3586    5254    5207    2649    5255
CHEXA        492       1     674     615     659     717     708     651+CONT
+CONT        707     762    5258    5253    5302    5301    5260    5212+CONT
+CONT       5255    5303    3722    3720    2650    3727
CHEXA        493       1     687     630     674     732     742     686+CONT
+CONT        708     763    5304    5257    5306    5305    5307    5259+CONT
+CONT       5260    5308    3730    3721    3729    3728
CHEXA        494       1     712     654     605     663     764     709+CONT
+CONT        664     722    5309    5262    5265    5310    5311    5263+CONT
+CONT       5218    5266    4067    4061    2703    4068
CHEXA        495       3     723     666     607     665     765     711+CONT
+CONT        653     710    7038    3959    2672    2668    3846    3966+CONT
+CONT       2461    2429    7042    3967    3873    3847
CHEXA        496       1     767     712     655     713     721     663+CONT
+CONT        604     662    5357    7505    7506    7538    5358    5310+CONT
+CONT       7475    7508    5313    7491    7489    7524
CHEXA        497       1     768     713     656     714     720     662+CONT
+CONT        603     661    7539    7507    7510    7540    7541    7508+CONT
+CONT       7478    7511    7522    7490    7487    7523
CHEXA        498       1     715     657     602     660     769     714+CONT
+CONT        661     719    7513    7481    7484    7514    7542    7509+CONT
+CONT       7486    7519    7543    7511    7520    7544
CHEXA        499       1     716     658     601     659     770     715+CONT
+CONT        660     718    5298    5252    5254    5300    7545    7512+CONT
+CONT       7483    7516    7546    7514    7517    7547
CHEXA        500       1     674     615     673     731     717     659+CONT
+CONT        718     773    5258    7500    7534    7533    5301    5253+CONT
+CONT       7515    7548    5302    7516    7550    7549
CHEXA        501       1     673     614     672     730     718     660+CONT
+CONT        719     774    7501    7497    7531    7530    7515    7482+CONT
+CONT       7518    7551    7517    7519    7553    7552
CHEXA        502       1     729     671     720     775     672     613+CONT
+CONT        661     719    7527    7521    7555    7554    7528    7495+CONT
+CONT       7523    7556    7498    7485    7520    7518
CHEXA        503       1     728     670     721     776     671     612+CONT
+CONT        662     720    5316    5312    5361    5360    7525    7492+CONT
+CONT       7524    7557    7494    7488    7522    7521
CHEXA        504       1     670     611     667     725     721     663+CONT
+CONT        722     777    5268    5221    4171    5269    5312    5264+CONT
+CONT       4170    4174    5313    5266    2704    5314
CHEXA        505       3     779     724     669     726     723     666+CONT
+CONT        610     668    8706    4581    8704    4526    2669    4582+CONT
+CONT       4576    4524    7038    3958    7034    3864
CHEXA        506       1     678     619     675     733     728     670+CONT
+CONT        725     780    5270    5224    4173    5272    5315    5267+CONT
+CONT       4172    2474    5316    5269    4175    5317
CHEXA        507       3     734     677     618     676     781     727+CONT
+CONT        669     726    7043    4577    8702    4525    3870    3975+CONT
+CONT       4575    4523    7046    4583    8704    4527
CHEXA        508       1     735     678     728     782     681     623+CONT
+CONT        671     729    5318    5315    5364    5363    5319    5271+CONT
+CONT       7525    7558    5273    7493    7527    7526
CHEXA        509       1     737     681     729     783     683     626+CONT
+CONT        672     730    5321    7526    7560    7559    5322    5274+CONT
+CONT       7528    7561    5277    7496    7531    7529
CHEXA        510       1     685     628     683     739     731     673+CONT
+CONT        730     784    5280    5276    5325    5324    7532    7499+CONT
+CONT       7529    7562    7534    7530    7564    7563
CHEXA        511       1     687     630     685     741     732     674+CONT
+CONT        731     785    5304    5279    5328    5327    5305    5257+CONT
+CONT       7532    7565    5306    7533    7567    7566
CHEXA        512       1     735     678     623     681     787     733+CONT
+CONT        679     736    5318    5271    5273    5319    5320    5272+CONT
+CONT       5227    5275    3882    2473    3881    2441
CHEXA        513       3     787     733     679     736     734     677+CONT
+CONT        622     680    3882    2473    3881    2441    3867    3968+CONT
+CONT       3961    3865    7043    3969    7039    3868
CHEXA        514       1     737     681     626     683     789     736+CONT
+CONT        682     738    5321    5274    5277    5322    5323    5275+CONT
+CONT       5230    5278    3457    2440    2630    3458
CHEXA        515       1     685     628     684     740     739     683+CONT
+CONT        738     791    5280    5233    3726    5281    5324    5276+CONT
+CONT       3724    3731    5325    5278    2631    5326
CHEXA        516       1     687     630     686     742     741     685+CONT
+CONT        740     793    5304    5259    3730    5307    5327    5279+CONT
+CONT       3725    3732    5328    5281    3733    5329
CHEXA        517       1     747     690     744     797     694     635+CONT
+CONT        691     748    5330    5283    4070    5331    5332    5284+CONT
+CONT       4062    4069    5286    5239    4066    5287
CHEXA        518       1     747     690     654     712     797     744+CONT
+CONT        709     764    5330    5285    5309    5333    5331    5283+CONT
+CONT       5263    5311    4070    4064    4067    4071
CHEXA        519       3     798     746     711     765     745     689+CONT
+CONT        653     710    7044    3970    7042    3849    3848    3971+CONT
+CONT       3967    3847    3874    2462    3873    2430
CHEXA        520       3     798     746     689     745     750     692+CONT
+CONT        634     693    7044    3971    3874    3848    3850    3972+CONT
+CONT       2463    2431    7040    3963    3872    3845
CHEXA        521       1     800     747     694     751     767     712+CONT
+CONT        655     713    5378    5332    5334    5380    5381    5333+CONT
+CONT       7502    7535    5357    7505    7506    7538
CHEXA        522       1     751     694     748     801     698     639+CONT
+CONT        695     752    5334    5287    4073    5335    5336    5288+CONT
+CONT       4065    4072    5290    5243    2718    5291
CHEXA        523       3     754     696     749     803     697     637+CONT
+CONT        692     750    8705    4584    8707    4508    2675    4578+CONT
+CONT       4585    4509    7036    3962    7040    3844
CHEXA        524       1     804     751     698     755     768     713+CONT
+CONT        656     714    5382    5336    5338    5384    7568    7535+CONT
+CONT       7503    7536    7539    7507    7510    7540
CHEXA        525       1     699     640     698     755     757     700+CONT
+CONT        752     805    5293    5289    5338    5337    5294    5246+CONT
+CONT       5291    5339    4269    4268    2719    2483
CHEXA        526       3     806     753     696     754     758     701+CONT
+CONT        643     702    7047    4586    8705    2676    3897    3978+CONT
+CONT       4579    4536    7045    4580    8703    4537
CHEXA        527       1     756     699     657     715     807     755+CONT
+CONT        714     769    5341    7504    7513    7537    5385    5337+CONT
+CONT       7509    7542    5386    7536    7543    7569
CHEXA        528       1     760     705     658     716     808     756+CONT
+CONT        715     770    5343    5297    5298    5345    5388    5340+CONT
+CONT       7512    7545    5389    7537    7546    7570
CHEXA        529       1     705     647     699     756     759     703+CONT
+CONT        757     809    5295    5292    5341    5340    5296    5248+CONT
+CONT       5294    5342    3902    2482    3903    2450
CHEXA        530       3     759     703     757     809     704     646+CONT
+CONT        701     758    3902    2482    3903    2450    3893    3964+CONT
+CONT       3973    3896    7041    3974    7045    3895
CHEXA        531       1     760     705     759     810     716     658+CONT
+CONT        706     761    5343    5296    3589    5344    5345    5297+CONT
+CONT       2449    3588    5298    5251    3587    5299
CHEXA        532       1     771     716     761     812     717     659+CONT
+CONT        707     762    5346    5299    3591    5347    5348    5300+CONT
+CONT       3586    3590    5302    5255    2650    5303
CHEXA        533       1     732     674     717     772     763     708+CONT
+CONT        762     813    5306    5301    5350    5349    5308    5260+CONT
+CONT       5303    5351    3729    3727    2651    3734
CHEXA        534       1     743     687     732     786     795     742+CONT
+CONT        763     814    5352    5305    5354    5353    5355    5307+CONT
+CONT       5308    5356    3737    3728    3736    3735
CHEXA        535       1     767     712     663     721     815     764+CONT
+CONT        722     777    5357    5310    5313    5358    5359    5311+CONT
+CONT       5266    5314    4074    4068    2704    4075
CHEXA        536       3     779     724     666     723     816     766+CONT
+CONT        711     765    8706    4582    7038    2669    4510    4587+CONT
+CONT       3966    3846    8708    4588    7042    4511
CHEXA        537       1     818     767     713     768     776     721+CONT
+CONT        662     720    5405    7538    7539    7571    5406    5358+CONT
+CONT       7508    7541    5361    7524    7522    7557
CHEXA        538       1     819     768     714     769     775     720+CONT
+CONT        661     719    7572    7540    7543    7573    7574    7541+CONT
+CONT       7511    7544    7555    7523    7520    7556
CHEXA        539       1     770     715     660     718     820     769+CONT
+CONT        719     774    7546    7514    7517    7547    7575    7542+CONT
+CONT       7519    7552    7576    7544    7553    7577
CHEXA        540       1     771     716     659     717     821     770+CONT
+CONT        718     773    5346    5300    5302    5348    7578    7545+CONT
+CONT       7516    7549    7579    7547    7550    7580
CHEXA        541       1     732     674     731     785     772     717+CONT
+CONT        773     824    5306    7533    7567    7566    5349    5301+CONT
+CONT       7548    7581    5350    7549    7583    7582
CHEXA        542       1     731     673     730     784     773     718+CONT
+CONT        774     825    7534    7530    7564    7563    7548    7515+CONT
+CONT       7551    7584    7550    7552    7586    7585
CHEXA        543       1     783     729     775     826     730     672+CONT
+CONT        719     774    7560    7554    7588    7587    7561    7528+CONT
+CONT       7556    7589    7531    7518    7553    7551
CHEXA        544       1     782     728     776     827     729     671+CONT
+CONT        720     775    5364    5360    5409    5408    7558    7525+CONT
+CONT       7557    7590    7527    7521    7555    7554
CHEXA        545       1     728     670     725     780     776     721+CONT
+CONT        777     828    5316    5269    4175    5317    5360    5312+CONT
+CONT       4174    2475    5361    5314    2705    5362
CHEXA        546       3     829     778     727     781     779     724+CONT
+CONT        669     726    7048    3980    7046    3871    2670    4589+CONT
+CONT       4583    4527    8706    4581    8704    4526
CHEXA        547       1     735     678     733     787     782     728+CONT
+CONT        780     830    5318    5272    3882    5320    5363    5315+CONT
+CONT       2474    2442    5364    5317    3883    5365
CHEXA        548       3     787     733     677     734     830     780+CONT
+CONT        727     781    3882    3968    7043    3867    2442    2474+CONT
+CONT       3975    3870    3883    3976    7046    3869
CHEXA        549       1     788     735     782     831     737     681+CONT
+CONT        729     783    5366    5363    5412    5411    5367    5319+CONT
+CONT       7558    7591    5321    7526    7560    7559
CHEXA        550       1     790     737     783     832     739     683+CONT
+CONT        730     784    5369    7559    7593    7592    5370    5322+CONT
+CONT       7561    7594    5325    7529    7564    7562
CHEXA        551       1     741     685     739     792     785     731+CONT
+CONT        784     833    5328    5324    5373    5372    7565    7532+CONT
+CONT       7562    7595    7567    7563    7597    7596
CHEXA        552       1     743     687     741     794     786     732+CONT
+CONT        785     834    5352    5327    5376    5375    5353    5305+CONT
+CONT       7565    7598    5354    7566    7600    7599
CHEXA        553       1     788     735     681     737     836     787+CONT
+CONT        736     789    5366    5319    5321    5367    5368    5320+CONT
+CONT       5275    5323    3459    2441    3457    3460
CHEXA        554       1     790     737     683     739     838     789+CONT
+CONT        738     791    5369    5322    5325    5370    5371    5323+CONT
+CONT       5278    5326    3461    3458    2631    3462
CHEXA        555       1     741     685     740     793     792     739+CONT
+CONT        791     840    5328    5281    3733    5329    5372    5324+CONT
+CONT       3731    3738    5373    5326    2632    5374
CHEXA        556       1     743     687     742     795     794     741+CONT
+CONT        793     842    5352    5307    3737    5355    5375    5327+CONT
+CONT       3732    3739    5376    5329    3740    5377
CHEXA        557       1     800     747     797     846     751     694+CONT
+CONT        748     801    5378    5331    4077    5379    5380    5332+CONT
+CONT       4069    4076    5334    5287    4073    5335
CHEXA        558       1     800     747     712     767     846     797+CONT
+CONT        764     815    5378    5333    5357    5381    5379    5331+CONT
+CONT       5311    5359    4077    4071    4074    4078
CHEXA        559       3     847     799     766     816     798     746+CONT
+CONT        711     765    8709    4590    8708    4513    4512    4591+CONT
+CONT       4588    4511    7044    3970    7042    3849
CHEXA        560       3     847     799     746     798     803     749+CONT
+CONT        692     750    8709    4591    7044    4512    4514    4592+CONT
+CONT       3972    3850    8707    4585    7040    4509
CHEXA        561       1     849     800     751     804     818     767+CONT
+CONT        713     768    5426    5380    5382    5428    5429    5381+CONT
+CONT       7535    7568    5405    7538    7539    7571
CHEXA        562       1     804     751     801     850     755     698+CONT
+CONT        752     805    5382    5335    4079    5383    5384    5336+CONT
+CONT       4072    2468    5338    5291    2719    5339
CHEXA        563       3     806     753     802     851     754     696+CONT
+CONT        749     803    7047    3982    7049    3851    2676    4586+CONT
+CONT       4593    4515    8705    4584    8707    4508
CHEXA        564       1     852     804     755     807     819     768+CONT
+CONT        714     769    5430    5384    5386    5432    7601    7568+CONT
+CONT       7536    7569    7572    7540    7543    7573
CHEXA        565       1     756     699     755     807     809     757+CONT
+CONT        805     853    5341    5337    5386    5385    5342    5294+CONT
+CONT       5339    5387    3903    2483    2679    2451
CHEXA        566       3     853     805     753     806     809     757+CONT
+CONT        701     758    2679    3977    7047    2677    2451    2483+CONT
+CONT       3978    3897    3903    3973    7045    3896
CHEXA        567       1     808     756     715     770     854     807+CONT
+CONT        769     820    5389    7537    7546    7570    5433    5385+CONT
+CONT       7542    7575    5434    7569    7576    7602
CHEXA        568       1     811     760     716     771     855     808+CONT
+CONT        770     821    5391    5345    5346    5393    5436    5388+CONT
+CONT       7545    7578    5437    7570    7579    7603
CHEXA        569       1     760     705     756     808     810     759+CONT
+CONT        809     856    5343    5340    5389    5388    5344    5296+CONT
+CONT       5342    5390    3589    2450    3593    3592
CHEXA        570       1     811     760     810     857     771     716+CONT
+CONT        761     812    5391    5344    3595    5392    5393    5345+CONT
+CONT       3588    3594    5346    5299    3591    5347
CHEXA        571       1     822     771     812     859     772     717+CONT
+CONT        762     813    5394    5347    3597    5395    5396    5348+CONT
+CONT       3590    3596    5350    5303    2651    5351
CHEXA        572       1     786     732     772     823     814     763+CONT
+CONT        813     860    5354    5349    5398    5397    5356    5308+CONT
+CONT       5351    5399    3736    3734    2652    3741
CHEXA        573       1     796     743     786     835     844     795+CONT
+CONT        814     861    5400    5353    5402    5401    5403    5355+CONT
+CONT       5356    5404    3744    3735    3743    3742
CHEXA        574       1     818     767     721     776     862     815+CONT
+CONT        777     828    5405    5358    5361    5406    5407    5359+CONT
+CONT       5314    5362    4080    4075    2705    2469
CHEXA        575       3     829     778     724     779     863     817+CONT
+CONT        766     816    7048    4589    8706    2670    3854    3983+CONT
+CONT       4587    4510    7050    4594    8708    4516
CHEXA        576       1     864     818     768     819     827     776+CONT
+CONT        720     775    5453    7571    7572    7604    5454    5406+CONT
+CONT       7541    7574    5409    7557    7555    7590
CHEXA        577       1     865     819     769     820     826     775+CONT
+CONT        719     774    7605    7573    7576    7606    7607    7574+CONT
+CONT       7544    7577    7588    7556    7553    7589
CHEXA        578       1     821     770     718     773     866     820+CONT
+CONT        774     825    7579    7547    7550    7580    7608    7575+CONT
+CONT       7552    7585    7609    7577    7586    7610
CHEXA        579       1     822     771     717     772     867     821+CONT
+CONT        773     824    5394    5348    5350    5396    7611    7578+CONT
+CONT       7549    7582    7612    7580    7583    7613
CHEXA        580       1     786     732     785     834     823     772+CONT
+CONT        824     870    5354    7566    7600    7599    5397    5349+CONT
+CONT       7581    7614    5398    7582    7616    7615
CHEXA        581       1     785     731     784     833     824     773+CONT
+CONT        825     871    7567    7563    7597    7596    7581    7548+CONT
+CONT       7584    7617    7583    7585    7619    7618
CHEXA        582       1     832     783     826     872     784     730+CONT
+CONT        774     825    7593    7587    7621    7620    7594    7561+CONT
+CONT       7589    7622    7564    7551    7586    7584
CHEXA        583       1     831     782     827     873     783     729+CONT
+CONT        775     826    5412    5408    5457    5456    7591    7558+CONT
+CONT       7590    7623    7560    7554    7588    7587
CHEXA        584       1     782     728     780     830     827     776+CONT
+CONT        828     874    5364    5317    3883    5365    5408    5360+CONT
+CONT       2475    2443    5409    5362    2673    5410
CHEXA        585       3     874     828     780     830     829     778+CONT
+CONT        727     781    2673    2475    3883    2443    2671    3979+CONT
+CONT       3976    3869    7048    3980    7046    3871
CHEXA        586       1     788     735     787     836     831     782+CONT
+CONT        830     875    5366    5320    3459    5368    5411    5363+CONT
+CONT       2442    3464    5412    5365    3463    5413
CHEXA        587       1     837     788     831     876     790     737+CONT
+CONT        783     832    5414    5411    5460    5459    5415    5367+CONT
+CONT       7591    7624    5369    7559    7593    7592
CHEXA        588       1     839     790     832     877     792     739+CONT
+CONT        784     833    5417    7592    7626    7625    5418    5370+CONT
+CONT       7594    7627    5373    7562    7597    7595
CHEXA        589       1     794     741     792     841     834     785+CONT
+CONT        833     878    5376    5372    5421    5420    7598    7565+CONT
+CONT       7595    7628    7600    7596    7630    7629
CHEXA        590       1     796     743     794     843     835     786+CONT
+CONT        834     879    5400    5375    5424    5423    5401    5353+CONT
+CONT       7598    7631    5402    7599    7633    7632
CHEXA        591       1     837     788     737     790     881     836+CONT
+CONT        789     838    5414    5367    5369    5415    5416    5368+CONT
+CONT       5323    5371    3465    3460    3461    3466
CHEXA        592       1     839     790     739     792     883     838+CONT
+CONT        791     840    5417    5370    5373    5418    5419    5371+CONT
+CONT       5326    5374    3467    3462    2632    3468
CHEXA        593       1     794     741     793     842     841     792+CONT
+CONT        840     885    5376    5329    3740    5377    5420    5372+CONT
+CONT       3738    3745    5421    5374    2633    5422
CHEXA        594       1     796     743     795     844     843     794+CONT
+CONT        842     887    5400    5355    3744    5403    5423    5375+CONT
+CONT       3739    3746    5424    5377    3747    5425
CHEXA        595       1     849     800     846     891     804     751+CONT
+CONT        801     850    5426    5379    4081    5427    5428    5380+CONT
+CONT       4076    2470    5382    5335    4079    5383
CHEXA        596       1     849     800     767     818     891     846+CONT
+CONT        815     862    5426    5381    5405    5429    5427    5379+CONT
+CONT       5359    5407    4081    4078    4080    2471
CHEXA        597       3     892     848     817     863     847     799+CONT
+CONT        766     816    7051    3986    7050    3856    4517    4595+CONT
+CONT       4594    4516    8709    4590    8708    4513
CHEXA        598       3     892     848     799     847     851     802+CONT
+CONT        749     803    7051    4595    8709    4517    3857    3987+CONT
+CONT       4592    4514    7049    4593    8707    4515
CHEXA        599       1     893     849     804     852     864     818+CONT
+CONT        768     819    5474    5428    5430    5476    5477    5429+CONT
+CONT       7568    7601    5453    7571    7572    7604
CHEXA        600       1     852     804     850     894     807     755+CONT
+CONT        805     853    5430    5383    3878    5431    5432    5384+CONT
+CONT       2468    2436    5386    5339    2679    5387
CHEXA        601       3     853     805     850     894     806     753+CONT
+CONT        802     851    2679    2468    3878    2436    2677    3977+CONT
+CONT       3981    3852    7047    3982    7049    3851
CHEXA        602       1     895     852     807     854     865     819+CONT
+CONT        769     820    5478    5432    5434    5480    7634    7601+CONT
+CONT       7569    7602    7605    7573    7576    7606
CHEXA        603       1     808     756     807     854     856     809+CONT
+CONT        853     896    5389    5385    5434    5433    5390    5342+CONT
+CONT       5387    5435    3593    2451    2611    3598
CHEXA        604       1     855     808     770     821     897     854+CONT
+CONT        820     866    5437    7570    7579    7603    5481    5433+CONT
+CONT       7575    7608    5482    7602    7609    7635
CHEXA        605       1     858     811     771     822     898     855+CONT
+CONT        821     867    5439    5393    5394    5441    5484    5436+CONT
+CONT       7578    7611    5485    7603    7612    7636
CHEXA        606       1     811     760     808     855     857     810+CONT
+CONT        856     899    5391    5388    5437    5436    5392    5344+CONT
+CONT       5390    5438    3595    3592    3600    3599
CHEXA        607       1     858     811     857     900     822     771+CONT
+CONT        812     859    5439    5392    3602    5440    5441    5393+CONT
+CONT       3594    3601    5394    5347    3597    5395
CHEXA        608       1     868     822     859     902     823     772+CONT
+CONT        813     860    5442    5395    3604    5443    5444    5396+CONT
+CONT       3596    3603    5398    5351    2652    5399
CHEXA        609       1     835     786     823     869     861     814+CONT
+CONT        860     903    5402    5397    5446    5445    5404    5356+CONT
+CONT       5399    5447    3743    3741    2653    3748
CHEXA        610       1     845     796     835     880     889     844+CONT
+CONT        861     904    5448    5401    5450    5449    5451    5403+CONT
+CONT       5404    5452    3751    3742    3750    3749
CHEXA        611       1     864     818     776     827     905     862+CONT
+CONT        828     874    5453    5406    5409    5454    5455    5407+CONT
+CONT       5362    5410    3879    2469    2673    2437
CHEXA        612       3     874     828     778     829     905     862+CONT
+CONT        817     863    2673    3979    7048    2671    2437    2469+CONT
+CONT       3983    3854    3879    3984    7050    3853
CHEXA        613       1     906     864     819     865     873     827+CONT
+CONT        775     826    5501    7604    7605    7637    5502    5454+CONT
+CONT       7574    7607    5457    7590    7588    7623
CHEXA        614       1     907     865     820     866     872     826+CONT
+CONT        774     825    7638    7606    7609    7639    7640    7607+CONT
+CONT       7577    7610    7621    7589    7586    7622
CHEXA        615       1     867     821     773     824     908     866+CONT
+CONT        825     871    7612    7580    7583    7613    7641    7608+CONT
+CONT       7585    7618    7642    7610    7619    7643
CHEXA        616       1     868     822     772     823     909     867+CONT
+CONT        824     870    5442    5396    5398    5444    7644    7611+CONT
+CONT       7582    7615    7645    7613    7616    7646
CHEXA        617       1     835     786     834     879     869     823+CONT
+CONT        870     912    5402    7599    7633    7632    5445    5397+CONT
+CONT       7614    7647    5446    7615    7649    7648
CHEXA        618       1     834     785     833     878     870     824+CONT
+CONT        871     913    7600    7596    7630    7629    7614    7581+CONT
+CONT       7617    7650    7616    7618    7652    7651
CHEXA        619       1     877     832     872     914     833     784+CONT
+CONT        825     871    7626    7620    7654    7653    7627    7594+CONT
+CONT       7622    7655    7597    7584    7619    7617
CHEXA        620       1     876     831     873     915     832     783+CONT
+CONT        826     872    5460    5456    5505    5504    7624    7591+CONT
+CONT       7623    7656    7593    7587    7621    7620
CHEXA        621       1     831     782     830     875     873     827+CONT
+CONT        874     916    5412    5365    3463    5413    5456    5408+CONT
+CONT       2443    3469    5457    5410    2592    5458
CHEXA        622       1     837     788     836     881     876     831+CONT
+CONT        875     917    5414    5368    3465    5416    5459    5411+CONT
+CONT       3464    3471    5460    5413    3470    5461
CHEXA        623       1     882     837     876     918     839     790+CONT
+CONT        832     877    5462    5459    5508    5507    5463    5415+CONT
+CONT       7624    7657    5417    7592    7626    7625
CHEXA        624       1     884     839     877     919     841     792+CONT
+CONT        833     878    5465    7625    7659    7658    5466    5418+CONT
+CONT       7627    7660    5421    7595    7630    7628
CHEXA        625       1     843     794     841     886     879     834+CONT
+CONT        878     920    5424    5420    5469    5468    7631    7598+CONT
+CONT       7628    7661    7633    7629    7663    7662
CHEXA        626       1     845     796     843     888     880     835+CONT
+CONT        879     921    5448    5423    5472    5471    5449    5401+CONT
+CONT       7631    7664    5450    7632    7666    7665
CHEXA        627       1     882     837     790     839     923     881+CONT
+CONT        838     883    5462    5415    5417    5463    5464    5416+CONT
+CONT       5371    5419    3472    3466    3467    3473
CHEXA        628       1     884     839     792     841     925     883+CONT
+CONT        840     885    5465    5418    5421    5466    5467    5419+CONT
+CONT       5374    5422    3474    3468    2633    3475
CHEXA        629       1     843     794     842     887     886     841+CONT
+CONT        885     927    5424    5377    3747    5425    5468    5420+CONT
+CONT       3745    3752    5469    5422    2634    5470
CHEXA        630       1     845     796     844     889     888     843+CONT
+CONT        887     929    5448    5403    3751    5451    5471    5423+CONT
+CONT       3746    3753    5472    5425    3754    5473
CHEXA        631       1     893     849     891     933     852     804+CONT
+CONT        850     894    5474    5427    3880    5475    5476    5428+CONT
+CONT       2470    2439    5430    5383    3878    5431
CHEXA        632       1     893     849     818     864     933     891+CONT
+CONT        862     905    5474    5429    5453    5477    5475    5427+CONT
+CONT       5407    5455    3880    2471    3879    2438
CHEXA        633       3     933     891     862     905     892     848+CONT
+CONT        817     863    3880    2471    3879    2438    3855    3985+CONT
+CONT       3984    3853    7051    3986    7050    3856
CHEXA        634       3     933     891     848     892     894     850+CONT
+CONT        802     851    3880    3985    7051    3855    2439    2470+CONT
+CONT       3987    3857    3878    3981    7049    3852
CHEXA        635       1     934     893     852     895     906     864+CONT
+CONT        819     865    5522    5476    5478    5524    5525    5477+CONT
+CONT       7601    7634    5501    7604    7605    7637
CHEXA        636       1     895     852     894     935     854     807+CONT
+CONT        853     896    5478    5431    3329    5479    5480    5432+CONT
+CONT       2436    3328    5434    5387    2611    5435
CHEXA        637       1     936     895     854     897     907     865+CONT
+CONT        820     866    5526    5480    5482    5528    7667    7634+CONT
+CONT       7602    7635    7638    7606    7609    7639
CHEXA        638       1     855     808     854     897     899     856+CONT
+CONT        896     937    5437    5433    5482    5481    5438    5390+CONT
+CONT       5435    5483    3600    3598    2612    3605
CHEXA        639       1     898     855     821     867     938     897+CONT
+CONT        866     908    5485    7603    7612    7636    5529    5481+CONT
+CONT       7608    7641    5530    7635    7642    7668
CHEXA        640       1     901     858     822     868     939     898+CONT
+CONT        867     909    5487    5441    5442    5489    5532    5484+CONT
+CONT       7611    7644    5533    7636    7645    7669
CHEXA        641       1     858     811     855     898     900     857+CONT
+CONT        899     940    5439    5436    5485    5484    5440    5392+CONT
+CONT       5438    5486    3602    3599    3607    3606
CHEXA        642       1     901     858     900     941     868     822+CONT
+CONT        859     902    5487    5440    3609    5488    5489    5441+CONT
+CONT       3601    3608    5442    5395    3604    5443
CHEXA        643       1     910     868     902     943     869     823+CONT
+CONT        860     903    5490    5443    3611    5491    5492    5444+CONT
+CONT       3603    3610    5446    5399    2653    5447
CHEXA        644       1     880     835     869     911     904     861+CONT
+CONT        903     944    5450    5445    5494    5493    5452    5404+CONT
+CONT       5447    5495    3750    3748    2654    3755
CHEXA        645       1     890     845     880     922     931     889+CONT
+CONT        904     945    5496    5449    5498    5497    5499    5451+CONT
+CONT       5452    5500    3758    3749    3757    3756
CHEXA        646       1     906     864     827     873     946     905+CONT
+CONT        874     916    5501    5454    5457    5502    5503    5455+CONT
+CONT       5410    5458    3330    2437    2592    3331
CHEXA        647       1     947     906     865     907     915     873+CONT
+CONT        826     872    5549    7637    7638    7670    5550    5502+CONT
+CONT       7607    7640    5505    7623    7621    7656
CHEXA        648       1     948     907     866     908     914     872+CONT
+CONT        825     871    7671    7639    7642    7672    7673    7640+CONT
+CONT       7610    7643    7654    7622    7619    7655
CHEXA        649       1     909     867     824     870     949     908+CONT
+CONT        871     913    7645    7613    7616    7646    7674    7641+CONT
+CONT       7618    7651    7675    7643    7652    7676
CHEXA        650       1     910     868     823     869     950     909+CONT
+CONT        870     912    5490    5444    5446    5492    7677    7644+CONT
+CONT       7615    7648    7678    7646    7649    7679
CHEXA        651       1     880     835     879     921     911     869+CONT
+CONT        912     953    5450    7632    7666    7665    5493    5445+CONT
+CONT       7647    7680    5494    7648    7682    7681
CHEXA        652       1     879     834     878     920     912     870+CONT
+CONT        913     954    7633    7629    7663    7662    7647    7614+CONT
+CONT       7650    7683    7649    7651    7685    7684
CHEXA        653       1     919     877     914     955     878     833+CONT
+CONT        871     913    7659    7653    7687    7686    7660    7627+CONT
+CONT       7655    7688    7630    7617    7652    7650
CHEXA        654       1     918     876     915     956     877     832+CONT
+CONT        872     914    5508    5504    5553    5552    7657    7624+CONT
+CONT       7656    7689    7626    7620    7654    7653
CHEXA        655       1     876     831     875     917     915     873+CONT
+CONT        916     957    5460    5413    3470    5461    5504    5456+CONT
+CONT       3469    3476    5505    5458    2593    5506
CHEXA        656       1     882     837     881     923     918     876+CONT
+CONT        917     958    5462    5416    3472    5464    5507    5459+CONT
+CONT       3471    3478    5508    5461    3477    5509
CHEXA        657       1     924     882     918     959     884     839+CONT
+CONT        877     919    5510    5507    5556    5555    5511    5463+CONT
+CONT       7657    7690    5465    7625    7659    7658
CHEXA        658       1     926     884     919     960     886     841+CONT
+CONT        878     920    5513    7658    7692    7691    5514    5466+CONT
+CONT       7660    7693    5469    7628    7663    7661
CHEXA        659       1     888     843     886     928     921     879+CONT
+CONT        920     961    5472    5468    5517    5516    7664    7631+CONT
+CONT       7661    7694    7666    7662    7696    7695
CHEXA        660       1     890     845     888     930     922     880+CONT
+CONT        921     962    5496    5471    5520    5519    5497    5449+CONT
+CONT       7664    7697    5498    7665    7699    7698
CHEXA        661       1     924     882     839     884     964     923+CONT
+CONT        883     925    5510    5463    5465    5511    5512    5464+CONT
+CONT       5419    5467    3479    3473    3474    3480
CHEXA        662       1     926     884     841     886     966     925+CONT
+CONT        885     927    5513    5466    5469    5514    5515    5467+CONT
+CONT       5422    5470    3481    3475    2634    3482
CHEXA        663       1     888     843     887     929     928     886+CONT
+CONT        927     968    5472    5425    3754    5473    5516    5468+CONT
+CONT       3752    3759    5517    5470    2635    5518
CHEXA        664       1     890     845     889     931     930     888+CONT
+CONT        929     970    5496    5451    3758    5499    5519    5471+CONT
+CONT       3753    3760    5520    5473    3761    5521
CHEXA        665       1     934     893     933     974     895     852+CONT
+CONT        894     935    5522    5475    3333    5523    5524    5476+CONT
+CONT       2439    3332    5478    5431    3329    5479
CHEXA        666       1     934     893     864     906     974     933+CONT
+CONT        905     946    5522    5477    5501    5525    5523    5475+CONT
+CONT       5455    5503    3333    2438    3330    3334
CHEXA        667       1     975     934     895     936     947     906+CONT
+CONT        865     907    5570    5524    5526    5572    5573    5525+CONT
+CONT       7634    7667    5549    7637    7638    7670
CHEXA        668       1     936     895     935     976     897     854+CONT
+CONT        896     937    5526    5479    3336    5527    5528    5480+CONT
+CONT       3328    3335    5482    5435    2612    5483
CHEXA        669       1     977     936     897     938     948     907+CONT
+CONT        866     908    5574    5528    5530    5576    7700    7667+CONT
+CONT       7635    7668    7671    7639    7642    7672
CHEXA        670       1     898     855     897     938     940     899+CONT
+CONT        937     978    5485    5481    5530    5529    5486    5438+CONT
+CONT       5483    5531    3607    3605    2613    3612
CHEXA        671       1     939     898     867     909     979     938+CONT
+CONT        908     949    5533    7636    7645    7669    5577    5529+CONT
+CONT       7641    7674    5578    7668    7675    7701
CHEXA        672       1     942     901     868     910     980     939+CONT
+CONT        909     950    5535    5489    5490    5537    5580    5532+CONT
+CONT       7644    7677    5581    7669    7678    7702
CHEXA        673       1     901     858     898     939     941     900+CONT
+CONT        940     981    5487    5484    5533    5532    5488    5440+CONT
+CONT       5486    5534    3609    3606    3614    3613
CHEXA        674       1     942     901     941     982     910     868+CONT
+CONT        902     943    5535    5488    3616    5536    5537    5489+CONT
+CONT       3608    3615    5490    5443    3611    5491
CHEXA        675       1     951     910     943     984     911     869+CONT
+CONT        903     944    5538    5491    3618    5539    5540    5492+CONT
+CONT       3610    3617    5494    5447    2654    5495
CHEXA        676       1     922     880     911     952     945     904+CONT
+CONT        944     985    5498    5493    5542    5541    5500    5452+CONT
+CONT       5495    5543    3757    3755    2655    3762
CHEXA        677       1     932     890     922     963     972     931+CONT
+CONT        945     986    5544    5497    5546    5545    5547    5499+CONT
+CONT       5500    5548    3765    3756    3764    3763
CHEXA        678       1     947     906     873     915     987     946+CONT
+CONT        916     957    5549    5502    5505    5550    5551    5503+CONT
+CONT       5458    5506    3337    3331    2593    3338
CHEXA        679       1     988     947     907     948     956     915+CONT
+CONT        872     914    5597    7670    7671    7703    5598    5550+CONT
+CONT       7640    7673    5553    7656    7654    7689
CHEXA        680       1     989     948     908     949     955     914+CONT
+CONT        871     913    7704    7672    7675    7705    7706    7673+CONT
+CONT       7643    7676    7687    7655    7652    7688
CHEXA        681       1     950     909     870     912     990     949+CONT
+CONT        913     954    7678    7646    7649    7679    7707    7674+CONT
+CONT       7651    7684    7708    7676    7685    7709
CHEXA        682       1     951     910     869     911     991     950+CONT
+CONT        912     953    5538    5492    5494    5540    7710    7677+CONT
+CONT       7648    7681    7711    7679    7682    7712
CHEXA        683       1     922     880     921     962     952     911+CONT
+CONT        953     994    5498    7665    7699    7698    5541    5493+CONT
+CONT       7680    7713    5542    7681    7715    7714
CHEXA        684       1     921     879     920     961     953     912+CONT
+CONT        954     995    7666    7662    7696    7695    7680    7647+CONT
+CONT       7683    7716    7682    7684    7718    7717
CHEXA        685       1     960     919     955     996     920     878+CONT
+CONT        913     954    7692    7686    7720    7719    7693    7660+CONT
+CONT       7688    7721    7663    7650    7685    7683
CHEXA        686       1     959     918     956     997     919     877+CONT
+CONT        914     955    5556    5552    5601    5600    7690    7657+CONT
+CONT       7689    7722    7659    7653    7687    7686
CHEXA        687       1     918     876     917     958     956     915+CONT
+CONT        957     998    5508    5461    3477    5509    5552    5504+CONT
+CONT       3476    3483    5553    5506    2594    5554
CHEXA        688       1     924     882     923     964     959     918+CONT
+CONT        958     999    5510    5464    3479    5512    5555    5507+CONT
+CONT       3478    3485    5556    5509    3484    5557
CHEXA        689       1     965     924     959    1000     926     884+CONT
+CONT        919     960    5558    5555    5604    5603    5559    5511+CONT
+CONT       7690    7723    5513    7658    7692    7691
CHEXA        690       1     967     926     960    1001     928     886+CONT
+CONT        920     961    5561    7691    7725    7724    5562    5514+CONT
+CONT       7693    7726    5517    7661    7696    7694
CHEXA        691       1     930     888     928     969     962     921+CONT
+CONT        961    1002    5520    5516    5565    5564    7697    7664+CONT
+CONT       7694    7727    7699    7695    7729    7728
CHEXA        692       1     932     890     930     971     963     922+CONT
+CONT        962    1003    5544    5519    5568    5567    5545    5497+CONT
+CONT       7697    7730    5546    7698    7732    7731
CHEXA        693       1     965     924     884     926    1005     964+CONT
+CONT        925     966    5558    5511    5513    5559    5560    5512+CONT
+CONT       5467    5515    3486    3480    3481    3487
CHEXA        694       1     967     926     886     928    1007     966+CONT
+CONT        927     968    5561    5514    5517    5562    5563    5515+CONT
+CONT       5470    5518    3488    3482    2635    3489
CHEXA        695       1     930     888     929     970     969     928+CONT
+CONT        968    1009    5520    5473    3761    5521    5564    5516+CONT
+CONT       3759    3766    5565    5518    2636    5566
CHEXA        696       1     932     890     931     972     971     930+CONT
+CONT        970    1011    5544    5499    3765    5547    5567    5519+CONT
+CONT       3760    3767    5568    5521    3768    5569
CHEXA        697       1     975     934     974    1015     936     895+CONT
+CONT        935     976    5570    5523    3340    5571    5572    5524+CONT
+CONT       3332    3339    5526    5479    3336    5527
CHEXA        698       1     975     934     906     947    1015     974+CONT
+CONT        946     987    5570    5525    5549    5573    5571    5523+CONT
+CONT       5503    5551    3340    3334    3337    3341
CHEXA        699       1    1016     975     936     977     988     947+CONT
+CONT        907     948    5618    5572    5574    5620    5621    5573+CONT
+CONT       7667    7700    5597    7670    7671    7703
CHEXA        700       1     977     936     976    1017     938     897+CONT
+CONT        937     978    5574    5527    3343    5575    5576    5528+CONT
+CONT       3335    3342    5530    5483    2613    5531
CHEXA        701       1    1018     977     938     979     989     948+CONT
+CONT        908     949    5622    5576    5578    5624    7733    7700+CONT
+CONT       7668    7701    7704    7672    7675    7705
CHEXA        702       1     939     898     938     979     981     940+CONT
+CONT        978    1019    5533    5529    5578    5577    5534    5486+CONT
+CONT       5531    5579    3614    3612    2614    3619
CHEXA        703       1     980     939     909     950    1020     979+CONT
+CONT        949     990    5581    7669    7678    7702    5625    5577+CONT
+CONT       7674    7707    5626    7701    7708    7734
CHEXA        704       1     983     942     910     951    1021     980+CONT
+CONT        950     991    5583    5537    5538    5585    5628    5580+CONT
+CONT       7677    7710    5629    7702    7711    7735
CHEXA        705       1     942     901     939     980     982     941+CONT
+CONT        981    1022    5535    5532    5581    5580    5536    5488+CONT
+CONT       5534    5582    3616    3613    3621    3620
CHEXA        706       1     983     942     982    1023     951     910+CONT
+CONT        943     984    5583    5536    3623    5584    5585    5537+CONT
+CONT       3615    3622    5538    5491    3618    5539
CHEXA        707       1     992     951     984    1025     952     911+CONT
+CONT        944     985    5586    5539    3625    5587    5588    5540+CONT
+CONT       3617    3624    5542    5495    2655    5543
CHEXA        708       1     963     922     952     993     986     945+CONT
+CONT        985    1026    5546    5541    5590    5589    5548    5500+CONT
+CONT       5543    5591    3764    3762    2656    3769
CHEXA        709       1     973     932     963    1004    1013     972+CONT
+CONT        986    1027    5592    5545    5594    5593    5595    5547+CONT
+CONT       5548    5596    3772    3763    3771    3770
CHEXA        710       1     988     947     915     956    1028     987+CONT
+CONT        957     998    5597    5550    5553    5598    5599    5551+CONT
+CONT       5506    5554    3344    3338    2594    3345
CHEXA        711       1    1029     988     948     989     997     956+CONT
+CONT        914     955    5645    7703    7704    7736    5646    5598+CONT
+CONT       7673    7706    5601    7689    7687    7722
CHEXA        712       1    1030     989     949     990     996     955+CONT
+CONT        913     954    7737    7705    7708    7738    7739    7706+CONT
+CONT       7676    7709    7720    7688    7685    7721
CHEXA        713       1     991     950     912     953    1031     990+CONT
+CONT        954     995    7711    7679    7682    7712    7740    7707+CONT
+CONT       7684    7717    7741    7709    7718    7742
CHEXA        714       1     992     951     911     952    1032     991+CONT
+CONT        953     994    5586    5540    5542    5588    7743    7710+CONT
+CONT       7681    7714    7744    7712    7715    7745
CHEXA        715       1     963     922     962    1003     993     952+CONT
+CONT        994    1035    5546    7698    7732    7731    5589    5541+CONT
+CONT       7713    7746    5590    7714    7748    7747
CHEXA        716       1     962     921     961    1002     994     953+CONT
+CONT        995    1036    7699    7695    7729    7728    7713    7680+CONT
+CONT       7716    7749    7715    7717    7751    7750
CHEXA        717       1    1001     960     996    1037     961     920+CONT
+CONT        954     995    7725    7719    7753    7752    7726    7693+CONT
+CONT       7721    7754    7696    7683    7718    7716
CHEXA        718       1    1000     959     997    1038     960     919+CONT
+CONT        955     996    5604    5600    5649    5648    7723    7690+CONT
+CONT       7722    7755    7692    7686    7720    7719
CHEXA        719       1     959     918     958     999     997     956+CONT
+CONT        998    1039    5556    5509    3484    5557    5600    5552+CONT
+CONT       3483    3490    5601    5554    2595    5602
CHEXA        720       1     965     924     964    1005    1000     959+CONT
+CONT        999    1040    5558    5512    3486    5560    5603    5555+CONT
+CONT       3485    3492    5604    5557    3491    5605
CHEXA        721       1    1006     965    1000    1041     967     926+CONT
+CONT        960    1001    5606    5603    5652    5651    5607    5559+CONT
+CONT       7723    7756    5561    7691    7725    7724
CHEXA        722       1    1008     967    1001    1042     969     928+CONT
+CONT        961    1002    5609    7724    7758    7757    5610    5562+CONT
+CONT       7726    7759    5565    7694    7729    7727
CHEXA        723       1     971     930     969    1010    1003     962+CONT
+CONT       1002    1043    5568    5564    5613    5612    7730    7697+CONT
+CONT       7727    7760    7732    7728    7762    7761
CHEXA        724       1     973     932     971    1012    1004     963+CONT
+CONT       1003    1044    5592    5567    5616    5615    5593    5545+CONT
+CONT       7730    7763    5594    7731    7765    7764
CHEXA        725       1    1006     965     926     967    1046    1005+CONT
+CONT        966    1007    5606    5559    5561    5607    5608    5560+CONT
+CONT       5515    5563    3493    3487    3488    3494
CHEXA        726       1    1008     967     928     969    1048    1007+CONT
+CONT        968    1009    5609    5562    5565    5610    5611    5563+CONT
+CONT       5518    5566    3495    3489    2636    3496
CHEXA        727       1     971     930     970    1011    1010     969+CONT
+CONT       1009    1050    5568    5521    3768    5569    5612    5564+CONT
+CONT       3766    3773    5613    5566    2637    5614
CHEXA        728       1     973     932     972    1013    1012     971+CONT
+CONT       1011    1052    5592    5547    3772    5595    5615    5567+CONT
+CONT       3767    3774    5616    5569    3775    5617
CHEXA        729       1    1016     975    1015    1056     977     936+CONT
+CONT        976    1017    5618    5571    3347    5619    5620    5572+CONT
+CONT       3339    3346    5574    5527    3343    5575
CHEXA        730       1    1016     975     947     988    1056    1015+CONT
+CONT        987    1028    5618    5573    5597    5621    5619    5571+CONT
+CONT       5551    5599    3347    3341    3344    3348
CHEXA        731       1    1057    1016     977    1018    1029     988+CONT
+CONT        948     989    5666    5620    5622    5668    5669    5621+CONT
+CONT       7700    7733    5645    7703    7704    7736
CHEXA        732       1    1018     977    1017    1058     979     938+CONT
+CONT        978    1019    5622    5575    3350    5623    5624    5576+CONT
+CONT       3342    3349    5578    5531    2614    5579
CHEXA        733       1    1059    1018     979    1020    1030     989+CONT
+CONT        949     990    5670    5624    5626    5672    7766    7733+CONT
+CONT       7701    7734    7737    7705    7708    7738
CHEXA        734       1     980     939     979    1020    1022     981+CONT
+CONT       1019    1060    5581    5577    5626    5625    5582    5534+CONT
+CONT       5579    5627    3621    3619    2615    3626
CHEXA        735       1    1021     980     950     991    1061    1020+CONT
+CONT        990    1031    5629    7702    7711    7735    5673    5625+CONT
+CONT       7707    7740    5674    7734    7741    7767
CHEXA        736       1    1024     983     951     992    1062    1021+CONT
+CONT        991    1032    5631    5585    5586    5633    5676    5628+CONT
+CONT       7710    7743    5677    7735    7744    7768
CHEXA        737       1     983     942     980    1021    1023     982+CONT
+CONT       1022    1063    5583    5580    5629    5628    5584    5536+CONT
+CONT       5582    5630    3623    3620    3628    3627
CHEXA        738       1    1024     983    1023    1064     992     951+CONT
+CONT        984    1025    5631    5584    3630    5632    5633    5585+CONT
+CONT       3622    3629    5586    5539    3625    5587
CHEXA        739       1    1033     992    1025    1066     993     952+CONT
+CONT        985    1026    5634    5587    3632    5635    5636    5588+CONT
+CONT       3624    3631    5590    5543    2656    5591
CHEXA        740       1    1004     963     993    1034    1027     986+CONT
+CONT       1026    1067    5594    5589    5638    5637    5596    5548+CONT
+CONT       5591    5639    3771    3769    2657    3776
CHEXA        741       1    1014     973    1004    1045    1054    1013+CONT
+CONT       1027    1068    5640    5593    5642    5641    5643    5595+CONT
+CONT       5596    5644    3779    3770    3778    3777
CHEXA        742       1    1029     988     956     997    1069    1028+CONT
+CONT        998    1039    5645    5598    5601    5646    5647    5599+CONT
+CONT       5554    5602    3351    3345    2595    3352
CHEXA        743       1    1070    1029     989    1030    1038     997+CONT
+CONT        955     996    5693    7736    7737    7769    5694    5646+CONT
+CONT       7706    7739    5649    7722    7720    7755
CHEXA        744       1    1071    1030     990    1031    1037     996+CONT
+CONT        954     995    7770    7738    7741    7771    7772    7739+CONT
+CONT       7709    7742    7753    7721    7718    7754
CHEXA        745       1    1032     991     953     994    1072    1031+CONT
+CONT        995    1036    7744    7712    7715    7745    7773    7740+CONT
+CONT       7717    7750    7774    7742    7751    7775
CHEXA        746       1    1033     992     952     993    1073    1032+CONT
+CONT        994    1035    5634    5588    5590    5636    7776    7743+CONT
+CONT       7714    7747    7777    7745    7748    7778
CHEXA        747       1    1004     963    1003    1044    1034     993+CONT
+CONT       1035    1076    5594    7731    7765    7764    5637    5589+CONT
+CONT       7746    7779    5638    7747    7781    7780
CHEXA        748       1    1003     962    1002    1043    1035     994+CONT
+CONT       1036    1077    7732    7728    7762    7761    7746    7713+CONT
+CONT       7749    7782    7748    7750    7784    7783
CHEXA        749       1    1042    1001    1037    1078    1002     961+CONT
+CONT        995    1036    7758    7752    7786    7785    7759    7726+CONT
+CONT       7754    7787    7729    7716    7751    7749
CHEXA        750       1    1041    1000    1038    1079    1001     960+CONT
+CONT        996    1037    5652    5648    5697    5696    7756    7723+CONT
+CONT       7755    7788    7725    7719    7753    7752
CHEXA        751       1    1000     959     999    1040    1038     997+CONT
+CONT       1039    1080    5604    5557    3491    5605    5648    5600+CONT
+CONT       3490    3497    5649    5602    2596    5650
CHEXA        752       1    1006     965    1005    1046    1041    1000+CONT
+CONT       1040    1081    5606    5560    3493    5608    5651    5603+CONT
+CONT       3492    3499    5652    5605    3498    5653
CHEXA        753       1    1047    1006    1041    1082    1008     967+CONT
+CONT       1001    1042    5654    5651    5700    5699    5655    5607+CONT
+CONT       7756    7789    5609    7724    7758    7757
CHEXA        754       1    1049    1008    1042    1083    1010     969+CONT
+CONT       1002    1043    5657    7757    7791    7790    5658    5610+CONT
+CONT       7759    7792    5613    7727    7762    7760
CHEXA        755       1    1012     971    1010    1051    1044    1003+CONT
+CONT       1043    1085    5616    5612    5661    5660    7763    7730+CONT
+CONT       7760    7793    7765    7761    7795    7794
CHEXA        756       1    1014     973    1012    1053    1045    1004+CONT
+CONT       1044    1086    5640    5615    5664    5663    5641    5593+CONT
+CONT       7763    7796    5642    7764    7798    7797
CHEXA        757       1    1047    1006     967    1008    1087    1046+CONT
+CONT       1007    1048    5654    5607    5609    5655    5656    5608+CONT
+CONT       5563    5611    3500    3494    3495    3501
CHEXA        758       1    1049    1008     969    1010    1089    1048+CONT
+CONT       1009    1050    5657    5610    5613    5658    5659    5611+CONT
+CONT       5566    5614    3502    3496    2637    3503
CHEXA        759       1    1012     971    1011    1052    1051    1010+CONT
+CONT       1050    1091    5616    5569    3775    5617    5660    5612+CONT
+CONT       3773    3780    5661    5614    2638    5662
CHEXA        760       1    1014     973    1013    1054    1053    1012+CONT
+CONT       1052    1093    5640    5595    3779    5643    5663    5615+CONT
+CONT       3774    3781    5664    5617    3782    5665
CHEXA        761       1    1057    1016    1056    1097    1018     977+CONT
+CONT       1017    1058    5666    5619    3354    5667    5668    5620+CONT
+CONT       3346    3353    5622    5575    3350    5623
CHEXA        762       1    1057    1016     988    1029    1097    1056+CONT
+CONT       1028    1069    5666    5621    5645    5669    5667    5619+CONT
+CONT       5599    5647    3354    3348    3351    3355
CHEXA        763       1    1098    1057    1018    1059    1070    1029+CONT
+CONT        989    1030    5714    5668    5670    5716    5717    5669+CONT
+CONT       7733    7766    5693    7736    7737    7769
CHEXA        764       1    1059    1018    1058    1099    1020     979+CONT
+CONT       1019    1060    5670    5623    3357    5671    5672    5624+CONT
+CONT       3349    3356    5626    5579    2615    5627
CHEXA        765       1    1100    1059    1020    1061    1071    1030+CONT
+CONT        990    1031    5718    5672    5674    5720    7799    7766+CONT
+CONT       7734    7767    7770    7738    7741    7771
CHEXA        766       1    1021     980    1020    1061    1063    1022+CONT
+CONT       1060    1101    5629    5625    5674    5673    5630    5582+CONT
+CONT       5627    5675    3628    3626    2616    3633
CHEXA        767       1    1062    1021     991    1032    1102    1061+CONT
+CONT       1031    1072    5677    7735    7744    7768    5721    5673+CONT
+CONT       7740    7773    5722    7767    7774    7800
CHEXA        768       1    1065    1024     992    1033    1103    1062+CONT
+CONT       1032    1073    5679    5633    5634    5681    5724    5676+CONT
+CONT       7743    7776    5725    7768    7777    7801
CHEXA        769       1    1024     983    1021    1062    1064    1023+CONT
+CONT       1063    1104    5631    5628    5677    5676    5632    5584+CONT
+CONT       5630    5678    3630    3627    3635    3634
CHEXA        770       1    1065    1024    1064    1105    1033     992+CONT
+CONT       1025    1066    5679    5632    3637    5680    5681    5633+CONT
+CONT       3629    3636    5634    5587    3632    5635
CHEXA        771       1    1074    1033    1066    1107    1034     993+CONT
+CONT       1026    1067    5682    5635    3639    5683    5684    5636+CONT
+CONT       3631    3638    5638    5591    2657    5639
CHEXA        772       1    1045    1004    1034    1075    1068    1027+CONT
+CONT       1067    1108    5642    5637    5686    5685    5644    5596+CONT
+CONT       5639    5687    3778    3776    2658    3783
CHEXA        773       1    1055    1014    1045    1084    1095    1054+CONT
+CONT       1068    1109    5688    5641    5690    5689    5691    5643+CONT
+CONT       5644    5692    3786    3777    3785    3784
CHEXA        774       1    1070    1029     997    1038    1110    1069+CONT
+CONT       1039    1080    5693    5646    5649    5694    5695    5647+CONT
+CONT       5602    5650    3358    3352    2596    3359
CHEXA        775       1    1111    1070    1030    1071    1079    1038+CONT
+CONT        996    1037    5741    7769    7770    7802    5742    5694+CONT
+CONT       7739    7772    5697    7755    7753    7788
CHEXA        776       1    1112    1071    1031    1072    1078    1037+CONT
+CONT        995    1036    7803    7771    7774    7804    7805    7772+CONT
+CONT       7742    7775    7786    7754    7751    7787
CHEXA        777       1    1073    1032     994    1035    1113    1072+CONT
+CONT       1036    1077    7777    7745    7748    7778    7806    7773+CONT
+CONT       7750    7783    7807    7775    7784    7808
CHEXA        778       1    1074    1033     993    1034    1114    1073+CONT
+CONT       1035    1076    5682    5636    5638    5684    7809    7776+CONT
+CONT       7747    7780    7810    7778    7781    7811
CHEXA        779       1    1045    1004    1044    1086    1075    1034+CONT
+CONT       1076    1117    5642    7764    7798    7797    5685    5637+CONT
+CONT       7779    7812    5686    7780    7814    7813
CHEXA        780       1    1044    1003    1043    1085    1076    1035+CONT
+CONT       1077    1118    7765    7761    7795    7794    7779    7746+CONT
+CONT       7782    7815    7781    7783    7817    7816
CHEXA        781       1    1083    1042    1078    1119    1043    1002+CONT
+CONT       1036    1077    7791    7785    7819    7818    7792    7759+CONT
+CONT       7787    7820    7762    7749    7784    7782
CHEXA        782       1    1082    1041    1079    1120    1042    1001+CONT
+CONT       1037    1078    5700    5696    5745    5744    7789    7756+CONT
+CONT       7788    7821    7758    7752    7786    7785
CHEXA        783       1    1041    1000    1040    1081    1079    1038+CONT
+CONT       1080    1121    5652    5605    3498    5653    5696    5648+CONT
+CONT       3497    3504    5697    5650    2597    5698
CHEXA        784       1    1047    1006    1046    1087    1082    1041+CONT
+CONT       1081    1122    5654    5608    3500    5656    5699    5651+CONT
+CONT       3499    3506    5700    5653    3505    5701
CHEXA        785       1    1088    1047    1082    1123    1049    1008+CONT
+CONT       1042    1083    5702    5699    5748    5747    5703    5655+CONT
+CONT       7789    7822    5657    7757    7791    7790
CHEXA        786       1    1090    1049    1083    1124    1051    1010+CONT
+CONT       1043    1085    5705    7790    7824    7823    5706    5658+CONT
+CONT       7792    7825    5661    7760    7795    7793
CHEXA        787       1    1055    1014    1053    1094    1084    1045+CONT
+CONT       1086    1126    5688    5663    5712    5711    5689    5641+CONT
+CONT       7796    7826    5690    7797    7828    7827
CHEXA        788       1    1053    1012    1051    1092    1086    1044+CONT
+CONT       1085    1127    5664    5660    5709    5708    7796    7763+CONT
+CONT       7793    7829    7798    7794    7831    7830
CHEXA        789       1    1088    1047    1008    1049    1128    1087+CONT
+CONT       1048    1089    5702    5655    5657    5703    5704    5656+CONT
+CONT       5611    5659    3507    3501    3502    3508
CHEXA        790       1    1090    1049    1010    1051    1130    1089+CONT
+CONT       1050    1091    5705    5658    5661    5706    5707    5659+CONT
+CONT       5614    5662    3509    3503    2638    3510
CHEXA        791       1    1053    1012    1052    1093    1092    1051+CONT
+CONT       1091    1132    5664    5617    3782    5665    5708    5660+CONT
+CONT       3780    3787    5709    5662    2639    5710
CHEXA        792       1    1055    1014    1054    1095    1094    1053+CONT
+CONT       1093    1134    5688    5643    3786    5691    5711    5663+CONT
+CONT       3781    3788    5712    5665    3789    5713
CHEXA        793       1    1098    1057    1097    1138    1059    1018+CONT
+CONT       1058    1099    5714    5667    3361    5715    5716    5668+CONT
+CONT       3353    3360    5670    5623    3357    5671
CHEXA        794       1    1098    1057    1029    1070    1138    1097+CONT
+CONT       1069    1110    5714    5669    5693    5717    5715    5667+CONT
+CONT       5647    5695    3361    3355    3358    3362
CHEXA        795       1    1139    1098    1059    1100    1111    1070+CONT
+CONT       1030    1071    5762    5716    5718    5764    5765    5717+CONT
+CONT       7766    7799    5741    7769    7770    7802
CHEXA        796       1    1100    1059    1099    1140    1061    1020+CONT
+CONT       1060    1101    5718    5671    3364    5719    5720    5672+CONT
+CONT       3356    3363    5674    5627    2616    5675
CHEXA        797       1    1141    1100    1061    1102    1112    1071+CONT
+CONT       1031    1072    5766    5720    5722    5768    7832    7799+CONT
+CONT       7767    7800    7803    7771    7774    7804
CHEXA        798       1    1062    1021    1061    1102    1104    1063+CONT
+CONT       1101    1142    5677    5673    5722    5721    5678    5630+CONT
+CONT       5675    5723    3635    3633    2617    3640
CHEXA        799       1    1103    1062    1032    1073    1143    1102+CONT
+CONT       1072    1113    5725    7768    7777    7801    5769    5721+CONT
+CONT       7773    7806    5770    7800    7807    7833
CHEXA        800       1    1106    1065    1033    1074    1144    1103+CONT
+CONT       1073    1114    5727    5681    5682    5729    5772    5724+CONT
+CONT       7776    7809    5773    7801    7810    7834
CHEXA        801       1    1065    1024    1062    1103    1105    1064+CONT
+CONT       1104    1145    5679    5676    5725    5724    5680    5632+CONT
+CONT       5678    5726    3637    3634    3642    3641
CHEXA        802       1    1106    1065    1105    1146    1074    1033+CONT
+CONT       1066    1107    5727    5680    3644    5728    5729    5681+CONT
+CONT       3636    3643    5682    5635    3639    5683
CHEXA        803       1    1115    1074    1107    1148    1075    1034+CONT
+CONT       1067    1108    5730    5683    3646    5731    5732    5684+CONT
+CONT       3638    3645    5686    5639    2658    5687
CHEXA        804       1    1084    1045    1075    1116    1109    1068+CONT
+CONT       1108    1149    5690    5685    5734    5733    5692    5644+CONT
+CONT       5687    5735    3785    3783    2659    3790
CHEXA        805       1    1096    1055    1084    1125    1136    1095+CONT
+CONT       1109    1150    5736    5689    5738    5737    5739    5691+CONT
+CONT       5692    5740    3793    3784    3792    3791
CHEXA        806       1    1111    1070    1038    1079    1151    1110+CONT
+CONT       1080    1121    5741    5694    5697    5742    5743    5695+CONT
+CONT       5650    5698    3365    3359    2597    3366
CHEXA        807       1    1152    1111    1071    1112    1120    1079+CONT
+CONT       1037    1078    5789    7802    7803    7835    5790    5742+CONT
+CONT       7772    7805    5745    7788    7786    7821
CHEXA        808       1    1153    1112    1072    1113    1119    1078+CONT
+CONT       1036    1077    7836    7804    7807    7837    7838    7805+CONT
+CONT       7775    7808    7819    7787    7784    7820
CHEXA        809       1    1114    1073    1035    1076    1155    1113+CONT
+CONT       1077    1118    7810    7778    7781    7811    7839    7806+CONT
+CONT       7783    7816    7840    7808    7817    7841
CHEXA        810       1    1115    1074    1034    1075    1156    1114+CONT
+CONT       1076    1117    5730    5684    5686    5732    7842    7809+CONT
+CONT       7780    7813    7843    7811    7814    7844
CHEXA        811       1    1084    1045    1086    1126    1116    1075+CONT
+CONT       1117    1158    5690    7797    7828    7827    5733    5685+CONT
+CONT       7812    7845    5734    7813    7847    7846
CHEXA        812       1    1086    1044    1085    1127    1117    1076+CONT
+CONT       1118    1159    7798    7794    7831    7830    7812    7779+CONT
+CONT       7815    7848    7814    7816    7850    7849
CHEXA        813       1    1124    1083    1119    1160    1085    1043+CONT
+CONT       1077    1118    7824    7818    7852    7851    7825    7792+CONT
+CONT       7820    7853    7795    7782    7817    7815
CHEXA        814       1    1123    1082    1120    1161    1083    1042+CONT
+CONT       1078    1119    5748    5744    5793    5792    7822    7789+CONT
+CONT       7821    7854    7791    7785    7819    7818
CHEXA        815       1    1082    1041    1081    1122    1120    1079+CONT
+CONT       1121    1162    5700    5653    3505    5701    5744    5696+CONT
+CONT       3504    3511    5745    5698    2598    5746
CHEXA        816       1    1088    1047    1087    1128    1123    1082+CONT
+CONT       1122    1163    5702    5656    3507    5704    5747    5699+CONT
+CONT       3506    3513    5748    5701    3512    5749
CHEXA        817       1    1129    1088    1123    1164    1090    1049+CONT
+CONT       1083    1124    5750    5747    5796    5795    5751    5703+CONT
+CONT       7822    7855    5705    7790    7824    7823
CHEXA        818       1    1131    1090    1124    1165    1092    1051+CONT
+CONT       1085    1127    5753    7823    7857    7856    5754    5706+CONT
+CONT       7825    7858    5709    7793    7831    7829
CHEXA        819       1    1096    1055    1094    1135    1125    1084+CONT
+CONT       1126    1167    5736    5711    5760    5759    5737    5689+CONT
+CONT       7826    7859    5738    7827    7861    7860
CHEXA        820       1    1094    1053    1092    1133    1126    1086+CONT
+CONT       1127    1168    5712    5708    5757    5756    7826    7796+CONT
+CONT       7829    7862    7828    7830    7864    7863
CHEXA        821       1    1129    1088    1049    1090    1169    1128+CONT
+CONT       1089    1130    5750    5703    5705    5751    5752    5704+CONT
+CONT       5659    5707    3514    3508    3509    3515
CHEXA        822       1    1131    1090    1051    1092    1171    1130+CONT
+CONT       1091    1132    5753    5706    5709    5754    5755    5707+CONT
+CONT       5662    5710    3516    3510    2639    3517
CHEXA        823       1    1094    1053    1093    1134    1133    1092+CONT
+CONT       1132    1173    5712    5665    3789    5713    5756    5708+CONT
+CONT       3787    3794    5757    5710    2640    5758
CHEXA        824       1    1096    1055    1095    1136    1135    1094+CONT
+CONT       1134    1175    5736    5691    3793    5739    5759    5711+CONT
+CONT       3788    3795    5760    5713    3796    5761
CHEXA        825       1    1139    1098    1138    1179    1100    1059+CONT
+CONT       1099    1140    5762    5715    3368    5763    5764    5716+CONT
+CONT       3360    3367    5718    5671    3364    5719
CHEXA        826       1    1139    1098    1070    1111    1179    1138+CONT
+CONT       1110    1151    5762    5717    5741    5765    5763    5715+CONT
+CONT       5695    5743    3368    3362    3365    3369
CHEXA        827       1    1180    1139    1100    1141    1152    1111+CONT
+CONT       1071    1112    5810    5764    5766    5812    5813    5765+CONT
+CONT       7799    7832    5789    7802    7803    7835
CHEXA        828       1    1141    1100    1140    1181    1102    1061+CONT
+CONT       1101    1142    5766    5719    3371    5767    5768    5720+CONT
+CONT       3363    3370    5722    5675    2617    5723
CHEXA        829       1    1182    1141    1102    1143    1153    1112+CONT
+CONT       1072    1113    5814    5768    5770    5816    7865    7832+CONT
+CONT       7800    7833    7836    7804    7807    7837
CHEXA        830       1    1103    1062    1102    1143    1145    1104+CONT
+CONT       1142    1183    5725    5721    5770    5769    5726    5678+CONT
+CONT       5723    5771    3642    3640    2618    3647
CHEXA        831       1    1144    1103    1073    1114    1184    1143+CONT
+CONT       1113    1155    5773    7801    7810    7834    5817    5769+CONT
+CONT       7806    7839    5818    7833    7840    7866
CHEXA        832       1    1147    1106    1074    1115    1185    1144+CONT
+CONT       1114    1156    5775    5729    5730    5777    5820    5772+CONT
+CONT       7809    7842    5821    7834    7843    7867
CHEXA        833       1    1106    1065    1103    1144    1146    1105+CONT
+CONT       1145    1186    5727    5724    5773    5772    5728    5680+CONT
+CONT       5726    5774    3644    3641    3649    3648
CHEXA        834       1    1147    1106    1146    1187    1115    1074+CONT
+CONT       1107    1148    5775    5728    3651    5776    5777    5729+CONT
+CONT       3643    3650    5730    5683    3646    5731
CHEXA        835       1    1154    1115    1148    1189    1116    1075+CONT
+CONT       1108    1149    5778    5731    3653    5779    5780    5732+CONT
+CONT       3645    3652    5734    5687    2659    5735
CHEXA        836       1    1125    1084    1116    1157    1150    1109+CONT
+CONT       1149    1190    5738    5733    5782    5781    5740    5692+CONT
+CONT       5735    5783    3792    3790    2660    3797
CHEXA        837       1    1137    1096    1125    1166    1177    1136+CONT
+CONT       1150    1191    5784    5737    5786    5785    5787    5739+CONT
+CONT       5740    5788    3800    3791    3799    3798
CHEXA        838       1    1152    1111    1079    1120    1192    1151+CONT
+CONT       1121    1162    5789    5742    5745    5790    5791    5743+CONT
+CONT       5698    5746    3372    3366    2598    3373
CHEXA        839       1    1193    1152    1112    1153    1161    1120+CONT
+CONT       1078    1119    5837    7835    7836    7868    5838    5790+CONT
+CONT       7805    7838    5793    7821    7819    7854
CHEXA        840       1    1194    1153    1113    1155    1160    1119+CONT
+CONT       1077    1118    7869    7837    7840    7870    7871    7838+CONT
+CONT       7808    7841    7852    7820    7817    7853
CHEXA        841       1    1154    1115    1075    1116    1196    1156+CONT
+CONT       1117    1158    5778    5732    5734    5780    7872    7842+CONT
+CONT       7813    7846    7873    7844    7847    7874
CHEXA        842       1    1156    1114    1076    1117    1197    1155+CONT
+CONT       1118    1159    7843    7811    7814    7844    7875    7839+CONT
+CONT       7816    7849    7876    7841    7850    7877
CHEXA        843       1    1125    1084    1126    1167    1157    1116+CONT
+CONT       1158    1199    5738    7827    7861    7860    5781    5733+CONT
+CONT       7845    7878    5782    7846    7880    7879
CHEXA        844       1    1126    1086    1127    1168    1158    1117+CONT
+CONT       1159    1200    7828    7830    7864    7863    7845    7812+CONT
+CONT       7848    7881    7847    7849    7883    7882
CHEXA        845       1    1165    1124    1160    1201    1127    1085+CONT
+CONT       1118    1159    7857    7851    7885    7884    7858    7825+CONT
+CONT       7853    7886    7831    7815    7850    7848
CHEXA        846       1    1164    1123    1161    1202    1124    1083+CONT
+CONT       1119    1160    5796    5792    5841    5840    7855    7822+CONT
+CONT       7854    7887    7824    7818    7852    7851
CHEXA        847       1    1123    1082    1122    1163    1161    1120+CONT
+CONT       1162    1203    5748    5701    3512    5749    5792    5744+CONT
+CONT       3511    3518    5793    5746    2599    5794
CHEXA        848       1    1129    1088    1128    1169    1164    1123+CONT
+CONT       1163    1204    5750    5704    3514    5752    5795    5747+CONT
+CONT       3513    3520    5796    5749    3519    5797
CHEXA        849       1    1170    1129    1164    1205    1131    1090+CONT
+CONT       1124    1165    5798    5795    5844    5843    5799    5751+CONT
+CONT       7855    7888    5753    7823    7857    7856
CHEXA        850       1    1172    1131    1165    1206    1133    1092+CONT
+CONT       1127    1168    5801    7856    7890    7889    5802    5754+CONT
+CONT       7858    7891    5757    7829    7864    7862
CHEXA        851       1    1137    1096    1135    1176    1166    1125+CONT
+CONT       1167    1208    5784    5759    5808    5807    5785    5737+CONT
+CONT       7859    7892    5786    7860    7894    7893
CHEXA        852       1    1135    1094    1133    1174    1167    1126+CONT
+CONT       1168    1209    5760    5756    5805    5804    7859    7826+CONT
+CONT       7862    7895    7861    7863    7897    7896
CHEXA        853       1    1170    1129    1090    1131    1210    1169+CONT
+CONT       1130    1171    5798    5751    5753    5799    5800    5752+CONT
+CONT       5707    5755    3521    3515    3516    3522
CHEXA        854       1    1172    1131    1092    1133    1212    1171+CONT
+CONT       1132    1173    5801    5754    5757    5802    5803    5755+CONT
+CONT       5710    5758    3523    3517    2640    3524
CHEXA        855       1    1135    1094    1134    1175    1174    1133+CONT
+CONT       1173    1214    5760    5713    3796    5761    5804    5756+CONT
+CONT       3794    3801    5805    5758    2641    5806
CHEXA        856       1    1137    1096    1136    1177    1176    1135+CONT
+CONT       1175    1216    5784    5739    3800    5787    5807    5759+CONT
+CONT       3795    3802    5808    5761    3803    5809
CHEXA        857       1    1180    1139    1179    1220    1141    1100+CONT
+CONT       1140    1181    5810    5763    3375    5811    5812    5764+CONT
+CONT       3367    3374    5766    5719    3371    5767
CHEXA        858       1    1180    1139    1111    1152    1220    1179+CONT
+CONT       1151    1192    5810    5765    5789    5813    5811    5763+CONT
+CONT       5743    5791    3375    3369    3372    3376
CHEXA        859       1    1221    1180    1141    1182    1193    1152+CONT
+CONT       1112    1153    5858    5812    5814    5860    5861    5813+CONT
+CONT       7832    7865    5837    7835    7836    7868
CHEXA        860       1    1182    1141    1181    1222    1143    1102+CONT
+CONT       1142    1183    5814    5767    3378    5815    5816    5768+CONT
+CONT       3370    3377    5770    5723    2618    5771
CHEXA        861       1    1223    1182    1143    1184    1194    1153+CONT
+CONT       1113    1155    5862    5816    5818    5864    7898    7865+CONT
+CONT       7833    7866    7869    7837    7840    7870
CHEXA        862       1    1144    1103    1143    1184    1186    1145+CONT
+CONT       1183    1224    5773    5769    5818    5817    5774    5726+CONT
+CONT       5771    5819    3649    3647    2619    3654
CHEXA        863       1    1185    1144    1114    1156    1225    1184+CONT
+CONT       1155    1197    5821    7834    7843    7867    5865    5817+CONT
+CONT       7839    7875    5866    7866    7876    7899
CHEXA        864       1    1188    1147    1115    1154    1226    1185+CONT
+CONT       1156    1196    5823    5777    5778    5825    5868    5820+CONT
+CONT       7842    7872    5869    7867    7873    7900
CHEXA        865       1    1147    1106    1144    1185    1187    1146+CONT
+CONT       1186    1227    5775    5772    5821    5820    5776    5728+CONT
+CONT       5774    5822    3651    3648    3656    3655
CHEXA        866       1    1188    1147    1187    1228    1154    1115+CONT
+CONT       1148    1189    5823    5776    3658    5824    5825    5777+CONT
+CONT       3650    3657    5778    5731    3653    5779
CHEXA        867       1    1195    1154    1189    1230    1157    1116+CONT
+CONT       1149    1190    5826    5779    3660    5827    5828    5780+CONT
+CONT       3652    3659    5782    5735    2660    5783
CHEXA        868       1    1166    1125    1157    1198    1191    1150+CONT
+CONT       1190    1231    5786    5781    5830    5829    5788    5740+CONT
+CONT       5783    5831    3799    3797    2661    3804
CHEXA        869       1    1178    1137    1166    1207    1218    1177+CONT
+CONT       1191    1232    5832    5785    5834    5833    5835    5787+CONT
+CONT       5788    5836    3807    3798    3806    3805
CHEXA        870       1    1193    1152    1120    1161    1233    1192+CONT
+CONT       1162    1203    5837    5790    5793    5838    5839    5791+CONT
+CONT       5746    5794    3379    3373    2599    3380
CHEXA        871       1    1234    1193    1153    1194    1202    1161+CONT
+CONT       1119    1160    5885    7868    7869    7901    5886    5838+CONT
+CONT       7838    7871    5841    7854    7852    7887
CHEXA        872       1    1235    1194    1155    1197    1201    1160+CONT
+CONT       1118    1159    7902    7870    7876    7903    7904    7871+CONT
+CONT       7841    7877    7885    7853    7850    7886
CHEXA        873       1    1195    1154    1116    1157    1237    1196+CONT
+CONT       1158    1199    5826    5780    5782    5828    7905    7872+CONT
+CONT       7846    7879    7906    7874    7880    7907
CHEXA        874       1    1196    1156    1117    1158    1238    1197+CONT
+CONT       1159    1200    7873    7844    7847    7874    7908    7875+CONT
+CONT       7849    7882    7909    7877    7883    7910
CHEXA        875       1    1166    1125    1167    1208    1198    1157+CONT
+CONT       1199    1240    5786    7860    7894    7893    5829    5781+CONT
+CONT       7878    7911    5830    7879    7913    7912
CHEXA        876       1    1167    1126    1168    1209    1199    1158+CONT
+CONT       1200    1241    7861    7863    7897    7896    7878    7845+CONT
+CONT       7881    7914    7880    7882    7916    7915
CHEXA        877       1    1206    1165    1201    1242    1168    1127+CONT
+CONT       1159    1200    7890    7884    7918    7917    7891    7858+CONT
+CONT       7886    7919    7864    7848    7883    7881
CHEXA        878       1    1205    1164    1202    1243    1165    1124+CONT
+CONT       1160    1201    5844    5840    5889    5888    7888    7855+CONT
+CONT       7887    7920    7857    7851    7885    7884
CHEXA        879       1    1164    1123    1163    1204    1202    1161+CONT
+CONT       1203    1244    5796    5749    3519    5797    5840    5792+CONT
+CONT       3518    3525    5841    5794    2600    5842
CHEXA        880       1    1170    1129    1169    1210    1205    1164+CONT
+CONT       1204    1245    5798    5752    3521    5800    5843    5795+CONT
+CONT       3520    3527    5844    5797    3526    5845
CHEXA        881       1    1211    1170    1205    1246    1172    1131+CONT
+CONT       1165    1206    5846    5843    5892    5891    5847    5799+CONT
+CONT       7888    7921    5801    7856    7890    7889
CHEXA        882       1    1213    1172    1206    1247    1174    1133+CONT
+CONT       1168    1209    5849    7889    7923    7922    5850    5802+CONT
+CONT       7891    7924    5805    7862    7897    7895
CHEXA        883       1    1178    1137    1176    1217    1207    1166+CONT
+CONT       1208    1249    5832    5807    5856    5855    5833    5785+CONT
+CONT       7892    7925    5834    7893    7927    7926
CHEXA        884       1    1176    1135    1174    1215    1208    1167+CONT
+CONT       1209    1250    5808    5804    5853    5852    7892    7859+CONT
+CONT       7895    7928    7894    7896    7930    7929
CHEXA        885       1    1211    1170    1131    1172    1251    1210+CONT
+CONT       1171    1212    5846    5799    5801    5847    5848    5800+CONT
+CONT       5755    5803    3528    3522    3523    3529
CHEXA        886       1    1213    1172    1133    1174    1253    1212+CONT
+CONT       1173    1214    5849    5802    5805    5850    5851    5803+CONT
+CONT       5758    5806    3530    3524    2641    3531
CHEXA        887       1    1176    1135    1175    1216    1215    1174+CONT
+CONT       1214    1255    5808    5761    3803    5809    5852    5804+CONT
+CONT       3801    3808    5853    5806    2642    5854
CHEXA        888       1    1178    1137    1177    1218    1217    1176+CONT
+CONT       1216    1257    5832    5787    3807    5835    5855    5807+CONT
+CONT       3802    3809    5856    5809    3810    5857
CHEXA        889       1    1221    1180    1220    1262    1182    1141+CONT
+CONT       1181    1222    5858    5811    3382    5859    5860    5812+CONT
+CONT       3374    3381    5814    5767    3378    5815
CHEXA        890       1    1221    1180    1152    1193    1262    1220+CONT
+CONT       1192    1233    5858    5813    5837    5861    5859    5811+CONT
+CONT       5791    5839    3382    3376    3379    3383
CHEXA        891       1    1263    1221    1182    1223    1234    1193+CONT
+CONT       1153    1194    5906    5860    5862    5908    5909    5861+CONT
+CONT       7865    7898    5885    7868    7869    7901
CHEXA        892       1    1223    1182    1222    1264    1184    1143+CONT
+CONT       1183    1224    5862    5815    3385    5863    5864    5816+CONT
+CONT       3377    3384    5818    5771    2619    5819
CHEXA        893       1    1265    1223    1184    1225    1235    1194+CONT
+CONT       1155    1197    5910    5864    5866    5912    7931    7898+CONT
+CONT       7866    7899    7902    7870    7876    7903
CHEXA        894       1    1185    1144    1184    1225    1227    1186+CONT
+CONT       1224    1266    5821    5817    5866    5865    5822    5774+CONT
+CONT       5819    5867    3656    3654    2620    3661
CHEXA        895       1    1226    1185    1156    1196    1267    1225+CONT
+CONT       1197    1238    5869    7867    7873    7900    5913    5865+CONT
+CONT       7875    7908    5914    7899    7909    7932
CHEXA        896       1    1229    1188    1154    1195    1268    1226+CONT
+CONT       1196    1237    5871    5825    5826    5873    5916    5868+CONT
+CONT       7872    7905    5917    7900    7906    7933
CHEXA        897       1    1188    1147    1185    1226    1228    1187+CONT
+CONT       1227    1269    5823    5820    5869    5868    5824    5776+CONT
+CONT       5822    5870    3658    3655    3663    3662
CHEXA        898       1    1229    1188    1228    1270    1195    1154+CONT
+CONT       1189    1230    5871    5824    3665    5872    5873    5825+CONT
+CONT       3657    3664    5826    5779    3660    5827
CHEXA        899       1    1236    1195    1230    1272    1198    1157+CONT
+CONT       1190    1231    5874    5827    3667    5875    5876    5828+CONT
+CONT       3659    3666    5830    5783    2661    5831
CHEXA        900       1    1207    1166    1198    1239    1232    1191+CONT
+CONT       1231    1273    5834    5829    5878    5877    5836    5788+CONT
+CONT       5831    5879    3806    3804    2662    3811
CHEXA        901       1    1219    1178    1207    1248    1259    1218+CONT
+CONT       1232    1274    5880    5833    5882    5881    5883    5835+CONT
+CONT       5836    5884    3814    3805    3813    3812
CHEXA        902       1    1234    1193    1161    1202    1276    1233+CONT
+CONT       1203    1244    5885    5838    5841    5886    5887    5839+CONT
+CONT       5794    5842    3386    3380    2600    3387
CHEXA        903       1    1277    1234    1194    1235    1243    1202+CONT
+CONT       1160    1201    5933    7901    7902    7934    5934    5886+CONT
+CONT       7871    7904    5889    7887    7885    7920
CHEXA        904       1    1278    1235    1197    1238    1242    1201+CONT
+CONT       1159    1200    7935    7903    7909    7936    7937    7904+CONT
+CONT       7877    7910    7918    7886    7883    7919
CHEXA        905       1    1236    1195    1157    1198    1280    1237+CONT
+CONT       1199    1240    5874    5828    5830    5876    7938    7905+CONT
+CONT       7879    7912    7939    7907    7913    7940
CHEXA        906       1    1237    1196    1158    1199    1281    1238+CONT
+CONT       1200    1241    7906    7874    7880    7907    7941    7908+CONT
+CONT       7882    7915    7942    7910    7916    7943
CHEXA        907       1    1207    1166    1208    1249    1239    1198+CONT
+CONT       1240    1283    5834    7893    7927    7926    5877    5829+CONT
+CONT       7911    7944    5878    7912    7946    7945
CHEXA        908       1    1208    1167    1209    1250    1240    1199+CONT
+CONT       1241    1284    7894    7896    7930    7929    7911    7878+CONT
+CONT       7914    7947    7913    7915    7949    7948
CHEXA        909       1    1247    1206    1242    1285    1209    1168+CONT
+CONT       1200    1241    7923    7917    7951    7950    7924    7891+CONT
+CONT       7919    7952    7897    7881    7916    7914
CHEXA        910       1    1246    1205    1243    1286    1206    1165+CONT
+CONT       1201    1242    5892    5888    5937    5936    7921    7888+CONT
+CONT       7920    7953    7890    7884    7918    7917
CHEXA        911       1    1205    1164    1204    1245    1243    1202+CONT
+CONT       1244    1287    5844    5797    3526    5845    5888    5840+CONT
+CONT       3525    3532    5889    5842    2601    5890
CHEXA        912       1    1211    1170    1210    1251    1246    1205+CONT
+CONT       1245    1288    5846    5800    3528    5848    5891    5843+CONT
+CONT       3527    3534    5892    5845    3533    5893
CHEXA        913       1    1252    1211    1246    1289    1213    1172+CONT
+CONT       1206    1247    5894    5891    5940    5939    5895    5847+CONT
+CONT       7921    7954    5849    7889    7923    7922
CHEXA        914       1    1254    1213    1247    1290    1215    1174+CONT
+CONT       1209    1250    5897    7922    7956    7955    5898    5850+CONT
+CONT       7924    7957    5853    7895    7930    7928
CHEXA        915       1    1219    1178    1217    1258    1248    1207+CONT
+CONT       1249    1292    5880    5855    5904    5903    5881    5833+CONT
+CONT       7925    7958    5882    7926    7960    7959
CHEXA        916       1    1217    1176    1215    1256    1249    1208+CONT
+CONT       1250    1293    5856    5852    5901    5900    7925    7892+CONT
+CONT       7928    7961    7927    7929    7963    7962
CHEXA        917       1    1252    1211    1172    1213    1294    1251+CONT
+CONT       1212    1253    5894    5847    5849    5895    5896    5848+CONT
+CONT       5803    5851    3535    3529    3530    3536
CHEXA        918       1    1254    1213    1174    1215    1296    1253+CONT
+CONT       1214    1255    5897    5850    5853    5898    5899    5851+CONT
+CONT       5806    5854    3537    3531    2642    3538
CHEXA        919       1    1217    1176    1216    1257    1256    1215+CONT
+CONT       1255    1298    5856    5809    3810    5857    5900    5852+CONT
+CONT       3808    3815    5901    5854    2643    5902
CHEXA        920       1    1219    1178    1218    1259    1258    1217+CONT
+CONT       1257    1300    5880    5835    3814    5883    5903    5855+CONT
+CONT       3809    3816    5904    5857    3817    5905
CHEXA        921       1    1263    1221    1262    1307    1223    1182+CONT
+CONT       1222    1264    5906    5859    3389    5907    5908    5860+CONT
+CONT       3381    3388    5862    5815    3385    5863
CHEXA        922       1    1263    1221    1193    1234    1307    1262+CONT
+CONT       1233    1276    5906    5861    5885    5909    5907    5859+CONT
+CONT       5839    5887    3389    3383    3386    3390
CHEXA        923       1    1308    1263    1223    1265    1277    1234+CONT
+CONT       1194    1235    5954    5908    5910    5956    5957    5909+CONT
+CONT       7898    7931    5933    7901    7902    7934
CHEXA        924       1    1265    1223    1264    1309    1225    1184+CONT
+CONT       1224    1266    5910    5863    3392    5911    5912    5864+CONT
+CONT       3384    3391    5866    5819    2620    5867
CHEXA        925       1    1310    1265    1225    1267    1278    1235+CONT
+CONT       1197    1238    5958    5912    5914    5960    7964    7931+CONT
+CONT       7899    7932    7935    7903    7909    7936
CHEXA        926       1    1226    1185    1225    1267    1269    1227+CONT
+CONT       1266    1311    5869    5865    5914    5913    5870    5822+CONT
+CONT       5867    5915    3663    3661    2621    3668
CHEXA        927       1    1268    1226    1196    1237    1312    1267+CONT
+CONT       1238    1281    5917    7900    7906    7933    5961    5913+CONT
+CONT       7908    7941    5962    7932    7942    7965
CHEXA        928       1    1271    1229    1195    1236    1313    1268+CONT
+CONT       1237    1280    5919    5873    5874    5921    5964    5916+CONT
+CONT       7905    7938    5965    7933    7939    7966
CHEXA        929       1    1229    1188    1226    1268    1270    1228+CONT
+CONT       1269    1314    5871    5868    5917    5916    5872    5824+CONT
+CONT       5870    5918    3665    3662    3670    3669
CHEXA        930       1    1271    1229    1270    1315    1236    1195+CONT
+CONT       1230    1272    5919    5872    3672    5920    5921    5873+CONT
+CONT       3664    3671    5874    5827    3667    5875
CHEXA        931       1    1279    1236    1272    1317    1239    1198+CONT
+CONT       1231    1273    5922    5875    3674    5923    5924    5876+CONT
+CONT       3666    3673    5878    5831    2662    5879
CHEXA        932       1    1248    1207    1239    1282    1274    1232+CONT
+CONT       1273    1318    5882    5877    5926    5925    5884    5836+CONT
+CONT       5879    5927    3813    3811    2663    3818
CHEXA        933       1    1261    1219    1248    1291    1303    1259+CONT
+CONT       1274    1320    5928    5881    5930    5929    5931    5883+CONT
+CONT       5884    5932    3821    3812    3820    3819
CHEXA        934       1    1277    1234    1202    1243    1323    1276+CONT
+CONT       1244    1287    5933    5886    5889    5934    5935    5887+CONT
+CONT       5842    5890    3393    3387    2601    3394
CHEXA        935       1    1324    1277    1235    1278    1286    1243+CONT
+CONT       1201    1242    5981    7934    7935    7967    5982    5934+CONT
+CONT       7904    7937    5937    7920    7918    7953
CHEXA        936       1    1325    1278    1238    1281    1285    1242+CONT
+CONT       1200    1241    7968    7936    7942    7969    7970    7937+CONT
+CONT       7910    7943    7951    7919    7916    7952
CHEXA        937       1    1279    1236    1198    1239    1327    1280+CONT
+CONT       1240    1283    5922    5876    5878    5924    7971    7938+CONT
+CONT       7912    7945    7972    7940    7946    7973
CHEXA        938       1    1280    1237    1199    1240    1328    1281+CONT
+CONT       1241    1284    7939    7907    7913    7940    7974    7941+CONT
+CONT       7915    7948    7975    7943    7949    7976
CHEXA        939       1    1248    1207    1249    1292    1282    1239+CONT
+CONT       1283    1330    5882    7926    7960    7959    5925    5877+CONT
+CONT       7944    7977    5926    7945    7979    7978
CHEXA        940       1    1249    1208    1250    1293    1283    1240+CONT
+CONT       1284    1331    7927    7929    7963    7962    7944    7911+CONT
+CONT       7947    7980    7946    7948    7982    7981
CHEXA        941       1    1290    1247    1285    1332    1250    1209+CONT
+CONT       1241    1284    7956    7950    7984    7983    7957    7924+CONT
+CONT       7952    7985    7930    7914    7949    7947
CHEXA        942       1    1289    1246    1286    1333    1247    1206+CONT
+CONT       1242    1285    5940    5936    5985    5984    7954    7921+CONT
+CONT       7953    7986    7923    7917    7951    7950
CHEXA        943       1    1246    1205    1245    1288    1286    1243+CONT
+CONT       1287    1334    5892    5845    3533    5893    5936    5888+CONT
+CONT       3532    3539    5937    5890    2602    5938
CHEXA        944       1    1252    1211    1251    1294    1289    1246+CONT
+CONT       1288    1335    5894    5848    3535    5896    5939    5891+CONT
+CONT       3534    3541    5940    5893    3540    5941
CHEXA        945       1    1295    1252    1289    1336    1254    1213+CONT
+CONT       1247    1290    5942    5939    5988    5987    5943    5895+CONT
+CONT       7954    7987    5897    7922    7956    7955
CHEXA        946       1    1297    1254    1290    1337    1256    1215+CONT
+CONT       1250    1293    5945    7955    7989    7988    5946    5898+CONT
+CONT       7957    7990    5901    7928    7963    7961
CHEXA        947       1    1261    1219    1258    1302    1291    1248+CONT
+CONT       1292    1339    5928    5903    5952    5951    5929    5881+CONT
+CONT       7958    7991    5930    7959    7993    7992
CHEXA        948       1    1258    1217    1256    1299    1292    1249+CONT
+CONT       1293    1340    5904    5900    5949    5948    7958    7925+CONT
+CONT       7961    7994    7960    7962    7996    7995
CHEXA        949       1    1295    1252    1213    1254    1341    1294+CONT
+CONT       1253    1296    5942    5895    5897    5943    5944    5896+CONT
+CONT       5851    5899    3542    3536    3537    3543
CHEXA        950       1    1297    1254    1215    1256    1343    1296+CONT
+CONT       1255    1298    5945    5898    5901    5946    5947    5899+CONT
+CONT       5854    5902    3544    3538    2643    3545
CHEXA        951       1    1258    1217    1257    1300    1299    1256+CONT
+CONT       1298    1345    5904    5857    3817    5905    5948    5900+CONT
+CONT       3815    3822    5949    5902    2644    5950
CHEXA        952       1    1261    1219    1259    1303    1302    1258+CONT
+CONT       1300    1348    5928    5883    3821    5931    5951    5903+CONT
+CONT       3816    3823    5952    5905    3824    5953
CHEXA        953       1    1308    1263    1307    1356    1265    1223+CONT
+CONT       1264    1309    5954    5907    3396    5955    5956    5908+CONT
+CONT       3388    3395    5910    5863    3392    5911
CHEXA        954       1    1308    1263    1234    1277    1356    1307+CONT
+CONT       1276    1323    5954    5909    5933    5957    5955    5907+CONT
+CONT       5887    5935    3396    3390    3393    3397
CHEXA        955       1    1357    1308    1265    1310    1324    1277+CONT
+CONT       1235    1278    6002    5956    5958    6004    6005    5957+CONT
+CONT       7931    7964    5981    7934    7935    7967
CHEXA        956       1    1310    1265    1309    1358    1267    1225+CONT
+CONT       1266    1311    5958    5911    3399    5959    5960    5912+CONT
+CONT       3391    3398    5914    5867    2621    5915
CHEXA        957       1    1359    1310    1267    1312    1325    1278+CONT
+CONT       1238    1281    6006    5960    5962    6008    7997    7964+CONT
+CONT       7932    7965    7968    7936    7942    7969
CHEXA        958       1    1268    1226    1267    1312    1314    1269+CONT
+CONT       1311    1360    5917    5913    5962    5961    5918    5870+CONT
+CONT       5915    5963    3670    3668    2622    3675
CHEXA        959       1    1313    1268    1237    1280    1361    1312+CONT
+CONT       1281    1328    5965    7933    7939    7966    6009    5961+CONT
+CONT       7941    7974    6010    7965    7975    7998
CHEXA        960       1    1316    1271    1236    1279    1362    1313+CONT
+CONT       1280    1327    5967    5921    5922    5969    6012    5964+CONT
+CONT       7938    7971    6013    7966    7972    7999
CHEXA        961       1    1271    1229    1268    1313    1315    1270+CONT
+CONT       1314    1363    5919    5916    5965    5964    5920    5872+CONT
+CONT       5918    5966    3672    3669    3677    3676
CHEXA        962       1    1316    1271    1315    1364    1279    1236+CONT
+CONT       1272    1317    5967    5920    3679    5968    5969    5921+CONT
+CONT       3671    3678    5922    5875    3674    5923
CHEXA        963       1    1326    1279    1317    1366    1282    1239+CONT
+CONT       1273    1318    5970    5923    3681    5971    5972    5924+CONT
+CONT       3673    3680    5926    5879    2663    5927
CHEXA        964       1    1291    1248    1282    1329    1320    1274+CONT
+CONT       1318    1368    5930    5925    5974    5973    5932    5884+CONT
+CONT       5927    5975    3820    3818    2664    3825
CHEXA        965       1    1306    1261    1291    1338    1352    1303+CONT
+CONT       1320    1371    5976    5929    5978    5977    5979    5931+CONT
+CONT       5932    5980    3828    3819    3827    3826
CHEXA        966       2    1373    1321    1275    1322    1354    1304+CONT
+CONT       1260    1305    6988    3264    3261    3245    3244    3265+CONT
+CONT       2424    2392    6989    3266    3262    3246
CHEXA        967       1    1324    1277    1243    1286    1374    1323+CONT
+CONT       1287    1334    5981    5934    5937    5982    5983    5935+CONT
+CONT       5890    5938    3400    3394    2602    3401
CHEXA        968       1    1375    1324    1278    1325    1333    1286+CONT
+CONT       1242    1285    6029    7967    7968    8000    6030    5982+CONT
+CONT       7937    7970    5985    7953    7951    7986
CHEXA        969       1    1376    1325    1281    1328    1332    1285+CONT
+CONT       1241    1284    8001    7969    7975    8002    8003    7970+CONT
+CONT       7943    7976    7984    7952    7949    7985
CHEXA        970       1    1326    1279    1239    1282    1378    1327+CONT
+CONT       1283    1330    5970    5924    5926    5972    8004    7971+CONT
+CONT       7945    7978    8005    7973    7979    8006
CHEXA        971       1    1327    1280    1240    1283    1379    1328+CONT
+CONT       1284    1331    7972    7940    7946    7973    8007    7974+CONT
+CONT       7948    7981    8008    7976    7982    8009
CHEXA        972       1    1291    1248    1292    1339    1329    1282+CONT
+CONT       1330    1381    5930    7959    7993    7992    5973    5925+CONT
+CONT       7977    8010    5974    7978    8012    8011
CHEXA        973       1    1292    1249    1293    1340    1330    1283+CONT
+CONT       1331    1382    7960    7962    7996    7995    7977    7944+CONT
+CONT       7980    8013    7979    7981    8015    8014
CHEXA        974       1    1337    1290    1332    1383    1293    1250+CONT
+CONT       1284    1331    7989    7983    8017    8016    7990    7957+CONT
+CONT       7985    8018    7963    7947    7982    7980
CHEXA        975       1    1336    1289    1333    1384    1290    1247+CONT
+CONT       1285    1332    5988    5984    6033    6032    7987    7954+CONT
+CONT       7986    8019    7956    7950    7984    7983
CHEXA        976       1    1289    1246    1288    1335    1333    1286+CONT
+CONT       1334    1385    5940    5893    3540    5941    5984    5936+CONT
+CONT       3539    3546    5985    5938    2603    5986
CHEXA        977       1    1295    1252    1294    1341    1336    1289+CONT
+CONT       1335    1386    5942    5896    3542    5944    5987    5939+CONT
+CONT       3541    3548    5988    5941    3547    5989
CHEXA        978       1    1342    1295    1336    1387    1297    1254+CONT
+CONT       1290    1337    5990    5987    6036    6035    5991    5943+CONT
+CONT       7987    8020    5945    7955    7989    7988
CHEXA        979       1    1344    1297    1337    1388    1299    1256+CONT
+CONT       1293    1340    5993    7988    8022    8021    5994    5946+CONT
+CONT       7990    8023    5949    7961    7996    7994
CHEXA        980       1    1306    1261    1302    1351    1338    1291+CONT
+CONT       1339    1390    5976    5951    6000    5999    5977    5929+CONT
+CONT       7991    8024    5978    7992    8026    8025
CHEXA        981       1    1302    1258    1299    1347    1339    1292+CONT
+CONT       1340    1391    5952    5948    5997    5996    7991    7958+CONT
+CONT       7994    8027    7993    7995    8029    8028
CHEXA        982       1    1342    1295    1254    1297    1392    1341+CONT
+CONT       1296    1343    5990    5943    5945    5991    5992    5944+CONT
+CONT       5899    5947    3549    3543    3544    3550
CHEXA        983       1    1344    1297    1256    1299    1394    1343+CONT
+CONT       1298    1345    5993    5946    5949    5994    5995    5947+CONT
+CONT       5902    5950    3551    3545    2644    3552
CHEXA        984       1    1302    1258    1300    1348    1347    1299+CONT
+CONT       1345    1397    5952    5905    3824    5953    5996    5948+CONT
+CONT       3822    3829    5997    5950    2645    5998
CHEXA        985       1    1306    1261    1303    1352    1351    1302+CONT
+CONT       1348    1401    5976    5931    3828    5979    5999    5951+CONT
+CONT       3823    3830    6000    5953    3831    6001
CHEXA        986       2    1354    1304    1260    1305    1402    1350+CONT
+CONT       1301    1349    6989    3266    3262    3246    3247    3267+CONT
+CONT       2425    2393    6990    3268    3263    3248
CHEXA        987       1    1357    1308    1356    1409    1310    1265+CONT
+CONT       1309    1358    6002    5955    3403    6003    6004    5956+CONT
+CONT       3395    3402    5958    5911    3399    5959
CHEXA        988       1    1357    1308    1277    1324    1409    1356+CONT
+CONT       1323    1374    6002    5957    5981    6005    6003    5955+CONT
+CONT       5935    5983    3403    3397    3400    3404
CHEXA        989       1    1410    1357    1310    1359    1375    1324+CONT
+CONT       1278    1325    6050    6004    6006    6052    6053    6005+CONT
+CONT       7964    7997    6029    7967    7968    8000
CHEXA        990       1    1359    1310    1358    1411    1312    1267+CONT
+CONT       1311    1360    6006    5959    3406    6007    6008    5960+CONT
+CONT       3398    3405    5962    5915    2622    5963
CHEXA        991       1    1412    1359    1312    1361    1376    1325+CONT
+CONT       1281    1328    6054    6008    6010    6056    8030    7997+CONT
+CONT       7965    7998    8001    7969    7975    8002
CHEXA        992       1    1313    1268    1312    1361    1363    1314+CONT
+CONT       1360    1413    5965    5961    6010    6009    5966    5918+CONT
+CONT       5963    6011    3677    3675    2623    3682
CHEXA        993       1    1362    1313    1280    1327    1414    1361+CONT
+CONT       1328    1379    6013    7966    7972    7999    6057    6009+CONT
+CONT       7974    8007    6058    7998    8008    8031
CHEXA        994       1    1365    1316    1279    1326    1415    1362+CONT
+CONT       1327    1378    6015    5969    5970    6017    6060    6012+CONT
+CONT       7971    8004    6061    7999    8005    8032
CHEXA        995       1    1316    1271    1313    1362    1364    1315+CONT
+CONT       1363    1416    5967    5964    6013    6012    5968    5920+CONT
+CONT       5966    6014    3679    3676    3684    3683
CHEXA        996       1    1365    1316    1364    1417    1326    1279+CONT
+CONT       1317    1366    6015    5968    3686    6016    6017    5969+CONT
+CONT       3678    3685    5970    5923    3681    5971
CHEXA        997       1    1377    1326    1366    1420    1329    1282+CONT
+CONT       1318    1368    6018    5971    3688    6019    6020    5972+CONT
+CONT       3680    3687    5974    5927    2664    5975
CHEXA        998       1    1338    1291    1329    1380    1371    1320+CONT
+CONT       1368    1423    5978    5973    6022    6021    5980    5932+CONT
+CONT       5975    6023    3827    3825    2665    3832
CHEXA        999       2    1424    1370    1319    1369    1373    1321+CONT
+CONT       1275    1322    6991    3269    2591    2586    3249    3270+CONT
+CONT       2426    2394    6988    3264    3261    3245
CHEXA       1000       1    1355    1306    1338    1389    1405    1352+CONT
+CONT       1371    1426    6024    5977    6026    6025    6027    5979+CONT
+CONT       5980    6028    3835    3826    3834    3833
CHEXA       1001       2    1428    1372    1321    1373    1407    1353+CONT
+CONT       1304    1354    8678    4460    6988    4451    4450    4461+CONT
+CONT       3265    3244    8679    4462    6989    4452
CHEXA       1002       1    1375    1324    1286    1333    1429    1374+CONT
+CONT       1334    1385    6029    5982    5985    6030    6031    5983+CONT
+CONT       5938    5986    3407    3401    2603    3408
CHEXA       1003       1    1430    1375    1325    1376    1384    1333+CONT
+CONT       1285    1332    6077    8000    8001    8033    6078    6030+CONT
+CONT       7970    8003    6033    7986    7984    8019
CHEXA       1004       1    1431    1376    1328    1379    1383    1332+CONT
+CONT       1284    1331    8034    8002    8008    8035    8036    8003+CONT
+CONT       7976    8009    8017    7985    7982    8018
CHEXA       1005       1    1377    1326    1282    1329    1433    1378+CONT
+CONT       1330    1381    6018    5972    5974    6020    8037    8004+CONT
+CONT       7978    8011    8038    8006    8012    8039
CHEXA       1006       1    1378    1327    1283    1330    1434    1379+CONT
+CONT       1331    1382    8005    7973    7979    8006    8040    8007+CONT
+CONT       7981    8014    8041    8009    8015    8042
CHEXA       1007       1    1338    1291    1339    1390    1380    1329+CONT
+CONT       1381    1436    5978    7992    8026    8025    6021    5973+CONT
+CONT       8010    8043    6022    8011    8045    8044
CHEXA       1008       1    1339    1292    1340    1391    1381    1330+CONT
+CONT       1382    1437    7993    7995    8029    8028    8010    7977+CONT
+CONT       8013    8046    8012    8014    8048    8047
CHEXA       1009       1    1388    1337    1383    1438    1340    1293+CONT
+CONT       1331    1382    8022    8016    8050    8049    8023    7990+CONT
+CONT       8018    8051    7996    7980    8015    8013
CHEXA       1010       1    1387    1336    1384    1439    1337    1290+CONT
+CONT       1332    1383    6036    6032    6081    6080    8020    7987+CONT
+CONT       8019    8052    7989    7983    8017    8016
CHEXA       1011       1    1336    1289    1335    1386    1384    1333+CONT
+CONT       1385    1440    5988    5941    3547    5989    6032    5984+CONT
+CONT       3546    3553    6033    5986    2604    6034
CHEXA       1012       1    1342    1295    1341    1392    1387    1336+CONT
+CONT       1386    1441    5990    5944    3549    5992    6035    5987+CONT
+CONT       3548    3555    6036    5989    3554    6037
CHEXA       1013       1    1393    1342    1387    1442    1344    1297+CONT
+CONT       1337    1388    6038    6035    6084    6083    6039    5991+CONT
+CONT       8020    8053    5993    7988    8022    8021
CHEXA       1014       1    1396    1344    1388    1443    1347    1299+CONT
+CONT       1340    1391    6041    8021    8055    8054    6042    5994+CONT
+CONT       8023    8056    5997    7994    8029    8027
CHEXA       1015       1    1355    1306    1351    1404    1389    1338+CONT
+CONT       1390    1445    6024    5999    6048    6047    6025    5977+CONT
+CONT       8024    8057    6026    8025    8059    8058
CHEXA       1016       1    1351    1302    1347    1400    1390    1339+CONT
+CONT       1391    1446    6000    5996    6045    6044    8024    7991+CONT
+CONT       8027    8060    8026    8028    8062    8061
CHEXA       1017       1    1393    1342    1297    1344    1447    1392+CONT
+CONT       1343    1394    6038    5991    5993    6039    6040    5992+CONT
+CONT       5947    5995    3556    3550    3551    3557
CHEXA       1018       1    1396    1344    1299    1347    1450    1394+CONT
+CONT       1345    1397    6041    5994    5997    6042    6043    5995+CONT
+CONT       5950    5998    3558    3552    2645    3559
CHEXA       1019       1    1351    1302    1348    1401    1400    1347+CONT
+CONT       1397    1454    6000    5953    3831    6001    6044    5996+CONT
+CONT       3829    3836    6045    5998    2646    6046
CHEXA       1020       2    1402    1350    1301    1349    1456    1398+CONT
+CONT       1346    1399    6990    3268    3263    3248    3250    3271+CONT
+CONT       2427    2395    6992    3272    2585    2580
CHEXA       1021       1    1355    1306    1352    1405    1404    1351+CONT
+CONT       1401    1458    6024    5979    3835    6027    6047    5999+CONT
+CONT       3830    3837    6048    6001    3838    6049
CHEXA       1022       2    1407    1353    1304    1354    1459    1403+CONT
+CONT       1350    1402    8679    4462    6989    4452    4453    4463+CONT
+CONT       3267    3247    8680    4464    6990    4454
CHEXA       1023       1    1410    1357    1409    1465    1359    1310+CONT
+CONT       1358    1411    6050    6003    3410    6051    6052    6004+CONT
+CONT       3402    3409    6006    5959    3406    6007
CHEXA       1024       1    1410    1357    1324    1375    1465    1409+CONT
+CONT       1374    1429    6050    6005    6029    6053    6051    6003+CONT
+CONT       5983    6031    3410    3404    3407    3411
CHEXA       1025       1    1466    1410    1359    1412    1430    1375+CONT
+CONT       1325    1376    6098    6052    6054    6100    6101    6053+CONT
+CONT       7997    8030    6077    8000    8001    8033
CHEXA       1026       1    1412    1359    1411    1467    1361    1312+CONT
+CONT       1360    1413    6054    6007    3413    6055    6056    6008+CONT
+CONT       3405    3412    6010    5963    2623    6011
CHEXA       1027       1    1468    1412    1361    1414    1431    1376+CONT
+CONT       1328    1379    6102    6056    6058    6104    8063    8030+CONT
+CONT       7998    8031    8034    8002    8008    8035
CHEXA       1028       1    1362    1313    1361    1414    1416    1363+CONT
+CONT       1413    1469    6013    6009    6058    6057    6014    5966+CONT
+CONT       6011    6059    3684    3682    2624    3689
CHEXA       1029       1    1415    1362    1327    1378    1470    1414+CONT
+CONT       1379    1434    6061    7999    8005    8032    6105    6057+CONT
+CONT       8007    8040    6106    8031    8041    8064
CHEXA       1030       1    1419    1365    1326    1377    1471    1415+CONT
+CONT       1378    1433    6063    6017    6018    6065    6108    6060+CONT
+CONT       8004    8037    6109    8032    8038    8065
CHEXA       1031       1    1365    1316    1362    1415    1417    1364+CONT
+CONT       1416    1472    6015    6012    6061    6060    6016    5968+CONT
+CONT       6014    6062    3686    3683    3691    3690
CHEXA       1032       1    1419    1365    1417    1474    1377    1326+CONT
+CONT       1366    1420    6063    6016    3693    6064    6065    6017+CONT
+CONT       3685    3692    6018    5971    3688    6019
CHEXA       1033       1    1432    1377    1420    1478    1380    1329+CONT
+CONT       1368    1423    6066    6019    3695    6067    6068    6020+CONT
+CONT       3687    3694    6022    5975    2665    6023
CHEXA       1034       2    1479    1422    1367    1421    1424    1370+CONT
+CONT       1319    1369    6993    3273    3238    3225    3224    3274+CONT
+CONT       2412    2380    6991    3269    2591    2586
CHEXA       1035       1    1389    1338    1380    1435    1426    1371+CONT
+CONT       1423    1481    6026    6021    6070    6069    6028    5980+CONT
+CONT       6023    6071    3834    3832    2666    3839
CHEXA       1036       2    1483    1425    1370    1424    1428    1372+CONT
+CONT       1321    1373    8681    4465    6991    2587    4455    4466+CONT
+CONT       3270    3249    8678    4460    6988    4451
CHEXA       1037       1    1408    1355    1389    1444    1462    1405+CONT
+CONT       1426    1484    6072    6025    6074    6073    6075    6027+CONT
+CONT       6028    6076    3841    3833    3840    2420
CHEXA       1038       2    1485    1427    1372    1428    1463    1406+CONT
+CONT       1353    1407    6996    4467    8678    4456    3253    3280+CONT
+CONT       4461    4450    6997    4468    8679    4457
CHEXA       1039       1    1430    1375    1333    1384    1486    1429+CONT
+CONT       1385    1440    6077    6030    6033    6078    6079    6031+CONT
+CONT       5986    6034    3414    3408    2604    3415
CHEXA       1040       1    1487    1430    1376    1431    1439    1384+CONT
+CONT       1332    1383    6125    8033    8034    8066    6126    6078+CONT
+CONT       8003    8036    6081    8019    8017    8052
CHEXA       1041       1    1488    1431    1379    1434    1438    1383+CONT
+CONT       1331    1382    8067    8035    8041    8068    8069    8036+CONT
+CONT       8009    8042    8050    8018    8015    8051
CHEXA       1042       1    1432    1377    1329    1380    1490    1433+CONT
+CONT       1381    1436    6066    6020    6022    6068    8070    8037+CONT
+CONT       8011    8044    8071    8039    8045    8072
CHEXA       1043       1    1433    1378    1330    1381    1491    1434+CONT
+CONT       1382    1437    8038    8006    8012    8039    8073    8040+CONT
+CONT       8014    8047    8074    8042    8048    8075
CHEXA       1044       1    1389    1338    1390    1445    1435    1380+CONT
+CONT       1436    1493    6026    8025    8059    8058    6069    6021+CONT
+CONT       8043    8076    6070    8044    8078    8077
CHEXA       1045       1    1390    1339    1391    1446    1436    1381+CONT
+CONT       1437    1494    8026    8028    8062    8061    8043    8010+CONT
+CONT       8046    8079    8045    8047    8081    8080
CHEXA       1046       1    1443    1388    1438    1495    1391    1340+CONT
+CONT       1382    1437    8055    8049    8083    8082    8056    8023+CONT
+CONT       8051    8084    8029    8013    8048    8046
CHEXA       1047       1    1442    1387    1439    1496    1388    1337+CONT
+CONT       1383    1438    6084    6080    6129    6128    8053    8020+CONT
+CONT       8052    8085    8022    8016    8050    8049
CHEXA       1048       1    1387    1336    1386    1441    1439    1384+CONT
+CONT       1440    1497    6036    5989    3554    6037    6080    6032+CONT
+CONT       3553    3560    6081    6034    2605    6082
CHEXA       1049       1    1393    1342    1392    1447    1442    1387+CONT
+CONT       1441    1498    6038    5992    3556    6040    6083    6035+CONT
+CONT       3555    3562    6084    6037    3561    6085
CHEXA       1050       1    1449    1393    1442    1501    1396    1344+CONT
+CONT       1388    1443    6086    6083    6132    6131    6087    6039+CONT
+CONT       8053    8086    6041    8021    8055    8054
CHEXA       1051       1    1453    1396    1443    1502    1400    1347+CONT
+CONT       1391    1446    6089    8054    8088    8087    6090    6042+CONT
+CONT       8056    8089    6045    8027    8062    8060
CHEXA       1052       1    1408    1355    1404    1461    1444    1389+CONT
+CONT       1445    1503    6072    6047    6096    6095    6073    6025+CONT
+CONT       8057    8090    6074    8058    8092    8091
CHEXA       1053       1    1404    1351    1400    1457    1445    1390+CONT
+CONT       1446    1504    6048    6044    6093    6092    8057    8024+CONT
+CONT       8060    8093    8059    8061    8095    8094
CHEXA       1054       1    1449    1393    1344    1396    1505    1447+CONT
+CONT       1394    1450    6086    6039    6041    6087    6088    6040+CONT
+CONT       5995    6043    3563    3557    3558    3564
CHEXA       1055       1    1453    1396    1347    1400    1509    1450+CONT
+CONT       1397    1454    6089    6042    6045    6090    6091    6043+CONT
+CONT       5998    6046    3565    3559    2646    3566
CHEXA       1056       2    1510    1452    1398    1456    1451    1395+CONT
+CONT       1346    1399    6994    3275    6992    3199    3198    3276+CONT
+CONT       3272    2580    3215    2400    2585    2368
CHEXA       1057       1    1404    1351    1401    1458    1457    1400+CONT
+CONT       1454    1513    6048    6001    3838    6049    6092    6044+CONT
+CONT       3836    3842    6093    6046    2647    6094
CHEXA       1058       2    1459    1403    1350    1402    1515    1455+CONT
+CONT       1398    1456    8680    4464    6990    4454    4458    4469+CONT
+CONT       3271    3250    8682    4470    6992    2581
CHEXA       1059       1    1408    1355    1405    1462    1461    1404+CONT
+CONT       1458    1517    6072    6027    3841    6075    6095    6047+CONT
+CONT       3837    2421    6096    6049    3843    6097
CHEXA       1060       2    1463    1406    1353    1407    1518    1460+CONT
+CONT       1403    1459    6997    4468    8679    4457    3255    3284+CONT
+CONT       4463    4453    6999    4471    8680    4459
CHEXA       1061       1    1466    1410    1465    1522    1412    1359+CONT
+CONT       1411    1467    6098    6051    3417    6099    6100    6052+CONT
+CONT       3409    3416    6054    6007    3413    6055
CHEXA       1062       1    1466    1410    1375    1430    1522    1465+CONT
+CONT       1429    1486    6098    6053    6077    6101    6099    6051+CONT
+CONT       6031    6079    3417    3411    3414    3418
CHEXA       1063       1    1523    1466    1412    1468    1487    1430+CONT
+CONT       1376    1431    6146    6100    6102    6148    6149    6101+CONT
+CONT       8030    8063    6125    8033    8034    8066
CHEXA       1064       1    1468    1412    1467    1524    1414    1361+CONT
+CONT       1413    1469    6102    6055    3420    6103    6104    6056+CONT
+CONT       3412    3419    6058    6011    2624    6059
CHEXA       1065       1    1525    1468    1414    1470    1488    1431+CONT
+CONT       1379    1434    6150    6104    6106    6152    8096    8063+CONT
+CONT       8031    8064    8067    8035    8041    8068
CHEXA       1066       1    1415    1362    1414    1470    1472    1416+CONT
+CONT       1469    1526    6061    6057    6106    6105    6062    6014+CONT
+CONT       6059    6107    3691    3689    2625    3696
CHEXA       1067       1    1471    1415    1378    1433    1528    1470+CONT
+CONT       1434    1491    6109    8032    8038    8065    6153    6105+CONT
+CONT       8040    8073    6154    8064    8074    8097
CHEXA       1068       1    1477    1419    1377    1432    1529    1471+CONT
+CONT       1433    1490    6111    6065    6066    6113    6156    6108+CONT
+CONT       8037    8070    6157    8065    8071    8098
CHEXA       1069       1    1419    1365    1415    1471    1474    1417+CONT
+CONT       1472    1530    6063    6060    6109    6108    6064    6016+CONT
+CONT       6062    6110    3693    3690    3698    3697
CHEXA       1070       1    1477    1419    1474    1533    1432    1377+CONT
+CONT       1420    1478    6111    6064    3700    6112    6113    6065+CONT
+CONT       3692    3699    6066    6019    3695    6067
CHEXA       1071       2    1534    1476    1418    1475    1479    1422+CONT
+CONT       1367    1421    6995    3277    3239    3227    3226    3278+CONT
+CONT       2413    2381    6993    3273    3238    3225
CHEXA       1072       1    1489    1432    1478    1537    1435    1380+CONT
+CONT       1423    1481    6114    6067    3702    6115    6116    6068+CONT
+CONT       3694    3701    6070    6023    2666    6071
CHEXA       1073       2    1538    1480    1422    1479    1483    1425+CONT
+CONT       1370    1424    8683    4472    6993    4441    4440    4473+CONT
+CONT       3274    3224    8681    4465    6991    2587
CHEXA       1074       1    1444    1389    1435    1492    1484    1426+CONT
+CONT       1481    1540    6074    6069    6118    6117    6076    6028+CONT
+CONT       6071    6119    3840    3839    2667    2422
CHEXA       1075       2    1541    1482    1425    1483    1485    1427+CONT
+CONT       1372    1428    7001    4474    8681    2588    3256    3289+CONT
+CONT       4466    4455    6996    4467    8678    4456
CHEXA       1076       1    1464    1408    1444    1500    1520    1462+CONT
+CONT       1484    1542    6120    6073    6122    6121    6123    6075+CONT
+CONT       6076    6124    3259    2420    3258    2388
CHEXA       1077       2    1542    1484    1427    1485    1520    1462+CONT
+CONT       1406    1463    3258    3279    6996    3251    2388    2420+CONT
+CONT       3280    3253    3259    3281    6997    3252
CHEXA       1078       1    1487    1430    1384    1439    1543    1486+CONT
+CONT       1440    1497    6125    6078    6081    6126    6127    6079+CONT
+CONT       6034    6082    3421    3415    2605    3422
CHEXA       1079       1    1544    1487    1431    1488    1496    1439+CONT
+CONT       1383    1438    6173    8066    8067    8099    6174    6126+CONT
+CONT       8036    8069    6129    8052    8050    8085
CHEXA       1080       1    1545    1488    1434    1491    1495    1438+CONT
+CONT       1382    1437    8100    8068    8074    8101    8102    8069+CONT
+CONT       8042    8075    8083    8051    8048    8084
CHEXA       1081       1    1489    1432    1380    1435    1547    1490+CONT
+CONT       1436    1493    6114    6068    6070    6116    8103    8070+CONT
+CONT       8044    8077    8104    8072    8078    8105
CHEXA       1082       1    1490    1433    1381    1436    1548    1491+CONT
+CONT       1437    1494    8071    8039    8045    8072    8106    8073+CONT
+CONT       8047    8080    8107    8075    8081    8108
CHEXA       1083       1    1444    1389    1445    1503    1492    1435+CONT
+CONT       1493    1550    6074    8058    8092    8091    6117    6069+CONT
+CONT       8076    8109    6118    8077    8111    8110
CHEXA       1084       1    1445    1390    1446    1504    1493    1436+CONT
+CONT       1494    1551    8059    8061    8095    8094    8076    8043+CONT
+CONT       8079    8112    8078    8080    8114    8113
CHEXA       1085       1    1502    1443    1495    1552    1446    1391+CONT
+CONT       1437    1494    8088    8082    8116    8115    8089    8056+CONT
+CONT       8084    8117    8062    8046    8081    8079
CHEXA       1086       1    1501    1442    1496    1553    1443    1388+CONT
+CONT       1438    1495    6132    6128    6177    6176    8086    8053+CONT
+CONT       8085    8118    8055    8049    8083    8082
CHEXA       1087       1    1442    1387    1441    1498    1496    1439+CONT
+CONT       1497    1554    6084    6037    3561    6085    6128    6080+CONT
+CONT       3560    3567    6129    6082    2606    6130
CHEXA       1088       1    1449    1393    1447    1505    1501    1442+CONT
+CONT       1498    1556    6086    6040    3563    6088    6131    6083+CONT
+CONT       3562    3569    6132    6085    3568    6133
CHEXA       1089       1    1464    1408    1461    1519    1500    1444+CONT
+CONT       1503    1560    6120    6095    6144    6143    6121    6073+CONT
+CONT       8090    8119    6122    8091    8121    8120
CHEXA       1090       1    1508    1449    1501    1561    1453    1396+CONT
+CONT       1443    1502    6134    6131    6180    6179    6135    6087+CONT
+CONT       8086    8122    6089    8054    8088    8087
CHEXA       1091       1    1512    1453    1502    1562    1457    1400+CONT
+CONT       1446    1504    6137    8087    8124    8123    6138    6090+CONT
+CONT       8089    8125    6093    8060    8095    8093
CHEXA       1092       1    1461    1404    1457    1516    1503    1445+CONT
+CONT       1504    1563    6096    6092    6141    6140    8090    8057+CONT
+CONT       8093    8126    8092    8094    8128    8127
CHEXA       1093       1    1508    1449    1396    1453    1564    1505+CONT
+CONT       1450    1509    6134    6087    6089    6135    6136    6088+CONT
+CONT       6043    6091    3570    3564    3565    3571
CHEXA       1094       2    1566    1506    1452    1510    1507    1448+CONT
+CONT       1395    1451    6998    3282    6994    3201    3200    3283+CONT
+CONT       3276    3198    3216    2401    3215    2369
CHEXA       1095       1    1512    1453    1400    1457    1568    1509+CONT
+CONT       1454    1513    6137    6090    6093    6138    6139    6091+CONT
+CONT       6046    6094    3572    3566    2647    3573
CHEXA       1096       2    1570    1511    1455    1515    1510    1452+CONT
+CONT       1398    1456    8684    4475    8682    4431    4430    4476+CONT
+CONT       4470    2581    6994    3275    6992    3199
CHEXA       1097       1    1461    1404    1458    1517    1516    1457+CONT
+CONT       1513    1572    6096    6049    3843    6097    6140    6092+CONT
+CONT       3842    2423    6141    6094    2648    6142
CHEXA       1098       2    1518    1460    1403    1459    1573    1514+CONT
+CONT       1455    1515    6999    4471    8680    4459    3257    3292+CONT
+CONT       4469    4458    7003    4477    8682    2582
CHEXA       1099       1    1464    1408    1462    1520    1519    1461+CONT
+CONT       1517    1575    6120    6075    3259    6123    6143    6095+CONT
+CONT       2421    2389    6144    6097    3260    6145
CHEXA       1100       2    1520    1462    1406    1463    1575    1517+CONT
+CONT       1460    1518    3259    3281    6997    3252    2389    2421+CONT
+CONT       3284    3255    3260    3285    6999    3254
CHEXA       1101       1    1523    1466    1522    1579    1468    1412+CONT
+CONT       1467    1524    6146    6099    3424    6147    6148    6100+CONT
+CONT       3416    3423    6102    6055    3420    6103
CHEXA       1102       1    1523    1466    1430    1487    1579    1522+CONT
+CONT       1486    1543    6146    6101    6125    6149    6147    6099+CONT
+CONT       6079    6127    3424    3418    3421    3425
CHEXA       1103       1    1580    1523    1468    1525    1544    1487+CONT
+CONT       1431    1488    6194    6148    6150    6196    6197    6149+CONT
+CONT       8063    8096    6173    8066    8067    8099
CHEXA       1104       1    1525    1468    1524    1581    1470    1414+CONT
+CONT       1469    1526    6150    6103    3427    6151    6152    6104+CONT
+CONT       3419    3426    6106    6059    2625    6107
CHEXA       1105       1    1583    1525    1470    1528    1545    1488+CONT
+CONT       1434    1491    6198    6152    6154    6200    8129    8096+CONT
+CONT       8064    8097    8100    8068    8074    8101
CHEXA       1106       1    1471    1415    1470    1528    1530    1472+CONT
+CONT       1526    1584    6109    6105    6154    6153    6110    6062+CONT
+CONT       6107    6155    3698    3696    2626    3703
CHEXA       1107       1    1529    1471    1433    1490    1587    1528+CONT
+CONT       1491    1548    6157    8065    8071    8098    6201    6153+CONT
+CONT       8073    8106    6202    8097    8107    8130
CHEXA       1108       1    1536    1477    1432    1489    1588    1529+CONT
+CONT       1490    1547    6159    6113    6114    6161    6204    6156+CONT
+CONT       8070    8103    6205    8098    8104    8131
CHEXA       1109       1    1477    1419    1471    1529    1533    1474+CONT
+CONT       1530    1589    6111    6108    6157    6156    6112    6064+CONT
+CONT       6110    6158    3700    3697    3705    3704
CHEXA       1110       2    1590    1532    1473    1531    1534    1476+CONT
+CONT       1418    1475    7000    3286    3240    3229    3228    3287+CONT
+CONT       2414    2382    6995    3277    3239    3227
CHEXA       1111       1    1536    1477    1533    1592    1489    1432+CONT
+CONT       1478    1537    6159    6112    3707    6160    6161    6113+CONT
+CONT       3699    3706    6114    6067    3702    6115
CHEXA       1112       2    1593    1535    1476    1534    1538    1480+CONT
+CONT       1422    1479    8685    4478    6995    4443    4442    4479+CONT
+CONT       3278    3226    8683    4472    6993    4441
CHEXA       1113       1    1546    1489    1537    1596    1492    1435+CONT
+CONT       1481    1540    6162    6115    3708    6163    6164    6116+CONT
+CONT       3701    2416    6118    6071    2667    6119
CHEXA       1114       2    1597    1539    1480    1538    1541    1482+CONT
+CONT       1425    1483    7005    4480    8683    4444    3232    3297+CONT
+CONT       4473    4440    7001    4474    8681    2588
CHEXA       1115       1    1500    1444    1492    1549    1542    1484+CONT
+CONT       1540    1598    6122    6117    6166    6165    6124    6076+CONT
+CONT       6119    6167    3258    2422    2590    2390
CHEXA       1116       2    1598    1540    1482    1541    1542    1484+CONT
+CONT       1427    1485    2590    3288    7001    2589    2390    2422+CONT
+CONT       3289    3256    3258    3279    6996    3251
CHEXA       1117       1    1521    1464    1500    1559    1577    1520+CONT
+CONT       1542    1599    6168    6121    6170    6169    6171    6123+CONT
+CONT       6124    6172    3085    2388    3084    3083
CHEXA       1118       1    1544    1487    1439    1496    1600    1543+CONT
+CONT       1497    1554    6173    6126    6129    6174    6175    6127+CONT
+CONT       6082    6130    3428    3422    2606    3429
CHEXA       1119       1    1603    1544    1488    1545    1553    1496+CONT
+CONT       1438    1495    6221    8099    8100    8132    6222    6174+CONT
+CONT       8069    8102    6177    8085    8083    8118
CHEXA       1120       1    1604    1545    1491    1548    1552    1495+CONT
+CONT       1437    1494    8133    8101    8107    8134    8135    8102+CONT
+CONT       8075    8108    8116    8084    8081    8117
CHEXA       1121       1    1546    1489    1435    1492    1605    1547+CONT
+CONT       1493    1550    6162    6116    6118    6164    8136    8103+CONT
+CONT       8077    8110    8137    8105    8111    8138
CHEXA       1122       1    1547    1490    1436    1493    1606    1548+CONT
+CONT       1494    1551    8104    8072    8078    8105    8139    8106+CONT
+CONT       8080    8113    8140    8108    8114    8141
CHEXA       1123       1    1500    1444    1503    1560    1549    1492+CONT
+CONT       1550    1608    6122    8091    8121    8120    6165    6117+CONT
+CONT       8109    8142    6166    8110    8144    8143
CHEXA       1124       1    1503    1445    1504    1563    1550    1493+CONT
+CONT       1551    1609    8092    8094    8128    8127    8109    8076+CONT
+CONT       8112    8145    8111    8113    8147    8146
CHEXA       1125       1    1562    1502    1552    1610    1504    1446+CONT
+CONT       1494    1551    8124    8115    8149    8148    8125    8089+CONT
+CONT       8117    8150    8095    8079    8114    8112
CHEXA       1126       1    1561    1501    1553    1611    1502    1443+CONT
+CONT       1495    1552    6180    6176    6225    6224    8122    8086+CONT
+CONT       8118    8151    8088    8082    8116    8115
CHEXA       1127       1    1501    1442    1498    1556    1553    1496+CONT
+CONT       1554    1612    6132    6085    3568    6133    6176    6128+CONT
+CONT       3567    3574    6177    6130    2607    6178
CHEXA       1128       1    1508    1449    1505    1564    1561    1501+CONT
+CONT       1556    1616    6134    6088    3570    6136    6179    6131+CONT
+CONT       3569    3576    6180    6133    3575    6181
CHEXA       1129       2    1617    1558    1506    1566    1557    1499+CONT
+CONT       1448    1507    7002    3290    6998    3203    3202    3291+CONT
+CONT       3283    3200    3217    2402    3216    2370
CHEXA       1130       1    1521    1464    1519    1576    1559    1500+CONT
+CONT       1560    1619    6168    6143    6192    6191    6169    6121+CONT
+CONT       8119    8152    6170    8120    8154    8153
CHEXA       1131       1    1519    1461    1516    1574    1560    1503+CONT
+CONT       1563    1620    6144    6140    6189    6188    8119    8090+CONT
+CONT       8126    8155    8121    8127    8157    8156
CHEXA       1132       1    1567    1508    1561    1621    1512    1453+CONT
+CONT       1502    1562    6182    6179    6228    6227    6183    6135+CONT
+CONT       8122    8158    6137    8087    8124    8123
CHEXA       1133       1    1571    1512    1562    1622    1516    1457+CONT
+CONT       1504    1563    6185    8123    8160    8159    6186    6138+CONT
+CONT       8125    8161    6141    8093    8128    8126
CHEXA       1134       1    1567    1508    1453    1512    1623    1564+CONT
+CONT       1509    1568    6182    6135    6137    6183    6184    6136+CONT
+CONT       6091    6139    3577    3571    3572    3578
CHEXA       1135       2    1625    1565    1511    1570    1566    1506+CONT
+CONT       1452    1510    8686    4481    8684    4433    4432    4482+CONT
+CONT       4476    4430    6998    3282    6994    3201
CHEXA       1136       1    1571    1512    1457    1516    1627    1568+CONT
+CONT       1513    1572    6185    6138    6141    6186    6187    6139+CONT
+CONT       6094    6142    3579    3573    2648    2408
CHEXA       1137       2    1628    1569    1514    1573    1570    1511+CONT
+CONT       1455    1515    7007    3301    7003    3206    4434    4483+CONT
+CONT       4477    2582    8684    4475    8682    4431
CHEXA       1138       1    1519    1461    1517    1575    1574    1516+CONT
+CONT       1572    1630    6144    6097    3260    6145    6188    6140+CONT
+CONT       2423    2391    6189    6142    2584    6190
CHEXA       1139       2    1575    1517    1460    1518    1630    1572+CONT
+CONT       1514    1573    3260    3285    6999    3254    2391    2423+CONT
+CONT       3292    3257    2584    3293    7003    2583
CHEXA       1140       1    1521    1464    1520    1577    1576    1519+CONT
+CONT       1575    1632    6168    6123    3085    6171    6191    6143+CONT
+CONT       2389    3086    6192    6145    3087    6193
CHEXA       1141       1    1580    1523    1579    1636    1525    1468+CONT
+CONT       1524    1581    6194    6147    3431    6195    6196    6148+CONT
+CONT       3423    3430    6150    6103    3427    6151
CHEXA       1142       1    1580    1523    1487    1544    1636    1579+CONT
+CONT       1543    1600    6194    6149    6173    6197    6195    6147+CONT
+CONT       6127    6175    3431    3425    3428    3432
CHEXA       1143       1    1638    1580    1525    1583    1603    1544+CONT
+CONT       1488    1545    6242    6196    6198    6244    6245    6197+CONT
+CONT       8096    8129    6221    8099    8100    8132
CHEXA       1144       1    1583    1525    1581    1639    1528    1470+CONT
+CONT       1526    1584    6198    6151    3434    6199    6200    6152+CONT
+CONT       3426    3433    6154    6107    2626    6155
CHEXA       1145       1    1642    1583    1528    1587    1604    1545+CONT
+CONT       1491    1548    6246    6200    6202    6248    8162    8129+CONT
+CONT       8097    8130    8133    8101    8107    8134
CHEXA       1146       1    1529    1471    1528    1587    1589    1530+CONT
+CONT       1584    1643    6157    6153    6202    6201    6158    6110+CONT
+CONT       6155    6203    3705    3703    2627    3709
CHEXA       1147       2    1644    1586    1527    1585    1590    1532+CONT
+CONT       1473    1531    7004    3294    2578    2574    3230    3295+CONT
+CONT       2415    2383    7000    3286    3240    3229
CHEXA       1148       1    1588    1529    1490    1547    1646    1587+CONT
+CONT       1548    1606    6205    8098    8104    8131    6249    6201+CONT
+CONT       8106    8139    6250    8130    8140    8163
CHEXA       1149       1    1595    1536    1489    1546    1647    1588+CONT
+CONT       1547    1605    6207    6161    6162    6209    6252    6204+CONT
+CONT       8103    8136    6253    8131    8137    8164
CHEXA       1150       1    1536    1477    1529    1588    1592    1533+CONT
+CONT       1589    1648    6159    6156    6205    6204    6160    6112+CONT
+CONT       6158    6206    3707    3704    3711    3710
CHEXA       1151       2    1649    1591    1532    1590    1593    1535+CONT
+CONT       1476    1534    8687    4484    7000    4446    4445    4485+CONT
+CONT       3287    3228    8685    4478    6995    4443
CHEXA       1152       1    1595    1536    1592    1651    1546    1489+CONT
+CONT       1537    1596    6207    6160    3712    6208    6209    6161+CONT
+CONT       3706    2417    6162    6115    3708    6163
CHEXA       1153       2    1652    1594    1535    1593    1597    1539+CONT
+CONT       1480    1538    7009    4486    8685    4447    3234    3305+CONT
+CONT       4479    4442    7005    4480    8683    4444
CHEXA       1154       1    1602    1546    1596    1654    1549    1492+CONT
+CONT       1540    1598    6210    6163    3241    6211    6212    6164+CONT
+CONT       2416    2384    6166    6119    2590    6167
CHEXA       1155       2    1654    1596    1539    1597    1598    1540+CONT
+CONT       1482    1541    3241    3296    7005    3231    2384    2416+CONT
+CONT       3297    3232    2590    3288    7001    2589
CHEXA       1156       1    1559    1500    1549    1607    1599    1542+CONT
+CONT       1598    1655    6170    6165    6214    6213    6172    6124+CONT
+CONT       6167    6215    3084    2390    2553    3088
CHEXA       1157       1    1578    1521    1559    1615    1634    1577+CONT
+CONT       1599    1656    6216    6169    6218    6217    6219    6171+CONT
+CONT       6172    6220    3091    3083    3090    3089
CHEXA       1158       1    1603    1544    1496    1553    1657    1600+CONT
+CONT       1554    1612    6221    6174    6177    6222    6223    6175+CONT
+CONT       6130    6178    3435    3429    2607    3436
CHEXA       1159       1    1602    1546    1492    1549    1661    1605+CONT
+CONT       1550    1608    6210    6164    6166    6212    8165    8136+CONT
+CONT       8110    8143    8166    8138    8144    8167
CHEXA       1160       1    1662    1603    1545    1604    1611    1553+CONT
+CONT       1495    1552    6269    8132    8133    8168    6270    6222+CONT
+CONT       8102    8135    6225    8118    8116    8151
CHEXA       1161       1    1663    1604    1548    1606    1610    1552+CONT
+CONT       1494    1551    8169    8134    8140    8170    8171    8135+CONT
+CONT       8108    8141    8149    8117    8114    8150
CHEXA       1162       1    1605    1547    1493    1550    1664    1606+CONT
+CONT       1551    1609    8137    8105    8111    8138    8172    8139+CONT
+CONT       8113    8146    8173    8141    8147    8174
CHEXA       1163       1    1559    1500    1560    1619    1607    1549+CONT
+CONT       1608    1666    6170    8120    8154    8153    6213    6165+CONT
+CONT       8142    8175    6214    8143    8177    8176
CHEXA       1164       1    1560    1503    1563    1620    1608    1550+CONT
+CONT       1609    1667    8121    8127    8157    8156    8142    8109+CONT
+CONT       8145    8178    8144    8146    8180    8179
CHEXA       1165       1    1622    1562    1610    1668    1563    1504+CONT
+CONT       1551    1609    8160    8148    8182    8181    8161    8125+CONT
+CONT       8150    8183    8128    8112    8147    8145
CHEXA       1166       1    1621    1561    1611    1669    1562    1502+CONT
+CONT       1552    1610    6228    6224    6273    6272    8158    8122+CONT
+CONT       8151    8184    8124    8115    8149    8148
CHEXA       1167       1    1561    1501    1556    1616    1611    1553+CONT
+CONT       1612    1670    6180    6133    3575    6181    6224    6176+CONT
+CONT       3574    3580    6225    6178    2608    6226
CHEXA       1168       2    1672    1613    1558    1617    1614    1555+CONT
+CONT       1499    1557    7006    3298    7002    3204    2568    3299+CONT
+CONT       3291    3202    2572    2403    3217    2371
CHEXA       1169       1    1578    1521    1576    1633    1615    1559+CONT
+CONT       1619    1674    6216    6191    6240    6239    6217    6169+CONT
+CONT       8152    8185    6218    8153    8187    8186
CHEXA       1170       1    1567    1508    1564    1623    1621    1561+CONT
+CONT       1616    1675    6182    6136    3577    6184    6227    6179+CONT
+CONT       3576    3582    6228    6181    3581    6229
CHEXA       1171       2    1677    1618    1565    1625    1617    1558+CONT
+CONT       1506    1566    8688    4487    8686    4436    4435    4488+CONT
+CONT       4482    4432    7002    3290    6998    3203
CHEXA       1172       1    1576    1519    1574    1631    1619    1560+CONT
+CONT       1620    1678    6192    6188    6237    6236    8152    8119+CONT
+CONT       8155    8188    8154    8156    8190    8189
CHEXA       1173       1    1629    1571    1622    1679    1574    1516+CONT
+CONT       1563    1620    6233    8159    8192    8191    6234    6186+CONT
+CONT       8161    8193    6189    8126    8157    8155
CHEXA       1174       1    1626    1567    1621    1680    1571    1512+CONT
+CONT       1562    1622    6230    6227    6276    6275    6231    6183+CONT
+CONT       8158    8194    6185    8123    8160    8159
CHEXA       1175       1    1626    1567    1512    1571    1681    1623+CONT
+CONT       1568    1627    6230    6183    6185    6231    6232    6184+CONT
+CONT       6139    6187    3583    3578    3579    2409
CHEXA       1176       2    1682    1624    1569    1628    1625    1565+CONT
+CONT       1511    1570    7011    3309    7007    3208    4437    4489+CONT
+CONT       4483    4434    8686    4481    8684    4433
CHEXA       1177       1    1629    1571    1516    1574    1684    1627+CONT
+CONT       1572    1630    6233    6186    6189    6234    6235    6187+CONT
+CONT       6142    6190    3221    2408    2584    2376
CHEXA       1178       2    1684    1627    1572    1630    1628    1569+CONT
+CONT       1514    1573    3221    2408    2584    2376    3205    3300+CONT
+CONT       3293    2583    7007    3301    7003    3206
CHEXA       1179       1    1576    1519    1575    1632    1631    1574+CONT
+CONT       1630    1686    6192    6145    3087    6193    6236    6188+CONT
+CONT       2391    3092    6237    6190    2538    6238
CHEXA       1180       1    1578    1521    1577    1634    1633    1576+CONT
+CONT       1632    1688    6216    6171    3091    6219    6239    6191+CONT
+CONT       3086    3093    6240    6193    3094    6241
CHEXA       1181       1    1638    1580    1636    1692    1583    1525+CONT
+CONT       1581    1639    6242    6195    3438    6243    6244    6196+CONT
+CONT       3430    3437    6198    6151    3434    6199
CHEXA       1182       1    1638    1580    1544    1603    1692    1636+CONT
+CONT       1600    1657    6242    6197    6221    6245    6243    6195+CONT
+CONT       6175    6223    3438    3432    3435    3439
CHEXA       1183       1    1695    1638    1583    1642    1662    1603+CONT
+CONT       1545    1604    6290    6244    6246    6292    6293    6245+CONT
+CONT       8129    8162    6269    8132    8133    8168
CHEXA       1184       1    1642    1583    1639    1696    1587    1528+CONT
+CONT       1584    1643    6246    6199    3441    6247    6248    6200+CONT
+CONT       3433    3440    6202    6155    2627    6203
CHEXA       1185       2    1644    1586    1641    1697    1585    1527+CONT
+CONT       1582    1640    7004    3302    7008    3184    2574    3294+CONT
+CONT       3303    3185    2578    2396    3212    2364
CHEXA       1186       1    1699    1642    1587    1646    1663    1604+CONT
+CONT       1548    1606    6294    6248    6250    6296    8195    8162+CONT
+CONT       8130    8163    8169    8134    8140    8170
CHEXA       1187       1    1588    1529    1587    1646    1648    1589+CONT
+CONT       1643    1700    6205    6201    6250    6249    6206    6158+CONT
+CONT       6203    6251    3711    3709    2628    3713
CHEXA       1188       2    1701    1645    1586    1644    1649    1591+CONT
+CONT       1532    1590    8689    4490    7004    2575    4448    4491+CONT
+CONT       3295    3230    8687    4484    7000    4446
CHEXA       1189       1    1647    1588    1547    1605    1703    1646+CONT
+CONT       1606    1664    6253    8131    8137    8164    6297    6249+CONT
+CONT       8139    8172    6298    8163    8173    8196
CHEXA       1190       1    1653    1595    1546    1602    1704    1647+CONT
+CONT       1605    1661    6255    6209    6210    6257    6300    6252+CONT
+CONT       8136    8165    6301    8164    8166    8197
CHEXA       1191       1    1595    1536    1588    1647    1651    1592+CONT
+CONT       1648    1705    6207    6204    6253    6252    6208    6160+CONT
+CONT       6206    6254    3712    3710    3714    2418
CHEXA       1192       2    1706    1650    1591    1649    1652    1594+CONT
+CONT       1535    1593    7013    4492    8687    4449    3236    3314+CONT
+CONT       4485    4445    7009    4486    8685    4447
CHEXA       1193       1    1653    1595    1651    1707    1602    1546+CONT
+CONT       1596    1654    6255    6208    3242    6256    6257    6209+CONT
+CONT       2417    2385    6210    6163    3241    6211
CHEXA       1194       2    1707    1651    1594    1652    1654    1596+CONT
+CONT       1539    1597    3242    3304    7009    3233    2385    2417+CONT
+CONT       3305    3234    3241    3296    7005    3231
CHEXA       1195       1    1660    1602    1654    1709    1607    1549+CONT
+CONT       1598    1655    6258    6211    2983    6259    6260    6212+CONT
+CONT       2384    2982    6214    6167    2553    6215
CHEXA       1196       1    1615    1559    1607    1665    1656    1599+CONT
+CONT       1655    1710    6218    6213    6262    6261    6220    6172+CONT
+CONT       6215    6263    3090    3088    2554    3095
CHEXA       1197       1    1635    1578    1615    1673    1690    1634+CONT
+CONT       1656    1711    6264    6217    6266    6265    6267    6219+CONT
+CONT       6220    6268    3098    3089    3097    3096
CHEXA       1198       1    1662    1603    1553    1611    1713    1657+CONT
+CONT       1612    1670    6269    6222    6225    6270    6271    6223+CONT
+CONT       6178    6226    3442    3436    2608    3443
CHEXA       1199       2    1714    1659    1613    1672    1658    1601+CONT
+CONT       1555    1614    7010    3306    7006    3187    3186    3307+CONT
+CONT       3299    2568    3213    2397    2572    2365
CHEXA       1200       1    1660    1602    1549    1607    1716    1661+CONT
+CONT       1608    1666    6258    6212    6214    6260    8198    8165+CONT
+CONT       8143    8176    8199    8167    8177    8200
CHEXA       1201       1    1661    1605    1550    1608    1717    1664+CONT
+CONT       1609    1667    8166    8138    8144    8167    8201    8172+CONT
+CONT       8146    8179    8202    8174    8180    8203
CHEXA       1202       1    1718    1662    1604    1663    1669    1611+CONT
+CONT       1552    1610    6317    8168    8169    8204    6318    6270+CONT
+CONT       8135    8171    6273    8151    8149    8184
CHEXA       1203       1    1719    1663    1606    1664    1668    1610+CONT
+CONT       1551    1609    8205    8170    8173    8206    8207    8171+CONT
+CONT       8141    8174    8182    8150    8147    8183
CHEXA       1204       1    1615    1559    1619    1674    1665    1607+CONT
+CONT       1666    1721    6218    8153    8187    8186    6261    6213+CONT
+CONT       8175    8208    6262    8176    8210    8209
CHEXA       1205       1    1619    1560    1620    1678    1666    1608+CONT
+CONT       1667    1722    8154    8156    8190    8189    8175    8142+CONT
+CONT       8178    8211    8177    8179    8213    8212
CHEXA       1206       1    1679    1622    1668    1723    1620    1563+CONT
+CONT       1609    1667    8192    8181    8215    8214    8193    8161+CONT
+CONT       8183    8216    8157    8145    8180    8178
CHEXA       1207       1    1680    1621    1669    1724    1622    1562+CONT
+CONT       1610    1668    6276    6272    6321    6320    8194    8158+CONT
+CONT       8184    8217    8160    8148    8182    8181
CHEXA       1208       1    1621    1561    1616    1675    1669    1611+CONT
+CONT       1670    1725    6228    6181    3581    6229    6272    6224+CONT
+CONT       3580    3584    6273    6226    2609    6274
CHEXA       1209       2    1727    1671    1618    1677    1672    1613+CONT
+CONT       1558    1617    8690    4493    8688    4438    2569    4494+CONT
+CONT       4488    4435    7006    3298    7002    3204
CHEXA       1210       1    1635    1578    1633    1689    1673    1615+CONT
+CONT       1674    1729    6264    6239    6288    6287    6265    6217+CONT
+CONT       8185    8218    6266    8186    8220    8219
CHEXA       1211       1    1633    1576    1631    1687    1674    1619+CONT
+CONT       1678    1730    6240    6236    6285    6284    8185    8152+CONT
+CONT       8188    8221    8187    8189    8223    8222
CHEXA       1212       1    1626    1567    1623    1681    1680    1621+CONT
+CONT       1675    1731    6230    6184    3583    6232    6275    6227+CONT
+CONT       3582    2410    6276    6229    3585    6277
CHEXA       1213       2    1732    1676    1624    1682    1677    1618+CONT
+CONT       1565    1625    7014    3316    7011    3210    4439    4495+CONT
+CONT       4489    4437    8688    4487    8686    4436
CHEXA       1214       1    1685    1629    1679    1733    1631    1574+CONT
+CONT       1620    1678    6281    8191    8225    8224    6282    6234+CONT
+CONT       8193    8226    6237    8155    8190    8188
CHEXA       1215       1    1683    1626    1680    1734    1629    1571+CONT
+CONT       1622    1679    6278    6275    6324    6323    6279    6231+CONT
+CONT       8194    8227    6233    8159    8192    8191
CHEXA       1216       1    1683    1626    1571    1629    1735    1681+CONT
+CONT       1627    1684    6278    6231    6233    6279    6280    6232+CONT
+CONT       6187    6235    3222    2409    3221    2377
CHEXA       1217       2    1735    1681    1627    1684    1682    1624+CONT
+CONT       1569    1628    3222    2409    3221    2377    3207    3308+CONT
+CONT       3300    3205    7011    3309    7007    3208
CHEXA       1218       1    1685    1629    1574    1631    1738    1684+CONT
+CONT       1630    1686    6281    6234    6237    6282    6283    6235+CONT
+CONT       6190    6238    2881    2376    2538    2882
CHEXA       1219       1    1633    1576    1632    1688    1687    1631+CONT
+CONT       1686    1739    6240    6193    3094    6241    6284    6236+CONT
+CONT       3092    3099    6285    6238    2539    6286
CHEXA       1220       1    1635    1578    1634    1690    1689    1633+CONT
+CONT       1688    1741    6264    6219    3098    6267    6287    6239+CONT
+CONT       3093    3100    6288    6241    3101    6289
CHEXA       1221       1    1695    1638    1692    1745    1642    1583+CONT
+CONT       1639    1696    6290    6243    3445    6291    6292    6244+CONT
+CONT       3437    3444    6246    6199    3441    6247
CHEXA       1222       1    1695    1638    1603    1662    1745    1692+CONT
+CONT       1657    1713    6290    6245    6269    6293    6291    6243+CONT
+CONT       6223    6271    3445    3439    3442    3446
CHEXA       1223       2    1746    1694    1659    1714    1693    1637+CONT
+CONT       1601    1658    7012    3310    7010    3189    3188    3311+CONT
+CONT       3307    3186    3214    2398    3213    2366
CHEXA       1224       2    1697    1641    1694    1746    1640    1582+CONT
+CONT       1637    1693    7008    3312    7012    3190    3185    3303+CONT
+CONT       3311    3188    3212    2399    3214    2367
CHEXA       1225       1    1748    1695    1642    1699    1718    1662+CONT
+CONT       1604    1663    6338    6292    6294    6340    6341    6293+CONT
+CONT       8162    8195    6317    8168    8169    8204
CHEXA       1226       1    1699    1642    1696    1749    1646    1587+CONT
+CONT       1643    1700    6294    6247    3448    6295    6296    6248+CONT
+CONT       3440    3447    6250    6203    2628    6251
CHEXA       1227       2    1701    1645    1698    1751    1644    1586+CONT
+CONT       1641    1697    8689    4496    8691    4420    2575    4490+CONT
+CONT       4497    4421    7004    3302    7008    3184
CHEXA       1228       1    1752    1699    1646    1703    1719    1663+CONT
+CONT       1606    1664    6342    6296    6298    6344    8228    8195+CONT
+CONT       8163    8196    8205    8170    8173    8206
CHEXA       1229       1    1647    1588    1646    1703    1705    1648+CONT
+CONT       1700    1753    6253    6249    6298    6297    6254    6206+CONT
+CONT       6251    6299    3714    3713    2629    2419
CHEXA       1230       2    1754    1702    1645    1701    1706    1650+CONT
+CONT       1591    1649    7015    4498    8689    2576    3237    3318+CONT
+CONT       4491    4448    7013    4492    8687    4449
CHEXA       1231       1    1704    1647    1605    1661    1755    1703+CONT
+CONT       1664    1717    6301    8164    8166    8197    6345    6297+CONT
+CONT       8172    8201    6346    8196    8202    8229
CHEXA       1232       1    1708    1653    1602    1660    1756    1704+CONT
+CONT       1661    1716    6303    6257    6258    6305    6348    6300+CONT
+CONT       8165    8198    6349    8197    8199    8230
CHEXA       1233       1    1653    1595    1647    1704    1707    1651+CONT
+CONT       1705    1757    6255    6252    6301    6300    6256    6208+CONT
+CONT       6254    6302    3242    2418    3243    2386
CHEXA       1234       2    1757    1705    1650    1706    1707    1651+CONT
+CONT       1594    1652    3243    3313    7013    3235    2386    2418+CONT
+CONT       3314    3236    3242    3304    7009    3233
CHEXA       1235       1    1708    1653    1707    1758    1660    1602+CONT
+CONT       1654    1709    6303    6256    2985    6304    6305    6257+CONT
+CONT       2385    2984    6258    6211    2983    6259
CHEXA       1236       1    1712    1660    1709    1760    1665    1607+CONT
+CONT       1655    1710    6306    6259    2987    6307    6308    6260+CONT
+CONT       2982    2986    6262    6215    2554    6263
CHEXA       1237       1    1673    1615    1665    1720    1711    1656+CONT
+CONT       1710    1761    6266    6261    6310    6309    6268    6220+CONT
+CONT       6263    6311    3097    3095    2555    3102
CHEXA       1238       1    1691    1635    1673    1728    1743    1690+CONT
+CONT       1711    1762    6312    6265    6314    6313    6315    6267+CONT
+CONT       6268    6316    3105    3096    3104    3103
CHEXA       1239       1    1712    1660    1607    1665    1764    1716+CONT
+CONT       1666    1721    6306    6260    6262    6308    8231    8198+CONT
+CONT       8176    8209    8232    8200    8210    8233
CHEXA       1240       1    1718    1662    1611    1669    1765    1713+CONT
+CONT       1670    1725    6317    6270    6273    6318    6319    6271+CONT
+CONT       6226    6274    3449    3443    2609    3450
CHEXA       1241       2    1766    1715    1671    1727    1714    1659+CONT
+CONT       1613    1672    8692    4499    8690    4423    4422    4500+CONT
+CONT       4494    2569    7010    3306    7006    3187
CHEXA       1242       1    1716    1661    1608    1666    1768    1717+CONT
+CONT       1667    1722    8199    8167    8177    8200    8234    8201+CONT
+CONT       8179    8212    8235    8203    8213    8236
CHEXA       1243       1    1769    1719    1664    1717    1723    1668+CONT
+CONT       1609    1667    8237    8206    8202    8238    8239    8207+CONT
+CONT       8174    8203    8215    8183    8180    8216
CHEXA       1244       1    1770    1718    1663    1719    1724    1669+CONT
+CONT       1610    1668    6365    8204    8205    8240    6366    6318+CONT
+CONT       8171    8207    6321    8184    8182    8217
CHEXA       1245       1    1673    1615    1674    1729    1720    1665+CONT
+CONT       1721    1772    6266    8186    8220    8219    6309    6261+CONT
+CONT       8208    8241    6310    8209    8243    8242
CHEXA       1246       1    1674    1619    1678    1730    1721    1666+CONT
+CONT       1722    1773    8187    8189    8223    8222    8208    8175+CONT
+CONT       8211    8244    8210    8212    8246    8245
CHEXA       1247       1    1733    1679    1723    1774    1678    1620+CONT
+CONT       1667    1722    8225    8214    8248    8247    8226    8193+CONT
+CONT       8216    8249    8190    8178    8213    8211
CHEXA       1248       1    1734    1680    1724    1775    1679    1622+CONT
+CONT       1668    1723    6324    6320    6369    6368    8227    8194+CONT
+CONT       8217    8250    8192    8181    8215    8214
CHEXA       1249       1    1680    1621    1675    1731    1724    1669+CONT
+CONT       1725    1776    6276    6229    3585    6277    6320    6272+CONT
+CONT       3584    2411    6321    6274    2610    6322
CHEXA       1250       2    1777    1726    1676    1732    1727    1671+CONT
+CONT       1618    1677    7016    3320    7014    3211    2570    4501+CONT
+CONT       4495    4439    8690    4493    8688    4438
CHEXA       1251       1    1691    1635    1689    1742    1728    1673+CONT
+CONT       1729    1779    6312    6287    6336    6335    6313    6265+CONT
+CONT       8218    8251    6314    8219    8253    8252
CHEXA       1252       1    1689    1633    1687    1740    1729    1674+CONT
+CONT       1730    1780    6288    6284    6333    6332    8218    8185+CONT
+CONT       8221    8254    8220    8222    8256    8255
CHEXA       1253       1    1737    1685    1733    1781    1687    1631+CONT
+CONT       1678    1730    6329    8224    8258    8257    6330    6282+CONT
+CONT       8226    8259    6285    8188    8223    8221
CHEXA       1254       1    1683    1626    1681    1735    1734    1680+CONT
+CONT       1731    1782    6278    6232    3222    6280    6323    6275+CONT
+CONT       2410    2378    6324    6277    3223    6325
CHEXA       1255       2    1782    1731    1681    1735    1732    1676+CONT
+CONT       1624    1682    3223    2410    3222    2378    3209    3315+CONT
+CONT       3308    3207    7014    3316    7011    3210
CHEXA       1256       1    1736    1683    1734    1783    1685    1629+CONT
+CONT       1679    1733    6326    6323    6372    6371    6327    6279+CONT
+CONT       8227    8260    6281    8191    8225    8224
CHEXA       1257       1    1736    1683    1629    1685    1784    1735+CONT
+CONT       1684    1738    6326    6279    6281    6327    6328    6280+CONT
+CONT       6235    6283    2883    2377    2881    2884
CHEXA       1258       1    1737    1685    1631    1687    1787    1738+CONT
+CONT       1686    1739    6329    6282    6285    6330    6331    6283+CONT
+CONT       6238    6286    2885    2882    2539    2886
CHEXA       1259       1    1689    1633    1688    1741    1740    1687+CONT
+CONT       1739    1788    6288    6241    3101    6289    6332    6284+CONT
+CONT       3099    3106    6333    6286    2540    6334
CHEXA       1260       1    1691    1635    1690    1743    1742    1689+CONT
+CONT       1741    1790    6312    6267    3105    6315    6335    6287+CONT
+CONT       3100    3107    6336    6289    3108    6337
CHEXA       1261       1    1748    1695    1745    1794    1699    1642+CONT
+CONT       1696    1749    6338    6291    3452    6339    6340    6292+CONT
+CONT       3444    3451    6294    6247    3448    6295
CHEXA       1262       1    1748    1695    1662    1718    1794    1745+CONT
+CONT       1713    1765    6338    6293    6317    6341    6339    6291+CONT
+CONT       6271    6319    3452    3446    3449    3453
CHEXA       1263       2    1795    1747    1715    1766    1746    1694+CONT
+CONT       1659    1714    8693    4502    8692    4425    4424    4503+CONT
+CONT       4500    4422    7012    3310    7010    3189
CHEXA       1264       2    1751    1698    1747    1795    1697    1641+CONT
+CONT       1694    1746    8691    4504    8693    4426    4421    4497+CONT
+CONT       4503    4424    7008    3312    7012    3190
CHEXA       1265       1    1797    1748    1699    1752    1770    1718+CONT
+CONT       1663    1719    6386    6340    6342    6388    6389    6341+CONT
+CONT       8195    8228    6365    8204    8205    8240
CHEXA       1266       1    1752    1699    1749    1798    1703    1646+CONT
+CONT       1700    1753    6342    6295    3454    6343    6344    6296+CONT
+CONT       3447    2404    6298    6251    2629    6299
CHEXA       1267       2    1754    1702    1750    1799    1701    1645+CONT
+CONT       1698    1751    7015    3322    7017    3191    2576    4498+CONT
+CONT       4505    4427    8689    4496    8691    4420
CHEXA       1268       1    1800    1752    1703    1755    1769    1719+CONT
+CONT       1664    1717    6390    6344    6346    6392    8261    8228+CONT
+CONT       8196    8229    8237    8206    8202    8238
CHEXA       1269       1    1704    1647    1703    1755    1757    1705+CONT
+CONT       1753    1801    6301    6297    6346    6345    6302    6254+CONT
+CONT       6299    6347    3243    2419    2579    2387
CHEXA       1270       2    1801    1753    1702    1754    1757    1705+CONT
+CONT       1650    1706    2579    3317    7015    2577    2387    2419+CONT
+CONT       3318    3237    3243    3313    7013    3235
CHEXA       1271       1    1756    1704    1661    1716    1802    1755+CONT
+CONT       1717    1768    6349    8197    8199    8230    6393    6345+CONT
+CONT       8201    8234    6394    8229    8235    8262
CHEXA       1272       1    1759    1708    1660    1712    1803    1756+CONT
+CONT       1716    1764    6351    6305    6306    6353    6396    6348+CONT
+CONT       8198    8231    6397    8230    8232    8263
CHEXA       1273       1    1708    1653    1704    1756    1758    1707+CONT
+CONT       1757    1804    6303    6300    6349    6348    6304    6256+CONT
+CONT       6302    6350    2985    2386    2989    2988
CHEXA       1274       1    1759    1708    1758    1805    1712    1660+CONT
+CONT       1709    1760    6351    6304    2991    6352    6353    6305+CONT
+CONT       2984    2990    6306    6259    2987    6307
CHEXA       1275       1    1763    1712    1760    1807    1720    1665+CONT
+CONT       1710    1761    6354    6307    2993    6355    6356    6308+CONT
+CONT       2986    2992    6310    6263    2555    6311
CHEXA       1276       1    1728    1673    1720    1771    1762    1711+CONT
+CONT       1761    1808    6314    6309    6358    6357    6316    6268+CONT
+CONT       6311    6359    3104    3102    2556    3109
CHEXA       1277       1    1744    1691    1728    1778    1792    1743+CONT
+CONT       1762    1809    6360    6313    6362    6361    6363    6315+CONT
+CONT       6316    6364    3112    3103    3111    3110
CHEXA       1278       1    1763    1712    1665    1720    1811    1764+CONT
+CONT       1721    1772    6354    6308    6310    6356    8264    8231+CONT
+CONT       8209    8242    8265    8233    8243    8266
CHEXA       1279       1    1764    1716    1666    1721    1812    1768+CONT
+CONT       1722    1773    8232    8200    8210    8233    8267    8234+CONT
+CONT       8212    8245    8268    8236    8246    8269
CHEXA       1280       1    1770    1718    1669    1724    1813    1765+CONT
+CONT       1725    1776    6365    6318    6321    6366    6367    6319+CONT
+CONT       6274    6322    3455    3450    2610    2405
CHEXA       1281       2    1814    1767    1726    1777    1766    1715+CONT
+CONT       1671    1727    7018    3324    7016    3194    4428    4506+CONT
+CONT       4501    2570    8692    4499    8690    4423
CHEXA       1282       1    1815    1769    1717    1768    1774    1723+CONT
+CONT       1667    1722    8270    8238    8235    8271    8272    8239+CONT
+CONT       8203    8236    8248    8216    8213    8249
CHEXA       1283       1    1816    1770    1719    1769    1775    1724+CONT
+CONT       1668    1723    6413    8240    8237    8273    6414    6366+CONT
+CONT       8207    8239    6369    8217    8215    8250
CHEXA       1284       1    1728    1673    1729    1779    1771    1720+CONT
+CONT       1772    1818    6314    8219    8253    8252    6357    6309+CONT
+CONT       8241    8274    6358    8242    8276    8275
CHEXA       1285       1    1729    1674    1730    1780    1772    1721+CONT
+CONT       1773    1819    8220    8222    8256    8255    8241    8208+CONT
+CONT       8244    8277    8243    8245    8279    8278
CHEXA       1286       1    1781    1733    1774    1820    1730    1678+CONT
+CONT       1722    1773    8258    8247    8281    8280    8259    8226+CONT
+CONT       8249    8282    8223    8211    8246    8244
CHEXA       1287       1    1783    1734    1775    1821    1733    1679+CONT
+CONT       1723    1774    6372    6368    6417    6416    8260    8227+CONT
+CONT       8250    8283    8225    8214    8248    8247
CHEXA       1288       1    1734    1680    1731    1782    1775    1724+CONT
+CONT       1776    1822    6324    6277    3223    6325    6368    6320+CONT
+CONT       2411    2379    6369    6322    2573    6370
CHEXA       1289       2    1822    1776    1731    1782    1777    1726+CONT
+CONT       1676    1732    2573    2411    3223    2379    2571    3319+CONT
+CONT       3315    3209    7016    3320    7014    3211
CHEXA       1290       1    1744    1691    1742    1791    1778    1728+CONT
+CONT       1779    1824    6360    6335    6384    6383    6361    6313+CONT
+CONT       8251    8284    6362    8252    8286    8285
CHEXA       1291       1    1742    1689    1740    1789    1779    1729+CONT
+CONT       1780    1825    6336    6332    6381    6380    8251    8218+CONT
+CONT       8254    8287    8253    8255    8289    8288
CHEXA       1292       1    1786    1737    1781    1826    1740    1687+CONT
+CONT       1730    1780    6377    8257    8291    8290    6378    6330+CONT
+CONT       8259    8292    6333    8221    8256    8254
CHEXA       1293       1    1785    1736    1783    1827    1737    1685+CONT
+CONT       1733    1781    6374    6371    6420    6419    6375    6327+CONT
+CONT       8260    8293    6329    8224    8258    8257
CHEXA       1294       1    1736    1683    1735    1784    1783    1734+CONT
+CONT       1782    1828    6326    6280    2883    6328    6371    6323+CONT
+CONT       2378    2888    6372    6325    2887    6373
CHEXA       1295       1    1785    1736    1685    1737    1829    1784+CONT
+CONT       1738    1787    6374    6327    6329    6375    6376    6328+CONT
+CONT       6283    6331    2889    2884    2885    2890
CHEXA       1296       1    1786    1737    1687    1740    1832    1787+CONT
+CONT       1739    1788    6377    6330    6333    6378    6379    6331+CONT
+CONT       6286    6334    2891    2886    2540    2892
CHEXA       1297       1    1742    1689    1741    1790    1789    1740+CONT
+CONT       1788    1833    6336    6289    3108    6337    6380    6332+CONT
+CONT       3106    3113    6381    6334    2541    6382
CHEXA       1298       1    1744    1691    1743    1792    1791    1742+CONT
+CONT       1790    1835    6360    6315    3112    6363    6383    6335+CONT
+CONT       3107    3114    6384    6337    3115    6385
CHEXA       1299       1    1797    1748    1794    1839    1752    1699+CONT
+CONT       1749    1798    6386    6339    3456    6387    6388    6340+CONT
+CONT       3451    2406    6342    6295    3454    6343
CHEXA       1300       1    1797    1748    1718    1770    1839    1794+CONT
+CONT       1765    1813    6386    6341    6365    6389    6387    6339+CONT
+CONT       6319    6367    3456    3453    3455    2407
CHEXA       1301       2    1840    1796    1767    1814    1795    1747+CONT
+CONT       1715    1766    7019    3326    7018    3196    4429    4507+CONT
+CONT       4506    4428    8693    4502    8692    4425
CHEXA       1302       2    1799    1750    1796    1840    1751    1698+CONT
+CONT       1747    1795    7017    3327    7019    3197    4427    4505+CONT
+CONT       4507    4429    8691    4504    8693    4426
CHEXA       1303       1    1841    1797    1752    1800    1816    1770+CONT
+CONT       1719    1769    6434    6388    6390    6436    6437    6389+CONT
+CONT       8228    8261    6413    8240    8237    8273
CHEXA       1304       1    1800    1752    1798    1842    1755    1703+CONT
+CONT       1753    1801    6390    6343    3218    6391    6392    6344+CONT
+CONT       2404    2372    6346    6299    2579    6347
CHEXA       1305       2    1801    1753    1798    1842    1754    1702+CONT
+CONT       1750    1799    2579    2404    3218    2372    2577    3317+CONT
+CONT       3321    3192    7015    3322    7017    3191
CHEXA       1306       1    1843    1800    1755    1802    1815    1769+CONT
+CONT       1717    1768    6438    6392    6394    6440    8294    8261+CONT
+CONT       8229    8262    8270    8238    8235    8271
CHEXA       1307       1    1803    1756    1716    1764    1844    1802+CONT
+CONT       1768    1812    6397    8230    8232    8263    6441    6393+CONT
+CONT       8234    8267    6442    8262    8268    8295
CHEXA       1308       1    1756    1704    1755    1802    1804    1757+CONT
+CONT       1801    1845    6349    6345    6394    6393    6350    6302+CONT
+CONT       6347    6395    2989    2387    2523    2994
CHEXA       1309       1    1806    1759    1712    1763    1846    1803+CONT
+CONT       1764    1811    6399    6353    6354    6401    6444    6396+CONT
+CONT       8231    8264    6445    8263    8265    8296
CHEXA       1310       1    1759    1708    1756    1803    1805    1758+CONT
+CONT       1804    1847    6351    6348    6397    6396    6352    6304+CONT
+CONT       6350    6398    2991    2988    2996    2995
CHEXA       1311       1    1806    1759    1805    1848    1763    1712+CONT
+CONT       1760    1807    6399    6352    2998    6400    6401    6353+CONT
+CONT       2990    2997    6354    6307    2993    6355
CHEXA       1312       1    1810    1763    1807    1850    1771    1720+CONT
+CONT       1761    1808    6402    6355    3000    6403    6404    6356+CONT
+CONT       2992    2999    6358    6311    2556    6359
CHEXA       1313       1    1778    1728    1771    1817    1809    1762+CONT
+CONT       1808    1851    6362    6357    6406    6405    6364    6316+CONT
+CONT       6359    6407    3111    3109    2557    3116
CHEXA       1314       1    1793    1744    1778    1823    1837    1792+CONT
+CONT       1809    1852    6408    6361    6410    6409    6411    6363+CONT
+CONT       6364    6412    3119    3110    3118    3117
CHEXA       1315       1    1810    1763    1720    1771    1854    1811+CONT
+CONT       1772    1818    6402    6356    6358    6404    8297    8264+CONT
+CONT       8242    8275    8298    8266    8276    8299
CHEXA       1316       1    1811    1764    1721    1772    1855    1812+CONT
+CONT       1773    1819    8265    8233    8243    8266    8300    8267+CONT
+CONT       8245    8278    8301    8269    8279    8302
CHEXA       1317       1    1856    1815    1768    1812    1820    1774+CONT
+CONT       1722    1773    8303    8271    8268    8304    8305    8272+CONT
+CONT       8236    8269    8281    8249    8246    8282
CHEXA       1318       1    1816    1770    1724    1775    1857    1813+CONT
+CONT       1776    1822    6413    6366    6369    6414    6415    6367+CONT
+CONT       6322    6370    3219    2405    2573    2373
CHEXA       1319       2    1857    1813    1776    1822    1814    1767+CONT
+CONT       1726    1777    3219    2405    2573    2373    3193    3323+CONT
+CONT       3319    2571    7018    3324    7016    3194
CHEXA       1320       1    1858    1816    1769    1815    1821    1775+CONT
+CONT       1723    1774    6461    8273    8270    8306    6462    6414+CONT
+CONT       8239    8272    6417    8250    8248    8283
CHEXA       1321       1    1778    1728    1779    1824    1817    1771+CONT
+CONT       1818    1860    6362    8252    8286    8285    6405    6357+CONT
+CONT       8274    8307    6406    8275    8309    8308
CHEXA       1322       1    1779    1729    1780    1825    1818    1772+CONT
+CONT       1819    1861    8253    8255    8289    8288    8274    8241+CONT
+CONT       8277    8310    8276    8278    8312    8311
CHEXA       1323       1    1826    1781    1820    1862    1780    1730+CONT
+CONT       1773    1819    8291    8280    8314    8313    8292    8259+CONT
+CONT       8282    8315    8256    8244    8279    8277
CHEXA       1324       1    1827    1783    1821    1863    1781    1733+CONT
+CONT       1774    1820    6420    6416    6465    6464    8293    8260+CONT
+CONT       8283    8316    8258    8247    8281    8280
CHEXA       1325       1    1783    1734    1782    1828    1821    1775+CONT
+CONT       1822    1864    6372    6325    2887    6373    6416    6368+CONT
+CONT       2379    2893    6417    6370    2508    6418
CHEXA       1326       1    1793    1744    1791    1836    1823    1778+CONT
+CONT       1824    1866    6408    6383    6432    6431    6409    6361+CONT
+CONT       8284    8317    6410    8285    8319    8318
CHEXA       1327       1    1791    1742    1789    1834    1824    1779+CONT
+CONT       1825    1867    6384    6380    6429    6428    8284    8251+CONT
+CONT       8287    8320    8286    8288    8322    8321
CHEXA       1328       1    1831    1786    1826    1868    1789    1740+CONT
+CONT       1780    1825    6425    8290    8324    8323    6426    6378+CONT
+CONT       8292    8325    6381    8254    8289    8287
CHEXA       1329       1    1830    1785    1827    1869    1786    1737+CONT
+CONT       1781    1826    6422    6419    6468    6467    6423    6375+CONT
+CONT       8293    8326    6377    8257    8291    8290
CHEXA       1330       1    1785    1736    1784    1829    1827    1783+CONT
+CONT       1828    1870    6374    6328    2889    6376    6419    6371+CONT
+CONT       2888    2895    6420    6373    2894    6421
CHEXA       1331       1    1830    1785    1737    1786    1871    1829+CONT
+CONT       1787    1832    6422    6375    6377    6423    6424    6376+CONT
+CONT       6331    6379    2896    2890    2891    2897
CHEXA       1332       1    1831    1786    1740    1789    1874    1832+CONT
+CONT       1788    1833    6425    6378    6381    6426    6427    6379+CONT
+CONT       6334    6382    2898    2892    2541    2899
CHEXA       1333       1    1791    1742    1790    1835    1834    1789+CONT
+CONT       1833    1875    6384    6337    3115    6385    6428    6380+CONT
+CONT       3113    3120    6429    6382    2542    6430
CHEXA       1334       1    1793    1744    1792    1837    1836    1791+CONT
+CONT       1835    1877    6408    6363    3119    6411    6431    6383+CONT
+CONT       3114    3121    6432    6385    3122    6433
CHEXA       1335       1    1841    1797    1839    1881    1800    1752+CONT
+CONT       1798    1842    6434    6387    3220    6435    6436    6388+CONT
+CONT       2406    2375    6390    6343    3218    6391
CHEXA       1336       1    1841    1797    1770    1816    1881    1839+CONT
+CONT       1813    1857    6434    6389    6413    6437    6435    6387+CONT
+CONT       6367    6415    3220    2407    3219    2374
CHEXA       1337       2    1881    1839    1813    1857    1840    1796+CONT
+CONT       1767    1814    3220    2407    3219    2374    3195    3325+CONT
+CONT       3323    3193    7019    3326    7018    3196
CHEXA       1338       2    1842    1798    1839    1881    1799    1750+CONT
+CONT       1796    1840    3218    2406    3220    2375    3192    3321+CONT
+CONT       3325    3195    7017    3327    7019    3197
CHEXA       1339       1    1882    1841    1800    1843    1858    1816+CONT
+CONT       1769    1815    6482    6436    6438    6484    6485    6437+CONT
+CONT       8261    8294    6461    8273    8270    8306
CHEXA       1340       1    1883    1843    1802    1844    1856    1815+CONT
+CONT       1768    1812    6486    6440    6442    6488    8327    8294+CONT
+CONT       8262    8295    8303    8271    8268    8304
CHEXA       1341       1    1843    1800    1842    1884    1802    1755+CONT
+CONT       1801    1845    6438    6391    2781    6439    6440    6392+CONT
+CONT       2372    2780    6394    6347    2523    6395
CHEXA       1342       1    1846    1803    1764    1811    1885    1844+CONT
+CONT       1812    1855    6445    8263    8265    8296    6489    6441+CONT
+CONT       8267    8300    6490    8295    8301    8328
CHEXA       1343       1    1803    1756    1802    1844    1847    1804+CONT
+CONT       1845    1886    6397    6393    6442    6441    6398    6350+CONT
+CONT       6395    6443    2996    2994    2524    3001
CHEXA       1344       1    1849    1806    1763    1810    1887    1846+CONT
+CONT       1811    1854    6447    6401    6402    6449    6492    6444+CONT
+CONT       8264    8297    6493    8296    8298    8329
CHEXA       1345       1    1806    1759    1803    1846    1848    1805+CONT
+CONT       1847    1888    6399    6396    6445    6444    6400    6352+CONT
+CONT       6398    6446    2998    2995    3003    3002
CHEXA       1346       1    1849    1806    1848    1889    1810    1763+CONT
+CONT       1807    1850    6447    6400    3005    6448    6449    6401+CONT
+CONT       2997    3004    6402    6355    3000    6403
CHEXA       1347       1    1853    1810    1850    1891    1817    1771+CONT
+CONT       1808    1851    6450    6403    3007    6451    6452    6404+CONT
+CONT       2999    3006    6406    6359    2557    6407
CHEXA       1348       1    1823    1778    1817    1859    1852    1809+CONT
+CONT       1851    1892    6410    6405    6454    6453    6412    6364+CONT
+CONT       6407    6455    3118    3116    2558    3123
CHEXA       1349       1    1838    1793    1823    1865    1879    1837+CONT
+CONT       1852    1893    6456    6409    6458    6457    6459    6411+CONT
+CONT       6412    6460    3126    3117    3125    3124
CHEXA       1350       1    1853    1810    1771    1817    1895    1854+CONT
+CONT       1818    1860    6450    6404    6406    6452    8330    8297+CONT
+CONT       8275    8308    8331    8299    8309    8332
CHEXA       1351       1    1854    1811    1772    1818    1896    1855+CONT
+CONT       1819    1861    8298    8266    8276    8299    8333    8300+CONT
+CONT       8278    8311    8334    8302    8312    8335
CHEXA       1352       1    1897    1856    1812    1855    1862    1820+CONT
+CONT       1773    1819    8336    8304    8301    8337    8338    8305+CONT
+CONT       8269    8302    8314    8282    8279    8315
CHEXA       1353       1    1898    1858    1815    1856    1863    1821+CONT
+CONT       1774    1820    6509    8306    8303    8339    6510    6462+CONT
+CONT       8272    8305    6465    8283    8281    8316
CHEXA       1354       1    1858    1816    1775    1821    1899    1857+CONT
+CONT       1822    1864    6461    6414    6417    6462    6463    6415+CONT
+CONT       6370    6418    2782    2373    2508    2783
CHEXA       1355       1    1823    1778    1824    1866    1859    1817+CONT
+CONT       1860    1901    6410    8285    8319    8318    6453    6405+CONT
+CONT       8307    8340    6454    8308    8342    8341
CHEXA       1356       1    1824    1779    1825    1867    1860    1818+CONT
+CONT       1861    1902    8286    8288    8322    8321    8307    8274+CONT
+CONT       8310    8343    8309    8311    8345    8344
CHEXA       1357       1    1868    1826    1862    1903    1825    1780+CONT
+CONT       1819    1861    8324    8313    8347    8346    8325    8292+CONT
+CONT       8315    8348    8289    8277    8312    8310
CHEXA       1358       1    1869    1827    1863    1904    1826    1781+CONT
+CONT       1820    1862    6468    6464    6513    6512    8326    8293+CONT
+CONT       8316    8349    8291    8280    8314    8313
CHEXA       1359       1    1827    1783    1828    1870    1863    1821+CONT
+CONT       1864    1905    6420    6373    2894    6421    6464    6416+CONT
+CONT       2893    2900    6465    6418    2509    6466
CHEXA       1360       1    1838    1793    1836    1878    1865    1823+CONT
+CONT       1866    1907    6456    6431    6480    6479    6457    6409+CONT
+CONT       8317    8350    6458    8318    8352    8351
CHEXA       1361       1    1836    1791    1834    1876    1866    1824+CONT
+CONT       1867    1908    6432    6428    6477    6476    8317    8284+CONT
+CONT       8320    8353    8319    8321    8355    8354
CHEXA       1362       1    1873    1831    1868    1909    1834    1789+CONT
+CONT       1825    1867    6473    8323    8357    8356    6474    6426+CONT
+CONT       8325    8358    6429    8287    8322    8320
CHEXA       1363       1    1872    1830    1869    1910    1831    1786+CONT
+CONT       1826    1868    6470    6467    6516    6515    6471    6423+CONT
+CONT       8326    8359    6425    8290    8324    8323
CHEXA       1364       1    1830    1785    1829    1871    1869    1827+CONT
+CONT       1870    1911    6422    6376    2896    6424    6467    6419+CONT
+CONT       2895    2902    6468    6421    2901    6469
CHEXA       1365       1    1872    1830    1786    1831    1912    1871+CONT
+CONT       1832    1874    6470    6423    6425    6471    6472    6424+CONT
+CONT       6379    6427    2903    2897    2898    2904
CHEXA       1366       1    1873    1831    1789    1834    1915    1874+CONT
+CONT       1833    1875    6473    6426    6429    6474    6475    6427+CONT
+CONT       6382    6430    2905    2899    2542    2906
CHEXA       1367       1    1836    1791    1835    1877    1876    1834+CONT
+CONT       1875    1916    6432    6385    3122    6433    6476    6428+CONT
+CONT       3120    3127    6477    6430    2543    6478
CHEXA       1368       1    1838    1793    1837    1879    1878    1836+CONT
+CONT       1877    1918    6456    6411    3126    6459    6479    6431+CONT
+CONT       3121    3128    6480    6433    3129    6481
CHEXA       1369       1    1882    1841    1881    1922    1843    1800+CONT
+CONT       1842    1884    6482    6435    2784    6483    6484    6436+CONT
+CONT       2375    2786    6438    6391    2781    6439
CHEXA       1370       1    1882    1841    1816    1858    1922    1881+CONT
+CONT       1857    1899    6482    6437    6461    6485    6483    6435+CONT
+CONT       6415    6463    2784    2374    2782    2785
CHEXA       1371       1    1923    1882    1843    1883    1898    1858+CONT
+CONT       1815    1856    6530    6484    6486    6532    6533    6485+CONT
+CONT       8294    8327    6509    8306    8303    8339
CHEXA       1372       1    1924    1883    1844    1885    1897    1856+CONT
+CONT       1812    1855    6534    6488    6490    6536    8360    8327+CONT
+CONT       8295    8328    8336    8304    8301    8337
CHEXA       1373       1    1883    1843    1884    1925    1844    1802+CONT
+CONT       1845    1886    6486    6439    2788    6487    6488    6440+CONT
+CONT       2780    2787    6442    6395    2524    6443
CHEXA       1374       1    1887    1846    1811    1854    1926    1885+CONT
+CONT       1855    1896    6493    8296    8298    8329    6537    6489+CONT
+CONT       8300    8333    6538    8328    8334    8361
CHEXA       1375       1    1846    1803    1844    1885    1888    1847+CONT
+CONT       1886    1927    6445    6441    6490    6489    6446    6398+CONT
+CONT       6443    6491    3003    3001    2525    3008
CHEXA       1376       1    1890    1849    1810    1853    1928    1887+CONT
+CONT       1854    1895    6495    6449    6450    6497    6540    6492+CONT
+CONT       8297    8330    6541    8329    8331    8362
CHEXA       1377       1    1849    1806    1846    1887    1889    1848+CONT
+CONT       1888    1929    6447    6444    6493    6492    6448    6400+CONT
+CONT       6446    6494    3005    3002    3010    3009
CHEXA       1378       1    1890    1849    1889    1930    1853    1810+CONT
+CONT       1850    1891    6495    6448    3012    6496    6497    6449+CONT
+CONT       3004    3011    6450    6403    3007    6451
CHEXA       1379       1    1894    1853    1891    1932    1859    1817+CONT
+CONT       1851    1892    6498    6451    3014    6499    6500    6452+CONT
+CONT       3006    3013    6454    6407    2558    6455
CHEXA       1380       1    1865    1823    1859    1900    1893    1852+CONT
+CONT       1892    1933    6458    6453    6502    6501    6460    6412+CONT
+CONT       6455    6503    3125    3123    2559    3130
CHEXA       1381       1    1880    1838    1865    1906    1920    1879+CONT
+CONT       1893    1934    6504    6457    6506    6505    6507    6459+CONT
+CONT       6460    6508    3133    3124    3132    3131
CHEXA       1382       1    1894    1853    1817    1859    1936    1895+CONT
+CONT       1860    1901    6498    6452    6454    6500    8363    8330+CONT
+CONT       8308    8341    8364    8332    8342    8365
CHEXA       1383       1    1895    1854    1818    1860    1937    1896+CONT
+CONT       1861    1902    8331    8299    8309    8332    8366    8333+CONT
+CONT       8311    8344    8367    8335    8345    8368
CHEXA       1384       1    1938    1897    1855    1896    1903    1862+CONT
+CONT       1819    1861    8369    8337    8334    8370    8371    8338+CONT
+CONT       8302    8335    8347    8315    8312    8348
CHEXA       1385       1    1939    1898    1856    1897    1904    1863+CONT
+CONT       1820    1862    6557    8339    8336    8372    6558    6510+CONT
+CONT       8305    8338    6513    8316    8314    8349
CHEXA       1386       1    1898    1858    1821    1863    1940    1899+CONT
+CONT       1864    1905    6509    6462    6465    6510    6511    6463+CONT
+CONT       6418    6466    2789    2783    2509    2790
CHEXA       1387       1    1865    1823    1866    1907    1900    1859+CONT
+CONT       1901    1942    6458    8318    8352    8351    6501    6453+CONT
+CONT       8340    8373    6502    8341    8375    8374
CHEXA       1388       1    1866    1824    1867    1908    1901    1860+CONT
+CONT       1902    1943    8319    8321    8355    8354    8340    8307+CONT
+CONT       8343    8376    8342    8344    8378    8377
CHEXA       1389       1    1909    1868    1903    1944    1867    1825+CONT
+CONT       1861    1902    8357    8346    8380    8379    8358    8325+CONT
+CONT       8348    8381    8322    8310    8345    8343
CHEXA       1390       1    1910    1869    1904    1945    1868    1826+CONT
+CONT       1862    1903    6516    6512    6561    6560    8359    8326+CONT
+CONT       8349    8382    8324    8313    8347    8346
CHEXA       1391       1    1869    1827    1870    1911    1904    1863+CONT
+CONT       1905    1946    6468    6421    2901    6469    6512    6464+CONT
+CONT       2900    2907    6513    6466    2510    6514
CHEXA       1392       1    1880    1838    1878    1919    1906    1865+CONT
+CONT       1907    1948    6504    6479    6528    6527    6505    6457+CONT
+CONT       8350    8383    6506    8351    8385    8384
CHEXA       1393       1    1878    1836    1876    1917    1907    1866+CONT
+CONT       1908    1949    6480    6476    6525    6524    8350    8317+CONT
+CONT       8353    8386    8352    8354    8388    8387
CHEXA       1394       1    1914    1873    1909    1950    1876    1834+CONT
+CONT       1867    1908    6521    8356    8390    8389    6522    6474+CONT
+CONT       8358    8391    6477    8320    8355    8353
CHEXA       1395       1    1913    1872    1910    1951    1873    1831+CONT
+CONT       1868    1909    6518    6515    6564    6563    6519    6471+CONT
+CONT       8359    8392    6473    8323    8357    8356
CHEXA       1396       1    1872    1830    1871    1912    1910    1869+CONT
+CONT       1911    1952    6470    6424    2903    6472    6515    6467+CONT
+CONT       2902    2909    6516    6469    2908    6517
CHEXA       1397       1    1913    1872    1831    1873    1953    1912+CONT
+CONT       1874    1915    6518    6471    6473    6519    6520    6472+CONT
+CONT       6427    6475    2910    2904    2905    2911
CHEXA       1398       1    1914    1873    1834    1876    1956    1915+CONT
+CONT       1875    1916    6521    6474    6477    6522    6523    6475+CONT
+CONT       6430    6478    2912    2906    2543    2913
CHEXA       1399       1    1878    1836    1877    1918    1917    1876+CONT
+CONT       1916    1957    6480    6433    3129    6481    6524    6476+CONT
+CONT       3127    3134    6525    6478    2544    6526
CHEXA       1400       1    1880    1838    1879    1920    1919    1878+CONT
+CONT       1918    1959    6504    6459    3133    6507    6527    6479+CONT
+CONT       3128    3135    6528    6481    3136    6529
CHEXA       1401       1    1923    1882    1922    1963    1883    1843+CONT
+CONT       1884    1925    6530    6483    2791    6531    6532    6484+CONT
+CONT       2786    2793    6486    6439    2788    6487
CHEXA       1402       1    1923    1882    1858    1898    1963    1922+CONT
+CONT       1899    1940    6530    6485    6509    6533    6531    6483+CONT
+CONT       6463    6511    2791    2785    2789    2792
CHEXA       1403       1    1964    1923    1883    1924    1939    1898+CONT
+CONT       1856    1897    6578    6532    6534    6580    6581    6533+CONT
+CONT       8327    8360    6557    8339    8336    8372
CHEXA       1404       1    1965    1924    1885    1926    1938    1897+CONT
+CONT       1855    1896    6582    6536    6538    6584    8393    8360+CONT
+CONT       8328    8361    8369    8337    8334    8370
CHEXA       1405       1    1924    1883    1925    1966    1885    1844+CONT
+CONT       1886    1927    6534    6487    2795    6535    6536    6488+CONT
+CONT       2787    2794    6490    6443    2525    6491
CHEXA       1406       1    1928    1887    1854    1895    1967    1926+CONT
+CONT       1896    1937    6541    8329    8331    8362    6585    6537+CONT
+CONT       8333    8366    6586    8361    8367    8394
CHEXA       1407       1    1887    1846    1885    1926    1929    1888+CONT
+CONT       1927    1968    6493    6489    6538    6537    6494    6446+CONT
+CONT       6491    6539    3010    3008    2526    3015
CHEXA       1408       1    1931    1890    1853    1894    1969    1928+CONT
+CONT       1895    1936    6543    6497    6498    6545    6588    6540+CONT
+CONT       8330    8363    6589    8362    8364    8395
CHEXA       1409       1    1890    1849    1887    1928    1930    1889+CONT
+CONT       1929    1970    6495    6492    6541    6540    6496    6448+CONT
+CONT       6494    6542    3012    3009    3017    3016
CHEXA       1410       1    1931    1890    1930    1971    1894    1853+CONT
+CONT       1891    1932    6543    6496    3019    6544    6545    6497+CONT
+CONT       3011    3018    6498    6451    3014    6499
CHEXA       1411       1    1935    1894    1932    1973    1900    1859+CONT
+CONT       1892    1933    6546    6499    3021    6547    6548    6500+CONT
+CONT       3013    3020    6502    6455    2559    6503
CHEXA       1412       1    1906    1865    1900    1941    1934    1893+CONT
+CONT       1933    1974    6506    6501    6550    6549    6508    6460+CONT
+CONT       6503    6551    3132    3130    2560    3137
CHEXA       1413       1    1921    1880    1906    1947    1961    1920+CONT
+CONT       1934    1975    6552    6505    6554    6553    6555    6507+CONT
+CONT       6508    6556    3140    3131    3139    3138
CHEXA       1414       1    1935    1894    1859    1900    1977    1936+CONT
+CONT       1901    1942    6546    6500    6502    6548    8396    8363+CONT
+CONT       8341    8374    8397    8365    8375    8398
CHEXA       1415       1    1936    1895    1860    1901    1978    1937+CONT
+CONT       1902    1943    8364    8332    8342    8365    8399    8366+CONT
+CONT       8344    8377    8400    8368    8378    8401
CHEXA       1416       1    1979    1938    1896    1937    1944    1903+CONT
+CONT       1861    1902    8402    8370    8367    8403    8404    8371+CONT
+CONT       8335    8368    8380    8348    8345    8381
CHEXA       1417       1    1980    1939    1897    1938    1945    1904+CONT
+CONT       1862    1903    6605    8372    8369    8405    6606    6558+CONT
+CONT       8338    8371    6561    8349    8347    8382
CHEXA       1418       1    1939    1898    1863    1904    1981    1940+CONT
+CONT       1905    1946    6557    6510    6513    6558    6559    6511+CONT
+CONT       6466    6514    2796    2790    2510    2797
CHEXA       1419       1    1906    1865    1907    1948    1941    1900+CONT
+CONT       1942    1983    6506    8351    8385    8384    6549    6501+CONT
+CONT       8373    8406    6550    8374    8408    8407
CHEXA       1420       1    1907    1866    1908    1949    1942    1901+CONT
+CONT       1943    1984    8352    8354    8388    8387    8373    8340+CONT
+CONT       8376    8409    8375    8377    8411    8410
CHEXA       1421       1    1950    1909    1944    1985    1908    1867+CONT
+CONT       1902    1943    8390    8379    8413    8412    8391    8358+CONT
+CONT       8381    8414    8355    8343    8378    8376
CHEXA       1422       1    1951    1910    1945    1986    1909    1868+CONT
+CONT       1903    1944    6564    6560    6609    6608    8392    8359+CONT
+CONT       8382    8415    8357    8346    8380    8379
CHEXA       1423       1    1910    1869    1911    1952    1945    1904+CONT
+CONT       1946    1987    6516    6469    2908    6517    6560    6512+CONT
+CONT       2907    2914    6561    6514    2511    6562
CHEXA       1424       1    1921    1880    1919    1960    1947    1906+CONT
+CONT       1948    1989    6552    6527    6576    6575    6553    6505+CONT
+CONT       8383    8416    6554    8384    8418    8417
CHEXA       1425       1    1919    1878    1917    1958    1948    1907+CONT
+CONT       1949    1990    6528    6524    6573    6572    8383    8350+CONT
+CONT       8386    8419    8385    8387    8421    8420
CHEXA       1426       1    1955    1914    1950    1991    1917    1876+CONT
+CONT       1908    1949    6569    8389    8423    8422    6570    6522+CONT
+CONT       8391    8424    6525    8353    8388    8386
CHEXA       1427       1    1954    1913    1951    1992    1914    1873+CONT
+CONT       1909    1950    6566    6563    6612    6611    6567    6519+CONT
+CONT       8392    8425    6521    8356    8390    8389
CHEXA       1428       1    1913    1872    1912    1953    1951    1910+CONT
+CONT       1952    1993    6518    6472    2910    6520    6563    6515+CONT
+CONT       2909    2916    6564    6517    2915    6565
CHEXA       1429       1    1954    1913    1873    1914    1994    1953+CONT
+CONT       1915    1956    6566    6519    6521    6567    6568    6520+CONT
+CONT       6475    6523    2917    2911    2912    2918
CHEXA       1430       1    1955    1914    1876    1917    1997    1956+CONT
+CONT       1916    1957    6569    6522    6525    6570    6571    6523+CONT
+CONT       6478    6526    2919    2913    2544    2920
CHEXA       1431       1    1919    1878    1918    1959    1958    1917+CONT
+CONT       1957    1998    6528    6481    3136    6529    6572    6524+CONT
+CONT       3134    3141    6573    6526    2545    6574
CHEXA       1432       1    1921    1880    1920    1961    1960    1919+CONT
+CONT       1959    2000    6552    6507    3140    6555    6575    6527+CONT
+CONT       3135    3142    6576    6529    3143    6577
CHEXA       1433       1    1964    1923    1963    2004    1924    1883+CONT
+CONT       1925    1966    6578    6531    2798    6579    6580    6532+CONT
+CONT       2793    2800    6534    6487    2795    6535
CHEXA       1434       1    1964    1923    1898    1939    2004    1963+CONT
+CONT       1940    1981    6578    6533    6557    6581    6579    6531+CONT
+CONT       6511    6559    2798    2792    2796    2799
CHEXA       1435       1    2005    1964    1924    1965    1980    1939+CONT
+CONT       1897    1938    6626    6580    6582    6628    6629    6581+CONT
+CONT       8360    8393    6605    8372    8369    8405
CHEXA       1436       1    2006    1965    1926    1967    1979    1938+CONT
+CONT       1896    1937    6630    6584    6586    6632    8426    8393+CONT
+CONT       8361    8394    8402    8370    8367    8403
CHEXA       1437       1    1965    1924    1966    2007    1926    1885+CONT
+CONT       1927    1968    6582    6535    2802    6583    6584    6536+CONT
+CONT       2794    2801    6538    6491    2526    6539
CHEXA       1438       1    1969    1928    1895    1936    2008    1967+CONT
+CONT       1937    1978    6589    8362    8364    8395    6633    6585+CONT
+CONT       8366    8399    6634    8394    8400    8427
CHEXA       1439       1    1928    1887    1926    1967    1970    1929+CONT
+CONT       1968    2009    6541    6537    6586    6585    6542    6494+CONT
+CONT       6539    6587    3017    3015    2527    3022
CHEXA       1440       1    1972    1931    1894    1935    2010    1969+CONT
+CONT       1936    1977    6591    6545    6546    6593    6636    6588+CONT
+CONT       8363    8396    6637    8395    8397    8428
CHEXA       1441       1    1931    1890    1928    1969    1971    1930+CONT
+CONT       1970    2011    6543    6540    6589    6588    6544    6496+CONT
+CONT       6542    6590    3019    3016    3024    3023
CHEXA       1442       1    1972    1931    1971    2012    1935    1894+CONT
+CONT       1932    1973    6591    6544    3026    6592    6593    6545+CONT
+CONT       3018    3025    6546    6499    3021    6547
CHEXA       1443       1    1976    1935    1973    2014    1941    1900+CONT
+CONT       1933    1974    6594    6547    3028    6595    6596    6548+CONT
+CONT       3020    3027    6550    6503    2560    6551
CHEXA       1444       1    1947    1906    1941    1982    1975    1934+CONT
+CONT       1974    2015    6554    6549    6598    6597    6556    6508+CONT
+CONT       6551    6599    3139    3137    2561    3144
CHEXA       1445       1    1962    1921    1947    1988    2002    1961+CONT
+CONT       1975    2016    6600    6553    6602    6601    6603    6555+CONT
+CONT       6556    6604    3147    3138    3146    3145
CHEXA       1446       1    1976    1935    1900    1941    2018    1977+CONT
+CONT       1942    1983    6594    6548    6550    6596    8429    8396+CONT
+CONT       8374    8407    8430    8398    8408    8431
CHEXA       1447       1    1977    1936    1901    1942    2019    1978+CONT
+CONT       1943    1984    8397    8365    8375    8398    8432    8399+CONT
+CONT       8377    8410    8433    8401    8411    8434
CHEXA       1448       1    2020    1979    1937    1978    1985    1944+CONT
+CONT       1902    1943    8435    8403    8400    8436    8437    8404+CONT
+CONT       8368    8401    8413    8381    8378    8414
CHEXA       1449       1    2021    1980    1938    1979    1986    1945+CONT
+CONT       1903    1944    6653    8405    8402    8438    6654    6606+CONT
+CONT       8371    8404    6609    8382    8380    8415
CHEXA       1450       1    1980    1939    1904    1945    2022    1981+CONT
+CONT       1946    1987    6605    6558    6561    6606    6607    6559+CONT
+CONT       6514    6562    2803    2797    2511    2804
CHEXA       1451       1    1947    1906    1948    1989    1982    1941+CONT
+CONT       1983    2024    6554    8384    8418    8417    6597    6549+CONT
+CONT       8406    8439    6598    8407    8441    8440
CHEXA       1452       1    1948    1907    1949    1990    1983    1942+CONT
+CONT       1984    2025    8385    8387    8421    8420    8406    8373+CONT
+CONT       8409    8442    8408    8410    8444    8443
CHEXA       1453       1    1991    1950    1985    2026    1949    1908+CONT
+CONT       1943    1984    8423    8412    8446    8445    8424    8391+CONT
+CONT       8414    8447    8388    8376    8411    8409
CHEXA       1454       1    1992    1951    1986    2027    1950    1909+CONT
+CONT       1944    1985    6612    6608    6657    6656    8425    8392+CONT
+CONT       8415    8448    8390    8379    8413    8412
CHEXA       1455       1    1951    1910    1952    1993    1986    1945+CONT
+CONT       1987    2028    6564    6517    2915    6565    6608    6560+CONT
+CONT       2914    2921    6609    6562    2512    6610
CHEXA       1456       1    1962    1921    1960    2001    1988    1947+CONT
+CONT       1989    2030    6600    6575    6624    6623    6601    6553+CONT
+CONT       8416    8449    6602    8417    8451    8450
CHEXA       1457       1    1960    1919    1958    1999    1989    1948+CONT
+CONT       1990    2031    6576    6572    6621    6620    8416    8383+CONT
+CONT       8419    8452    8418    8420    8454    8453
CHEXA       1458       1    1996    1955    1991    2032    1958    1917+CONT
+CONT       1949    1990    6617    8422    8456    8455    6618    6570+CONT
+CONT       8424    8457    6573    8386    8421    8419
CHEXA       1459       1    1995    1954    1992    2033    1955    1914+CONT
+CONT       1950    1991    6614    6611    6660    6659    6615    6567+CONT
+CONT       8425    8458    6569    8389    8423    8422
CHEXA       1460       1    1954    1913    1953    1994    1992    1951+CONT
+CONT       1993    2034    6566    6520    2917    6568    6611    6563+CONT
+CONT       2916    2923    6612    6565    2922    6613
CHEXA       1461       1    1995    1954    1914    1955    2035    1994+CONT
+CONT       1956    1997    6614    6567    6569    6615    6616    6568+CONT
+CONT       6523    6571    2924    2918    2919    2925
CHEXA       1462       1    1996    1955    1917    1958    2038    1997+CONT
+CONT       1957    1998    6617    6570    6573    6618    6619    6571+CONT
+CONT       6526    6574    2926    2920    2545    2927
CHEXA       1463       1    1960    1919    1959    2000    1999    1958+CONT
+CONT       1998    2039    6576    6529    3143    6577    6620    6572+CONT
+CONT       3141    3148    6621    6574    2546    6622
CHEXA       1464       1    1962    1921    1961    2002    2001    1960+CONT
+CONT       2000    2041    6600    6555    3147    6603    6623    6575+CONT
+CONT       3142    3149    6624    6577    3150    6625
CHEXA       1465       1    2005    1964    2004    2045    1965    1924+CONT
+CONT       1966    2007    6626    6579    2805    6627    6628    6580+CONT
+CONT       2800    2807    6582    6535    2802    6583
CHEXA       1466       1    2005    1964    1939    1980    2045    2004+CONT
+CONT       1981    2022    6626    6581    6605    6629    6627    6579+CONT
+CONT       6559    6607    2805    2799    2803    2806
CHEXA       1467       1    2046    2005    1965    2006    2021    1980+CONT
+CONT       1938    1979    6674    6628    6630    6676    6677    6629+CONT
+CONT       8393    8426    6653    8405    8402    8438
CHEXA       1468       1    2047    2006    1967    2008    2020    1979+CONT
+CONT       1937    1978    6678    6632    6634    6680    8459    8426+CONT
+CONT       8394    8427    8435    8403    8400    8436
CHEXA       1469       1    2006    1965    2007    2048    1967    1926+CONT
+CONT       1968    2009    6630    6583    2809    6631    6632    6584+CONT
+CONT       2801    2808    6586    6539    2527    6587
CHEXA       1470       1    2010    1969    1936    1977    2049    2008+CONT
+CONT       1978    2019    6637    8395    8397    8428    6681    6633+CONT
+CONT       8399    8432    6682    8427    8433    8460
CHEXA       1471       1    1969    1928    1967    2008    2011    1970+CONT
+CONT       2009    2050    6589    6585    6634    6633    6590    6542+CONT
+CONT       6587    6635    3024    3022    2528    3029
CHEXA       1472       1    2013    1972    1935    1976    2051    2010+CONT
+CONT       1977    2018    6639    6593    6594    6641    6684    6636+CONT
+CONT       8396    8429    6685    8428    8430    8461
CHEXA       1473       1    1972    1931    1969    2010    2012    1971+CONT
+CONT       2011    2052    6591    6588    6637    6636    6592    6544+CONT
+CONT       6590    6638    3026    3023    3031    3030
CHEXA       1474       1    2013    1972    2012    2053    1976    1935+CONT
+CONT       1973    2014    6639    6592    3033    6640    6641    6593+CONT
+CONT       3025    3032    6594    6547    3028    6595
CHEXA       1475       1    2017    1976    2014    2055    1982    1941+CONT
+CONT       1974    2015    6642    6595    3035    6643    6644    6596+CONT
+CONT       3027    3034    6598    6551    2561    6599
CHEXA       1476       1    1988    1947    1982    2023    2016    1975+CONT
+CONT       2015    2056    6602    6597    6646    6645    6604    6556+CONT
+CONT       6599    6647    3146    3144    2562    3151
CHEXA       1477       1    2003    1962    1988    2029    2043    2002+CONT
+CONT       2016    2057    6648    6601    6650    6649    6651    6603+CONT
+CONT       6604    6652    3154    3145    3153    3152
CHEXA       1478       1    2017    1976    1941    1982    2059    2018+CONT
+CONT       1983    2024    6642    6596    6598    6644    8462    8429+CONT
+CONT       8407    8440    8463    8431    8441    8464
CHEXA       1479       1    2018    1977    1942    1983    2060    2019+CONT
+CONT       1984    2025    8430    8398    8408    8431    8465    8432+CONT
+CONT       8410    8443    8466    8434    8444    8467
CHEXA       1480       1    2061    2020    1978    2019    2026    1985+CONT
+CONT       1943    1984    8468    8436    8433    8469    8470    8437+CONT
+CONT       8401    8434    8446    8414    8411    8447
CHEXA       1481       1    2062    2021    1979    2020    2027    1986+CONT
+CONT       1944    1985    6701    8438    8435    8471    6702    6654+CONT
+CONT       8404    8437    6657    8415    8413    8448
CHEXA       1482       1    2021    1980    1945    1986    2063    2022+CONT
+CONT       1987    2028    6653    6606    6609    6654    6655    6607+CONT
+CONT       6562    6610    2810    2804    2512    2811
CHEXA       1483       1    1988    1947    1989    2030    2023    1982+CONT
+CONT       2024    2065    6602    8417    8451    8450    6645    6597+CONT
+CONT       8439    8472    6646    8440    8474    8473
CHEXA       1484       1    1989    1948    1990    2031    2024    1983+CONT
+CONT       2025    2066    8418    8420    8454    8453    8439    8406+CONT
+CONT       8442    8475    8441    8443    8477    8476
CHEXA       1485       1    2032    1991    2026    2067    1990    1949+CONT
+CONT       1984    2025    8456    8445    8479    8478    8457    8424+CONT
+CONT       8447    8480    8421    8409    8444    8442
CHEXA       1486       1    2033    1992    2027    2068    1991    1950+CONT
+CONT       1985    2026    6660    6656    6705    6704    8458    8425+CONT
+CONT       8448    8481    8423    8412    8446    8445
CHEXA       1487       1    1992    1951    1993    2034    2027    1986+CONT
+CONT       2028    2069    6612    6565    2922    6613    6656    6608+CONT
+CONT       2921    2928    6657    6610    2513    6658
CHEXA       1488       1    2003    1962    2001    2042    2029    1988+CONT
+CONT       2030    2071    6648    6623    6672    6671    6649    6601+CONT
+CONT       8449    8482    6650    8450    8484    8483
CHEXA       1489       1    2001    1960    1999    2040    2030    1989+CONT
+CONT       2031    2072    6624    6620    6669    6668    8449    8416+CONT
+CONT       8452    8485    8451    8453    8487    8486
CHEXA       1490       1    2037    1996    2032    2073    1999    1958+CONT
+CONT       1990    2031    6665    8455    8489    8488    6666    6618+CONT
+CONT       8457    8490    6621    8419    8454    8452
CHEXA       1491       1    2036    1995    2033    2074    1996    1955+CONT
+CONT       1991    2032    6662    6659    6708    6707    6663    6615+CONT
+CONT       8458    8491    6617    8422    8456    8455
CHEXA       1492       1    1995    1954    1994    2035    2033    1992+CONT
+CONT       2034    2075    6614    6568    2924    6616    6659    6611+CONT
+CONT       2923    2930    6660    6613    2929    6661
CHEXA       1493       1    2036    1995    1955    1996    2076    2035+CONT
+CONT       1997    2038    6662    6615    6617    6663    6664    6616+CONT
+CONT       6571    6619    2931    2925    2926    2932
CHEXA       1494       1    2037    1996    1958    1999    2079    2038+CONT
+CONT       1998    2039    6665    6618    6621    6666    6667    6619+CONT
+CONT       6574    6622    2933    2927    2546    2934
CHEXA       1495       1    2001    1960    2000    2041    2040    1999+CONT
+CONT       2039    2080    6624    6577    3150    6625    6668    6620+CONT
+CONT       3148    3155    6669    6622    2547    6670
CHEXA       1496       1    2003    1962    2002    2043    2042    2001+CONT
+CONT       2041    2082    6648    6603    3154    6651    6671    6623+CONT
+CONT       3149    3156    6672    6625    3157    6673
CHEXA       1497       1    2046    2005    2045    2086    2006    1965+CONT
+CONT       2007    2048    6674    6627    2812    6675    6676    6628+CONT
+CONT       2807    2814    6630    6583    2809    6631
CHEXA       1498       1    2046    2005    1980    2021    2086    2045+CONT
+CONT       2022    2063    6674    6629    6653    6677    6675    6627+CONT
+CONT       6607    6655    2812    2806    2810    2813
CHEXA       1499       1    2087    2046    2006    2047    2062    2021+CONT
+CONT       1979    2020    6722    6676    6678    6724    6725    6677+CONT
+CONT       8426    8459    6701    8438    8435    8471
CHEXA       1500       1    2088    2047    2008    2049    2061    2020+CONT
+CONT       1978    2019    6726    6680    6682    6728    8492    8459+CONT
+CONT       8427    8460    8468    8436    8433    8469
CHEXA       1501       1    2047    2006    2048    2089    2008    1967+CONT
+CONT       2009    2050    6678    6631    2816    6679    6680    6632+CONT
+CONT       2808    2815    6634    6587    2528    6635
CHEXA       1502       1    2051    2010    1977    2018    2090    2049+CONT
+CONT       2019    2060    6685    8428    8430    8461    6729    6681+CONT
+CONT       8432    8465    6730    8460    8466    8493
CHEXA       1503       1    2010    1969    2008    2049    2052    2011+CONT
+CONT       2050    2091    6637    6633    6682    6681    6638    6590+CONT
+CONT       6635    6683    3031    3029    2529    3036
CHEXA       1504       1    2054    2013    1976    2017    2092    2051+CONT
+CONT       2018    2059    6687    6641    6642    6689    6732    6684+CONT
+CONT       8429    8462    6733    8461    8463    8494
CHEXA       1505       1    2013    1972    2010    2051    2053    2012+CONT
+CONT       2052    2093    6639    6636    6685    6684    6640    6592+CONT
+CONT       6638    6686    3033    3030    3038    3037
CHEXA       1506       1    2054    2013    2053    2094    2017    1976+CONT
+CONT       2014    2055    6687    6640    3040    6688    6689    6641+CONT
+CONT       3032    3039    6642    6595    3035    6643
CHEXA       1507       1    2058    2017    2055    2096    2023    1982+CONT
+CONT       2015    2056    6690    6643    3042    6691    6692    6644+CONT
+CONT       3034    3041    6646    6599    2562    6647
CHEXA       1508       1    2029    1988    2023    2064    2057    2016+CONT
+CONT       2056    2097    6650    6645    6694    6693    6652    6604+CONT
+CONT       6647    6695    3153    3151    2563    3158
CHEXA       1509       1    2044    2003    2029    2070    2084    2043+CONT
+CONT       2057    2098    6696    6649    6698    6697    6699    6651+CONT
+CONT       6652    6700    3161    3152    3160    3159
CHEXA       1510       1    2058    2017    1982    2023    2100    2059+CONT
+CONT       2024    2065    6690    6644    6646    6692    8495    8462+CONT
+CONT       8440    8473    8496    8464    8474    8497
CHEXA       1511       1    2059    2018    1983    2024    2101    2060+CONT
+CONT       2025    2066    8463    8431    8441    8464    8498    8465+CONT
+CONT       8443    8476    8499    8467    8477    8500
CHEXA       1512       1    2102    2061    2019    2060    2067    2026+CONT
+CONT       1984    2025    8501    8469    8466    8502    8503    8470+CONT
+CONT       8434    8467    8479    8447    8444    8480
CHEXA       1513       1    2103    2062    2020    2061    2068    2027+CONT
+CONT       1985    2026    6749    8471    8468    8504    6750    6702+CONT
+CONT       8437    8470    6705    8448    8446    8481
CHEXA       1514       1    2062    2021    1986    2027    2104    2063+CONT
+CONT       2028    2069    6701    6654    6657    6702    6703    6655+CONT
+CONT       6610    6658    2817    2811    2513    2818
CHEXA       1515       1    2029    1988    2030    2071    2064    2023+CONT
+CONT       2065    2106    6650    8450    8484    8483    6693    6645+CONT
+CONT       8472    8505    6694    8473    8507    8506
CHEXA       1516       1    2030    1989    2031    2072    2065    2024+CONT
+CONT       2066    2107    8451    8453    8487    8486    8472    8439+CONT
+CONT       8475    8508    8474    8476    8510    8509
CHEXA       1517       1    2073    2032    2067    2108    2031    1990+CONT
+CONT       2025    2066    8489    8478    8512    8511    8490    8457+CONT
+CONT       8480    8513    8454    8442    8477    8475
CHEXA       1518       1    2074    2033    2068    2109    2032    1991+CONT
+CONT       2026    2067    6708    6704    6753    6752    8491    8458+CONT
+CONT       8481    8514    8456    8445    8479    8478
CHEXA       1519       1    2033    1992    2034    2075    2068    2027+CONT
+CONT       2069    2110    6660    6613    2929    6661    6704    6656+CONT
+CONT       2928    2935    6705    6658    2514    6706
CHEXA       1520       1    2044    2003    2042    2083    2070    2029+CONT
+CONT       2071    2112    6696    6671    6720    6719    6697    6649+CONT
+CONT       8482    8515    6698    8483    8517    8516
CHEXA       1521       1    2042    2001    2040    2081    2071    2030+CONT
+CONT       2072    2113    6672    6668    6717    6716    8482    8449+CONT
+CONT       8485    8518    8484    8486    8520    8519
CHEXA       1522       1    2078    2037    2073    2114    2040    1999+CONT
+CONT       2031    2072    6713    8488    8522    8521    6714    6666+CONT
+CONT       8490    8523    6669    8452    8487    8485
CHEXA       1523       1    2077    2036    2074    2115    2037    1996+CONT
+CONT       2032    2073    6710    6707    6756    6755    6711    6663+CONT
+CONT       8491    8524    6665    8455    8489    8488
CHEXA       1524       1    2036    1995    2035    2076    2074    2033+CONT
+CONT       2075    2116    6662    6616    2931    6664    6707    6659+CONT
+CONT       2930    2937    6708    6661    2936    6709
CHEXA       1525       1    2077    2036    1996    2037    2117    2076+CONT
+CONT       2038    2079    6710    6663    6665    6711    6712    6664+CONT
+CONT       6619    6667    2938    2932    2933    2939
CHEXA       1526       1    2078    2037    1999    2040    2120    2079+CONT
+CONT       2039    2080    6713    6666    6669    6714    6715    6667+CONT
+CONT       6622    6670    2940    2934    2547    2941
CHEXA       1527       1    2042    2001    2041    2082    2081    2040+CONT
+CONT       2080    2121    6672    6625    3157    6673    6716    6668+CONT
+CONT       3155    3162    6717    6670    2548    6718
CHEXA       1528       1    2044    2003    2043    2084    2083    2042+CONT
+CONT       2082    2123    6696    6651    3161    6699    6719    6671+CONT
+CONT       3156    3163    6720    6673    3164    6721
CHEXA       1529       1    2087    2046    2086    2127    2047    2006+CONT
+CONT       2048    2089    6722    6675    2819    6723    6724    6676+CONT
+CONT       2814    2821    6678    6631    2816    6679
CHEXA       1530       1    2087    2046    2021    2062    2127    2086+CONT
+CONT       2063    2104    6722    6677    6701    6725    6723    6675+CONT
+CONT       6655    6703    2819    2813    2817    2820
CHEXA       1531       1    2128    2087    2047    2088    2103    2062+CONT
+CONT       2020    2061    6770    6724    6726    6772    6773    6725+CONT
+CONT       8459    8492    6749    8471    8468    8504
CHEXA       1532       1    2129    2088    2049    2090    2102    2061+CONT
+CONT       2019    2060    6774    6728    6730    6776    8525    8492+CONT
+CONT       8460    8493    8501    8469    8466    8502
CHEXA       1533       1    2088    2047    2089    2130    2049    2008+CONT
+CONT       2050    2091    6726    6679    2823    6727    6728    6680+CONT
+CONT       2815    2822    6682    6635    2529    6683
CHEXA       1534       1    2092    2051    2018    2059    2131    2090+CONT
+CONT       2060    2101    6733    8461    8463    8494    6777    6729+CONT
+CONT       8465    8498    6778    8493    8499    8526
CHEXA       1535       1    2051    2010    2049    2090    2093    2052+CONT
+CONT       2091    2132    6685    6681    6730    6729    6686    6638+CONT
+CONT       6683    6731    3038    3036    2530    3043
CHEXA       1536       1    2095    2054    2017    2058    2133    2092+CONT
+CONT       2059    2100    6735    6689    6690    6737    6780    6732+CONT
+CONT       8462    8495    6781    8494    8496    8527
CHEXA       1537       1    2054    2013    2051    2092    2094    2053+CONT
+CONT       2093    2134    6687    6684    6733    6732    6688    6640+CONT
+CONT       6686    6734    3040    3037    3045    3044
CHEXA       1538       1    2095    2054    2094    2135    2058    2017+CONT
+CONT       2055    2096    6735    6688    3047    6736    6737    6689+CONT
+CONT       3039    3046    6690    6643    3042    6691
CHEXA       1539       1    2099    2058    2096    2137    2064    2023+CONT
+CONT       2056    2097    6738    6691    3049    6739    6740    6692+CONT
+CONT       3041    3048    6694    6647    2563    6695
CHEXA       1540       1    2070    2029    2064    2105    2098    2057+CONT
+CONT       2097    2138    6698    6693    6742    6741    6700    6652+CONT
+CONT       6695    6743    3160    3158    2564    3165
CHEXA       1541       1    2085    2044    2070    2111    2125    2084+CONT
+CONT       2098    2139    6744    6697    6746    6745    6747    6699+CONT
+CONT       6700    6748    3168    3159    3167    3166
CHEXA       1542       1    2099    2058    2023    2064    2141    2100+CONT
+CONT       2065    2106    6738    6692    6694    6740    8528    8495+CONT
+CONT       8473    8506    8529    8497    8507    8530
CHEXA       1543       1    2100    2059    2024    2065    2142    2101+CONT
+CONT       2066    2107    8496    8464    8474    8497    8531    8498+CONT
+CONT       8476    8509    8532    8500    8510    8533
CHEXA       1544       1    2143    2102    2060    2101    2108    2067+CONT
+CONT       2025    2066    8534    8502    8499    8535    8536    8503+CONT
+CONT       8467    8500    8512    8480    8477    8513
CHEXA       1545       1    2144    2103    2061    2102    2109    2068+CONT
+CONT       2026    2067    6797    8504    8501    8537    6798    6750+CONT
+CONT       8470    8503    6753    8481    8479    8514
CHEXA       1546       1    2103    2062    2027    2068    2145    2104+CONT
+CONT       2069    2110    6749    6702    6705    6750    6751    6703+CONT
+CONT       6658    6706    2824    2818    2514    2825
CHEXA       1547       1    2070    2029    2071    2112    2105    2064+CONT
+CONT       2106    2147    6698    8483    8517    8516    6741    6693+CONT
+CONT       8505    8538    6742    8506    8540    8539
CHEXA       1548       1    2071    2030    2072    2113    2106    2065+CONT
+CONT       2107    2148    8484    8486    8520    8519    8505    8472+CONT
+CONT       8508    8541    8507    8509    8543    8542
CHEXA       1549       1    2114    2073    2108    2149    2072    2031+CONT
+CONT       2066    2107    8522    8511    8545    8544    8523    8490+CONT
+CONT       8513    8546    8487    8475    8510    8508
CHEXA       1550       1    2115    2074    2109    2150    2073    2032+CONT
+CONT       2067    2108    6756    6752    6801    6800    8524    8491+CONT
+CONT       8514    8547    8489    8478    8512    8511
CHEXA       1551       1    2074    2033    2075    2116    2109    2068+CONT
+CONT       2110    2151    6708    6661    2936    6709    6752    6704+CONT
+CONT       2935    2942    6753    6706    2515    6754
CHEXA       1552       1    2085    2044    2083    2124    2111    2070+CONT
+CONT       2112    2153    6744    6719    6768    6767    6745    6697+CONT
+CONT       8515    8548    6746    8516    8550    8549
CHEXA       1553       1    2083    2042    2081    2122    2112    2071+CONT
+CONT       2113    2154    6720    6716    6765    6764    8515    8482+CONT
+CONT       8518    8551    8517    8519    8553    8552
CHEXA       1554       1    2119    2078    2114    2155    2081    2040+CONT
+CONT       2072    2113    6761    8521    8555    8554    6762    6714+CONT
+CONT       8523    8556    6717    8485    8520    8518
CHEXA       1555       1    2118    2077    2115    2156    2078    2037+CONT
+CONT       2073    2114    6758    6755    6804    6803    6759    6711+CONT
+CONT       8524    8557    6713    8488    8522    8521
CHEXA       1556       1    2077    2036    2076    2117    2115    2074+CONT
+CONT       2116    2157    6710    6664    2938    6712    6755    6707+CONT
+CONT       2937    2944    6756    6709    2943    6757
CHEXA       1557       1    2118    2077    2037    2078    2158    2117+CONT
+CONT       2079    2120    6758    6711    6713    6759    6760    6712+CONT
+CONT       6667    6715    2945    2939    2940    2946
CHEXA       1558       1    2119    2078    2040    2081    2161    2120+CONT
+CONT       2080    2121    6761    6714    6717    6762    6763    6715+CONT
+CONT       6670    6718    2947    2941    2548    2948
CHEXA       1559       1    2083    2042    2082    2123    2122    2081+CONT
+CONT       2121    2162    6720    6673    3164    6721    6764    6716+CONT
+CONT       3162    3169    6765    6718    2549    6766
CHEXA       1560       1    2085    2044    2084    2125    2124    2083+CONT
+CONT       2123    2164    6744    6699    3168    6747    6767    6719+CONT
+CONT       3163    3170    6768    6721    3171    6769
CHEXA       1561       1    2128    2087    2127    2168    2088    2047+CONT
+CONT       2089    2130    6770    6723    2826    6771    6772    6724+CONT
+CONT       2821    2828    6726    6679    2823    6727
CHEXA       1562       1    2128    2087    2062    2103    2168    2127+CONT
+CONT       2104    2145    6770    6725    6749    6773    6771    6723+CONT
+CONT       6703    6751    2826    2820    2824    2827
CHEXA       1563       1    2169    2128    2088    2129    2144    2103+CONT
+CONT       2061    2102    6818    6772    6774    6820    6821    6773+CONT
+CONT       8492    8525    6797    8504    8501    8537
CHEXA       1564       1    2170    2129    2090    2131    2143    2102+CONT
+CONT       2060    2101    6822    6776    6778    6824    8558    8525+CONT
+CONT       8493    8526    8534    8502    8499    8535
CHEXA       1565       1    2129    2088    2130    2171    2090    2049+CONT
+CONT       2091    2132    6774    6727    2830    6775    6776    6728+CONT
+CONT       2822    2829    6730    6683    2530    6731
CHEXA       1566       1    2133    2092    2059    2100    2172    2131+CONT
+CONT       2101    2142    6781    8494    8496    8527    6825    6777+CONT
+CONT       8498    8531    6826    8526    8532    8559
CHEXA       1567       1    2092    2051    2090    2131    2134    2093+CONT
+CONT       2132    2173    6733    6729    6778    6777    6734    6686+CONT
+CONT       6731    6779    3045    3043    2531    3050
CHEXA       1568       1    2136    2095    2058    2099    2174    2133+CONT
+CONT       2100    2141    6783    6737    6738    6785    6828    6780+CONT
+CONT       8495    8528    6829    8527    8529    8560
CHEXA       1569       1    2095    2054    2092    2133    2135    2094+CONT
+CONT       2134    2175    6735    6732    6781    6780    6736    6688+CONT
+CONT       6734    6782    3047    3044    3052    3051
CHEXA       1570       1    2136    2095    2135    2176    2099    2058+CONT
+CONT       2096    2137    6783    6736    3054    6784    6785    6737+CONT
+CONT       3046    3053    6738    6691    3049    6739
CHEXA       1571       1    2140    2099    2137    2178    2105    2064+CONT
+CONT       2097    2138    6786    6739    3056    6787    6788    6740+CONT
+CONT       3048    3055    6742    6695    2564    6743
CHEXA       1572       1    2111    2070    2105    2146    2139    2098+CONT
+CONT       2138    2179    6746    6741    6790    6789    6748    6700+CONT
+CONT       6743    6791    3167    3165    2565    3172
CHEXA       1573       1    2126    2085    2111    2152    2166    2125+CONT
+CONT       2139    2180    6792    6745    6794    6793    6795    6747+CONT
+CONT       6748    6796    3175    3166    3174    3173
CHEXA       1574       1    2140    2099    2064    2105    2182    2141+CONT
+CONT       2106    2147    6786    6740    6742    6788    8561    8528+CONT
+CONT       8506    8539    8562    8530    8540    8563
CHEXA       1575       1    2141    2100    2065    2106    2183    2142+CONT
+CONT       2107    2148    8529    8497    8507    8530    8564    8531+CONT
+CONT       8509    8542    8565    8533    8543    8566
CHEXA       1576       1    2184    2143    2101    2142    2149    2108+CONT
+CONT       2066    2107    8567    8535    8532    8568    8569    8536+CONT
+CONT       8500    8533    8545    8513    8510    8546
CHEXA       1577       1    2185    2144    2102    2143    2150    2109+CONT
+CONT       2067    2108    6842    8537    8534    8570    6843    6798+CONT
+CONT       8503    8536    6801    8514    8512    8547
CHEXA       1578       1    2144    2103    2068    2109    2186    2145+CONT
+CONT       2110    2151    6797    6750    6753    6798    6799    6751+CONT
+CONT       6706    6754    2831    2825    2515    2832
CHEXA       1579       1    2111    2070    2112    2153    2146    2105+CONT
+CONT       2147    2188    6746    8516    8550    8549    6789    6741+CONT
+CONT       8538    8571    6790    8539    8573    8572
CHEXA       1580       1    2112    2071    2113    2154    2147    2106+CONT
+CONT       2148    2189    8517    8519    8553    8552    8538    8505+CONT
+CONT       8541    8574    8540    8542    8576    8575
CHEXA       1581       1    2155    2114    2149    2190    2113    2072+CONT
+CONT       2107    2148    8555    8544    8578    8577    8556    8523+CONT
+CONT       8546    8579    8520    8508    8543    8541
CHEXA       1582       1    2156    2115    2150    2191    2114    2073+CONT
+CONT       2108    2149    6804    6800    6846    6845    8557    8524+CONT
+CONT       8547    8580    8522    8511    8545    8544
CHEXA       1583       1    2115    2074    2116    2157    2150    2109+CONT
+CONT       2151    2192    6756    6709    2943    6757    6800    6752+CONT
+CONT       2942    2949    6801    6754    2516    6802
CHEXA       1584       1    2126    2085    2124    2165    2152    2111+CONT
+CONT       2153    2194    6792    6767    6816    6815    6793    6745+CONT
+CONT       8548    8581    6794    8549    8583    8582
CHEXA       1585       1    2124    2083    2122    2163    2153    2112+CONT
+CONT       2154    2195    6768    6764    6813    6812    8548    8515+CONT
+CONT       8551    8584    8550    8552    8586    8585
CHEXA       1586       1    2160    2119    2155    2196    2122    2081+CONT
+CONT       2113    2154    6809    8554    8588    8587    6810    6762+CONT
+CONT       8556    8589    6765    8518    8553    8551
CHEXA       1587       1    2159    2118    2156    2197    2119    2078+CONT
+CONT       2114    2155    6806    6803    6849    6848    6807    6759+CONT
+CONT       8557    8590    6761    8521    8555    8554
CHEXA       1588       1    2118    2077    2117    2158    2156    2115+CONT
+CONT       2157    2198    6758    6712    2945    6760    6803    6755+CONT
+CONT       2944    2951    6804    6757    2950    6805
CHEXA       1589       1    2159    2118    2078    2119    2199    2158+CONT
+CONT       2120    2161    6806    6759    6761    6807    6808    6760+CONT
+CONT       6715    6763    2952    2946    2947    2953
CHEXA       1590       1    2160    2119    2081    2122    2202    2161+CONT
+CONT       2121    2162    6809    6762    6765    6810    6811    6763+CONT
+CONT       6718    6766    2954    2948    2549    2955
CHEXA       1591       1    2124    2083    2123    2164    2163    2122+CONT
+CONT       2162    2203    6768    6721    3171    6769    6812    6764+CONT
+CONT       3169    3176    6813    6766    2550    6814
CHEXA       1592       1    2126    2085    2125    2166    2165    2124+CONT
+CONT       2164    2205    6792    6747    3175    6795    6815    6767+CONT
+CONT       3170    3177    6816    6769    3178    6817
CHEXA       1593       1    2169    2128    2168    2208    2129    2088+CONT
+CONT       2130    2171    6818    6771    2833    6819    6820    6772+CONT
+CONT       2828    2835    6774    6727    2830    6775
CHEXA       1594       1    2169    2128    2103    2144    2208    2168+CONT
+CONT       2145    2186    6818    6773    6797    6821    6819    6771+CONT
+CONT       6751    6799    2833    2827    2831    2834
CHEXA       1595       1    2209    2169    2129    2170    2185    2144+CONT
+CONT       2102    2143    6861    6820    6822    6863    6864    6821+CONT
+CONT       8525    8558    6842    8537    8534    8570
CHEXA       1596       1    2210    2170    2131    2172    2184    2143+CONT
+CONT       2101    2142    6865    6824    6826    6867    8591    8558+CONT
+CONT       8526    8559    8567    8535    8532    8568
CHEXA       1597       1    2170    2129    2171    2211    2131    2090+CONT
+CONT       2132    2173    6822    6775    2837    6823    6824    6776+CONT
+CONT       2829    2836    6778    6731    2531    6779
CHEXA       1598       1    2174    2133    2100    2141    2212    2172+CONT
+CONT       2142    2183    6829    8527    8529    8560    6868    6825+CONT
+CONT       8531    8564    6869    8559    8565    8592
CHEXA       1599       1    2133    2092    2131    2172    2175    2134+CONT
+CONT       2173    2213    6781    6777    6826    6825    6782    6734+CONT
+CONT       6779    6827    3052    3050    2532    3057
CHEXA       1600       1    2177    2136    2099    2140    2214    2174+CONT
+CONT       2141    2182    6831    6785    6786    6833    6871    6828+CONT
+CONT       8528    8561    6872    8560    8562    8593
CHEXA       1601       1    2136    2095    2133    2174    2176    2135+CONT
+CONT       2175    2215    6783    6780    6829    6828    6784    6736+CONT
+CONT       6782    6830    3054    3051    3059    3058
CHEXA       1602       1    2177    2136    2176    2216    2140    2099+CONT
+CONT       2137    2178    6831    6784    3061    6832    6833    6785+CONT
+CONT       3053    3060    6786    6739    3056    6787
CHEXA       1603       1    2181    2140    2178    2218    2146    2105+CONT
+CONT       2138    2179    6834    6787    3063    6835    6836    6788+CONT
+CONT       3055    3062    6790    6743    2565    6791
CHEXA       1604       1    2152    2111    2146    2187    2180    2139+CONT
+CONT       2179    2219    6794    6789    6838    6837    6796    6748+CONT
+CONT       6791    6839    3174    3172    2566    3179
CHEXA       1605       1    2167    2126    2152    2193    2207    2166+CONT
+CONT       2180    2220    6840    6793    6841    2749    2748    6795+CONT
+CONT       6796    2750    3181    3173    3180    2360
CHEXA       1606       1    2181    2140    2105    2146    2222    2182+CONT
+CONT       2147    2188    6834    6788    6790    6836    8594    8561+CONT
+CONT       8539    8572    8595    8563    8573    8596
CHEXA       1607       1    2182    2141    2106    2147    2223    2183+CONT
+CONT       2148    2189    8562    8530    8540    8563    8597    8564+CONT
+CONT       8542    8575    8598    8566    8576    8599
CHEXA       1608       1    2224    2184    2142    2183    2190    2149+CONT
+CONT       2107    2148    8600    8568    8565    8601    8602    8569+CONT
+CONT       8533    8566    8578    8546    8543    8579
CHEXA       1609       1    2225    2185    2143    2184    2191    2150+CONT
+CONT       2108    2149    6881    8570    8567    8603    6882    6843+CONT
+CONT       8536    8569    6846    8547    8545    8580
CHEXA       1610       1    2185    2144    2109    2150    2226    2186+CONT
+CONT       2151    2192    6842    6798    6801    6843    6844    6799+CONT
+CONT       6754    6802    2838    2832    2516    2839
CHEXA       1611       1    2152    2111    2153    2194    2187    2146+CONT
+CONT       2188    2228    6794    8549    8583    8582    6837    6789+CONT
+CONT       8571    8604    6838    8572    8606    8605
CHEXA       1612       1    2153    2112    2154    2195    2188    2147+CONT
+CONT       2189    2229    8550    8552    8586    8585    8571    8538+CONT
+CONT       8574    8607    8573    8575    8609    8608
CHEXA       1613       1    2196    2155    2190    2230    2154    2113+CONT
+CONT       2148    2189    8588    8577    8611    8610    8589    8556+CONT
+CONT       8579    8612    8553    8541    8576    8574
CHEXA       1614       1    2197    2156    2191    2231    2155    2114+CONT
+CONT       2149    2190    6849    6845    6885    6884    8590    8557+CONT
+CONT       8580    8613    8555    8544    8578    8577
CHEXA       1615       1    2156    2115    2157    2198    2191    2150+CONT
+CONT       2192    2232    6804    6757    2950    6805    6845    6800+CONT
+CONT       2949    2956    6846    6802    2517    6847
CHEXA       1616       1    2167    2126    2165    2206    2193    2152+CONT
+CONT       2194    2233    6840    6815    6860    2751    2749    6793+CONT
+CONT       8581    4397    6841    8582    8614    4396
CHEXA       1617       1    2165    2124    2163    2204    2194    2153+CONT
+CONT       2195    2234    6816    6812    6858    6857    8581    8548+CONT
+CONT       8584    8615    8583    8585    8617    8616
CHEXA       1618       1    2201    2160    2196    2235    2163    2122+CONT
+CONT       2154    2195    6854    8587    8619    8618    6855    6810+CONT
+CONT       8589    8620    6813    8551    8586    8584
CHEXA       1619       1    2200    2159    2197    2236    2160    2119+CONT
+CONT       2155    2196    6851    6848    6888    6887    6852    6807+CONT
+CONT       8590    8621    6809    8554    8588    8587
CHEXA       1620       1    2159    2118    2158    2199    2197    2156+CONT
+CONT       2198    2237    6806    6760    2952    6808    6848    6803+CONT
+CONT       2951    2958    6849    6805    2957    6850
CHEXA       1621       1    2200    2159    2119    2160    2238    2199+CONT
+CONT       2161    2202    6851    6807    6809    6852    6853    6808+CONT
+CONT       6763    6811    2959    2953    2954    2960
CHEXA       1622       1    2201    2160    2122    2163    2241    2202+CONT
+CONT       2162    2203    6854    6810    6813    6855    6856    6811+CONT
+CONT       6766    6814    2961    2955    2550    2962
CHEXA       1623       1    2165    2124    2164    2205    2204    2163+CONT
+CONT       2203    2242    6816    6769    3178    6817    6857    6812+CONT
+CONT       3176    3182    6858    6814    2551    6859
CHEXA       1624       1    2167    2126    2166    2207    2206    2165+CONT
+CONT       2205    2244    6840    6795    3181    2748    2751    6815+CONT
+CONT       3177    2361    6860    6817    3183    2752
CHEXA       1625       1    2209    2169    2208    2245    2170    2129+CONT
+CONT       2171    2211    6861    6819    2840    6862    6863    6820+CONT
+CONT       2835    2842    6822    6775    2837    6823
CHEXA       1626       1    2209    2169    2144    2185    2245    2208+CONT
+CONT       2186    2226    6861    6821    6842    6864    6862    6819+CONT
+CONT       6799    6844    2840    2834    2838    2841
CHEXA       1627       1    2246    2209    2170    2210    2225    2185+CONT
+CONT       2143    2184    6897    6863    6865    6899    6900    6864+CONT
+CONT       8558    8591    6881    8570    8567    8603
CHEXA       1628       1    2247    2210    2172    2212    2224    2184+CONT
+CONT       2142    2183    6901    6867    6869    6903    8622    8591+CONT
+CONT       8559    8592    8600    8568    8565    8601
CHEXA       1629       1    2210    2170    2211    2248    2172    2131+CONT
+CONT       2173    2213    6865    6823    2844    6866    6867    6824+CONT
+CONT       2836    2843    6826    6779    2532    6827
CHEXA       1630       1    2214    2174    2141    2182    2249    2212+CONT
+CONT       2183    2223    6872    8560    8562    8593    6904    6868+CONT
+CONT       8564    8597    6905    8592    8598    8623
CHEXA       1631       1    2174    2133    2172    2212    2215    2175+CONT
+CONT       2213    2250    6829    6825    6869    6868    6830    6782+CONT
+CONT       6827    6870    3059    3057    2533    3064
CHEXA       1632       1    2217    2177    2140    2181    2251    2214+CONT
+CONT       2182    2222    6874    6833    6834    6876    6907    6871+CONT
+CONT       8561    8594    6908    8593    8595    8624
CHEXA       1633       1    2177    2136    2174    2214    2216    2176+CONT
+CONT       2215    2252    6831    6828    6872    6871    6832    6784+CONT
+CONT       6830    6873    3061    3058    3066    3065
CHEXA       1634       1    2217    2177    2216    2253    2181    2140+CONT
+CONT       2178    2218    6874    6832    3068    6875    6876    6833+CONT
+CONT       3060    3067    6834    6787    3063    6835
CHEXA       1635       1    2221    2181    2218    2255    2187    2146+CONT
+CONT       2179    2219    6877    6835    3070    6878    6879    6836+CONT
+CONT       3062    3069    6838    6791    2566    6839
CHEXA       1636       1    2193    2152    2187    2227    2220    2180+CONT
+CONT       2219    2256    6841    6837    6880    2753    2750    6796+CONT
+CONT       6839    2754    3180    3179    2567    2362
CHEXA       1637       1    2221    2181    2146    2187    2258    2222+CONT
+CONT       2188    2228    6877    6836    6838    6879    8625    8594+CONT
+CONT       8572    8605    8626    8596    8606    8627
CHEXA       1638       1    2222    2182    2147    2188    2259    2223+CONT
+CONT       2189    2229    8595    8563    8573    8596    8628    8597+CONT
+CONT       8575    8608    8629    8599    8609    8630
CHEXA       1639       1    2260    2224    2183    2223    2230    2190+CONT
+CONT       2148    2189    8631    8601    8598    8632    8633    8602+CONT
+CONT       8566    8599    8611    8579    8576    8612
CHEXA       1640       1    2261    2225    2184    2224    2231    2191+CONT
+CONT       2149    2190    6914    8603    8600    8634    6915    6882+CONT
+CONT       8569    8602    6885    8580    8578    8613
CHEXA       1641       1    2225    2185    2150    2191    2262    2226+CONT
+CONT       2192    2232    6881    6843    6846    6882    6883    6844+CONT
+CONT       6802    6847    2845    2839    2517    2846
CHEXA       1642       1    2193    2152    2194    2233    2227    2187+CONT
+CONT       2228    2263    6841    8582    8614    4396    2753    6837+CONT
+CONT       8604    4399    6880    8605    8635    4398
CHEXA       1643       1    2194    2153    2195    2234    2228    2188+CONT
+CONT       2229    2264    8583    8585    8617    8616    8604    8571+CONT
+CONT       8607    8636    8606    8608    8638    8637
CHEXA       1644       1    2235    2196    2230    2265    2195    2154+CONT
+CONT       2189    2229    8619    8610    8640    8639    8620    8589+CONT
+CONT       8612    8641    8586    8574    8609    8607
CHEXA       1645       1    2236    2197    2231    2266    2196    2155+CONT
+CONT       2190    2230    6888    6884    6918    6917    8621    8590+CONT
+CONT       8613    8642    8588    8577    8611    8610
CHEXA       1646       1    2197    2156    2198    2237    2231    2191+CONT
+CONT       2232    2267    6849    6805    2957    6850    6884    6845+CONT
+CONT       2956    2963    6885    6847    2518    6886
CHEXA       1647       1    2206    2165    2204    2243    2233    2194+CONT
+CONT       2234    2268    6860    6857    6896    2755    4397    8581+CONT
+CONT       8615    4401    8614    8616    8643    4400
CHEXA       1648       1    2240    2201    2235    2269    2204    2163+CONT
+CONT       2195    2234    6893    8618    8645    8644    6894    6855+CONT
+CONT       8620    8646    6858    8584    8617    8615
CHEXA       1649       1    2239    2200    2236    2270    2201    2160+CONT
+CONT       2196    2235    6890    6887    6921    6920    6891    6852+CONT
+CONT       8621    8647    6854    8587    8619    8618
CHEXA       1650       1    2200    2159    2199    2238    2236    2197+CONT
+CONT       2237    2271    6851    6808    2959    6853    6887    6848+CONT
+CONT       2958    2965    6888    6850    2964    6889
CHEXA       1651       1    2239    2200    2160    2201    2272    2238+CONT
+CONT       2202    2241    6890    6852    6854    6891    6892    6853+CONT
+CONT       6811    6856    2966    2960    2961    2967
CHEXA       1652       1    2240    2201    2163    2204    2275    2241+CONT
+CONT       2203    2242    6893    6855    6858    6894    6895    6856+CONT
+CONT       6814    6859    2968    2962    2551    2969
CHEXA       1653       1    2206    2165    2205    2244    2243    2204+CONT
+CONT       2242    2276    6860    6817    3183    2752    2755    6857+CONT
+CONT       3182    2363    6896    6859    2552    2756
CHEXA       1654       1    2246    2209    2245    2277    2210    2170+CONT
+CONT       2211    2248    6897    6862    2847    6898    6899    6863+CONT
+CONT       2842    2849    6865    6823    2844    6866
CHEXA       1655       1    2246    2209    2185    2225    2277    2245+CONT
+CONT       2226    2262    6897    6864    6881    6900    6898    6862+CONT
+CONT       6844    6883    2847    2841    2845    2848
CHEXA       1656       1    2278    2246    2210    2247    2261    2225+CONT
+CONT       2184    2224    6927    6899    6901    6929    6930    6900+CONT
+CONT       8591    8622    6914    8603    8600    8634
CHEXA       1657       1    2279    2247    2212    2249    2260    2224+CONT
+CONT       2183    2223    6931    6903    6905    6933    8648    8622+CONT
+CONT       8592    8623    8631    8601    8598    8632
CHEXA       1658       1    2247    2210    2248    2280    2212    2172+CONT
+CONT       2213    2250    6901    6866    2851    6902    6903    6867+CONT
+CONT       2843    2850    6869    6827    2533    6870
CHEXA       1659       1    2251    2214    2182    2222    2281    2249+CONT
+CONT       2223    2259    6908    8593    8595    8624    6934    6904+CONT
+CONT       8597    8628    6935    8623    8629    8649
CHEXA       1660       1    2214    2174    2212    2249    2252    2215+CONT
+CONT       2250    2282    6872    6868    6905    6904    6873    6830+CONT
+CONT       6870    6906    3066    3064    2534    3071
CHEXA       1661       1    2254    2217    2181    2221    2283    2251+CONT
+CONT       2222    2258    6910    6876    6877    6912    6937    6907+CONT
+CONT       8594    8625    6938    8624    8626    8650
CHEXA       1662       1    2217    2177    2214    2251    2253    2216+CONT
+CONT       2252    2284    6874    6871    6908    6907    6875    6832+CONT
+CONT       6873    6909    3068    3065    3073    3072
CHEXA       1663       1    2254    2217    2253    2285    2221    2181+CONT
+CONT       2218    2255    6910    6875    3075    6911    6912    6876+CONT
+CONT       3067    3074    6877    6835    3070    6878
CHEXA       1664       1    2257    2221    2255    2287    2227    2187+CONT
+CONT       2219    2256    6913    6878    3076    2758    2757    6879+CONT
+CONT       3069    2356    6880    6839    2567    2754
CHEXA       1665       1    2257    2221    2187    2227    2288    2258+CONT
+CONT       2228    2263    6913    6879    6880    2757    4402    8625+CONT
+CONT       8605    4398    8651    8627    8635    4403
CHEXA       1666       1    2258    2222    2188    2228    2289    2259+CONT
+CONT       2229    2264    8626    8596    8606    8627    8652    8628+CONT
+CONT       8608    8637    8653    8630    8638    8654
CHEXA       1667       1    2290    2260    2223    2259    2265    2230+CONT
+CONT       2189    2229    8655    8632    8629    8656    8657    8633+CONT
+CONT       8599    8630    8640    8612    8609    8641
CHEXA       1668       1    2291    2261    2224    2260    2266    2231+CONT
+CONT       2190    2230    6941    8634    8631    8658    6942    6915+CONT
+CONT       8602    8633    6918    8613    8611    8642
CHEXA       1669       1    2261    2225    2191    2231    2292    2262+CONT
+CONT       2232    2267    6914    6882    6885    6915    6916    6883+CONT
+CONT       6847    6886    2852    2846    2518    2853
CHEXA       1670       1    2233    2194    2234    2268    2263    2228+CONT
+CONT       2264    2293    8614    8616    8643    4400    4399    8604+CONT
+CONT       8636    4405    8635    8637    8659    4404
CHEXA       1671       1    2269    2235    2265    2294    2234    2195+CONT
+CONT       2229    2264    8645    8639    8661    8660    8646    8620+CONT
+CONT       8641    8662    8617    8607    8638    8636
CHEXA       1672       1    2270    2236    2266    2295    2235    2196+CONT
+CONT       2230    2265    6921    6917    6945    6944    8647    8621+CONT
+CONT       8642    8663    8619    8610    8640    8639
CHEXA       1673       1    2236    2197    2237    2271    2266    2231+CONT
+CONT       2267    2296    6888    6850    2964    6889    6917    6884+CONT
+CONT       2963    2970    6918    6886    2519    6919
CHEXA       1674       1    2274    2240    2269    2297    2243    2204+CONT
+CONT       2234    2268    6926    8644    8664    4406    2760    6894+CONT
+CONT       8646    4407    6896    8615    8643    4401
CHEXA       1675       1    2273    2239    2270    2298    2240    2201+CONT
+CONT       2235    2269    6923    6920    6948    6947    6924    6891+CONT
+CONT       8647    8665    6893    8618    8645    8644
CHEXA       1676       1    2239    2200    2238    2272    2270    2236+CONT
+CONT       2271    2299    6890    6853    2966    6892    6920    6887+CONT
+CONT       2965    2972    6921    6889    2971    6922
CHEXA       1677       1    2273    2239    2201    2240    2300    2272+CONT
+CONT       2241    2275    6923    6891    6893    6924    6925    6892+CONT
+CONT       6856    6895    2973    2967    2968    2974
CHEXA       1678       1    2274    2240    2204    2243    2302    2275+CONT
+CONT       2242    2276    6926    6894    6896    2760    2759    6895+CONT
+CONT       6859    2756    2975    2969    2552    2352
CHEXA       1679       1    2278    2246    2277    2303    2247    2210+CONT
+CONT       2248    2280    6927    6898    2854    6928    6929    6899+CONT
+CONT       2849    2856    6901    6866    2851    6902
CHEXA       1680       1    2278    2246    2225    2261    2303    2277+CONT
+CONT       2262    2292    6927    6900    6914    6930    6928    6898+CONT
+CONT       6883    6916    2854    2848    2852    2855
CHEXA       1681       1    2304    2278    2247    2279    2291    2261+CONT
+CONT       2224    2260    6951    6929    6931    6953    6954    6930+CONT
+CONT       8622    8648    6941    8634    8631    8658
CHEXA       1682       1    2305    2279    2249    2281    2290    2260+CONT
+CONT       2223    2259    6955    6933    6935    6957    8666    8648+CONT
+CONT       8623    8649    8655    8632    8629    8656
CHEXA       1683       1    2279    2247    2280    2306    2249    2212+CONT
+CONT       2250    2282    6931    6902    2858    6932    6933    6903+CONT
+CONT       2850    2857    6905    6870    2534    6906
CHEXA       1684       1    2283    2251    2222    2258    2307    2281+CONT
+CONT       2259    2289    6938    8624    8626    8650    6958    6934+CONT
+CONT       8628    8652    6959    8649    8653    8667
CHEXA       1685       1    2251    2214    2249    2281    2284    2252+CONT
+CONT       2282    2308    6908    6904    6935    6934    6909    6873+CONT
+CONT       6906    6936    3073    3071    2535    3077
CHEXA       1686       1    2286    2254    2221    2257    2309    2283+CONT
+CONT       2258    2288    6940    6912    6913    2761    2765    6937+CONT
+CONT       8625    4402    6961    8650    8651    4408
CHEXA       1687       1    2254    2217    2251    2283    2285    2253+CONT
+CONT       2284    2310    6910    6907    6938    6937    6911    6875+CONT
+CONT       6909    6939    3075    3072    3079    3078
CHEXA       1688       1    2286    2254    2285    2311    2257    2221+CONT
+CONT       2255    2287    6940    6911    3080    2762    2761    6912+CONT
+CONT       3074    2357    6913    6878    3076    2758
CHEXA       1689       1    2288    2258    2228    2263    2312    2289+CONT
+CONT       2264    2293    8651    8627    8635    4403    4409    8652+CONT
+CONT       8637    4404    8668    8654    8659    4410
CHEXA       1690       1    2313    2290    2259    2289    2294    2265+CONT
+CONT       2229    2264    8669    8656    8653    8670    8671    8657+CONT
+CONT       8630    8654    8661    8641    8638    8662
CHEXA       1691       1    2314    2291    2260    2290    2295    2266+CONT
+CONT       2230    2265    6962    8658    8655    8672    6963    6942+CONT
+CONT       8633    8657    6945    8642    8640    8663
CHEXA       1692       1    2291    2261    2231    2266    2315    2292+CONT
+CONT       2267    2296    6941    6915    6918    6942    6943    6916+CONT
+CONT       6886    6919    2859    2853    2519    2860
CHEXA       1693       1    2297    2269    2294    2316    2268    2234+CONT
+CONT       2264    2293    8664    8660    8673    4411    4407    8646+CONT
+CONT       8662    4412    8643    8636    8659    4405
CHEXA       1694       1    2298    2270    2295    2317    2269    2235+CONT
+CONT       2265    2294    6948    6944    6966    6965    8665    8647+CONT
+CONT       8663    8674    8645    8639    8661    8660
CHEXA       1695       1    2270    2236    2271    2299    2295    2266+CONT
+CONT       2296    2318    6921    6889    2971    6922    6944    6917+CONT
+CONT       2970    2976    6945    6919    2520    6946
CHEXA       1696       1    2301    2273    2298    2319    2274    2240+CONT
+CONT       2269    2297    6950    6947    6968    2767    2764    6924+CONT
+CONT       8665    4413    6926    8644    8664    4406
CHEXA       1697       1    2273    2239    2272    2300    2298    2270+CONT
+CONT       2299    2320    6923    6892    2973    6925    6947    6920+CONT
+CONT       2972    2978    6948    6922    2977    6949
CHEXA       1698       1    2301    2273    2240    2274    2321    2300+CONT
+CONT       2275    2302    6950    6924    6926    2764    2763    6925+CONT
+CONT       6895    2759    2979    2974    2975    2353
CHEXA       1699       1    2304    2278    2303    2322    2279    2247+CONT
+CONT       2280    2306    6951    6928    2861    6952    6953    6929+CONT
+CONT       2856    2863    6931    6902    2858    6932
CHEXA       1700       1    2304    2278    2261    2291    2322    2303+CONT
+CONT       2292    2315    6951    6930    6941    6954    6952    6928+CONT
+CONT       6916    6943    2861    2855    2859    2862
CHEXA       1701       1    2323    2304    2279    2305    2314    2291+CONT
+CONT       2260    2290    6969    6953    6955    6971    6972    6954+CONT
+CONT       8648    8666    6962    8658    8655    8672
CHEXA       1702       1    2324    2305    2281    2307    2313    2290+CONT
+CONT       2259    2289    6973    6957    6959    6975    8675    8666+CONT
+CONT       8649    8667    8669    8656    8653    8670
CHEXA       1703       1    2305    2279    2306    2325    2281    2249+CONT
+CONT       2282    2308    6955    6932    2865    6956    6957    6933+CONT
+CONT       2857    2864    6935    6906    2535    6936
CHEXA       1704       1    2309    2283    2258    2288    2326    2307+CONT
+CONT       2289    2312    6961    8650    8651    4408    2769    6958+CONT
+CONT       8652    4409    6976    8667    8668    4414
CHEXA       1705       1    2283    2251    2281    2307    2310    2284+CONT
+CONT       2308    2327    6938    6934    6959    6958    6939    6909+CONT
+CONT       6936    6960    3079    3077    2536    3081
CHEXA       1706       1    2286    2254    2283    2309    2311    2285+CONT
+CONT       2310    2328    6940    6937    6961    2765    2762    6911+CONT
+CONT       6939    2766    3080    3078    3082    2358
CHEXA       1707       1    2329    2313    2289    2312    2316    2294+CONT
+CONT       2264    2293    8676    8670    8668    4416    4415    8671+CONT
+CONT       8654    4410    8673    8662    8659    4412
CHEXA       1708       1    2330    2314    2290    2313    2317    2295+CONT
+CONT       2265    2294    6977    8672    8669    8677    6978    6963+CONT
+CONT       8657    8671    6966    8663    8661    8674
CHEXA       1709       1    2314    2291    2266    2295    2331    2315+CONT
+CONT       2296    2318    6962    6942    6945    6963    6964    6943+CONT
+CONT       6919    6946    2866    2860    2520    2867
CHEXA       1710       1    2319    2298    2317    2332    2297    2269+CONT
+CONT       2294    2316    6968    6965    6980    2771    4413    8665+CONT
+CONT       8674    4417    8664    8660    8673    4411
CHEXA       1711       1    2298    2270    2299    2320    2317    2295+CONT
+CONT       2318    2333    6948    6922    2977    6949    6965    6944+CONT
+CONT       2976    2980    6966    6946    2521    6967
CHEXA       1712       1    2301    2273    2300    2321    2319    2298+CONT
+CONT       2320    2334    6950    6925    2979    2763    2767    6947+CONT
+CONT       2978    2354    6968    6949    2981    2768
CHEXA       1713       1    2323    2304    2322    2335    2305    2279+CONT
+CONT       2306    2325    6969    6952    2868    6970    6971    6953+CONT
+CONT       2863    2870    6955    6932    2865    6956
CHEXA       1714       1    2323    2304    2291    2314    2335    2322+CONT
+CONT       2315    2331    6969    6954    6962    6972    6970    6952+CONT
+CONT       6943    6964    2868    2862    2866    2869
CHEXA       1715       1    2336    2323    2305    2324    2330    2314+CONT
+CONT       2290    2313    6981    6971    6973    6983    6984    6972+CONT
+CONT       8666    8675    6977    8672    8669    8677
CHEXA       1716       1    2337    2324    2307    2326    2329    2313+CONT
+CONT       2289    2312    6985    6975    6976    2773    4418    8675+CONT
+CONT       8667    4414    8676    8670    8668    4416
CHEXA       1717       1    2324    2305    2325    2338    2307    2281+CONT
+CONT       2308    2327    6973    6956    2872    6974    6975    6957+CONT
+CONT       2864    2871    6959    6936    2536    6960
CHEXA       1718       1    2309    2283    2307    2326    2328    2310+CONT
+CONT       2327    2339    6961    6958    6976    2769    2766    6939+CONT
+CONT       6960    2770    3082    3081    2537    2359
CHEXA       1719       1    2340    2330    2313    2329    2332    2317+CONT
+CONT       2294    2316    6986    8677    8676    4419    2776    6978+CONT
+CONT       8671    4415    6980    8674    8673    4417
CHEXA       1720       1    2330    2314    2295    2317    2341    2331+CONT
+CONT       2318    2333    6977    6963    6966    6978    6979    6964+CONT
+CONT       6946    6967    2873    2867    2521    2874
CHEXA       1721       1    2319    2298    2320    2334    2332    2317+CONT
+CONT       2333    2342    6968    6949    2981    2768    2771    6965+CONT
+CONT       2980    2355    6980    6967    2522    2772
CHEXA       1722       1    2336    2323    2335    2343    2324    2305+CONT
+CONT       2325    2338    6981    6970    2875    6982    6983    6971+CONT
+CONT       2870    2877    6973    6956    2872    6974
CHEXA       1723       1    2336    2323    2314    2330    2343    2335+CONT
+CONT       2331    2341    6981    6972    6977    6984    6982    6970+CONT
+CONT       6964    6979    2875    2869    2873    2876
CHEXA       1724       1    2344    2336    2324    2337    2340    2330+CONT
+CONT       2313    2329    6987    6983    6985    2777    2779    6984+CONT
+CONT       8675    4418    6986    8677    8676    4419
CHEXA       1725       1    2337    2324    2338    2345    2326    2307+CONT
+CONT       2327    2339    6985    6974    2878    2774    2773    6975+CONT
+CONT       2871    2348    6976    6960    2537    2770
CHEXA       1726       1    2340    2330    2317    2332    2346    2341+CONT
+CONT       2333    2342    6986    6978    6980    2776    2775    6979+CONT
+CONT       6967    2772    2879    2874    2522    2349
CHEXA       1727       1    2344    2336    2343    2347    2337    2324+CONT
+CONT       2338    2345    6987    6982    2880    2778    2777    6983+CONT
+CONT       2877    2350    6985    6974    2878    2774
CHEXA       1728       1    2344    2336    2330    2340    2347    2343+CONT
+CONT       2341    2346    6987    6984    6986    2779    2778    6982+CONT
+CONT       6979    2775    2880    2876    2879    2351
$ Property data section
PSOLID         1
PSOLID         2
PSOLID         3
ENDDATA
