Data from Parasolid IGES Translator 26.1.183, Copyright(c) 2006 Siemens S      1
PLM Software. All Rights Reserved.                                      S      2
1H,,1H;,6HNoname,7HFan.igs,27HBy Siemens PLM Incorporated,27HXPlus GENERG      1
IC/IGES 26.1.183,32,38, 6,308,15,6HNoname,1.000,6,1HM,1,1.000,15H2026070G      2
8.163954,1.0e-08,0.00,6HNoname,6HNoname,11,0,15H20260708.163954;        G      3
     128       1       0       1       0       0       0       000010001D      1
     128       1       0     239       0       0       0               0D      2
     126     240       0       1       0       0       0       000010001D      3
     126       1       0      12       0       0       0               0D      4
     502     252       0       1       0       0       0       000010001D      5
     502       1       0       4       1       0       0               0D      6
     126     256       0       1       0       0       0       000010001D      7
     126       1       0      47       0       0       0               0D      8
     126     303       0       1       0       0       0       000010001D      9
     126       1       0      12       0       0       0               0D     10
     126     315       0       1       0       0       0       000010001D     11
     126       1       0      29       0       0       0               0D     12
     126     344       0       1       0       0       0       000010001D     13
     126       1       0     106       0       0       0               0D     14
     126     450       0       1       0       0       0       000010001D     15
     126       1       0     125       0       0       0               0D     16
     504     575       0       1       0       0       0       000010001D     17
     504       1       0       2       1       0       0               0D     18
     508     577       0       1       0       0       0       000010001D     19
     508       1       0       1       1       0       0               0D     20
     510     578       0       1       0       0       0       000010001D     21
     510       1       0       1       1       0       0               0D     22
     116     579       0       1       0       0       0       000010001D     23
     116       1       0       1       0       0       0               0D     24
     123     580       0       1       0       0       0       000010201D     25
     123       1       0       1       0       0       0               0D     26
     123     581       0       1       0       0       0       000010201D     27
     123       1       0       1       0       0       0               0D     28
     190     582       0       1       0       0       0       000010001D     29
     190       1       0       1       1       0       0               0D     30
     508     583       0       1       0       0       0       000010001D     31
     508       1       0       1       1       0       0               0D     32
     510     584       0       1       0       0       0       000010001D     33
     510       1       0       1       1       0       0               0D     34
     128     585       0       1       0       0       0       000010001D     35
     128       1       0     307       0       0       0               0D     36
     508     892       0       1       0       0       0       000010001D     37
     508       1       0       1       1       0       0               0D     38
     510     893       0       1       0       0       0       000010001D     39
     510       1       0       1       1       0       0               0D     40
     116     894       0       1       0       0       0       000010001D     41
     116       1       0       1       0       0       0               0D     42
     123     895       0       1       0       0       0       000010201D     43
     123       1       0       1       0       0       0               0D     44
     123     896       0       1       0       0       0       000010201D     45
     123       1       0       1       0       0       0               0D     46
     192     897       0       1       0       0       0       000010001D     47
     192       1       0       1       1       0       0               0D     48
     508     898       0       1       0       0       0       000010001D     49
     508       1       0       1       1       0       0               0D     50
     510     899       0       1       0       0       0       000010001D     51
     510       1       0       1       1       0       0               0D     52
     514     900       0       1       0       0       0       000010001D     53
     514       1       0       1       1       0       0               0D     54
     186     901       0       1       0       0       0       000000001D     55
     186       1       0       1       0       0       0               0D     56
     128     902       0       1       0       0       0       000010001D     57
     128       1       0     239       0       0       0               0D     58
     126    1141       0       1       0       0       0       000010001D     59
     126       1       0      12       0       0       0               0D     60
     502    1153       0       1       0       0       0       000010001D     61
     502       1       0       4       1       0       0               0D     62
     126    1157       0       1       0       0       0       000010001D     63
     126       1       0      47       0       0       0               0D     64
     126    1204       0       1       0       0       0       000010001D     65
     126       1       0      12       0       0       0               0D     66
     126    1216       0       1       0       0       0       000010001D     67
     126       1       0      29       0       0       0               0D     68
     126    1245       0       1       0       0       0       000010001D     69
     126       1       0     106       0       0       0               0D     70
     126    1351       0       1       0       0       0       000010001D     71
     126       1       0     125       0       0       0               0D     72
     504    1476       0       1       0       0       0       000010001D     73
     504       1       0       2       1       0       0               0D     74
     508    1478       0       1       0       0       0       000010001D     75
     508       1       0       1       1       0       0               0D     76
     510    1479       0       1       0       0       0       000010001D     77
     510       1       0       1       1       0       0               0D     78
     116    1480       0       1       0       0       0       000010001D     79
     116       1       0       1       0       0       0               0D     80
     123    1481       0       1       0       0       0       000010201D     81
     123       1       0       1       0       0       0               0D     82
     123    1482       0       1       0       0       0       000010201D     83
     123       1       0       1       0       0       0               0D     84
     190    1483       0       1       0       0       0       000010001D     85
     190       1       0       1       1       0       0               0D     86
     508    1484       0       1       0       0       0       000010001D     87
     508       1       0       1       1       0       0               0D     88
     510    1485       0       1       0       0       0       000010001D     89
     510       1       0       1       1       0       0               0D     90
     128    1486       0       1       0       0       0       000010001D     91
     128       1       0     307       0       0       0               0D     92
     508    1793       0       1       0       0       0       000010001D     93
     508       1       0       1       1       0       0               0D     94
     510    1794       0       1       0       0       0       000010001D     95
     510       1       0       1       1       0       0               0D     96
     116    1795       0       1       0       0       0       000010001D     97
     116       1       0       1       0       0       0               0D     98
     123    1796       0       1       0       0       0       000010201D     99
     123       1       0       1       0       0       0               0D    100
     123    1797       0       1       0       0       0       000010201D    101
     123       1       0       1       0       0       0               0D    102
     192    1798       0       1       0       0       0       000010001D    103
     192       1       0       1       1       0       0               0D    104
     508    1799       0       1       0       0       0       000010001D    105
     508       1       0       1       1       0       0               0D    106
     510    1800       0       1       0       0       0       000010001D    107
     510       1       0       1       1       0       0               0D    108
     514    1801       0       1       0       0       0       000010001D    109
     514       1       0       1       1       0       0               0D    110
     186    1802       0       1       0       0       0       000000001D    111
     186       1       0       1       0       0       0               0D    112
     116    1803       0       1       0       0       0       000010001D    113
     116       1       0       1       0       0       0               0D    114
     123    1804       0       1       0       0       0       000010201D    115
     123       1       0       1       0       0       0               0D    116
     123    1805       0       1       0       0       0       000010201D    117
     123       1       0       1       0       0       0               0D    118
     190    1806       0       1       0       0       0       000010001D    119
     190       1       0       1       1       0       0               0D    120
     110    1807       0       1       0       0       0       000010001D    121
     110       1       0       1       0       0       0               0D    122
     502    1808       0       1       0       0       0       000010001D    123
     502       1       0      14       1       0       0               0D    124
     124    1822       0       1       0       0       0       000010001D    125
     124       1       0       1       0       0       0               0D    126
     100    1823       0       1       0       0     125       000010001D    127
     100       1       0       1       0       0       0               0D    128
     110    1824       0       1       0       0       0       000010001D    129
     110       1       0       1       0       0       0               0D    130
     124    1825       0       1       0       0       0       000010001D    131
     124       1       0       1       0       0       0               0D    132
     100    1826       0       1       0       0     131       000010001D    133
     100       1       0       1       0       0       0               0D    134
     124    1827       0       1       0       0       0       000010001D    135
     124       1       0       1       0       0       0               0D    136
     100    1828       0       1       0       0     135       000010001D    137
     100       1       0       1       0       0       0               0D    138
     110    1829       0       1       0       0       0       000010001D    139
     110       1       0       1       0       0       0               0D    140
     124    1830       0       1       0       0       0       000010001D    141
     124       1       0       1       0       0       0               0D    142
     100    1831       0       1       0       0     141       000010001D    143
     100       1       0       1       0       0       0               0D    144
     124    1832       0       1       0       0       0       000010001D    145
     124       1       0       1       0       0       0               0D    146
     100    1833       0       1       0       0     145       000010001D    147
     100       1       0       1       0       0       0               0D    148
     124    1834       0       1       0       0       0       000010001D    149
     124       1       0       1       0       0       0               0D    150
     100    1835       0       1       0       0     149       000010001D    151
     100       1       0       1       0       0       0               0D    152
     124    1836       0       1       0       0       0       000010001D    153
     124       1       0       1       0       0       0               0D    154
     100    1837       0       1       0       0     153       000010001D    155
     100       1       0       1       0       0       0               0D    156
     124    1838       0       1       0       0       0       000010001D    157
     124       1       0       1       0       0       0               0D    158
     100    1839       0       1       0       0     157       000010001D    159
     100       1       0       1       0       0       0               0D    160
     124    1840       0       1       0       0       0       000010001D    161
     124       1       0       1       0       0       0               0D    162
     100    1841       0       1       0       0     161       000010001D    163
     100       1       0       1       0       0       0               0D    164
     124    1842       0       1       0       0       0       000010001D    165
     124       1       0       1       0       0       0               0D    166
     100    1843       0       1       0       0     165       000010001D    167
     100       1       0       1       0       0       0               0D    168
     124    1844       0       1       0       0       0       000010001D    169
     124       1       0       1       0       0       0               0D    170
     100    1845       0       1       0       0     169       000010001D    171
     100       1       0       1       0       0       0               0D    172
     124    1846       0       1       0       0       0       000010001D    173
     124       1       0       1       0       0       0               0D    174
     100    1847       0       1       0       0     173       000010001D    175
     100       1       0       1       0       0       0               0D    176
     124    1848       0       1       0       0       0       000010001D    177
     124       1       0       1       0       0       0               0D    178
     100    1849       0       1       0       0     177       000010001D    179
     100       1       0       1       0       0       0               0D    180
     124    1850       0       1       0       0       0       000010001D    181
     124       1       0       1       0       0       0               0D    182
     100    1851       0       1       0       0     181       000010001D    183
     100       1       0       1       0       0       0               0D    184
     124    1852       0       1       0       0       0       000010001D    185
     124       1       0       1       0       0       0               0D    186
     100    1853       0       1       0       0     185       000010001D    187
     100       1       0       1       0       0       0               0D    188
     124    1854       0       1       0       0       0       000010001D    189
     124       1       0       1       0       0       0               0D    190
     100    1855       0       1       0       0     189       000010001D    191
     100       1       0       1       0       0       0               0D    192
     110    1856       0       1       0       0       0       000010001D    193
     110       1       0       1       0       0       0               0D    194
     110    1857       0       1       0       0       0       000010001D    195
     110       1       0       1       0       0       0               0D    196
     110    1858       0       1       0       0       0       000010001D    197
     110       1       0       1       0       0       0               0D    198
     110    1859       0       1       0       0       0       000010001D    199
     110       1       0       1       0       0       0               0D    200
     110    1860       0       1       0       0       0       000010001D    201
     110       1       0       1       0       0       0               0D    202
     110    1861       0       1       0       0       0       000010001D    203
     110       1       0       1       0       0       0               0D    204
     126    1862       0       1       0       0       0       000010001D    205
     126       1       0      28       0       0       0               0D    206
     126    1890       0       1       0       0       0       000010001D    207
     126       1       0      91       0       0       0               0D    208
     126    1981       0       1       0       0       0       000010001D    209
     126       1       0      85       0       0       0               0D    210
     126    2066       0       1       0       0       0       000010001D    211
     126       1       0      17       0       0       0               0D    212
     126    2083       0       1       0       0       0       000010001D    213
     126       1       0     125       0       0       0               0D    214
     126    2208       0       1       0       0       0       000010001D    215
     126       1       0     106       0       0       0               0D    216
     126    2314       0       1       0       0       0       000010001D    217
     126       1       0     125       0       0       0               0D    218
     126    2439       0       1       0       0       0       000010001D    219
     126       1       0     106       0       0       0               0D    220
     126    2545       0       1       0       0       0       000010001D    221
     126       1       0       6       0       0       0               0D    222
     126    2551       0       1       0       0       0       000010001D    223
     126       1       0       6       0       0       0               0D    224
     126    2557       0       1       0       0       0       000010001D    225
     126       1       0      24       0       0       0               0D    226
     126    2581       0       1       0       0       0       000010001D    227
     126       1       0      24       0       0       0               0D    228
     126    2605       0       1       0       0       0       000010001D    229
     126       1       0       6       0       0       0               0D    230
     126    2611       0       1       0       0       0       000010001D    231
     126       1       0       6       0       0       0               0D    232
     126    2617       0       1       0       0       0       000010001D    233
     126       1       0      34       0       0       0               0D    234
     126    2651       0       1       0       0       0       000010001D    235
     126       1       0      34       0       0       0               0D    236
     126    2685       0       1       0       0       0       000010001D    237
     126       1       0       6       0       0       0               0D    238
     126    2691       0       1       0       0       0       000010001D    239
     126       1       0       7       0       0       0               0D    240
     126    2698       0       1       0       0       0       000010001D    241
     126       1       0      34       0       0       0               0D    242
     126    2732       0       1       0       0       0       000010001D    243
     126       1       0      34       0       0       0               0D    244
     504    2766       0       1       0       0       0       000010001D    245
     504       1       0      13       1       0       0               0D    246
     508    2779       0       1       0       0       0       000010001D    247
     508       1       0       1       1       0       0               0D    248
     510    2780       0       1       0       0       0       000010001D    249
     510       1       0       1       1       0       0               0D    250
     116    2781       0       1       0       0       0       000010001D    251
     116       1       0       1       0       0       0               0D    252
     123    2782       0       1       0       0       0       000010201D    253
     123       1       0       1       0       0       0               0D    254
     123    2783       0       1       0       0       0       000010201D    255
     123       1       0       1       0       0       0               0D    256
     190    2784       0       1       0       0       0       000010001D    257
     190       1       0       1       1       0       0               0D    258
     508    2785       0       1       0       0       0       000010001D    259
     508       1       0       1       1       0       0               0D    260
     510    2786       0       1       0       0       0       000010001D    261
     510       1       0       1       1       0       0               0D    262
     128    2787       0       1       0       0       0       000010001D    263
     128       1       0     221       0       0       0               0D    264
     508    3008       0       1       0       0       0       000010001D    265
     508       1       0       2       1       0       0               0D    266
     510    3010       0       1       0       0       0       000010001D    267
     510       1       0       1       1       0       0               0D    268
     116    3011       0       1       0       0       0       000010001D    269
     116       1       0       1       0       0       0               0D    270
     123    3012       0       1       0       0       0       000010201D    271
     123       1       0       1       0       0       0               0D    272
     123    3013       0       1       0       0       0       000010201D    273
     123       1       0       1       0       0       0               0D    274
     192    3014       0       1       0       0       0       000010001D    275
     192       1       0       1       1       0       0               0D    276
     508    3015       0       1       0       0       0       000010001D    277
     508       1       0       2       1       0       0               0D    278
     510    3017       0       1       0       0       0       000010001D    279
     510       1       0       1       1       0       0               0D    280
     128    3018       0       1       0       0       0       000010001D    281
     128       1       0     239       0       0       0               0D    282
     508    3257       0       1       0       0       0       000010001D    283
     508       1       0       1       1       0       0               0D    284
     510    3258       0       1       0       0       0       000010001D    285
     510       1       0       1       1       0       0               0D    286
     128    3259       0       1       0       0       0       000010001D    287
     128       1       0     239       0       0       0               0D    288
     508    3498       0       1       0       0       0       000010001D    289
     508       1       0       1       1       0       0               0D    290
     510    3499       0       1       0       0       0       000010001D    291
     510       1       0       1       1       0       0               0D    292
     128    3500       0       1       0       0       0       000010001D    293
     128       1       0     307       0       0       0               0D    294
     508    3807       0       1       0       0       0       000010001D    295
     508       1       0       1       1       0       0               0D    296
     510    3808       0       1       0       0       0       000010001D    297
     510       1       0       1       1       0       0               0D    298
     116    3809       0       1       0       0       0       000010001D    299
     116       1       0       1       0       0       0               0D    300
     123    3810       0       1       0       0       0       000010201D    301
     123       1       0       1       0       0       0               0D    302
     123    3811       0       1       0       0       0       000010201D    303
     123       1       0       1       0       0       0               0D    304
     190    3812       0       1       0       0       0       000010001D    305
     190       1       0       1       1       0       0               0D    306
     508    3813       0       1       0       0       0       000010001D    307
     508       1       0       1       1       0       0               0D    308
     510    3814       0       1       0       0       0       000010001D    309
     510       1       0       1       1       0       0               0D    310
     128    3815       0       1       0       0       0       000010001D    311
     128       1       0     307       0       0       0               0D    312
     508    4122       0       1       0       0       0       000010001D    313
     508       1       0       1       1       0       0               0D    314
     510    4123       0       1       0       0       0       000010001D    315
     510       1       0       1       1       0       0               0D    316
     116    4124       0       1       0       0       0       000010001D    317
     116       1       0       1       0       0       0               0D    318
     123    4125       0       1       0       0       0       000010201D    319
     123       1       0       1       0       0       0               0D    320
     123    4126       0       1       0       0       0       000010201D    321
     123       1       0       1       0       0       0               0D    322
     192    4127       0       1       0       0       0       000010001D    323
     192       1       0       1       1       0       0               0D    324
     508    4128       0       1       0       0       0       000010001D    325
     508       1       0       1       1       0       0               0D    326
     508    4129       0       1       0       0       0       000010001D    327
     508       1       0       1       1       0       0               0D    328
     510    4130       0       1       0       0       0       000010001D    329
     510       1       0       1       1       0       0               0D    330
     116    4131       0       1       0       0       0       000010001D    331
     116       1       0       1       0       0       0               0D    332
     123    4132       0       1       0       0       0       000010201D    333
     123       1       0       1       0       0       0               0D    334
     123    4133       0       1       0       0       0       000010201D    335
     123       1       0       1       0       0       0               0D    336
     192    4134       0       1       0       0       0       000010001D    337
     192       1       0       1       1       0       0               0D    338
     508    4135       0       1       0       0       0       000010001D    339
     508       1       0       1       1       0       0               0D    340
     508    4136       0       1       0       0       0       000010001D    341
     508       1       0       1       1       0       0               0D    342
     510    4137       0       1       0       0       0       000010001D    343
     510       1       0       1       1       0       0               0D    344
     116    4138       0       1       0       0       0       000010001D    345
     116       1       0       1       0       0       0               0D    346
     123    4139       0       1       0       0       0       000010201D    347
     123       1       0       1       0       0       0               0D    348
     123    4140       0       1       0       0       0       000010201D    349
     123       1       0       1       0       0       0               0D    350
     190    4141       0       1       0       0       0       000010001D    351
     190       1       0       1       1       0       0               0D    352
     508    4142       0       1       0       0       0       000010001D    353
     508       1       0       1       1       0       0               0D    354
     508    4143       0       1       0       0       0       000010001D    355
     508       1       0       1       1       0       0               0D    356
     510    4144       0       1       0       0       0       000010001D    357
     510       1       0       1       1       0       0               0D    358
     116    4145       0       1       0       0       0       000010001D    359
     116       1       0       1       0       0       0               0D    360
     123    4146       0       1       0       0       0       000010201D    361
     123       1       0       1       0       0       0               0D    362
     123    4147       0       1       0       0       0       000010201D    363
     123       1       0       1       0       0       0               0D    364
     190    4148       0       1       0       0       0       000010001D    365
     190       1       0       1       1       0       0               0D    366
     508    4149       0       1       0       0       0       000010001D    367
     508       1       0       1       1       0       0               0D    368
     508    4150       0       1       0       0       0       000010001D    369
     508       1       0       1       1       0       0               0D    370
     510    4151       0       1       0       0       0       000010001D    371
     510       1       0       1       1       0       0               0D    372
     116    4152       0       1       0       0       0       000010001D    373
     116       1       0       1       0       0       0               0D    374
     123    4153       0       1       0       0       0       000010201D    375
     123       1       0       1       0       0       0               0D    376
     123    4154       0       1       0       0       0       000010201D    377
     123       1       0       1       0       0       0               0D    378
     192    4155       0       1       0       0       0       000010001D    379
     192       1       0       1       1       0       0               0D    380
     508    4156       0       1       0       0       0       000010001D    381
     508       1       0       2       1       0       0               0D    382
     510    4158       0       1       0       0       0       000010001D    383
     510       1       0       1       1       0       0               0D    384
     116    4159       0       1       0       0       0       000010001D    385
     116       1       0       1       0       0       0               0D    386
     123    4160       0       1       0       0       0       000010201D    387
     123       1       0       1       0       0       0               0D    388
     123    4161       0       1       0       0       0       000010201D    389
     123       1       0       1       0       0       0               0D    390
     192    4162       0       1       0       0       0       000010001D    391
     192       1       0       1       1       0       0               0D    392
     508    4163       0       1       0       0       0       000010001D    393
     508       1       0       1       1       0       0               0D    394
     510    4164       0       1       0       0       0       000010001D    395
     510       1       0       1       1       0       0               0D    396
     116    4165       0       1       0       0       0       000010001D    397
     116       1       0       1       0       0       0               0D    398
     123    4166       0       1       0       0       0       000010201D    399
     123       1       0       1       0       0       0               0D    400
     123    4167       0       1       0       0       0       000010201D    401
     123       1       0       1       0       0       0               0D    402
     192    4168       0       1       0       0       0       000010001D    403
     192       1       0       1       1       0       0               0D    404
     508    4169       0       1       0       0       0       000010001D    405
     508       1       0       1       1       0       0               0D    406
     510    4170       0       1       0       0       0       000010001D    407
     510       1       0       1       1       0       0               0D    408
     116    4171       0       1       0       0       0       000010001D    409
     116       1       0       1       0       0       0               0D    410
     123    4172       0       1       0       0       0       000010201D    411
     123       1       0       1       0       0       0               0D    412
     123    4173       0       1       0       0       0       000010201D    413
     123       1       0       1       0       0       0               0D    414
     192    4174       0       1       0       0       0       000010001D    415
     192       1       0       1       1       0       0               0D    416
     508    4175       0       1       0       0       0       000010001D    417
     508       1       0       1       1       0       0               0D    418
     510    4176       0       1       0       0       0       000010001D    419
     510       1       0       1       1       0       0               0D    420
     116    4177       0       1       0       0       0       000010001D    421
     116       1       0       1       0       0       0               0D    422
     123    4178       0       1       0       0       0       000010201D    423
     123       1       0       1       0       0       0               0D    424
     123    4179       0       1       0       0       0       000010201D    425
     123       1       0       1       0       0       0               0D    426
     192    4180       0       1       0       0       0       000010001D    427
     192       1       0       1       1       0       0               0D    428
     508    4181       0       1       0       0       0       000010001D    429
     508       1       0       1       1       0       0               0D    430
     510    4182       0       1       0       0       0       000010001D    431
     510       1       0       1       1       0       0               0D    432
     128    4183       0       1       0       0       0       000010001D    433
     128       1       0     284       0       0       0               0D    434
     508    4467       0       1       0       0       0       000010001D    435
     508       1       0       2       1       0       0               0D    436
     510    4469       0       1       0       0       0       000010001D    437
     510       1       0       1       1       0       0               0D    438
     514    4470       0       1       0       0       0       000010001D    439
     514       1       0       2       1       0       0               0D    440
     186    4472       0       1       0       0       0       000000001D    441
     186       1       0       1       0       0       0               0D    442
     128    4473       0       1       0       0       0       000010001D    443
     128       1       0     307       0       0       0               0D    444
     126    4780       0       1       0       0       0       000010001D    445
     126       1       0      42       0       0       0               0D    446
     502    4822       0       1       0       0       0       000010001D    447
     502       1       0       4       1       0       0               0D    448
     126    4826       0       1       0       0       0       000010001D    449
     126       1       0      33       0       0       0               0D    450
     126    4859       0       1       0       0       0       000010001D    451
     126       1       0       6       0       0       0               0D    452
     126    4865       0       1       0       0       0       000010001D    453
     126       1       0       6       0       0       0               0D    454
     126    4871       0       1       0       0       0       000010001D    455
     126       1       0     125       0       0       0               0D    456
     126    4996       0       1       0       0       0       000010001D    457
     126       1       0     106       0       0       0               0D    458
     504    5102       0       1       0       0       0       000010001D    459
     504       1       0       2       1       0       0               0D    460
     508    5104       0       1       0       0       0       000010001D    461
     508       1       0       1       1       0       0               0D    462
     510    5105       0       1       0       0       0       000010001D    463
     510       1       0       1       1       0       0               0D    464
     116    5106       0       1       0       0       0       000010001D    465
     116       1       0       1       0       0       0               0D    466
     123    5107       0       1       0       0       0       000010201D    467
     123       1       0       1       0       0       0               0D    468
     123    5108       0       1       0       0       0       000010201D    469
     123       1       0       1       0       0       0               0D    470
     190    5109       0       1       0       0       0       000010001D    471
     190       1       0       1       1       0       0               0D    472
     508    5110       0       1       0       0       0       000010001D    473
     508       1       0       1       1       0       0               0D    474
     510    5111       0       1       0       0       0       000010001D    475
     510       1       0       1       1       0       0               0D    476
     128    5112       0       1       0       0       0       000010001D    477
     128       1       0     239       0       0       0               0D    478
     508    5351       0       1       0       0       0       000010001D    479
     508       1       0       1       1       0       0               0D    480
     510    5352       0       1       0       0       0       000010001D    481
     510       1       0       1       1       0       0               0D    482
     116    5353       0       1       0       0       0       000010001D    483
     116       1       0       1       0       0       0               0D    484
     123    5354       0       1       0       0       0       000010201D    485
     123       1       0       1       0       0       0               0D    486
     123    5355       0       1       0       0       0       000010201D    487
     123       1       0       1       0       0       0               0D    488
     192    5356       0       1       0       0       0       000010001D    489
     192       1       0       1       1       0       0               0D    490
     508    5357       0       1       0       0       0       000010001D    491
     508       1       0       1       1       0       0               0D    492
     510    5358       0       1       0       0       0       000010001D    493
     510       1       0       1       1       0       0               0D    494
     514    5359       0       1       0       0       0       000010001D    495
     514       1       0       1       1       0       0               0D    496
     186    5360       0       1       0       0       0       000000001D    497
     186       1       0       1       0       0       0               0D    498
     128    5361       0       1       0       0       0       000010001D    499
     128       1       0     307       0       0       0               0D    500
     126    5668       0       1       0       0       0       000010001D    501
     126       1       0     106       0       0       0               0D    502
     502    5774       0       1       0       0       0       000010001D    503
     502       1       0       4       1       0       0               0D    504
     126    5778       0       1       0       0       0       000010001D    505
     126       1       0     125       0       0       0               0D    506
     126    5903       0       1       0       0       0       000010001D    507
     126       1       0       6       0       0       0               0D    508
     126    5909       0       1       0       0       0       000010001D    509
     126       1       0       6       0       0       0               0D    510
     126    5915       0       1       0       0       0       000010001D    511
     126       1       0      33       0       0       0               0D    512
     126    5948       0       1       0       0       0       000010001D    513
     126       1       0      42       0       0       0               0D    514
     504    5990       0       1       0       0       0       000010001D    515
     504       1       0       2       1       0       0               0D    516
     508    5992       0       1       0       0       0       000010001D    517
     508       1       0       1       1       0       0               0D    518
     510    5993       0       1       0       0       0       000010001D    519
     510       1       0       1       1       0       0               0D    520
     128    5994       0       1       0       0       0       000010001D    521
     128       1       0     239       0       0       0               0D    522
     508    6233       0       1       0       0       0       000010001D    523
     508       1       0       1       1       0       0               0D    524
     510    6234       0       1       0       0       0       000010001D    525
     510       1       0       1       1       0       0               0D    526
     116    6235       0       1       0       0       0       000010001D    527
     116       1       0       1       0       0       0               0D    528
     123    6236       0       1       0       0       0       000010201D    529
     123       1       0       1       0       0       0               0D    530
     123    6237       0       1       0       0       0       000010201D    531
     123       1       0       1       0       0       0               0D    532
     190    6238       0       1       0       0       0       000010001D    533
     190       1       0       1       1       0       0               0D    534
     508    6239       0       1       0       0       0       000010001D    535
     508       1       0       1       1       0       0               0D    536
     510    6240       0       1       0       0       0       000010001D    537
     510       1       0       1       1       0       0               0D    538
     116    6241       0       1       0       0       0       000010001D    539
     116       1       0       1       0       0       0               0D    540
     123    6242       0       1       0       0       0       000010201D    541
     123       1       0       1       0       0       0               0D    542
     123    6243       0       1       0       0       0       000010201D    543
     123       1       0       1       0       0       0               0D    544
     192    6244       0       1       0       0       0       000010001D    545
     192       1       0       1       1       0       0               0D    546
     508    6245       0       1       0       0       0       000010001D    547
     508       1       0       1       1       0       0               0D    548
     510    6246       0       1       0       0       0       000010001D    549
     510       1       0       1       1       0       0               0D    550
     514    6247       0       1       0       0       0       000010001D    551
     514       1       0       1       1       0       0               0D    552
     186    6248       0       1       0       0       0       000000001D    553
     186       1       0       1       0       0       0               0D    554
     116    6249       0       1       0       0       0       000010001D    555
     116       1       0       1       0       0       0               0D    556
     123    6250       0       1       0       0       0       000010201D    557
     123       1       0       1       0       0       0               0D    558
     123    6251       0       1       0       0       0       000010201D    559
     123       1       0       1       0       0       0               0D    560
     192    6252       0       1       0       0       0       000010001D    561
     192       1       0       1       1       0       0               0D    562
     126    6253       0       1       0       0       0       000010001D    563
     126       1       0      30       0       0       0               0D    564
     502    6283       0       1       0       0       0       000010001D    565
     502       1       0       4       1       0       0               0D    566
     126    6287       0       1       0       0       0       000010001D    567
     126       1       0      23       0       0       0               0D    568
     126    6310       0       1       0       0       0       000010001D    569
     126       1       0       6       0       0       0               0D    570
     126    6316       0       1       0       0       0       000010001D    571
     126       1       0       6       0       0       0               0D    572
     110    6322       0       1       0       0       0       000010001D    573
     110       1       0       1       0       0       0               0D    574
     126    6323       0       1       0       0       0       000010001D    575
     126       1       0      28       0       0       0               0D    576
     126    6351       0       1       0       0       0       000010001D    577
     126       1       0      91       0       0       0               0D    578
     126    6442       0       1       0       0       0       000010001D    579
     126       1       0      85       0       0       0               0D    580
     126    6527       0       1       0       0       0       000010001D    581
     126       1       0      17       0       0       0               0D    582
     504    6544       0       1       0       0       0       000010001D    583
     504       1       0       3       1       0       0               0D    584
     508    6547       0       1       0       0       0       000010001D    585
     508       1       0       1       1       0       0               0D    586
     510    6548       0       1       0       0       0       000010001D    587
     510       1       0       1       1       0       0               0D    588
     116    6549       0       1       0       0       0       000010001D    589
     116       1       0       1       0       0       0               0D    590
     123    6550       0       1       0       0       0       000010201D    591
     123       1       0       1       0       0       0               0D    592
     123    6551       0       1       0       0       0       000010201D    593
     123       1       0       1       0       0       0               0D    594
     190    6552       0       1       0       0       0       000010001D    595
     190       1       0       1       1       0       0               0D    596
     508    6553       0       1       0       0       0       000010001D    597
     508       1       0       1       1       0       0               0D    598
     510    6554       0       1       0       0       0       000010001D    599
     510       1       0       1       1       0       0               0D    600
     128    6555       0       1       0       0       0       000010001D    601
     128       1       0     221       0       0       0               0D    602
     508    6776       0       1       0       0       0       000010001D    603
     508       1       0       2       1       0       0               0D    604
     510    6778       0       1       0       0       0       000010001D    605
     510       1       0       1       1       0       0               0D    606
     128    6779       0       1       0       0       0       000010001D    607
     128       1       0     284       0       0       0               0D    608
     508    7063       0       1       0       0       0       000010001D    609
     508       1       0       2       1       0       0               0D    610
     510    7065       0       1       0       0       0       000010001D    611
     510       1       0       1       1       0       0               0D    612
     116    7066       0       1       0       0       0       000010001D    613
     116       1       0       1       0       0       0               0D    614
     123    7067       0       1       0       0       0       000010201D    615
     123       1       0       1       0       0       0               0D    616
     123    7068       0       1       0       0       0       000010201D    617
     123       1       0       1       0       0       0               0D    618
     192    7069       0       1       0       0       0       000010001D    619
     192       1       0       1       1       0       0               0D    620
     508    7070       0       1       0       0       0       000010001D    621
     508       1       0       1       1       0       0               0D    622
     510    7071       0       1       0       0       0       000010001D    623
     510       1       0       1       1       0       0               0D    624
     514    7072       0       1       0       0       0       000010001D    625
     514       1       0       1       1       0       0               0D    626
     186    7073       0       1       0       0       0       000000001D    627
     186       1       0       1       0       0       0               0D    628
     128    7074       0       1       0       0       0       000010001D    629
     128       1       0     284       0       0       0               0D    630
     126    7358       0       1       0       0       0       000010001D    631
     126       1       0      12       0       0       0               0D    632
     502    7370       0       1       0       0       0       000010001D    633
     502       1       0       5       1       0       0               0D    634
     126    7375       0       1       0       0       0       000010001D    635
     126       1       0      35       0       0       0               0D    636
     126    7410       0       1       0       0       0       000010001D    637
     126       1       0      12       0       0       0               0D    638
     126    7422       0       1       0       0       0       000010001D    639
     126       1       0      21       0       0       0               0D    640
     126    7443       0       1       0       0       0       000010001D    641
     126       1       0      17       0       0       0               0D    642
     126    7460       0       1       0       0       0       000010001D    643
     126       1       0      85       0       0       0               0D    644
     126    7545       0       1       0       0       0       000010001D    645
     126       1       0      91       0       0       0               0D    646
     126    7636       0       1       0       0       0       000010001D    647
     126       1       0      28       0       0       0               0D    648
     110    7664       0       1       0       0       0       000010001D    649
     110       1       0       1       0       0       0               0D    650
     504    7665       0       1       0       0       0       000010001D    651
     504       1       0       3       1       0       0               0D    652
     508    7668       0       1       0       0       0       000010001D    653
     508       1       0       2       1       0       0               0D    654
     510    7670       0       1       0       0       0       000010001D    655
     510       1       0       1       1       0       0               0D    656
     128    7671       0       1       0       0       0       000010001D    657
     128       1       0     221       0       0       0               0D    658
     508    7892       0       1       0       0       0       000010001D    659
     508       1       0       2       1       0       0               0D    660
     510    7894       0       1       0       0       0       000010001D    661
     510       1       0       1       1       0       0               0D    662
     116    7895       0       1       0       0       0       000010001D    663
     116       1       0       1       0       0       0               0D    664
     123    7896       0       1       0       0       0       000010201D    665
     123       1       0       1       0       0       0               0D    666
     123    7897       0       1       0       0       0       000010201D    667
     123       1       0       1       0       0       0               0D    668
     190    7898       0       1       0       0       0       000010001D    669
     190       1       0       1       1       0       0               0D    670
     508    7899       0       1       0       0       0       000010001D    671
     508       1       0       1       1       0       0               0D    672
     510    7900       0       1       0       0       0       000010001D    673
     510       1       0       1       1       0       0               0D    674
     116    7901       0       1       0       0       0       000010001D    675
     116       1       0       1       0       0       0               0D    676
     123    7902       0       1       0       0       0       000010201D    677
     123       1       0       1       0       0       0               0D    678
     123    7903       0       1       0       0       0       000010201D    679
     123       1       0       1       0       0       0               0D    680
     192    7904       0       1       0       0       0       000010001D    681
     192       1       0       1       1       0       0               0D    682
     508    7905       0       1       0       0       0       000010001D    683
     508       1       0       1       1       0       0               0D    684
     510    7906       0       1       0       0       0       000010001D    685
     510       1       0       1       1       0       0               0D    686
     116    7907       0       1       0       0       0       000010001D    687
     116       1       0       1       0       0       0               0D    688
     123    7908       0       1       0       0       0       000010201D    689
     123       1       0       1       0       0       0               0D    690
     123    7909       0       1       0       0       0       000010201D    691
     123       1       0       1       0       0       0               0D    692
     192    7910       0       1       0       0       0       000010001D    693
     192       1       0       1       1       0       0               0D    694
     508    7911       0       1       0       0       0       000010001D    695
     508       1       0       1       1       0       0               0D    696
     510    7912       0       1       0       0       0       000010001D    697
     510       1       0       1       1       0       0               0D    698
     514    7913       0       1       0       0       0       000010001D    699
     514       1       0       1       1       0       0               0D    700
     186    7914       0       1       0       0       0       000000001D    701
     186       1       0       1       0       0       0               0D    702
128,27,7,3,3,0,0,1,0,0,0.,0.,0.,0.,0.015625,0.015625,0.03125,          1P      1
0.03125,0.0625,0.0625,0.09375,0.09375,0.125,0.125,0.1875,0.1875,       1P      2
0.25,0.25,0.375,0.375,0.5,0.5,0.625,0.625,0.75,0.75,0.875,0.875,       1P      3
1.,1.,1.,1.,0.,0.,0.,0.,0.12510912366808,0.2250919717594,              1P      4
0.40008465254659,0.89999363302674,1.,1.,1.,1.,1.,1.,1.,1.,1.,1.,       1P      5
1.,1.,1.,1.,1.,1.,1.,1.,1.,1.,1.,1.,1.,1.,1.,1.,1.,1.,1.,1.,1.,        1P      6
1.,1.,1.,1.,1.,1.,1.,1.,1.,1.,1.,1.,1.,1.,1.,1.,1.,1.,1.,1.,1.,        1P      7
1.,1.,1.,1.,1.,1.,1.,1.,1.,1.,1.,1.,1.,1.,1.,1.,1.,1.,1.,1.,1.,        1P      8
1.,1.,1.,1.,1.,1.,1.,1.,1.,1.,1.,1.,1.,1.,1.,1.,1.,1.,1.,1.,1.,        1P      9
1.,1.,1.,1.,1.,1.,1.,1.,1.,1.,1.,1.,1.,1.,1.,1.,1.,1.,1.,1.,1.,        1P     10
1.,1.,1.,1.,1.,1.,1.,1.,1.,1.,1.,1.,1.,1.,1.,1.,1.,1.,1.,1.,1.,        1P     11
1.,1.,1.,1.,1.,1.,1.,1.,1.,1.,1.,1.,1.,1.,1.,1.,1.,1.,1.,1.,1.,        1P     12
1.,1.,1.,1.,1.,1.,1.,1.,1.,1.,1.,1.,1.,1.,1.,1.,1.,1.,1.,1.,1.,        1P     13
1.,1.,1.,1.,1.,1.,1.,1.,1.,1.,1.,1.,1.,1.,1.,1.,1.,1.,1.,1.,1.,        1P     14
1.,1.,1.,1.,1.,1.,1.,1.,1.,1.,1.,1.,1.,1.,1.,1.,1.,1.,1.,1.,1.,        1P     15
1.,1.,1.,1.,1.,1.,1.,1.,-0.05669872981078,-0.19820508075689,           1P     16
0.0866,-0.05792674581261,-0.19749608538766,0.08742040747307,           1P     17
-0.05917225141987,-0.19677699239003,0.08820399600876,                  1P     18
-0.06169501467195,-0.19532047434734,0.08969718665213,                  1P     19
-0.06297227231676,-0.19458304930229,0.09040678875982,                  1P     20
-0.06684683254758,-0.19234607091003,0.09242409261105,                  1P     21
-0.06948692242997,-0.19082181430575,0.09362029188276,                  1P     22
-0.07485538426544,-0.18772233141991,0.09571256207549,                  1P     23
-0.07758375621851,-0.18614710513835,0.09660863299652,                  1P     24
-0.08310296480895,-0.18296058857294,0.09809785806209,                  1P     25
-0.08589383208483,-0.18134928059994,0.09869136391913,                  1P     26
-0.09432119314707,-0.1764837414221,0.10001089334989,                   1P     27
-0.10001199521053,-0.17319815531886,0.10026724563513,                  1P     28
-0.11132068931441,-0.1666690777338,0.09940156581236,                   1P     29
-0.11693871103092,-0.16342551138346,0.09830148358196,                  1P     30
-0.13336274265596,-0.15394309230356,0.09321143981863,                  1P     31
-0.14372889191042,-0.14795819324104,0.08732579768811,                  1P     32
-0.16169986986064,-0.13758264428388,0.07136842774268,                  1P     33
-0.16933191373738,-0.13317628169718,0.06135064166262,                  1P     34
-0.1806136491626,-0.1266627687125,0.03864455623932,                    1P     35
-0.18441915656878,-0.12446565798714,0.02604907101799,                  1P     36
-0.18732371671579,-0.12278870940439,0.00007985575197,                  1P     37
-0.18655010298321,-0.12323535550114,-0.01322793670942,                 1P     38
-0.18073956560159,-0.12659007082256,-0.038528994764,                   1P     39
-0.17560295445657,-0.12955569464986,-0.05048783135004,                 1P     40
-0.16180875615085,-0.13751977875492,-0.07125971195429,                 1P     41
-0.15312086403318,-0.14253573560758,-0.08006101312031,                 1P     42
-0.14330127018922,-0.14820508075689,-0.0866,-0.1005318514053,          1P     43
-0.26909299433716,0.08511967130315,-0.10160722646795,                  1P     44
-0.26847212625526,0.08561975231077,-0.1027507361039,                   1P     45
-0.26781192065913,0.08590219044591,-0.1048836494551,                   1P     46
-0.26658048256165,0.08637058647229,-0.10590222551811,                  1P     47
-0.26599240739748,0.08653430602971,-0.10898382699568,                  1P     48
-0.26421324395487,0.08691820448364,-0.11107452023345,                  1P     49
-0.26300618165126,0.08703523800434,-0.11520472483164,                  1P     50
-0.26062160691468,0.08703637385732,-0.11726507607575,                  1P     51
-0.25943206256927,0.08692210409102,-0.12140245242487,                  1P     52
-0.25704334722037,0.08649238700375,-0.12347443272638,                  1P     53
-0.25584708883553,0.0861753775486,-0.1296819703536,                    1P     54
-0.25226316531545,0.08492886409822,-0.13381224703036,                  1P     55
-0.2498785489643,0.08369795619318,-0.14196441875394,                   1P     56
-0.24517189042521,0.08039523495929,-0.14598531921339,                  1P     57
-0.24285042246256,0.07833597539678,-0.15771626482913,                  1P     58
-0.23607755785347,0.071076109344,-0.16508823119655,                    1P     59
-0.23182135108678,0.06473247136576,-0.17809618674378,                  1P     60
-0.22431120444998,0.04956275469778,-0.1837472102576,                   1P     61
-0.22104858450308,0.04076739566092,-0.19268718544291,                  1P     62
-0.21588708742329,0.02160583454166,-0.19606564149947,                  1P     63
-0.21393653490959,0.01129263872227,-0.20005234778153,                  1P     64
-0.21163480896446,-0.00982046583334,-0.20073679122058,                 1P     65
-0.21123964536068,-0.02058125370681,-0.19960097459549,                 1P     66
-0.21189540939493,-0.04138737710164,-0.19771151807765,                 1P     67
-0.21298628762412,-0.0514179907315,-0.19187402657935,                  1P     68
-0.21635656491206,-0.06970916498456,-0.18792898283174,                 1P     69
-0.21863423698162,-0.07795544549155,-0.1831509243285,                  1P     70
-0.22139285034476,-0.08498276637683,-0.17939487497068,                 1P     71
-0.39663205602884,0.08245631554254,-0.18019562377934,                  1P     72
-0.39616974348861,0.08238007634584,-0.18115562582111,                  1P     73
-0.39561548605136,0.08176086215938,-0.18258713482782,                  1P     74
-0.39478900394099,0.08038548345357,-0.18314030001112,                  1P     75
-0.39446963387351,0.07956707016579,-0.18479523775659,                  1P     76
-0.39351415512067,0.07701220259866,-0.18589747571314,                  1P     77
-0.39287777773974,0.07518763873918,-0.18779985107785,                  1P     78
-0.39177944081083,0.07142647862246,-0.18865832276157,                  1P     79
-0.39128380195314,0.0694944391301,-0.1903095547375,                    1P     80
-0.39033046272734,0.06561222825013,-0.191088138668,                    1P     81
-0.38988094708548,0.06365705140214,-0.19330184739374,                  1P     82
-0.38860286175677,0.05779380309819,-0.19462448122261,                  1P     83
-0.38783923875963,0.05388706853134,-0.19709754797245,                  1P     84
-0.38641141300589,0.04619970738946,-0.19824496357042,                  1P     85
-0.38574895230153,0.04241472942512,-0.20153227252323,                  1P     86
-0.38385102359271,0.031250994788,-0.20351720947113,                    1P     87
-0.38270501971152,0.0240833466545,-0.20759586821072,                   1P     88
-0.38035020499028,0.01033074829162,-0.20968270898142,                  1P     89
-0.37914536690956,0.00373473735518,-0.21440947081878,                  1P     90
-0.37641636969037,-0.00904963926185,-0.21701959098177,                 1P     91
-0.37490941611165,-0.01525661959073,-0.22295325684701,                 1P     92
-0.37148361252707,-0.02763277912715,-0.22626098589529,                 1P     93
-0.36957389427064,-0.0338110851802,-0.23353576381087,                  1P     94
-0.36537379928279,-0.04653007890911,-0.2374884746443,                  1P     95
-0.36309170061908,-0.05309150104863,-0.24596641252065,                 1P     96
-0.35819696090399,-0.06691947495646,-0.25055453613981,                 1P     97
-0.35554800649743,-0.07416718165169,-0.25484703218341,                 1P     98
-0.35306973275113,-0.08207309604775,-0.28745519798555,                 1P     99
-0.64238289423728,0.10537969977691,-0.28865001792939,                  1P    100
-0.64169306462107,0.10569945137947,-0.29007498869264,                  1P    101
-0.64087035736732,0.10546662326266,-0.29244277632283,                  1P    102
-0.63950331454165,0.10476699621976,-0.29347722656519,                  1P    103
-0.63890607441576,0.10424715853911,-0.29660194746851,                  1P    104
-0.63710201596108,0.10255086374829,-0.2987175744366,                   1P    105
-0.63588055816155,0.1012503260245,-0.30267994459579,                   1P    106
-0.63359288268351,0.0984011329535,-0.30458687507587,                   1P    107
-0.63249191585752,0.09686558295022,-0.30835988372721,                  1P    108
-0.63031356829701,0.09367633866649,-0.3102117560397,                   1P    109
-0.62924438931889,0.09201551223236,-0.31566686415772,                  1P    110
-0.62609488117849,0.08687997419282,-0.31917968248629,                  1P    111
-0.62406675457088,0.08324994897223,-0.32602079105933,                  1P    112
-0.62011703869467,0.07567703703219,-0.32934596878996,                  1P    113
-0.61819724643679,0.07173583900297,-0.33904885589258,                  1P    114
-0.61259528195618,0.05953459860963,-0.34515110557956,                  1P    115
-0.60907214645674,0.05088528020784,-0.35666207361218,                  1P    116
-0.60242628596447,0.03286058108427,-0.36207187896749,                  1P    117
-0.59930293338632,0.02348983124985,-0.37227611699153,                  1P    118
-0.59341151381626,0.00432693755502,-0.37708668111844,                  1P    119
-0.59063413332264,-0.00545619429094,-0.38603834166162,                 1P    120
-0.58546588969834,-0.02525397458725,-0.39020106329068,                 1P    121
-0.58306254124525,-0.0352567043058,-0.39793204764681,                  1P    122
-0.57859905534613,-0.05527130263045,-0.40145669830051,                 1P    123
-0.57656409734242,-0.06529928801193,-0.40804265285504,                 1P    124
-0.57276169470749,-0.08515737337575,-0.41115792266289,                 1P    125
-0.57096309284531,-0.09495618312985,-0.41364433921498,                 1P    126
-0.56952755957966,-0.10483036189092,-0.42900297792715,                 1P    127
-1.15707355312554,0.18985382430593,-0.43136436727408,                  1P    128
-1.15571020435043,0.19100490309375,-0.43451394359822,                  1P    129
-1.15389179561185,0.19098408667718,-0.43975353735794,                  1P    130
-1.15086671474424,0.1901193352409,-0.44208585353557,                   1P    131
-1.14952015137125,0.18920315325248,-0.44917686958316,                  1P    132
-1.14542615134734,0.18617312921258,-0.45403350152502,                  1P    133
-1.14262217358836,0.18381048773123,-0.46317585876725,                  1P    134
-1.13734383117352,0.17842196626461,-0.46759940781279,                  1P    135
-1.13478989394131,0.17546306033686,-0.47636994753356,                  1P    136
-1.12972622047258,0.16932971563485,-0.48068620917193,                  1P    137
-1.12723422565378,0.16612971832564,-0.49342759863958,                  1P    138
-1.11987798101478,0.15624496585291,-0.50167020956997,                  1P    139
-1.1151191073753,0.14927877283098,-0.51782122831616,                   1P    140
-1.10579431235449,0.13492203922667,-0.52572230084407,                  1P    141
-1.10123262600362,0.12752686230036,-0.54900409082417,                  1P    142
-1.08779087829139,0.10485701176562,-0.56396062000502,                  1P    143
-1.07915572214268,0.0891019903541,-0.59322977072283,                   1P    144
-1.06225717009681,0.05689563532211,-0.60753665311246,                  1P    145
-1.05399708769789,0.04043779095477,-0.6359976922734,                   1P    146
-1.0375650990769,0.00719446636836,-0.65014171400509,                   1P    147
-1.02939904432269,-0.00959712576756,-0.67836453718077,                 1P    148
-1.01310458976492,-0.04363533398868,-0.69245278130708,                 1P    149
-1.00497073822618,-0.0608679917848,-0.72059097029107,                  1P    150
-0.98872514724177,-0.09588657023649,-0.73457632637917,                 1P    151
-0.98065069813959,-0.11374215168673,-0.76257297381798,                 1P    152
-0.96448682620439,-0.15004309134877,-0.7767090324802,                  1P    153
-0.95632536893049,-0.16838377844739,-0.78982021488154,                 1P    154
-0.94875562424167,-0.18791876501529,-0.73254801505382,                 1P    155
-1.5786572541993,0.0734730099795,-0.73375389998921,                    1P    156
-1.57796103620724,0.0746834682722,-0.73558724731366,                   1P    157
-1.57690255263595,0.07539809179958,-0.73879033865645,                  1P    158
-1.57505324698695,0.07614049101115,-0.74030748026569,                  1P    159
-1.57417732487045,0.07617817588039,-0.74495986556739,                  1P    160
-1.57149126896415,0.07614707533307,-0.74819313316737,                  1P    161
-1.56962454104494,0.07595329660299,-0.75445217925738,                  1P    162
-1.5660108791,0.0750584908737,-0.75754490973002,                       1P    163
-1.56422529032909,0.07442380599984,-0.76372913824279,                  1P    164
-1.56065482433251,0.07300102505654,-0.76680736611331,                  1P    165
-1.55887760864284,0.07219218950449,-0.77598001888044,                  1P    166
-1.55358177509855,0.06953677830608,-0.78202597008638,                  1P    167
-1.5500911435423,0.06746783529989,-0.79401249590074,                   1P    168
-1.54317071963673,0.0629403693991,-0.79994935942012,                   1P    169
-1.53974306988567,0.06047899223853,-0.81760023780257,                  1P    170
-1.52955233050013,0.05262249415323,-0.82915335483141,                  1P    171
-1.52288213527355,0.04675031381122,-0.85190773880646,                  1P    172
-1.50974488556031,0.03418310949044,-0.86310758844369,                  1P    173
-1.50327864935737,0.02748690206008,-0.88528044835931,                  1P    174
-1.49047714271639,0.01364526699073,-0.89625641474345,                  1P    175
-1.48414016556988,0.00650274562907,-0.91798064410066,                  1P    176
-1.47159767590256,-0.00818902375808,-0.92873846306094,                 1P    177
-1.46538664622995,-0.01572213282309,-0.95005185982365,                 1P    178
-1.45308135087166,-0.03111428950621,-0.96057574161055,                 1P    179
-1.44700538488907,-0.0390258802276,-0.98147927975022,                  1P    180
-1.43493672151711,-0.05506110063676,-0.99191072758443,                 1P    181
-1.428914122302,-0.06309984505292,-1.00185406500259,                   1P    182
-1.42317333376698,-0.07191369628394,-1.01063971248076,                 1P    183
-1.87987068857653,0.01469456507772,-1.01100668407896,                  1P    184
-1.87965881742552,0.01526796935447,-1.01164713430875,                  1P    185
-1.87928905331295,0.01571468913264,-1.01280254003635,                  1P    186
-1.8786219795051,0.01630331698192,-1.01337254756595,                   1P    187
-1.87829288550444,0.01646327967922,-1.01513116901504,                  1P    188
-1.87727754493741,0.01689853645405,-1.01636587587616,                  1P    189
-1.87656468659877,0.01713616480539,-1.01879347508587,                  1P    190
-1.87516311154156,0.01739967641225,-1.02000687224248,                  1P    191
-1.87446255636656,0.01745716042765,-1.02244417264194,                  1P    192
-1.87305538032483,0.01751430481873,-1.0236645643192,                   1P    193
-1.87235078686145,0.01750482930775,-1.02731868398051,                  1P    194
-1.87024107989134,0.01738431344048,-1.02975000783401,                  1P    195
-1.86883735441004,0.01718498410339,-1.03460070014373,                  1P    196
-1.86603680589926,0.01663043837625,-1.03701888040701,                  1P    197
-1.86464066887331,0.01627375443651,-1.04424721787572,                  1P    198
-1.86046738628996,0.01501191157905,-1.04903103622409,                  1P    199
-1.85770544747877,0.01391320758707,-1.05852725624584,                  1P    200
-1.85222280229293,0.01137692082187,-1.06323919465642,                  1P    201
-1.84950236338317,0.00993867165365,-1.07261386305344,                  1P    202
-1.84408989606059,0.0068755419821,-1.07727734192731,                   1P    203
-1.8413974352774,0.0052518527646,-1.08655329931324,                    1P    204
-1.83604195878364,0.00183185571976,-1.09116808592832,                  1P    205
-1.83337761048918,0.00004243480525,-1.10035066626637,                  1P    206
-1.82807604525915,-0.00367881541331,-1.10491042838957,                 1P    207
-1.82544346536988,-0.00563359419953,-1.11399640223239,                 1P    208
-1.82019767592588,-0.00963948973697,-1.11853607470625,                 1P    209
-1.81757669480106,-0.01165345966421,-1.12294974871088,                 1P    210
-1.81502845892637,-0.01401032527425,-1.05699782027572,                 1P    211
-1.93008320836532,0.004896151425,-1.05722494435141,                    1P    212
-1.92995207821908,0.00536335828911,-1.05766653768394,                  1P    213
-1.92969712418967,0.00576541829858,-1.05848059258605,                  1P    214
-1.92922712937281,0.00632841233911,-1.05889271210905,                  1P    215
-1.92898919205526,0.00650875884788,-1.06016894081554,                  1P    216
-1.92825236106802,0.00702175776033,-1.06107048600724,                  1P    217
-1.92773185370891,0.00733130201627,-1.06285937996567,                  1P    218
-1.92669903530046,0.00778790604706,-1.06375949075935,                  1P    219
-1.92617935609142,0.00796077516844,-1.0655721752534,                   1P    220
-1.92513280221083,0.00826462429331,-1.06648286415524,                  1P    221
-1.9246070157282,0.00838840273882,-1.06921703994567,                   1P    222
-1.92302843859959,0.00869045594533,-1.07104580253613,                  1P    223
-1.9219726020257,0.00880279269827,-1.07470694570837,                   1P    224
-1.91985884002967,0.00891053593329,-1.076538558666,                    1P    225
-1.91880135779553,0.00890470603238,-1.08202945025032,                  1P    226
-1.91563119006123,0.00874219746195,-1.08568482110879,                  1P    227
-1.91352076071211,0.00843923578533,-1.09297089462348,                  1P    228
-1.90931414420706,0.00757511097831,-1.09660129305717,                  1P    229
-1.90721813269411,0.00701336764666,-1.10384249271891,                  1P    230
-1.90303742412014,0.00574702342295,-1.10745367488935,                  1P    231
-1.90095250712195,0.00504332792626,-1.11465449540767,                  1P    232
-1.89679511145731,0.00350234432238,-1.1182452336305,                   1P    233
-1.89472199777777,0.0026704008043,-1.1254055971938,                    1P    234
-1.890587959947,0.00089470000326,-1.12897113581148,                    1P    235
-1.88852939526628,-0.00006707348161,-1.13608711225914,                 1P    236
-1.88442098434868,-0.00206767096714,-1.13964462108056,                 1P    237
-1.88236705567298,-0.00307730618111,-1.14313649578314,                 1P    238
-1.88035102087347,-0.00435778713738,0.,1.,0.,1.;                       1P    239
126,7,3,0,0,1,0,0.02261127718143,0.02261127718143,                     3P    240
0.02261127718143,0.02261127718143,0.12510912366808,                    3P    241
0.2250919717594,0.40008465254659,0.89999363302674,1.,1.,1.,1.,         3P    242
1.,1.,1.,1.,1.,1.,1.,1.,-0.1649398259704,-0.18786924657552,            3P    243
-0.08575179719581,-0.19773322863933,-0.24774780556308,                 3P    244
-0.08455675319851,-0.26382165768354,-0.3653031135853,                  3P    245
-0.08335925097171,-0.41364433921498,-0.56952755957966,                 3P    246
-0.10483036189092,-0.78982021488154,-0.94875562424167,                 3P    247
-0.18791876501529,-1.00185406500259,-1.42317333376698,                 3P    248
-0.07191369628394,-1.12294974871088,-1.81502845892637,                 3P    249
-0.01401032527425,-1.14313649578314,-1.88035102087347,                 3P    250
-0.00435778713738,0.02261127718143,1.;                                 3P    251
502,4,-1.05699782027572,-1.93008320836532,0.004896151425,              5P    252
-1.14313649578314,-1.88035102087347,-0.00435778713738,                 5P    253
-0.08045647685827,-0.23669971552909,0.08582500538286,                  5P    254
-0.1649398259704,-0.18786924657552,-0.08575179719581;                  5P    255
126,38,2,0,0,1,0,0.,0.,0.,0.07142857142857,0.07142857142857,           7P    256
0.10714285714286,0.10714285714286,0.14285714285714,                    7P    257
0.14285714285714,0.19642857142857,0.19642857142857,0.25,0.25,          7P    258
0.375,0.375,0.5,0.5,0.625,0.625,0.75,0.75,0.875,0.875,0.90625,         7P    259
0.90625,0.9375,0.9375,0.953125,0.953125,0.959375,0.959375,             7P    260
0.96875,0.96875,0.9765625,0.9765625,0.984375,0.984375,0.9921875,       7P    261
0.9921875,1.,1.,1.,1.,1.,1.,1.,1.,1.,1.,1.,1.,1.,1.,1.,1.,1.,1.,       7P    262
1.,1.,1.,1.,1.,1.,1.,1.,1.,1.,1.,1.,1.,1.,1.,1.,1.,1.,1.,1.,1.,        7P    263
1.,1.,1.,-1.14313649578314,-1.88035102087347,-0.00435778713738,        7P    264
-1.1405756159123,-1.88182954555626,-0.00435882964992,                  7P    265
-1.13686126691314,-1.8839740259508,-0.00419023228771,                  7P    266
-1.13613928128635,-1.88439086454677,-0.00415746076509,                 7P    267
-1.13372532488425,-1.88578456292534,-0.0040384270646,                  7P    268
-1.13221152454256,-1.88665855596011,-0.00396378062263,                 7P    269
-1.13058929050232,-1.88759515321993,-0.00389061328992,                 7P    270
-1.12823717355706,-1.88895314857144,-0.00378452617868,                 7P    271
-1.12588488808963,-1.89031124121927,-0.003683543934,                   7P    272
-1.12467620577113,-1.89100907428122,-0.00363165590625,                 7P    273
-1.12118063763613,-1.89302724148494,-0.00347046992185,                 7P    274
-1.11569246400757,-1.89619584000674,-0.00321740185545,                 7P    275
-1.11020428974936,-1.89936443889209,-0.00296435199831,                 7P    276
-1.10352133763676,-1.90322284309327,-0.00265621308037,                 7P    277
-1.09922914490836,-1.90570094172043,-0.00242533658032,                 7P    278
-1.093842709821,-1.90881080146809,-0.00213560092317,                   7P    279
-1.08825885713188,-1.91203464032127,-0.00176828604941,                 7P    280
-1.08133553414599,-1.91603182271086,-0.00131285865007,                 7P    281
-1.07729582616303,-1.91836414920227,-0.00096680888409,                 7P    282
-1.07059176272739,-1.9222347420315,-0.00039252490298,                  7P    283
-1.06636866053116,-1.92467295122131,0.00030886035541,                  7P    284
-1.06494817436009,-1.92549306929455,0.00054477888493,                  7P    285
-1.06365706875699,-1.92623848946206,0.00081859655659,                  7P    286
-1.06205467014137,-1.92716363473414,0.00115843324922,                  7P    287
-1.06097386372837,-1.92778763860762,0.00150093444858,                  7P    288
-1.06034772419608,-1.92814914043514,0.00169935438595,                  7P    289
-1.05965226752532,-1.92855066253121,0.00196429804438,                  7P    290
-1.05935143263978,-1.92872434963336,0.00207890517738,                  7P    291
-1.059139351426,-1.92884679477923,0.00216557981688,                    7P    292
-1.05870041692352,-1.92910021373239,0.00234496623725,                  7P    293
-1.0583890857186,-1.92927996088736,0.00252065178167,                   7P    294
-1.05805962219753,-1.92947017673994,0.00270656947045,                  7P    295
-1.05777324518245,-1.92963551658669,0.0029395581099,                   7P    296
-1.05742879577628,-1.92983438454405,0.00321979288529,                  7P    297
-1.05720370376786,-1.92996434147571,0.00351589578278,                  7P    298
-1.05693735432449,-1.93011811839854,0.00386627180226,                  7P    299
-1.05687901439678,-1.9301518009715,0.00419389646724,                   7P    300
-1.05681934099871,-1.93018625342394,0.00452900961906,                  7P    301
-1.05699782027572,-1.93008320836532,0.004896151425,0.,1.;              7P    302
126,7,3,0,0,1,0,0.02263468020191,0.02263468020191,                     9P    303
0.02263468020191,0.02263468020191,0.12510912366808,                    9P    304
0.2250919717594,0.40008465254659,0.89999363302674,1.,1.,1.,1.,         9P    305
1.,1.,1.,1.,1.,1.,1.,1.,-0.08045647685827,-0.23669971552909,           9P    306
0.08582500538286,-0.1162096932367,-0.29485143540621,                   9P    307
0.08474137338278,-0.18550835830074,-0.41053534273777,                  9P    308
0.08375319975939,-0.28745519798555,-0.64238289423728,                  9P    309
0.10537969977691,-0.42900297792715,-1.15707355312554,                  9P    310
0.18985382430593,-0.73254801505382,-1.5786572541993,                   9P    311
0.0734730099795,-1.01063971248076,-1.87987068857653,                   9P    312
0.01469456507772,-1.05699782027572,-1.93008320836532,                  9P    313
0.004896151425,0.02263468020191,1.;                                    9P    314
126,24,2,0,0,1,0,0.,0.,0.,0.0125,0.0125,0.021875,0.021875,            11P    315
0.03125,0.03125,0.0625,0.0625,0.125,0.125,0.25,0.25,0.375,0.375,      11P    316
0.5,0.5,0.75,0.75,0.875,0.875,0.9375,0.9375,1.,1.,1.,1.,1.,1.,        11P    317
1.,1.,1.,1.,1.,1.,1.,1.,1.,1.,1.,1.,1.,1.,1.,1.,1.,1.,1.,1.,1.,       11P    318
1.,-1.05699782027572,-1.93008320836532,0.004896151425,                11P    319
-1.05723731915386,-1.92994493362355,0.00538881394646,                 11P    320
-1.0578298941292,-1.92960281030202,0.00586514461619,                  11P    321
-1.05816022464139,-1.92941209389189,0.00613067482021,                 11P    322
-1.05856496694112,-1.92917841581619,0.00634203493062,                 11P    323
-1.0588556960529,-1.92901056328524,0.00649385631723,                  11P    324
-1.05931812167788,-1.92874358172618,0.00667975848536,                 11P    325
-1.0607093933221,-1.92794033066788,0.00723907094806,                  11P    326
-1.06196493298645,-1.92721544450468,0.00755960403167,                 11P    327
-1.06424103816951,-1.92590133456454,0.00814068245846,                 11P    328
-1.06739425608538,-1.924080823352,0.00848908714099,                   11P    329
-1.07229257368153,-1.92125277836929,0.00903031100579,                 11P    330
-1.07836885586077,-1.91774463521743,0.0088505365089,                  11P    331
-1.0834954048875,-1.91478482075683,0.00869886106907,                  11P    332
-1.08932785786613,-1.91141745245958,0.00800717338182,                 11P    333
-1.09426951993301,-1.90856438253503,0.00742112719873,                 11P    334
-1.10022189288804,-1.90512777840712,0.00638019553481,                 11P    335
-1.11061370552214,-1.89912806258546,0.00456290906804,                 11P    336
-1.12182541541215,-1.89265497886238,0.00178255040378,                 11P    337
-1.1266309683202,-1.88988049159732,0.00059083559886,                  11P    338
-1.13252912403531,-1.88647518980748,-0.00106737222437,                11P    339
-1.13594342458695,-1.88450394246489,-0.00202726886988,                11P    340
-1.1378574495604,-1.88339887963124,-0.00260808487382,                 11P    341
-1.14080035697605,-1.88169979124261,-0.0035011180102,                 11P    342
-1.14313649578314,-1.88035102087347,-0.00435778713738,0.,1.;          11P    343
126,75,3,0,0,1,0,0.,0.,0.,0.,0.00439927821327,0.00439927821327,       13P    344
0.00879855642655,0.00879855642655,0.01319783463982,                   13P    345
0.01319783463982,0.0175971128531,0.0175971128531,                     13P    346
0.02639566927965,0.02639566927965,0.0351942257062,                    13P    347
0.0351942257062,0.04399278213275,0.04399278213275,                    13P    348
0.0527913385593,0.0527913385593,0.06158989498585,                     13P    349
0.06158989498585,0.07038845141239,0.07038845141239,                   13P    350
0.07478772962567,0.07478772962567,0.07918700783894,                   13P    351
0.07918700783894,0.08798556426549,0.08798556426549,                   13P    352
0.10558267711859,0.10558267711859,0.11438123354514,                   13P    353
0.11438123354514,0.12317978997169,0.12317978997169,                   13P    354
0.13197834639824,0.13197834639824,0.14077690282479,                   13P    355
0.14077690282479,0.14517618103807,0.14517618103807,                   13P    356
0.14957545925134,0.14957545925134,0.15837401567789,                   13P    357
0.15837401567789,0.16717257210444,0.16717257210444,                   13P    358
0.17157185031771,0.17157185031771,0.17377148942435,                   13P    359
0.17377148942435,0.17597112853099,0.17597112853099,                   13P    360
0.19356824138409,0.19356824138409,0.20236679781064,                   13P    361
0.20236679781064,0.20676607602391,0.20676607602391,                   13P    362
0.21116535423719,0.21116535423719,0.22876246709028,                   13P    363
0.22876246709028,0.23316174530356,0.23316174530356,                   13P    364
0.23756102351683,0.23756102351683,0.24635957994338,                   13P    365
0.24635957994338,0.25515813636993,0.25515813636993,                   13P    366
0.26395669279648,0.26395669279648,0.27275524922303,                   13P    367
0.27275524922303,0.28155380564958,0.28155380564958,                   13P    368
0.28155380564958,0.28155380564958,1.,1.,1.,1.,1.,1.,1.,1.,1.,1.,      13P    369
1.,1.,1.,1.,1.,1.,1.,1.,1.,1.,1.,1.,1.,1.,1.,1.,1.,1.,1.,1.,1.,       13P    370
1.,1.,1.,1.,1.,1.,1.,1.,1.,1.,1.,1.,1.,1.,1.,1.,1.,1.,1.,1.,1.,       13P    371
1.,1.,1.,1.,1.,1.,1.,1.,1.,1.,1.,1.,1.,1.,1.,1.,1.,1.,1.,1.,1.,       13P    372
1.,1.,1.,-0.08045647685827,-0.23669971552909,0.08582500538286,        13P    373
-0.08172854935875,-0.23626732602889,0.08646260869623,                 13P    374
-0.08303408569274,-0.23581195142445,0.08696233307748,                 13P    375
-0.0856536139394,-0.23487314499652,0.08789965058739,                  13P    376
-0.08697248191977,-0.23438813520776,0.08831932584437,                 13P    377
-0.08962557667175,-0.23338651748486,0.08906957500313,                 13P    378
-0.09095943880773,-0.23287004948392,0.0894015157182,                  13P    379
-0.09363974453993,-0.23180525813138,0.08998508353221,                 13P    380
-0.09498966017088,-0.23125545028316,0.09023727688172,                 13P    381
-0.09901929914643,-0.22957276340353,0.09087342142031,                 13P    382
-0.10168478656344,-0.22840462371123,0.09113766261532,                 13P    383
-0.10697372890022,-0.22597585994151,0.09138301888968,                 13P    384
-0.10959718381419,-0.22471523686776,0.09136420292956,                 13P    385
-0.11480189861717,-0.22210133825447,0.09105521612807,                 13P    386
-0.11738431232203,-0.22074743275157,0.09076334115648,                 13P    387
-0.12250210612723,-0.21794893860746,0.08990030861909,                 13P    388
-0.12499935807565,-0.21652531664486,0.08933338531635,                 13P    389
-0.12988190767956,-0.21363225956068,0.08795640529312,                 13P    390
-0.13226767964273,-0.21216252803264,0.08714826129188,                 13P    391
-0.13693750474239,-0.2091788640714,0.08531570438317,                  13P    392
-0.13922194399066,-0.20766463224746,0.08429295308263,                 13P    393
-0.142574787145,-0.20536374403558,0.0825973207799,                    13P    394
-0.1436810156763,-0.20459115537945,0.08200455375777,                  13P    395
-0.14585346932958,-0.20304812387658,0.08077502537142,                 13P    396
-0.14692170565831,-0.20227632739152,0.08013731297025,                 13P    397
-0.15007466387934,-0.1999609865141,0.0781572967038,                   13P    398
-0.15210776798806,-0.19841742448554,0.07674835257128,                 13P    399
-0.15801285907389,-0.19379609401234,0.07226123090574,                 13P    400
-0.1616907815633,-0.19072757584553,0.06892307322194,                  13P    401
-0.16684165897156,-0.18619637507007,0.06337068620223,                 13P    402
-0.16847918673261,-0.1847140950294,0.06144994813213,                  13P    403
-0.17160078685224,-0.18181777475347,0.05747204662909,                 13P    404
-0.17308538379413,-0.18040323496988,0.05541429074898,                 13P    405
-0.17590555895352,-0.17765447250213,0.05115524911759,                 13P    406
-0.1772411401465,-0.17632021504778,0.04895398666856,                  13P    407
-0.17976164226038,-0.17374979702658,0.04439594050567,                 13P    408
-0.18094495573997,-0.17251532877364,0.04203709963007,                 13P    409
-0.18260758469696,-0.17074871574495,0.03837551374746,                 13P    410
-0.18314357446068,-0.17017347590785,0.03713482790132,                 13P    411
-0.18417765018433,-0.16905376050646,0.03461162800641,                 13P    412
-0.18467208077063,-0.16851325074636,0.03333803067035,                 13P    413
-0.18608767087718,-0.16695314049323,0.02948024915881,                 13P    414
-0.18694130798063,-0.165994811216,0.02685916889451,                   13P    415
-0.18846478446719,-0.1642630664388,0.0215110444319,                   13P    416
-0.18913465248754,-0.16348962544929,0.01878401573027,                 13P    417
-0.18999435250334,-0.1624879676072,0.01460599790972,                  13P    418
-0.19025668555279,-0.1621805404668,0.01319872003692,                  13P    419
-0.19061241712797,-0.1617619855298,0.01106462916385,                  13P    420
-0.19072469583509,-0.16162956796033,0.0103494012162,                  13P    421
-0.19093637074633,-0.16137945707757,0.00891098020792,                 13P    422
-0.19103566052068,-0.16126188932394,0.00818752483712,                 13P    423
-0.19186709431395,-0.16027580169561,0.00168394466937,                 13P    424
-0.19218954183289,-0.15988492282409,-0.00411938820849,                13P    425
-0.19210086932332,-0.15999143145595,-0.01285580967616,                13P    426
-0.1919751149098,-0.1601426720558,-0.015773212476,                    13P    427
-0.19164149286184,-0.1605414845239,-0.02015718151431,                 13P    428
-0.19150576069227,-0.16070346649874,-0.02162135387482,                13P    429
-0.19118910729781,-0.16108006013689,-0.02452076240083,                13P    430
-0.19100795498432,-0.16129494810485,-0.02595989722808,                13P    431
-0.18999066007315,-0.16249657075756,-0.03310455268337,                13P    432
-0.1888084121757,-0.16388015617309,-0.03865125678554,                 13P    433
-0.18689814734949,-0.16604040215654,-0.04540103861008,                13P    434
-0.18649352878275,-0.16649495050136,-0.04674395517892,                13P    435
-0.18564365258408,-0.16744204691634,-0.04940094499553,                13P    436
-0.1851994214191,-0.1679334602227,-0.05071211354137,                  13P    437
-0.18380963160276,-0.16945769488402,-0.05459571319678,                13P    438
-0.18280719978562,-0.17054030770343,-0.05711843713042,                13P    439
-0.18064914301751,-0.17282463936626,-0.06203714624541,                13P    440
-0.17949298355127,-0.17402695386964,-0.0644326034194,                 13P    441
-0.17701931690006,-0.17654255368471,-0.06909692910134,                13P    442
-0.17570172501886,-0.17785594886169,-0.07136658617752,                13P    443
-0.17289405379153,-0.18058649142067,-0.07577410533895,                13P    444
-0.17141623805593,-0.1819916969733,-0.07789278119858,                 13P    445
-0.1683017306603,-0.184875720129,-0.08195602802016,                   13P    446
-0.16666509907812,-0.18635454285831,-0.08390064144016,                13P    447
-0.1649398259704,-0.18786924657552,-0.08575179719581,0.,              13P    448
0.28155380564958;                                                     13P    449
126,89,3,0,0,1,0,0.,0.,0.,0.,0.00868018229303,0.00868018229303,       15P    450
0.01736036458606,0.01736036458606,0.02170045573258,                   15P    451
0.02170045573258,0.02387050130584,0.02387050130584,                   15P    452
0.02604054687909,0.02604054687909,0.03472072917213,                   15P    453
0.03472072917213,0.04340091146516,0.04340091146516,                   15P    454
0.04774100261167,0.04774100261167,0.05208109375819,                   15P    455
0.05208109375819,0.06076127605122,0.06076127605122,                   15P    456
0.06944145834425,0.06944145834425,0.07812164063728,                   15P    457
0.07812164063728,0.08680182293031,0.08680182293031,                   15P    458
0.09114191407683,0.09114191407683,0.09548200522334,                   15P    459
0.09548200522334,0.10416218751638,0.10416218751638,                   15P    460
0.11284236980941,0.11284236980941,0.12152255210244,                   15P    461
0.12152255210244,0.12586264324895,0.12586264324895,                   15P    462
0.13020273439547,0.13020273439547,0.1388829166885,                    15P    463
0.1388829166885,0.14756309898153,0.14756309898153,                    15P    464
0.15624328127456,0.15624328127456,0.16058337242108,                   15P    465
0.16058337242108,0.1649234635676,0.1649234635676,                     15P    466
0.17360364586063,0.17360364586063,0.19096401044669,                   15P    467
0.19096401044669,0.19530410159321,0.19530410159321,                   15P    468
0.19964419273972,0.19964419273972,0.20832437503275,                   15P    469
0.20832437503275,0.21700455732578,0.21700455732578,                   15P    470
0.2213446484723,0.2213446484723,0.22568473961882,                     15P    471
0.22568473961882,0.23436492191185,0.23436492191185,                   15P    472
0.24304510420488,0.24304510420488,0.24738519535139,                   15P    473
0.24738519535139,0.25172528649791,0.25172528649791,                   15P    474
0.26040546879094,0.26040546879094,0.26474555993746,                   15P    475
0.26474555993746,0.26908565108397,0.26908565108397,                   15P    476
0.27125569665723,0.27125569665723,0.27342574223049,                   15P    477
0.27342574223049,0.27559578780375,0.27559578780375,                   15P    478
0.277765833377,0.277765833377,0.277765833377,0.277765833377,1.,       15P    479
1.,1.,1.,1.,1.,1.,1.,1.,1.,1.,1.,1.,1.,1.,1.,1.,1.,1.,1.,1.,1.,       15P    480
1.,1.,1.,1.,1.,1.,1.,1.,1.,1.,1.,1.,1.,1.,1.,1.,1.,1.,1.,1.,1.,       15P    481
1.,1.,1.,1.,1.,1.,1.,1.,1.,1.,1.,1.,1.,1.,1.,1.,1.,1.,1.,1.,1.,       15P    482
1.,1.,1.,1.,1.,1.,1.,1.,1.,1.,1.,1.,1.,1.,1.,1.,1.,1.,1.,1.,1.,       15P    483
1.,1.,1.,1.,1.,-0.1649398259704,-0.18786924657552,                    15P    484
-0.08575179719581,-0.16285523506491,-0.18969941339334,                15P    485
-0.08671188136343,-0.16071904436347,-0.19151342354114,                15P    486
-0.08749574375502,-0.15634428399965,-0.19510117241625,                15P    487
-0.08874347134716,-0.15410570573149,-0.19687493302148,                15P    488
-0.0892072184881,-0.15067069167823,-0.19950042510483,                 15P    489
-0.08967903891222,-0.1495128200219,-0.20036973922228,                 15P    490
-0.08979894085235,-0.14775658780308,-0.20166437389265,                15P    491
-0.08992419828711,-0.14716793905841,-0.20209436304888,                15P    492
-0.08995684775831,-0.1459841382024,-0.20295114007104,                 15P    493
-0.09000414047265,-0.14538827269543,-0.2033784286857,                 15P    494
-0.09001877678182,-0.14240664875256,-0.20549673443498,                15P    495
-0.09004737448386,-0.14000705617286,-0.20713856110351,                15P    496
-0.08992986510287,-0.13517915054218,-0.21032107962094,                15P    497
-0.08943570815336,-0.13275093956288,-0.21186168790124,                15P    498
-0.08905794613767,-0.12908819981851,-0.21409877009552,                15P    499
-0.08829824030123,-0.12786388858192,-0.21483215102167,                15P    500
-0.0880127485087,-0.12540870449518,-0.21627455687789,                 15P    501
-0.08737681650782,-0.12417489429196,-0.21698522234487,                15P    502
-0.08702654883365,-0.12048899573519,-0.21906703599724,                15P    503
-0.08589393169118,-0.11805148991579,-0.22038897898125,                15P    504
-0.08503069296736,-0.1132094981532,-0.22291492963828,                 15P    505
-0.08311561474499,-0.1108046917291,-0.22411902941365,                 15P    506
-0.08206453958922,-0.10603018242509,-0.22641691515741,                15P    507
-0.07977714565641,-0.10366002366586,-0.2275109256317,                 15P    508
-0.07854200884686,-0.09895495592057,-0.22959646880333,                15P    509
-0.07589412282814,-0.09662003940961,-0.23058798303285,                15P    510
-0.07448137066846,-0.09314709217653,-0.23200254675914,                15P    511
-0.07222697641319,-0.09199393620421,-0.23246206409591,                15P    512
-0.07145248416344,-0.08971532143067,-0.23335093023742,                15P    513
-0.06986947591385,-0.0885876918512,-0.2337811780973,                  15P    514
-0.06905959043603,-0.08524065481672,-0.23503128363423,                15P    515
-0.06657459197965,-0.08305765234681,-0.23581033768264,                15P    516
-0.0648434557138,-0.07878880534403,-0.23727075909986,                 15P    517
-0.06123586474799,-0.07670311568191,-0.23795203083268,                15P    518
-0.05935920090104,-0.07263755768255,-0.23922441795649,                15P    519
-0.05545367733397,-0.07065765407712,-0.23981552038638,                15P    520
-0.05342485223607,-0.06777764569755,-0.24063912341547,                15P    521
-0.0502574462436,-0.06683266474564,-0.24090313807644,                 15P    522
-0.04918089232909,-0.06497514915317,-0.24141076406118,                15P    523
-0.04698382959155,-0.06406440248465,-0.24165386551077,                15P    524
-0.04586524598774,-0.06140666780389,-0.24234804450887,                15P    525
-0.04246859756913,-0.0597302284141,-0.24276521270275,                 15P    526
-0.04013983925422,-0.05656453939884,-0.24352228146026,                15P    527
-0.03535782733375,-0.05507439540904,-0.24386231185069,                15P    528
-0.03290513449179,-0.05230081318566,-0.244472168377,                  15P    529
-0.0278644251795,-0.05101730698559,-0.24474200408411,                 15P    530
-0.025276451282,-0.0492693451092,-0.24509770536727,                   15P    531
-0.02128000798753,-0.04871484016082,-0.24520836470902,                15P    532
-0.0199245343036,-0.04768052735451,-0.24541158303219,                 15P    533
-0.01720201562022,-0.04719983579354,-0.24550433644673,                15P    534
-0.01583353285793,-0.04586969020286,-0.2457575764306,                 15P    535
-0.01170598867556,-0.0451339853318,-0.24589280985898,                 15P    536
-0.00892447821097,-0.0433861433026,-0.24620935168761,                 15P    537
-0.0004897593582,-0.04280737862795,-0.24630779344556,                 15P    538
0.00524850580375,-0.0428417071641,-0.2463018233303,                   15P    539
0.01256950419439,-0.04288670967036,-0.24629400522975,                 15P    540
0.01403158425133,-0.04305011429573,-0.24626549603545,                 15P    541
0.01693893055953,-0.04316852203257,-0.24624480327767,                 15P    542
0.01838627263165,-0.04363038508885,-0.24616353759225,                 15P    543
0.02270989043883,-0.04408023655992,-0.246083902102,                   15P    544
0.02556780231363,-0.04525126169268,-0.24587126193223,                 15P    545
0.03123665038008,-0.04597911452516,-0.2457370384021,                  15P    546
0.03404643307481,-0.04727290058491,-0.24549025566013,                 15P    547
0.03822595740073,-0.04773825311163,-0.24540030993306,                 15P    548
0.03961379656868,-0.04872519042001,-0.24520625755459,                 15P    549
0.04235239932596,-0.04924774393729,-0.24510196847523,                 15P    550
0.04370650344653,-0.05089835941278,-0.24476645591763,                 15P    551
0.04772525998396,-0.05210769830537,-0.24451296819168,                 15P    552
0.05034722920844,-0.05473179871007,-0.24393899656789,                 15P    553
0.05548211788518,-0.05614673664772,-0.24361849898612,                 15P    554
0.05799494846751,-0.05842152763441,-0.24307927180237,                 15P    555
0.06168234180789,-0.05920538187149,-0.24288972450382,                 15P    556
0.06289772879289,-0.06082455524694,-0.24248931727213,                 15P    557
0.06530068811979,-0.06165718238929,-0.24227911243655,                 15P    558
0.0664842807262,-0.06421672602561,-0.24161812421973,                  15P    559
0.06997289169767,-0.06600769131648,-0.24113643127294,                 15P    560
0.07221979935187,-0.06881957742544,-0.24034311767342,                 15P    561
0.07547102644607,-0.06977775570435,-0.24006689252854,                 15P    562
0.07653493426297,-0.07174154480624,-0.23948736674042,                 15P    563
0.07861763003734,-0.07274954478443,-0.23918332046925,                 15P    564
0.07963771075618,-0.0742911840248,-0.23870716210548,                  15P    565
0.0811217343436,-0.07480992582068,-0.23854512430812,                  15P    566
0.08160907439625,-0.07585677048227,-0.23821429785903,                 15P    567
0.08256948919091,-0.07638565842112,-0.23804528656453,                 15P    568
0.08304150422832,-0.07747428784425,-0.23769320981265,                 15P    569
0.08394177744844,-0.07803383444532,-0.23751021300224,                 15P    570
0.08437030401039,-0.07920508814422,-0.23712219341654,                 15P    571
0.08515407227539,-0.0798193817329,-0.23691627020089,                  15P    572
0.08550575628174,-0.08045647685827,-0.23669971552909,                 15P    573
0.08582500538286,0.,0.277765833377;                                   15P    574
504,6,3,5,4,5,2,7,5,2,5,1,9,5,3,5,1,11,5,1,5,2,13,5,3,5,4,15,5,       17P    575
4,5,3;                                                                17P    576
508,4,0,17,3,0,0,0,17,5,1,0,0,17,1,1,0,0,17,4,0,0;                    19P    577
510,1,1,1,19;                                                         21P    578
116,-1.05699782027572,-1.93008320836532,0.004896151425;               23P    579
123,0.5,0.86602540378444,0.;                                          25P    580
123,0.,0.,1.;                                                         27P    581
190,23,25,27;                                                         29P    582
508,2,0,17,2,1,0,0,17,4,1,0;                                          31P    583
510,29,1,1,31;                                                        33P    584
128,35,7,3,3,0,0,1,0,0,0.,0.,0.,0.,0.125,0.125,0.1875,0.1875,         35P    585
0.25,0.25,0.375,0.375,0.5,0.5,0.625,0.625,0.75,0.75,0.8125,           35P    586
0.8125,0.875,0.875,0.90625,0.90625,0.9375,0.9375,0.953125,            35P    587
0.953125,0.96875,0.96875,0.9765625,0.9765625,0.984375,0.984375,       35P    588
0.9921875,0.9921875,1.,1.,1.,1.,0.,0.,0.,0.,0.12510912366808,         35P    589
0.2250919717594,0.40008465254659,0.89999363302674,1.,1.,1.,1.,        35P    590
1.,1.,1.,1.,1.,1.,1.,1.,1.,1.,1.,1.,1.,1.,1.,1.,1.,1.,1.,1.,1.,       35P    591
1.,1.,1.,1.,1.,1.,1.,1.,1.,1.,1.,1.,1.,1.,1.,1.,1.,1.,1.,1.,1.,       35P    592
1.,1.,1.,1.,1.,1.,1.,1.,1.,1.,1.,1.,1.,1.,1.,1.,1.,1.,1.,1.,1.,       35P    593
1.,1.,1.,1.,1.,1.,1.,1.,1.,1.,1.,1.,1.,1.,1.,1.,1.,1.,1.,1.,1.,       35P    594
1.,1.,1.,1.,1.,1.,1.,1.,1.,1.,1.,1.,1.,1.,1.,1.,1.,1.,1.,1.,1.,       35P    595
1.,1.,1.,1.,1.,1.,1.,1.,1.,1.,1.,1.,1.,1.,1.,1.,1.,1.,1.,1.,1.,       35P    596
1.,1.,1.,1.,1.,1.,1.,1.,1.,1.,1.,1.,1.,1.,1.,1.,1.,1.,1.,1.,1.,       35P    597
1.,1.,1.,1.,1.,1.,1.,1.,1.,1.,1.,1.,1.,1.,1.,1.,1.,1.,1.,1.,1.,       35P    598
1.,1.,1.,1.,1.,1.,1.,1.,1.,1.,1.,1.,1.,1.,1.,1.,1.,1.,1.,1.,1.,       35P    599
1.,1.,1.,1.,1.,1.,1.,1.,1.,1.,1.,1.,1.,1.,1.,1.,1.,1.,1.,1.,1.,       35P    600
1.,1.,1.,1.,1.,1.,1.,1.,1.,1.,1.,1.,1.,1.,1.,1.,1.,1.,1.,1.,1.,       35P    601
1.,1.,1.,1.,1.,1.,1.,1.,1.,1.,1.,1.,1.,1.,1.,1.,1.,1.,1.,1.,1.,       35P    602
1.,1.,1.,1.,1.,1.,1.,1.,1.,1.,1.,1.,1.,1.,1.,1.,1.,1.,1.,1.,1.,       35P    603
1.,1.,1.,1.,1.,1.,1.,1.,1.,1.,1.,1.,1.,1.,1.,-0.14330127018922,       35P    604
-0.14820508075689,-0.0866,-0.13347296409932,-0.15387945592357,        35P    605
-0.09314478847008,-0.12253338226647,-0.16019542643959,                35P    606
-0.09737264272902,-0.10567894560982,-0.16992633998034,                35P    607
-0.10001012892857,-0.09998800731554,-0.17321200473649,                35P    608
-0.10026723171886,-0.08867927701093,-0.17974110322205,                35P    609
-0.09940175132818,-0.08306129077618,-0.18298464908699,                35P    610
-0.09830147362635,-0.06663726837847,-0.19246706283948,                35P    611
-0.09321137903041,-0.05627110846862,-0.19845196805389,                35P    612
-0.08732579559544,-0.03830013054371,-0.20882751699644,                35P    613
-0.07136842553244,-0.03066808631309,-0.21323387978745,                35P    614
-0.06135064140544,-0.01938635087121,-0.21974739278175,                35P    615
-0.03864455625497,-0.01558084368683,-0.22194450337906,                35P    616
-0.02604907134901,-0.01267628351034,-0.22362145197883,                35P    617
-0.00007985607705,-0.01344990381322,-0.22317480208871,                35P    618
0.01322792716413,-0.01780780116115,-0.22065876888178,                 35P    619
0.03220372869343,-0.01981890376774,-0.2194976582505,                  35P    620
0.03835613388856,-0.02484120121687,-0.2165980334663,                  35P    621
0.05009365883887,-0.02784568087626,-0.21486339632617,                 35P    622
0.0556806810347,-0.03301841773309,-0.21187691530943,                  35P    623
0.06347025918798,-0.03485444318484,-0.21081688552063,                 35P    624
0.06596774344394,-0.03873037591728,-0.2085791147142,                  35P    625
0.0707428729174,-0.04077009280006,-0.20740148362285,                  35P    626
0.07302067415275,-0.04396659162221,-0.20555598416742,                 35P    627
0.07625718762736,-0.04505491181259,-0.20492764221254,                 35P    628
0.07730599405583,-0.04727457631321,-0.20364611831559,                 35P    629
0.07934095359891,-0.04840592062344,-0.20299293637353,                 35P    630
0.08032710671353,-0.05013324239408,-0.20199566668428,                 35P    631
0.08175740350927,-0.05071406720184,-0.20166032732517,                 35P    632
0.08222601362849,-0.05188549145502,-0.20098400521726,                 35P    633
0.08314659909307,-0.05247609090044,-0.20064302246846,                 35P    634
0.08359857443842,-0.05366673729817,-0.19995560245022,                 35P    635
0.08448556654015,-0.05426678425048,-0.19960916518078,                 35P    636
0.08492058329652,-0.05547599853123,-0.19891102499028,                 35P    637
0.08577333440513,-0.05608516585966,-0.19855932206923,                 35P    638
0.08619106875738,-0.05669872981078,-0.19820508075689,0.0866,          35P    639
-0.1831509243285,-0.22139285034476,-0.08498276637683,                 35P    640
-0.17590385158791,-0.22557694974237,-0.08585432997218,                35P    641
-0.16815815397525,-0.2300489303441,-0.08530824036098,                 35P    642
-0.15623916331948,-0.23693036280768,-0.08241173913382,                35P    643
-0.15222021881211,-0.23925070150087,-0.08109493073945,                35P    644
-0.14422588007071,-0.24386623512521,-0.07767365715672,                35P    645
-0.14025118944179,-0.24616102382976,-0.07558131732232,                35P    646
-0.12857448223955,-0.25290257387622,-0.06828287277544,                35P    647
-0.12112194236631,-0.25720529977819,-0.06199719385679,                35P    648
-0.10779237438816,-0.26490112943855,-0.04703881846126,                35P    649
-0.10190098606706,-0.26830252407164,-0.03839603428504,                35P    650
-0.09241668513746,-0.27377828776642,-0.01956843662887,                35P    651
-0.0887344692703,-0.27590421608854,-0.00943691199672,                 35P    652
-0.08407751573352,-0.2785929094666,0.01128659195347,                  35P    653
-0.08302216097363,-0.27920221882132,0.02183594201632,                 35P    654
-0.08332096957604,-0.27902970159428,0.03713682853039,                 35P    655
-0.08374953139557,-0.27878227131241,0.04214588208171,                 35P    656
-0.08521588609393,-0.27793567103258,0.05186471919238,                 35P    657
-0.08624806138214,-0.27733974435208,0.05657310949785,                 35P    658
-0.08823930166577,-0.27619010123831,0.0633383901689,                  35P    659
-0.08897763989319,-0.27576382146395,0.06554422313189,                 35P    660
-0.09060223111662,-0.27482586328378,0.06984112217211,                 35P    661
-0.09148628974758,-0.27431545179522,0.07193003566695,                 35P    662
-0.09295587694586,-0.27346698523069,0.07500810457038,                 35P    663
-0.09346905458961,-0.27317070197993,0.07602287053084,                 35P    664
-0.09453867330064,-0.27255315732919,0.07800555750632,                 35P    665
-0.09508852294445,-0.27223570148932,0.07896550281654,                 35P    666
-0.09599965336268,-0.27170966009709,0.08042032433763,                 35P    667
-0.09631819301465,-0.27152575114328,0.08090836997084,                 35P    668
-0.09699706327111,-0.27113380521797,0.08190225474794,                 35P    669
-0.09735755292103,-0.27092567642155,0.0824063425855,                  35P    670
-0.09814040434532,-0.270473696941,0.08335636304002,                   35P    671
-0.09856276611969,-0.27022984625687,0.08380229565699,                 35P    672
-0.09948912487398,-0.26969501278071,0.08456355955173,                 35P    673
-0.09999713477711,-0.26940171312639,0.08487059133402,                 35P    674
-0.1005318514053,-0.26909299433716,0.08511967130315,                  35P    675
-0.25484703218341,-0.35306973275113,-0.08207309604775,                35P    676
-0.2522440244569,-0.35457257996273,-0.07273759131868,                 35P    677
-0.2502446519372,-0.35572691822519,-0.0636023884015,                  35P    678
-0.2472053435882,-0.35748166371864,-0.05074933001009,                 35P    679
-0.24619459198658,-0.35806522142792,-0.04660079550702,                35P    680
-0.24416339094669,-0.35923793589507,-0.03858122795386,                35P    681
-0.24314526045708,-0.35982575380732,-0.03470400453158,                35P    682
-0.24000975717811,-0.36163603746948,-0.0234323737756,                 35P    683
-0.23779930085376,-0.36291224502338,-0.0164268570172,                 35P    684
-0.23282039576915,-0.36578681721424,-0.00326583798454,                35P    685
-0.23006073485003,-0.36738010818877,0.00290309423736,                 35P    686
-0.22381031540421,-0.37098878953836,0.0147526524673,                  35P    687
-0.22034992097483,-0.37298664919367,0.02045110571259,                 35P    688
-0.21254012242402,-0.37749563848929,0.0317367088121,                  35P    689
-0.20819413952202,-0.38000479288766,0.03732318210885,                 35P    690
-0.20118997722599,-0.38404864787472,0.04601228970087,                 35P    691
-0.19877128685715,-0.38544507941025,0.04896426485236,                 35P    692
-0.19383991338217,-0.38829220921351,0.05505114920954,                 35P    693
-0.19132358743559,-0.38974501067613,0.05817873566272,                 35P    694
-0.18759079004866,-0.39190014225231,0.06310113602908,                 35P    695
-0.18635420770712,-0.39261408340007,0.06478224015795,                 35P    696
-0.18392826380962,-0.39401470276233,0.06821872368237,                 35P    697
-0.18273310242083,-0.39470472951187,0.06996779694248,                 35P    698
-0.18109569045651,-0.39565008975025,0.07276079789966,                 35P    699
-0.18057409169012,-0.39595123493843,0.07371431943733,                 35P    700
-0.17957458812772,-0.39652829858924,0.07560295943235,                 35P    701
-0.17907823284901,-0.39681486944302,0.07651575257496,                 35P    702
-0.17852090025302,-0.39713664556734,0.07801469812653,                 35P    703
-0.17836754560065,-0.39722518491717,0.07853771145864,                 35P    704
-0.17816022988548,-0.39734487870113,0.07966347380232,                 35P    705
-0.17810671401708,-0.39737577610216,0.08026132061827,                 35P    706
-0.17815587494819,-0.39734739302535,0.08132473948685,                 35P    707
-0.1782585517477,-0.39728811254751,0.08179031153948,                  35P    708
-0.1786760067042,-0.397047094816,0.08238697482989,                    35P    709
-0.17900201769586,-0.39685887228221,0.08249483440939,                 35P    710
-0.17939487497068,-0.39663205602884,0.08245631554254,                 35P    711
-0.41364433921498,-0.56952755957966,-0.10483036189092,                35P    712
-0.40710136396976,-0.57330514809879,-0.09776145869731,                35P    713
-0.40082065377214,-0.57693131782209,-0.09014553578701,                35P    714
-0.39123318716677,-0.58246664424755,-0.07850309821927,                35P    715
-0.38801874682114,-0.58432250224639,-0.07457706569575,                35P    716
-0.38160151527018,-0.58802749260979,-0.06659529834135,                35P    717
-0.37840090061958,-0.58987536833988,-0.06253954902334,                35P    718
-0.36884431366096,-0.59539286639298,-0.05020429297748,                35P    719
-0.36252492229231,-0.59904136870078,-0.04175597744364,                35P    720
-0.3501411751421,-0.60619112845153,-0.02447572131277,                 35P    721
-0.34407745893039,-0.60969201663865,-0.01564569246082,                35P    722
-0.3323889070889,-0.61644040519077,0.00232633057602,                  35P    723
-0.3267486105155,-0.61969683193574,0.01145857386594,                  35P    724
-0.31596275362488,-0.62592404931498,0.02985294258016,                 35P    725
-0.31078373145377,-0.6289141591596,0.03909117181412,                  35P    726
-0.30346666743423,-0.63313866804096,0.05299583211273,                 35P    727
-0.30110715045824,-0.63450093580221,0.05764052097519,                 35P    728
-0.29658581812582,-0.63711132824143,0.06696423233446,                 35P    729
-0.29441892694793,-0.63836238344629,0.07163549505534,                 35P    730
-0.29140165551282,-0.64010440592156,0.07872926837003,                 35P    731
-0.29043556051895,-0.64066218112634,0.08111017407381,                 35P    732
-0.28861103022822,-0.64171557418084,0.08589543545021,                 35P    733
-0.28774717934415,-0.6422143187213,0.08829244160867,                  35P    734
-0.2866401480113,-0.64285346355931,0.09203588477339,                  35P    735
-0.28630145853606,-0.64304900601902,0.09330217343814,                 35P    736
-0.28568590417717,-0.64340439649383,0.09580416840259,                 35P    737
-0.28539224891464,-0.6435739384387,0.09701400671529,                  35P    738
-0.28514277536975,-0.64371797205699,0.09897665274779,                 35P    739
-0.28509253733458,-0.64374697700012,0.09965750023393,                 35P    740
-0.28509019451484,-0.64374832962773,0.10111163812381,                 35P    741
-0.28513908006394,-0.6437201055428,0.10187989326908,                  35P    742
-0.28541677587439,-0.64355977779188,0.10329635800728,                 35P    743
-0.28564558613574,-0.6434276741259,0.10394456760022,                  35P    744
-0.28636294216501,-0.64301350842929,0.1049185232808,                  35P    745
-0.28686567064571,-0.64272325800563,0.10522171543006,                 35P    746
-0.28745519798555,-0.64238289423728,0.10537969977691,                 35P    747
-0.78982021488154,-0.94875562424167,-0.18791876501529,                35P    748
-0.77384662954892,-0.95797797803338,-0.17236729249274,                35P    749
-0.75869408399509,-0.96672630428779,-0.15601419075597,                35P    750
-0.73575839807523,-0.97996822872767,-0.13218760129081,                35P    751
-0.72809629483645,-0.98439194609514,-0.12433771192303,                35P    752
-0.71277511742717,-0.99323763199669,-0.10875368799065,                35P    753
-0.70512039276649,-0.99765708934011,-0.10101129321699,                35P    754
-0.68212817659182,-1.01093165153782,-0.0779348302694,                 35P    755
-0.66674278718379,-1.01981441025413,-0.06278831480486,                35P    756
-0.63572164203586,-1.03772447675586,-0.03287638099163,                35P    757
-0.62009453789819,-1.0467467895364,-0.0180969185191,                  35P    758
-0.58862048326887,-1.06491834344912,0.01142379008145,                 35P    759
-0.57278559678352,-1.07406061942403,0.026169782873,                   35P    760
-0.54080920779606,-1.09252219621365,0.05577058835491,                 35P    761
-0.52463533633828,-1.10186018525364,0.07057583812928,                 35P    762
-0.5003986875858,-1.11585322093513,0.09329856397,                     35P    763
-0.49232486618403,-1.12051464389484,0.10096699389207,                 35P    764
-0.4763004867673,-1.12976632366468,0.11662539379264,                  35P    765
-0.46834342678235,-1.13436033438895,0.12459360313038,                 35P    766
-0.45669488675326,-1.14108562211041,0.13703914991855,                 35P    767
-0.45286075453088,-1.14329925938111,0.14127486386968,                 35P    768
-0.44536686337361,-1.14762585945804,0.14992339579552,                 35P    769
-0.44169751312598,-1.14974435981126,0.15431542223758,                 35P    770
-0.43652840742072,-1.15272874438166,0.16141705880352,                 35P    771
-0.43486122894619,-1.15369129032272,0.16385444294659,                 35P    772
-0.43167215363085,-1.1555325038145,0.16871002093152,                  35P    773
-0.43012168804739,-1.15642766553648,0.17105651625488,                 35P    774
-0.42817472352365,-1.15755174602836,0.17505607590219,                 35P    775
-0.42759056461633,-1.15788901033075,0.17647461077588,                 35P    776
-0.4266116446761,-1.15845419002176,0.17959515754478,                  35P    777
-0.42622148699528,-1.15867944766381,0.18128573878673,                 35P    778
-0.42592038885036,-1.15885328675883,0.18449184352622,                 35P    779
-0.42600944838627,-1.1588018682118,0.18600736702376,                  35P    780
-0.42694739731298,-1.15826034314648,0.18842768281499,                 35P    781
-0.4278401693913,-1.15774490094673,0.18928705534992,                  35P    782
-0.42900297792715,-1.15707355312554,0.18985382430593,                 35P    783
-1.00185406500259,-1.42317333376698,-0.07191369628394,                35P    784
-0.98997553378585,-1.43003140696254,-0.06707994613744,                35P    785
-0.9783342324044,-1.43675251544884,-0.06151188944744,                 35P    786
-0.96078560582132,-1.44688421973049,-0.05339120631356,                35P    787
-0.95492763089672,-1.45026632313011,-0.05070494131481,                35P    788
-0.94321543593413,-1.45702836204456,-0.04531515471648,                35P    789
-0.9373626848873,-1.46040744943695,-0.04260738736694,                 35P    790
-0.91981091793022,-1.47054096681437,-0.03446213662394,                35P    791
-0.90811200267603,-1.47729533868561,-0.02902114440944,                35P    792
-0.88473207298187,-1.49079374738817,-0.01810787677009,                35P    793
-0.87305293470731,-1.49753670101489,-0.01262958301094,                35P    794
-0.84976939299108,-1.51097946009244,-0.00150692430859,                35P    795
-0.83816333039853,-1.51768022345448,0.00413416931289,                 35P    796
-0.81502414648068,-1.53103963751828,0.01555112421745,                 35P    797
-0.80347415607731,-1.53770802758681,0.02128606842401,                 35P    798
-0.78628267109792,-1.54763353606742,0.03018810700383,                 35P    799
-0.78057530974142,-1.55092868268296,0.03321031702998,                 35P    800
-0.76924606100195,-1.55746962749241,0.03944767125969,                 35P    801
-0.76362350389088,-1.56071581235402,0.04264921589124,                 35P    802
-0.75532123685611,-1.56550912846143,0.04776711587308,                 35P    803
-0.75257550579218,-1.56709437703031,0.049528649535,                   35P    804
-0.74716940081272,-1.57021559319547,0.05317875527131,                 35P    805
-0.74450687536497,-1.57175280297945,0.05505365477416,                 35P    806
-0.7406315607106,-1.57399021693835,0.05821650825239,                  35P    807
-0.7393619666188,-1.57472321742901,0.05932055171194,                  35P    808
-0.73691080930204,-1.57613839376567,0.06154533501324,                 35P    809
-0.73572440408695,-1.57682336513597,0.06261984638155,                 35P    810
-0.73408503196374,-1.57776985707261,0.06457781313029,                 35P    811
-0.73356206537875,-1.57807179197123,0.06529154584183,                 35P    812
-0.73257903017227,-1.57863934761231,0.06691694118601,                 35P    813
-0.73212333389746,-1.57890244397924,0.06782314218696,                 35P    814
-0.73150928982469,-1.57925696248995,0.06963627212326,                 35P    815
-0.73135094202673,-1.57934838463373,0.07054320105861,                 35P    816
-0.73155730072764,-1.5792292433822,0.0721715081404,                   35P    817
-0.73195375608812,-1.57900034977312,0.07287651739319,                 35P    818
-0.73254801505382,-1.5786572541993,0.0734730099795,                   35P    819
-1.12294974871088,-1.81502845892637,-0.01401032527425,                35P    820
-1.11811293617827,-1.81782099394409,-0.01332094642926,                35P    821
-1.11331471211492,-1.8205912498987,-0.01233300436694,                 35P    822
-1.10610340047514,-1.82475470261514,-0.01095144176947,                35P    823
-1.10369827034468,-1.82614330514339,-0.01050028158845,                35P    824
-1.09888861420306,-1.82892016141147,-0.00959282065338,                35P    825
-1.09648432666417,-1.83030827746926,-0.00913474295346,                35P    826
-1.08927247380493,-1.83447204265889,-0.00775402107538,                35P    827
-1.0844648728318,-1.83724771237489,-0.00683262281073,                 35P    828
-1.07485234202641,-1.84279750962297,-0.00498287388667,                35P    829
-1.07004769714898,-1.84557147263632,-0.00405198276253,                35P    830
-1.06045067144676,-1.85111231800891,-0.00212547097857,                35P    831
-1.05565805905558,-1.85387933406308,-0.00113105385892,                35P    832
-1.04608507015197,-1.85940630178353,0.00091247342695,                 35P    833
-1.04130142190761,-1.86216814238512,0.00194461123149,                 35P    834
-1.03415029945505,-1.86629684485812,0.00361873477449,                 35P    835
-1.03177059091723,-1.86767077022302,0.00419970960786,                 35P    836
-1.02702801072117,-1.87040890017586,0.00544315135101,                 35P    837
-1.02466588462181,-1.87177267431519,0.00610040843973,                 35P    838
-1.02114845296007,-1.87380346443196,0.00721886907794,                 35P    839
-1.01997996169613,-1.87447809317774,0.00761488616983,                 35P    840
-1.01766569216632,-1.87581423731375,0.00846344296229,                 35P    841
-1.01652009529095,-1.87647564797812,0.0089106002366,                  35P    842
-1.0148207765692,-1.87745675009957,0.00972561426359,                  35P    843
-1.01425906684775,-1.87778105335845,0.01001829174895,                 35P    844
-1.01316766422352,-1.87841117495734,0.01061856379112,                 35P    845
-1.01263950407402,-1.87871610836184,0.01090819618156,                 35P    846
-1.01187507135032,-1.87915745380064,0.01148729754885,                 35P    847
-1.01162469392128,-1.8793020092767,0.01170572948383,                  35P    848
-1.01113331326108,-1.87958570803314,0.01222360743368,                 35P    849
-1.01089436201194,-1.87972366660115,0.01252141118083,                 35P    850
-1.01052890100369,-1.87993466561264,0.01314616840901,                 35P    851
-1.01040239124459,-1.88000770605612,0.01347312189004,                 35P    852
-1.01036077654453,-1.88003173231439,0.01410759877543,                 35P    853
-1.01045887642067,-1.8799750943245,0.01441200967299,                  35P    854
-1.01063971248076,-1.87987068857653,0.01469456507772,                 35P    855
-1.14313649578314,-1.88035102087347,-0.00435778713738,                35P    856
-1.13947354337235,-1.88246582743387,-0.00435927829433,                35P    857
-1.13581606575666,-1.88457747311985,-0.004134844994,                  35P    858
-1.13032799276401,-1.88774601353949,-0.00387669916574,                35P    859
-1.12849845461507,-1.88880229788227,-0.00379813274078,                35P    860
-1.12483945720106,-1.89091482102421,-0.00363787906934,                35P    861
-1.12301003127979,-1.89197104057232,-0.00355482642859,                35P    862
-1.11752185034882,-1.89513964331018,-0.00330175690836,                35P    863
-1.11386303696354,-1.89725206020308,-0.00313377856044,                35P    864
-1.10654554253517,-1.90147681758109,-0.00279492543619,                35P    865
-1.10288688119082,-1.90358914669312,-0.00262208995876,                35P    866
-1.09557140862589,-1.90781273674774,-0.00222858320187,                35P    867
-1.09191460381836,-1.90992399398774,-0.00200877076174,                35P    868
-1.08460311044539,-1.9141452866548,-0.00152780133709,                 35P    869
-1.08094741683645,-1.916255902344,-0.00127962511119,                  35P    870
-1.07547003082631,-1.91941827263141,-0.00081040077054,                35P    871
-1.07364504466784,-1.92047192888127,-0.00063638179118,                35P    872
-1.07000046737216,-1.92257612656401,-0.00022542924319,                35P    873
-1.06818185772329,-1.92362610133434,0.00000769308256,                 35P    874
-1.0654620619351,-1.92519637616479,0.00045944399183,                  35P    875
-1.06455649780399,-1.92571920385966,0.00062782838223,                 35P    876
-1.06275763970999,-1.92675777506446,0.00100936473094,                 35P    877
-1.0618649160377,-1.92727318931697,0.00121851623685,                  35P    878
-1.06052833757371,-1.92804486325295,0.00164214355444,                 35P    879
-1.06008463274147,-1.92830103635728,0.00179956568469,                 35P    880
-1.05921990230917,-1.92880028870515,0.00212903040408,                 35P    881
-1.05880147213718,-1.92904186947758,0.00228782284281,                 35P    882
-1.05818289250932,-1.92939900659224,0.00263706625109,                 35P    883
-1.05797795591002,-1.92951732679302,0.00277293115152,                 35P    884
-1.05756853445487,-1.92975370638036,0.00310618506827,                 35P    885
-1.05736571477441,-1.92987080437747,0.00330256850789,                 35P    886
-1.05704169276131,-1.93005787857395,0.00372922305766,                 35P    887
-1.05692049042869,-1.93012785477332,0.00395949416781,                 35P    888
-1.05683753836488,-1.93017574716969,0.00442829876667,                 35P    889
-1.05688590214378,-1.93014782432892,0.00466592959887,                 35P    890
-1.05699782027572,-1.93008320836532,0.004896151425,0.,1.,0.,1.;       35P    891
508,4,0,17,1,0,0,0,17,6,1,0,0,17,3,1,0,0,17,2,0,0;                    37P    892
510,35,1,1,37;                                                        39P    893
116,0.,0.,-0.09;                                                      41P    894
123,0.,0.,1.;                                                         43P    895
123,-1.,0.,0.;                                                        45P    896
192,41,43,0.25,45;                                                    47P    897
508,2,0,17,5,0,0,0,17,6,0,0;                                          49P    898
510,47,1,1,49;                                                        51P    899
514,4,21,1,33,0,39,1,51,0;                                            53P    900
186,53,1,0;                                                           55P    901
128,27,7,3,3,0,0,1,0,0,0.,0.,0.,0.,0.015625,0.015625,0.03125,         57P    902
0.03125,0.0625,0.0625,0.09375,0.09375,0.125,0.125,0.1875,0.1875,      57P    903
0.25,0.25,0.375,0.375,0.5,0.5,0.625,0.625,0.75,0.75,0.875,0.875,      57P    904
1.,1.,1.,1.,0.,0.,0.,0.,0.12510912366808,0.2250919717594,             57P    905
0.40008465254659,0.89999363302674,1.,1.,1.,1.,1.,1.,1.,1.,1.,1.,      57P    906
1.,1.,1.,1.,1.,1.,1.,1.,1.,1.,1.,1.,1.,1.,1.,1.,1.,1.,1.,1.,1.,       57P    907
1.,1.,1.,1.,1.,1.,1.,1.,1.,1.,1.,1.,1.,1.,1.,1.,1.,1.,1.,1.,1.,       57P    908
1.,1.,1.,1.,1.,1.,1.,1.,1.,1.,1.,1.,1.,1.,1.,1.,1.,1.,1.,1.,1.,       57P    909
1.,1.,1.,1.,1.,1.,1.,1.,1.,1.,1.,1.,1.,1.,1.,1.,1.,1.,1.,1.,1.,       57P    910
1.,1.,1.,1.,1.,1.,1.,1.,1.,1.,1.,1.,1.,1.,1.,1.,1.,1.,1.,1.,1.,       57P    911
1.,1.,1.,1.,1.,1.,1.,1.,1.,1.,1.,1.,1.,1.,1.,1.,1.,1.,1.,1.,1.,       57P    912
1.,1.,1.,1.,1.,1.,1.,1.,1.,1.,1.,1.,1.,1.,1.,1.,1.,1.,1.,1.,1.,       57P    913
1.,1.,1.,1.,1.,1.,1.,1.,1.,1.,1.,1.,1.,1.,1.,1.,1.,1.,1.,1.,1.,       57P    914
1.,1.,1.,1.,1.,1.,1.,1.,1.,1.,1.,1.,1.,1.,1.,1.,1.,1.,1.,1.,1.,       57P    915
1.,1.,1.,1.,1.,1.,1.,1.,1.,1.,1.,1.,1.,1.,1.,1.,1.,1.,1.,1.,1.,       57P    916
1.,1.,1.,1.,1.,1.,1.,1.,-0.14330127018922,0.14820508075689,           57P    917
0.0866,-0.14207325418739,0.14891407612612,0.08742040747307,           57P    918
-0.14082774858013,0.14963316912375,0.08820399600876,                  57P    919
-0.13830498532805,0.15108968716643,0.08969718665213,                  57P    920
-0.13702772768324,0.15182711221149,0.09040678875982,                  57P    921
-0.13315316745242,0.15406409060374,0.09242409261105,                  57P    922
-0.13051307757003,0.15558834720803,0.09362029188276,                  57P    923
-0.12514461573456,0.15868783009387,0.09571256207549,                  57P    924
-0.12241624378149,0.16026305637542,0.09660863299652,                  57P    925
-0.11689703519105,0.16344957294083,0.09809785806209,                  57P    926
-0.11410616791517,0.16506088091383,0.09869136391913,                  57P    927
-0.10567880685293,0.16992642009167,0.10001089334989,                  57P    928
-0.09998800478947,0.17321200619492,0.10026724563513,                  57P    929
-0.08867931068559,0.17974108377998,0.09940156581236,                  57P    930
-0.08306128896908,0.18298465013032,0.09830148358196,                  57P    931
-0.06663725734404,0.19246706921021,0.09321143981863,                  57P    932
-0.05627110808958,0.19845196827273,0.08732579768811,                  57P    933
-0.03830013013936,0.2088275172299,0.07136842774268,                   57P    934
-0.03066808626262,0.21323387981659,0.06135064166262,                  57P    935
-0.0193863508374,0.21974739280127,0.03864455623932,                   57P    936
-0.01558084343122,0.22194450352663,0.02604907101799,                  57P    937
-0.01267628328421,0.22362145210939,0.00007985575197,                  57P    938
-0.01344989701679,0.22317480601263,-0.01322793670942,                 57P    939
-0.01926043439841,0.21982009069122,-0.038528994764,                   57P    940
-0.02439704554343,0.21685446686392,-0.05048783135004,                 57P    941
-0.03819124384915,0.20889038275886,-0.07125971195429,                 57P    942
-0.04687913596668,0.20387442590595,-0.08006101312031,                 57P    943
-0.05669872981078,0.19820508075689,-0.0866,-0.18277544337376,         57P    944
0.22160963437505,0.08511967130315,-0.18170006831111,                  57P    945
0.22223050245695,0.08561975231077,-0.18055655867516,                  57P    946
0.22289070805309,0.08590219044591,-0.17842364532396,                  57P    947
0.22412214615056,0.08637058647229,-0.17740506926095,                  57P    948
0.22471022131473,0.08653430602971,-0.17432346778338,                  57P    949
0.22648938475734,0.08691820448364,-0.17223277454561,                  57P    950
0.22769644706096,0.08703523800434,-0.16810256994742,                  57P    951
0.23008102179753,0.08703637385732,-0.16604221870331,                  57P    952
0.23127056614295,0.08692210409102,-0.16190484235419,                  57P    953
0.23365928149185,0.08649238700375,-0.15983286205268,                  57P    954
0.23485553987668,0.0861753775486,-0.15362532442546,                   57P    955
0.23843946339676,0.08492886409822,-0.14949504774869,                  57P    956
0.24082407974792,0.08369795619318,-0.14134287602511,                  57P    957
0.24553073828701,0.08039523495929,-0.13732197556567,                  57P    958
0.24785220624966,0.07833597539678,-0.12559102994993,                  57P    959
0.25462507085875,0.071076109344,-0.11821906358251,                    57P    960
0.25888127762544,0.06473247136576,-0.10521110803528,                  57P    961
0.26639142426224,0.04956275469778,-0.09956008452146,                  57P    962
0.26965404420914,0.04076739566092,-0.09062010933615,                  57P    963
0.27481554128893,0.02160583454166,-0.08724165327958,                  57P    964
0.27676609380263,0.01129263872227,-0.08325494699753,                  57P    965
0.27906781974776,-0.00982046583334,-0.08257050355848,                 57P    966
0.27946298335154,-0.02058125370681,-0.08370632018357,                 57P    967
0.27880721931729,-0.04138737710164,-0.0855957767014,                  57P    968
0.27771634108809,-0.0514179907315,-0.0914332681997,                   57P    969
0.27434606380016,-0.06970916498456,-0.09537831194724,                 57P    970
0.27206839173046,-0.07795544549155,-0.10015637045056,                 57P    971
0.26930977836746,-0.08498276637683,-0.25379599899088,                 57P    972
0.35367654704776,0.08245631554254,-0.25299525018223,                  57P    973
0.35413885958799,0.08238007634584,-0.25203524814045,                  57P    974
0.35469311702523,0.08176086215938,-0.25060373913374,                  57P    975
0.3555195991356,0.08038548345357,-0.25005057395044,                   57P    976
0.35583896920309,0.07956707016579,-0.24839563620498,                  57P    977
0.35679444795593,0.07701220259866,-0.24729339824842,                  57P    978
0.35743082533685,0.07518763873918,-0.24539102288372,                  57P    979
0.35852916226577,0.07142647862246,-0.2445325512,                      57P    980
0.35902480112345,0.0694944391301,-0.24288131922407,                   57P    981
0.35997814034925,0.06561222825013,-0.24210273529357,                  57P    982
0.36042765599111,0.06365705140214,-0.23988902656783,                  57P    983
0.36170574131982,0.05779380309819,-0.23856639273896,                  57P    984
0.36246936431696,0.05388706853134,-0.23609332598912,                  57P    985
0.36389719007071,0.04619970738946,-0.23494591039114,                  57P    986
0.36455965077507,0.04241472942512,-0.23165860143833,                  57P    987
0.36645757948388,0.031250994788,-0.22967366449044,                    57P    988
0.36760358336507,0.0240833466545,-0.22559500575085,                   57P    989
0.36995839808631,0.01033074829162,-0.22350816498014,                  57P    990
0.37116323616703,0.00373473735518,-0.21878140314278,                  57P    991
0.37389223338623,-0.00904963926185,-0.21617128297979,                 57P    992
0.37539918696495,-0.01525661959073,-0.21023761711455,                 57P    993
0.37882499054953,-0.02763277912715,-0.20692988806627,                 57P    994
0.38073470880595,-0.0338110851802,-0.19965511015069,                  57P    995
0.38493480379381,-0.04653007890911,-0.19570239931726,                 57P    996
0.38721690245752,-0.05309150104863,-0.18722446144092,                 57P    997
0.3921116421726,-0.06691947495646,-0.18263633782178,                  57P    998
0.39476059657922,-0.07416718165169,-0.17834384177815,                 57P    999
0.39723887032547,-0.08207309604775,-0.41259230637328,                 57P   1000
0.57013495102401,0.10537969977691,-0.41139748642944,                  57P   1001
0.57082478064022,0.10569945137947,-0.40997251566619,                  57P   1002
0.57164748789397,0.10546662326266,-0.40760472803601,                  57P   1003
0.57301453071964,0.10476699621976,-0.40657027779365,                  57P   1004
0.57361177084553,0.10424715853911,-0.40344555689032,                  57P   1005
0.57541582930021,0.10255086374829,-0.40132992992223,                  57P   1006
0.57663728709974,0.1012503260245,-0.39736755976304,                   57P   1007
0.57892496257778,0.0984011329535,-0.39546062928297,                   57P   1008
0.58002592940378,0.09686558295022,-0.39168762063162,                  57P   1009
0.58220427696429,0.09367633866649,-0.38983574831913,                  57P   1010
0.5832734559424,0.09201551223236,-0.38438064020111,                   57P   1011
0.5864229640828,0.08687997419282,-0.38086782187254,                   57P   1012
0.58845109069042,0.08324994897223,-0.3740267132995,                   57P   1013
0.59240080656662,0.07567703703219,-0.37070153556887,                  57P   1014
0.5943205988245,0.07173583900297,-0.36099864846626,                   57P   1015
0.59992256330511,0.05953459860963,-0.35489639877927,                  57P   1016
0.60344569880455,0.05088528020784,-0.34338543074665,                  57P   1017
0.61009155929682,0.03286058108427,-0.33797562539134,                  57P   1018
0.61321491187497,0.02348983124985,-0.3277713873673,                   57P   1019
0.61910633144503,0.00432693755502,-0.32296082324039,                  57P   1020
0.62188371193865,-0.00545619429094,-0.31400916269721,                 57P   1021
0.62705195556295,-0.02525397458725,-0.30984644106816,                 57P   1022
0.62945530401605,-0.0352567043058,-0.30211545671202,                  57P   1023
0.63391878991517,-0.05527130263045,-0.29859080605833,                 57P   1024
0.63595374791887,-0.06529928801193,-0.29200485150379,                 57P   1025
0.63975615055381,-0.08515737337575,-0.28888958169593,                 57P   1026
0.64155475241596,-0.09495618312985,-0.28640316514386,                 57P   1027
0.64299028568163,-0.10483036189092,-0.78755360209027,                 57P   1028
0.95006425374686,0.18985382430593,-0.78519221274334,                  57P   1029
0.95142760252197,0.19100490309375,-0.7820426364192,                   57P   1030
0.95324601126055,0.19098408667718,-0.77680304265948,                  57P   1031
0.95627109212816,0.1901193352409,-0.77447072648185,                   57P   1032
0.95761765550115,0.18920315325248,-0.76737971043426,                  57P   1033
0.96171165552505,0.18617312921258,-0.7625230784924,                   57P   1034
0.96451563328405,0.18381048773123,-0.75338072125017,                  57P   1035
0.96979397569887,0.17842196626461,-0.74895717220463,                  57P   1036
0.97234791293109,0.17546306033686,-0.74018663248386,                  57P   1037
0.97741158639982,0.16932971563485,-0.73587037084549,                  57P   1038
0.97990358121862,0.16612971832564,-0.72312898137784,                  57P   1039
0.98725982585762,0.15624496585291,-0.71488637044745,                  57P   1040
0.9920186994971,0.14927877283098,-0.69873535170125,                   57P   1041
1.00134349451791,0.13492203922667,-0.69083427917334,                  57P   1042
1.00590518086878,0.12752686230036,-0.66755248919325,                  57P   1043
1.01934692858101,0.10485701176562,-0.65259596001239,                  57P   1044
1.02798208472971,0.0891019903541,-0.62332680929459,                   57P   1045
1.04488063677559,0.05689563532211,-0.60901992690496,                  57P   1046
1.05314071917451,0.04043779095477,-0.58055888774401,                  57P   1047
1.0695727077955,0.00719446636836,-0.56641486601233,                   57P   1048
1.07773876254971,-0.00959712576756,-0.53819204283665,                 57P   1049
1.09403321710748,-0.04363533398868,-0.52410379871033,                 57P   1050
1.10216706864622,-0.0608679917848,-0.49596560972635,                  57P   1051
1.11841265963063,-0.09588657023649,-0.48198025363825,                 57P   1052
1.1264871087328,-0.11374215168673,-0.45398360619943,                  57P   1053
1.14265098066801,-0.15004309134877,-0.43984754753723,                 57P   1054
1.15081243794193,-0.16838377844739,-0.42673636513587,                 57P   1055
1.15838218263073,-0.18791876501529,-1.00088327847827,                 57P   1056
1.42373381762812,0.0734730099795,-0.99967739354288,                   57P   1057
1.42443003562018,0.0746834682722,-0.99784404621843,                   57P   1058
1.42548851919147,0.07539809179958,-0.99464095487564,                  57P   1059
1.42733782484047,0.07614049101115,-0.9931238132664,                   57P   1060
1.42821374695696,0.07617817588039,-0.98847142796471,                  57P   1061
1.43089980286327,0.07614707533307,-0.98523816036472,                  57P   1062
1.43276653078248,0.07595329660299,-0.97897911427471,                  57P   1063
1.43638019272742,0.0750584908737,-0.97588638380207,                   57P   1064
1.43816578149833,0.07442380599984,-0.9697021552893,                   57P   1065
1.44173624749491,0.07300102505654,-0.96662392741878,                  57P   1066
1.44351346318458,0.07219218950449,-0.95745127465165,                  57P   1067
1.44880929672887,0.06953677830608,-0.95140532344571,                  57P   1068
1.45229992828512,0.06746783529989,-0.93941879763136,                  57P   1069
1.45922035219069,0.0629403693991,-0.93348193411197,                   57P   1070
1.46264800194174,0.06047899223853,-0.91583105572952,                  57P   1071
1.47283874132729,0.05262249415323,-0.90427793870068,                  57P   1072
1.47950893655387,0.04675031381122,-0.88152355472563,                  57P   1073
1.49264618626711,0.03418310949044,-0.8703237050884,                   57P   1074
1.49911242247005,0.02748690206008,-0.84815084517278,                  57P   1075
1.51191392911103,0.01364526699073,-0.83717487878864,                  57P   1076
1.51825090625753,0.00650274562907,-0.81545064943143,                  57P   1077
1.53079339592486,-0.00818902375808,-0.80469283047115,                 57P   1078
1.53700442559747,-0.01572213282309,-0.78337943370844,                 57P   1079
1.54930972095576,-0.03111428950621,-0.77285555192154,                 57P   1080
1.55538568693835,-0.0390258802276,-0.75195201378187,                  57P   1081
1.5674543503103,-0.05506110063676,-0.74152056594766,                  57P   1082
1.57347694952542,-0.06309984505292,-0.7315772285295,                  57P   1083
1.57921773806044,-0.07191369628394,-1.12269591589664,                 57P   1084
1.81517500937,0.01469456507772,-1.12232894429844,                     57P   1085
1.81538688052101,0.01526796935447,-1.12168849406865,                  57P   1086
1.81575664463358,0.01571468913264,-1.12053308834105,                  57P   1087
1.81642371844143,0.01630331698192,-1.11996308081144,                  57P   1088
1.81675281244209,0.01646327967922,-1.11820445936236,                  57P   1089
1.81776815300912,0.01689853645405,-1.11696975250124,                  57P   1090
1.81848101134776,0.01713616480539,-1.11454215329153,                  57P   1091
1.81988258640497,0.01739967641225,-1.11332875613492,                  57P   1092
1.82058314157997,0.01745716042765,-1.11089145573545,                  57P   1093
1.8219903176217,0.01751430481873,-1.1096710640582,                    57P   1094
1.82269491108508,0.01750482930775,-1.10601694439689,                  57P   1095
1.82480461805519,0.01738431344048,-1.10358562054339,                  57P   1096
1.82620834353649,0.01718498410339,-1.09873492823367,                  57P   1097
1.82900889204727,0.01663043837625,-1.09631674797039,                  57P   1098
1.83040502907322,0.01627375443651,-1.08908841050168,                  57P   1099
1.83457831165657,0.01501191157905,-1.08430459215331,                  57P   1100
1.83734025046776,0.01391320758707,-1.07480837213156,                  57P   1101
1.8428228956536,0.01137692082187,-1.07009643372097,                   57P   1102
1.84554333456336,0.00993867165365,-1.06072176532396,                  57P   1103
1.85095580188594,0.0068755419821,-1.05605828645008,                   57P   1104
1.85364826266913,0.0052518527646,-1.04678232906416,                   57P   1105
1.85900373916289,0.00183185571976,-1.04216754244908,                  57P   1106
1.86166808745735,0.00004243480525,-1.03298496211103,                  57P   1107
1.86696965268738,-0.00367881541331,-1.02842519998783,                 57P   1108
1.86960223257665,-0.00563359419953,-1.01933922614501,                 57P   1109
1.87484802202065,-0.00963948973697,-1.01479955367115,                 57P   1110
1.87746900314547,-0.01165345966421,-1.01038587966652,                 57P   1111
1.88001723902016,-0.01401032527425,-1.14300217972428,                 57P   1112
1.88042856828621,0.004896151425,-1.14277505564859,                    57P   1113
1.88055969843245,0.00536335828911,-1.14233346231606,                  57P   1114
1.88081465246186,0.00576541829858,-1.14151940741396,                  57P   1115
1.88128464727873,0.00632841233911,-1.14110728789095,                  57P   1116
1.88152258459627,0.00650875884788,-1.13983105918446,                  57P   1117
1.88225941558351,0.00702175776033,-1.13892951399276,                  57P   1118
1.88277992294263,0.00733130201627,-1.13714062003434,                  57P   1119
1.88381274135107,0.00778790604706,-1.13624050924065,                  57P   1120
1.88433242056011,0.00796077516844,-1.13442782474661,                  57P   1121
1.8853789744407,0.00826462429331,-1.13351713584476,                   57P   1122
1.88590476092333,0.00838840273882,-1.13078296005434,                  57P   1123
1.88748333805194,0.00869045594533,-1.12895419746387,                  57P   1124
1.88853917462583,0.00880279269827,-1.12529305429163,                  57P   1125
1.89065293662186,0.00891053593329,-1.123461441334,                    57P   1126
1.891710418856,0.00890470603238,-1.11797054974968,                    57P   1127
1.8948805865903,0.00874219746195,-1.11431517889121,                   57P   1128
1.89699101593943,0.00843923578533,-1.10702910537652,                  57P   1129
1.90119763244447,0.00757511097831,-1.10339870694283,                  57P   1130
1.90329364395743,0.00701336764666,-1.09615750728109,                  57P   1131
1.90747435253139,0.00574702342295,-1.09254632511065,                  57P   1132
1.90955926952958,0.00504332792626,-1.08534550459233,                  57P   1133
1.91371666519422,0.00350234432238,-1.0817547663695,                   57P   1134
1.91578977887376,0.0026704008043,-1.0745944028062,                    57P   1135
1.91992381670453,0.00089470000326,-1.07102886418852,                  57P   1136
1.92198238138525,-0.00006707348161,-1.06391288774086,                 57P   1137
1.92609079230285,-0.00206767096714,-1.06035537891944,                 57P   1138
1.92814472097855,-0.00307730618111,-1.05686350421686,                 57P   1139
1.93016075577806,-0.00435778713738,0.,1.,0.,1.;                       57P   1140
126,7,3,0,0,1,0,0.02261127718143,0.02261127718143,                    59P   1141
0.02261127718143,0.02261127718143,0.12510912366808,                   59P   1142
0.2250919717594,0.40008465254659,0.89999363302674,1.,1.,1.,1.,        59P   1143
1.,1.,1.,1.,1.,1.,1.,1.,-0.08022962713904,0.23677670267391,           59P   1144
-0.08575179719581,-0.11568927902981,0.29511590195552,                 59P   1145
-0.08455675319851,-0.18445094760465,0.41112781441512,                 59P   1146
-0.08335925097171,-0.28640316514386,0.64299028568163,                 59P   1147
-0.10483036189092,-0.42673636513587,1.15838218263073,                 59P   1148
-0.18791876501529,-0.7315772285295,1.57921773806044,                  59P   1149
-0.07191369628394,-1.01038587966652,1.88001723902016,                 59P   1150
-0.01401032527425,-1.05686350421686,1.93016075577806,                 59P   1151
-0.00435778713738,0.02261127718143,1.;                                59P   1152
502,4,-1.05686350421686,1.93016075577806,-0.00435778713738,           61P   1153
-0.16475972828761,0.18802721062281,0.08582500538286,                  61P   1154
-0.08022962713905,0.23677670267391,-0.08575179719581,                 61P   1155
-1.14300217972428,1.88042856828621,0.004896151425;                    61P   1156
126,38,2,0,0,1,0,0.,0.,0.,0.07142857142857,0.07142857142857,          63P   1157
0.10714285714286,0.10714285714286,0.14285714285714,                   63P   1158
0.14285714285714,0.19642857142857,0.19642857142857,0.25,0.25,         63P   1159
0.375,0.375,0.5,0.5,0.625,0.625,0.75,0.75,0.875,0.875,0.90625,        63P   1160
0.90625,0.9375,0.9375,0.953125,0.953125,0.959375,0.959375,            63P   1161
0.96875,0.96875,0.9765625,0.9765625,0.984375,0.984375,0.9921875,      63P   1162
0.9921875,1.,1.,1.,1.,1.,1.,1.,1.,1.,1.,1.,1.,1.,1.,1.,1.,1.,1.,      63P   1163
1.,1.,1.,1.,1.,1.,1.,1.,1.,1.,1.,1.,1.,1.,1.,1.,1.,1.,1.,1.,1.,       63P   1164
1.,1.,1.,-1.05686350421686,1.93016075577806,-0.00435778713738,        63P   1165
-1.0594243840877,1.92868223109527,-0.00435882964992,                  63P   1166
-1.06313873308686,1.92653775070073,-0.00419023228771,                 63P   1167
-1.06386071871365,1.92612091210476,-0.00415746076509,                 63P   1168
-1.06627467511575,1.9247272137262,-0.0040384270646,                   63P   1169
-1.06778847545744,1.92385322069142,-0.00396378062263,                 63P   1170
-1.06941070949768,1.9229166234316,-0.00389061328992,                  63P   1171
-1.07176282644294,1.92155862808009,-0.00378452617868,                 63P   1172
-1.07411511191037,1.92020053543226,-0.003683543934,                   63P   1173
-1.07532379422887,1.91950270237031,-0.00363165590625,                 63P   1174
-1.07881936236387,1.91748453516659,-0.00347046992185,                 63P   1175
-1.08430753599243,1.91431593664479,-0.00321740185545,                 63P   1176
-1.08979571025065,1.91114733775944,-0.00296435199831,                 63P   1177
-1.09647866236324,1.90728893355826,-0.00265621308037,                 63P   1178
-1.10077085509164,1.9048108349311,-0.00242533658032,                  63P   1179
-1.106157290179,1.90170097518344,-0.00213560092317,                   63P   1180
-1.11174114286812,1.89847713633026,-0.00176828604941,                 63P   1181
-1.11866446585401,1.89447995394067,-0.00131285865007,                 63P   1182
-1.12270417383697,1.89214762744926,-0.00096680888409,                 63P   1183
-1.12940823727262,1.88827703462003,-0.00039252490298,                 63P   1184
-1.13363133946884,1.88583882543022,0.00030886035541,                  63P   1185
-1.13505182563991,1.88501870735698,0.00054477888493,                  63P   1186
-1.13634293124301,1.88427328718947,0.00081859655659,                  63P   1187
-1.13794532985864,1.88334814191739,0.00115843324922,                  63P   1188
-1.13902613627163,1.88272413804391,0.00150093444858,                  63P   1189
-1.13965227580392,1.88236263621639,0.00169935438595,                  63P   1190
-1.14034773247468,1.88196111412032,0.00196429804438,                  63P   1191
-1.14064856736022,1.88178742701817,0.00207890517738,                  63P   1192
-1.140860648574,1.8816649818723,0.00216557981688,                     63P   1193
-1.14129958307648,1.88141156291914,0.00234496623725,                  63P   1194
-1.1416109142814,1.88123181576417,0.00252065178167,                   63P   1195
-1.14194037780248,1.88104159991159,0.00270656947045,                  63P   1196
-1.14222675481756,1.88087626006484,0.0029395581099,                   63P   1197
-1.14257120422372,1.88067739210748,0.00321979288529,                  63P   1198
-1.14279629623214,1.88054743517582,0.00351589578278,                  63P   1199
-1.14306264567551,1.88039365825299,0.00386627180226,                  63P   1200
-1.14312098560322,1.88035997568003,0.00419389646724,                  63P   1201
-1.14318065900129,1.88032552322759,0.00452900961906,                  63P   1202
-1.14300217972428,1.88042856828621,0.004896151425,0.,1.;              63P   1203
126,7,3,0,0,1,0,0.02263468020191,0.02263468020191,                    65P   1204
0.02263468020191,0.02263468020191,0.12510912366808,                   65P   1205
0.2250919717594,0.40008465254659,0.89999363302674,1.,1.,1.,1.,        65P   1206
1.,1.,1.,1.,1.,1.,1.,1.,-0.16475972828761,0.1880272106228,            65P   1207
0.08582500538286,-0.19724398678574,0.24806626421208,                  65P   1208
0.08474137338278,-0.26277985681189,0.36592262227167,                  65P   1209
0.08375319975939,-0.41259230637328,0.57013495102401,                  65P   1210
0.10537969977691,-0.78755360209027,0.95006425374686,                  65P   1211
0.18985382430593,-1.00088327847827,1.42373381762812,                  65P   1212
0.0734730099795,-1.12269591589664,1.81517500937,                      65P   1213
0.01469456507772,-1.14300217972428,1.88042856828621,                  65P   1214
0.004896151425,0.02263468020191,1.;                                   65P   1215
126,24,2,0,0,1,0,0.,0.,0.,0.0125,0.0125,0.021875,0.021875,            67P   1216
0.03125,0.03125,0.0625,0.0625,0.125,0.125,0.25,0.25,0.375,0.375,      67P   1217
0.5,0.5,0.75,0.75,0.875,0.875,0.9375,0.9375,1.,1.,1.,1.,1.,1.,        67P   1218
1.,1.,1.,1.,1.,1.,1.,1.,1.,1.,1.,1.,1.,1.,1.,1.,1.,1.,1.,1.,1.,       67P   1219
1.,-1.14300217972428,1.88042856828621,0.004896151425,                 67P   1220
-1.14276268084614,1.88056684302798,0.00538881394646,                  67P   1221
-1.1421701058708,1.88090896634951,0.00586514461619,                   67P   1222
-1.14183977535861,1.88109968275964,0.00613067482021,                  67P   1223
-1.14143503305888,1.88133336083534,0.00634203493062,                  67P   1224
-1.1411443039471,1.88150121336629,0.00649385631723,                   67P   1225
-1.14068187832212,1.88176819492535,0.00667975848536,                  67P   1226
-1.1392906066779,1.88257144598365,0.00723907094806,                   67P   1227
-1.13803506701355,1.88329633214685,0.00755960403167,                  67P   1228
-1.13575896183049,1.88461044208699,0.00814068245846,                  67P   1229
-1.13260574391462,1.88643095329953,0.00848908714099,                  67P   1230
-1.12770742631847,1.88925899828224,0.00903031100579,                  67P   1231
-1.12163114413923,1.8927671414341,0.0088505365089,                    67P   1232
-1.1165045951125,1.8957269558947,0.00869886106907,                    67P   1233
-1.11067214213387,1.89909432419195,0.00800717338182,                  67P   1234
-1.10573048006699,1.9019473941165,0.00742112719873,                   67P   1235
-1.09977810711196,1.90538399824441,0.00638019553481,                  67P   1236
-1.08938629447786,1.91138371406607,0.00456290906804,                  67P   1237
-1.07817458458785,1.91785679778915,0.00178255040378,                  67P   1238
-1.0733690316798,1.92063128505421,0.00059083559886,                   67P   1239
-1.06747087596469,1.92403658684405,-0.00106737222437,                 67P   1240
-1.06405657541305,1.92600783418664,-0.00202726886988,                 67P   1241
-1.0621425504396,1.92711289702029,-0.00260808487382,                  67P   1242
-1.05919964302395,1.92881198540892,-0.0035011180102,                  67P   1243
-1.05686350421686,1.93016075577806,-0.00435778713738,0.,1.;           67P   1244
126,75,3,0,0,1,0,0.,0.,0.,0.,0.00439927821327,0.00439927821327,       69P   1245
0.00879855642655,0.00879855642655,0.01319783463982,                   69P   1246
0.01319783463982,0.0175971128531,0.0175971128531,                     69P   1247
0.02639566927965,0.02639566927965,0.0351942257062,                    69P   1248
0.0351942257062,0.04399278213275,0.04399278213275,                    69P   1249
0.0527913385593,0.0527913385593,0.06158989498585,                     69P   1250
0.06158989498585,0.0703884514124,0.0703884514124,                     69P   1251
0.07478772962567,0.07478772962567,0.07918700783895,                   69P   1252
0.07918700783895,0.08798556426549,0.08798556426549,                   69P   1253
0.10558267711859,0.10558267711859,0.11438123354514,                   69P   1254
0.11438123354514,0.12317978997169,0.12317978997169,                   69P   1255
0.13197834639824,0.13197834639824,0.14077690282479,                   69P   1256
0.14077690282479,0.14517618103807,0.14517618103807,                   69P   1257
0.14957545925134,0.14957545925134,0.15837401567789,                   69P   1258
0.15837401567789,0.16717257210444,0.16717257210444,                   69P   1259
0.17157185031771,0.17157185031771,0.17377148942435,                   69P   1260
0.17377148942435,0.17597112853099,0.17597112853099,                   69P   1261
0.19356824138409,0.19356824138409,0.20236679781064,                   69P   1262
0.20236679781064,0.20676607602391,0.20676607602391,                   69P   1263
0.21116535423719,0.21116535423719,0.22876246709029,                   69P   1264
0.22876246709029,0.23316174530356,0.23316174530356,                   69P   1265
0.23756102351684,0.23756102351684,0.24635957994338,                   69P   1266
0.24635957994338,0.25515813636993,0.25515813636993,                   69P   1267
0.26395669279648,0.26395669279648,0.27275524922303,                   69P   1268
0.27275524922303,0.28155380564958,0.28155380564958,                   69P   1269
0.28155380564958,0.28155380564958,1.,1.,1.,1.,1.,1.,1.,1.,1.,1.,      69P   1270
1.,1.,1.,1.,1.,1.,1.,1.,1.,1.,1.,1.,1.,1.,1.,1.,1.,1.,1.,1.,1.,       69P   1271
1.,1.,1.,1.,1.,1.,1.,1.,1.,1.,1.,1.,1.,1.,1.,1.,1.,1.,1.,1.,1.,       69P   1272
1.,1.,1.,1.,1.,1.,1.,1.,1.,1.,1.,1.,1.,1.,1.,1.,1.,1.,1.,1.,1.,       69P   1273
1.,1.,1.,-0.16475972828761,0.18802721062281,0.08582500538286,         69P   1274
-0.16374923174586,0.18891266297357,0.08646260869623,                  69P   1275
-0.16270209760318,0.18981560330215,0.08696233307748,                  69P   1276
-0.16057930326403,0.19161477809572,0.08789965058739,                  69P   1277
-0.1594998384757,0.19251444637659,0.08831932584437,                   69P   1278
-0.1573058647068,0.194311284969,0.08906957500313,                     69P   1279
-0.15619165922975,0.19520820946343,0.0894015157182,                   69P   1280
-0.15392937000262,0.19699702664116,0.08998508353221,                  69P   1281
-0.15277826462338,0.19789118394641,0.09023727688172,                  69P   1282
-0.14930619555124,0.2005396102275,0.09087342142031,                   69P   1283
-0.14696181319404,0.20226392019795,0.09113766261532,                  69P   1284
-0.14221397090127,0.20562989673589,0.09138301888968,                  69P   1285
-0.13981051183782,0.2072715638002,0.09136420292956,                   69P   1286
-0.13494445183431,0.21047202973239,0.09105521612807,                  69P   1287
-0.13248072842204,0.21203151285243,0.09076334115648,                  69P   1288
-0.1274982644983,0.21506440522701,0.08990030861909,                   69P   1289
-0.12501674573909,0.21651527787269,0.08933338531635,                  69P   1290
-0.12007001000764,0.21929716132282,0.08795640529312,                  69P   1291
-0.11760429918603,0.22062843468655,0.08714826129187,                  69P   1292
-0.11268545784941,0.22318078987346,0.08531570438317,                  69P   1293
-0.11023187499852,0.2244020563839,0.08429295308263,                   69P   1294
-0.1065628257786,0.22615525962452,0.0825973207799,                    69P   1295
-0.10534063011007,0.22672698730695,0.08200455375776,                  69P   1296
-0.1029180988031,0.2278368716078,0.08077502537142,                    69P   1297
-0.10171558527612,0.22837609316319,0.08013731297025,                  69P   1298
-0.09813396214734,0.22994896464097,0.0781572967038,                   69P   1299
-0.09578064616393,0.23093790343338,0.07674835257128,                  69P   1300
-0.08882591103194,0.23374119708877,0.07226123090574,                  69P   1301
-0.08432953510281,0.23539211231434,0.06892307322194,                  69P   1302
-0.07782996141747,0.23758730261395,0.06337068620223,                  69P   1303
-0.07572750536621,0.23826430323408,0.06144994813213,                  69P   1304
-0.07165841836994,0.23951952810018,0.05747204662909,                  69P   1305
-0.06969109251175,0.24009795687443,0.05541429074898,                  69P   1306
-0.06590050680601,0.24116591897171,0.05115524911759,                  69P   1307
-0.06407721535886,0.24165543748648,0.04895398666856,                  69P   1308
-0.06059091699722,0.24255304733679,0.04439594050567,                  69P   1309
-0.05893017939021,0.24296059274429,0.04203709963007,                  69P   1310
-0.05656893315022,0.24351716514376,0.03837551374746,                  69P   1311
-0.05580276595616,0.24369372597676,0.03713482790132,                  69P   1312
-0.05431602611172,0.24402940412218,0.03461162800641,                  69P   1313
-0.05360071563533,0.24418733869028,0.03333803067035,                  69P   1314
-0.05154182547013,0.24463322055733,0.02948024915881,                  69P   1315
-0.05028506941915,0.24489332733592,0.02685916889451,                  69P   1316
-0.04802359620594,0.24534682428675,0.0215110444319,                   69P   1317
-0.04701884265052,0.2455402265148,0.01878401573027,                   69P   1318
-0.04572153150547,0.24578391964707,0.01460599790972,                  69P   1319
-0.04532412526735,0.24585739316195,0.01319872003692,                  69P   1320
-0.04478378027144,0.24595618827448,0.01106462916385,                  69P   1321
-0.04461296393881,0.24598721570241,0.0103494012162,                   69P   1322
-0.04429052410495,0.24604547611151,0.00891098020792,                  69P   1323
-0.04413906255646,0.24607267970162,0.00818752483712,                  69P   1324
-0.04286936872334,0.24629967867399,0.00168394466937,                  69P   1325
-0.04236963393133,0.24638348698102,-0.00411938820849,                 69P   1326
-0.04250620936703,0.24635994865105,-0.01285580967616,                 69P   1327
-0.04270006477534,0.24632666243422,-0.015773212476,                   69P   1328
-0.04321225752804,0.24623714349947,-0.02015718151431,                 69P   1329
-0.04342040411799,0.24620058697994,-0.02162135387482,                 69P   1330
-0.04390487047277,0.24611465391521,-0.02452076240083,                 69P   1331
-0.04418154506873,0.24606521539376,-0.02595989722808,                 69P   1332
-0.04573082826732,0.2457850234839,-0.03310455268337,                  69P   1333
-0.0475201723342,0.24545295947891,-0.03865125678554,                  69P   1334
-0.0503461326474,0.24487874460318,-0.04540103861008,                  69P   1335
-0.05094209234464,0.24475560881795,-0.04674395517892,                 69P   1336
-0.05218723999918,0.24449314264732,-0.04940094499553,                 69P   1337
-0.05283493198873,0.24435413382647,-0.05071211354137,                 69P   1338
-0.05484985283494,0.24391265787026,-0.05459571319678,                 69P   1339
-0.05628863894758,0.24358583286076,-0.05711843713042,                 69P   1340
-0.05934595658231,0.24285906670818,-0.06203714624541,                 69P   1341
-0.0609652712187,0.24245896049128,-0.0644326034194,                   69P   1342
-0.0643806778899,0.24157450223838,-0.06909692910134,                  69P   1343
-0.06617690741898,0.24109013178593,-0.07136658617752,                 69P   1344
-0.06994546225483,0.24002388845708,-0.07577410533895,                 69P   1345
-0.07190131382876,0.23944666526425,-0.07789278119858,                 69P   1346
-0.07595620484451,0.23819143431721,-0.08195602802016,                 69P   1347
-0.07805521868687,0.23751348115505,-0.08390064144016,                 69P   1348
-0.08022962713905,0.23677670267391,-0.08575179719581,0.,              69P   1349
0.28155380564958;                                                     69P   1350
126,89,3,0,0,1,0,0.,0.,0.,0.,0.00868018229303,0.00868018229303,       71P   1351
0.01736036458606,0.01736036458606,0.02170045573258,                   71P   1352
0.02170045573258,0.02387050130584,0.02387050130584,                   71P   1353
0.02604054687909,0.02604054687909,0.03472072917213,                   71P   1354
0.03472072917213,0.04340091146516,0.04340091146516,                   71P   1355
0.04774100261167,0.04774100261167,0.05208109375819,                   71P   1356
0.05208109375819,0.06076127605122,0.06076127605122,                   71P   1357
0.06944145834425,0.06944145834425,0.07812164063728,                   71P   1358
0.07812164063728,0.08680182293031,0.08680182293031,                   71P   1359
0.09114191407683,0.09114191407683,0.09548200522334,                   71P   1360
0.09548200522334,0.10416218751638,0.10416218751638,                   71P   1361
0.11284236980941,0.11284236980941,0.12152255210244,                   71P   1362
0.12152255210244,0.12586264324895,0.12586264324895,                   71P   1363
0.13020273439547,0.13020273439547,0.1388829166885,                    71P   1364
0.1388829166885,0.14756309898153,0.14756309898153,                    71P   1365
0.15624328127456,0.15624328127456,0.16058337242108,                   71P   1366
0.16058337242108,0.16492346356759,0.16492346356759,                   71P   1367
0.17360364586063,0.17360364586063,0.19096401044669,                   71P   1368
0.19096401044669,0.1953041015932,0.1953041015932,                     71P   1369
0.19964419273972,0.19964419273972,0.20832437503275,                   71P   1370
0.20832437503275,0.21700455732578,0.21700455732578,                   71P   1371
0.2213446484723,0.2213446484723,0.22568473961881,                     71P   1372
0.22568473961881,0.23436492191185,0.23436492191185,                   71P   1373
0.24304510420488,0.24304510420488,0.24738519535139,                   71P   1374
0.24738519535139,0.25172528649791,0.25172528649791,                   71P   1375
0.26040546879094,0.26040546879094,0.26474555993746,                   71P   1376
0.26474555993746,0.26908565108397,0.26908565108397,                   71P   1377
0.27125569665723,0.27125569665723,0.27342574223049,                   71P   1378
0.27342574223049,0.27559578780375,0.27559578780375,                   71P   1379
0.277765833377,0.277765833377,0.277765833377,0.277765833377,1.,       71P   1380
1.,1.,1.,1.,1.,1.,1.,1.,1.,1.,1.,1.,1.,1.,1.,1.,1.,1.,1.,1.,1.,       71P   1381
1.,1.,1.,1.,1.,1.,1.,1.,1.,1.,1.,1.,1.,1.,1.,1.,1.,1.,1.,1.,1.,       71P   1382
1.,1.,1.,1.,1.,1.,1.,1.,1.,1.,1.,1.,1.,1.,1.,1.,1.,1.,1.,1.,1.,       71P   1383
1.,1.,1.,1.,1.,1.,1.,1.,1.,1.,1.,1.,1.,1.,1.,1.,1.,1.,1.,1.,1.,       71P   1384
1.,1.,1.,1.,1.,-0.08022962713905,0.23677670267391,                    71P   1385
-0.08575179719581,-0.08285689354918,0.23588647740217,                 71P   1386
-0.08671188136343,-0.08549596777062,0.2349434870613,                  71P   1387
-0.08749574375502,-0.09079042962077,0.23294870788831,                 71P   1388
-0.08874347134716,-0.09344584049922,0.23189692254234,                 71P   1389
-0.0892072184881,-0.09743709036746,0.23023485915153,                  71P   1390
-0.08967903891222,-0.0987688743052,0.22966676994156,                  71P   1391
-0.08979894085235,-0.10076817692778,0.2287931455603,                  71P   1392
-0.08992419828711,-0.10143488283276,0.22849835537163,                 71P   1393
-0.08995684775831,-0.10276877392733,0.22790154226838,                 71P   1394
-0.09000414047265,-0.10343674947586,0.22759915190943,                 71P   1395
-0.09001877678182,-0.10676206803916,0.22607614270501,                 71P   1396
-0.09004737448386,-0.10938372793257,0.22481894790653,                 71P   1397
-0.08992986510287,-0.11455382263201,0.222229118242,                   71P   1398
-0.08943570815336,-0.11710213402968,0.22089652998833,                 71P   1399
-0.08905794613767,-0.12087087391246,0.21884304541939,                 71P   1400
-0.08829824030123,-0.12211815604346,0.21814945124944,                 71P   1401
-0.0880127485087,-0.12459490820088,0.21674440238747,                  71P   1402
-0.08737681650782,-0.12582726765049,0.21603122414152,                 71P   1403
-0.08702654883365,-0.12947312043778,0.21388004918177,                 71P   1404
-0.08589393169118,-0.13183670955398,0.21243007871231,                 71P   1405
-0.08503069296736,-0.13644524287297,0.2094997661695,                  71P   1406
-0.08311561474499,-0.13869042707918,0.20801919260273,                 71P   1407
-0.08206453958922,-0.14306770916028,0.20503328912673,                 71P   1408
-0.07977714565641,-0.14520022940264,0.20352767666739,                 71P   1409
-0.07854200884686,-0.1493588966426,0.20049574005925,                  71P   1410
-0.07589412282814,-0.15138503140906,0.19896940015981,                 71P   1411
-0.07448137066846,-0.15434655314784,0.19666902149309,                 71P   1412
-0.07222697641319,-0.15532108482112,0.19590011779493,                 71P   1413
-0.07145248416344,-0.157230172867,0.19437121258635,                   71P   1414
-0.06986947591385,-0.15816659323332,0.19360978065442,                 71P   1415
-0.06905959043603,-0.16092273490295,0.19133621432362,                 71P   1416
-0.06657459197965,-0.16268891673475,0.18983520575235,                 71P   1417
-0.0648434557138,-0.16608810228368,0.18686848651168,                  71P   1418
-0.06123586474799,-0.16772094574224,0.18540286214629,                 71P   1419
-0.05935920090104,-0.17085564431459,0.1825181792002,                  71P   1420
-0.05545367733397,-0.17235750583783,0.18109908359579,                 71P   1421
-0.05342485223607,-0.17451077117344,0.17901672469052,                 71P   1422
-0.0502574462436,-0.17521190505276,0.17833035451056,                  71P   1423
-0.04918089232909,-0.17658027984741,0.17697551181192,                 71P   1424
-0.04698382959155,-0.17724618521271,0.17630833278536,                 71P   1425
-0.04586524598774,-0.17917622920022,0.17435375653435,                 71P   1426
-0.04246859756913,-0.18037572714866,0.17311050153183,                 71P   1427
-0.04013983925422,-0.1826142124327,0.17074746880289,                  71P   1428
-0.03535782733375,-0.18365375938378,0.16962698144764,                 71P   1429
-0.03290513449179,-0.18556870173992,0.16752991704587,                 71P   1430
-0.0278644251795,-0.18644413941716,0.16655328592424,                  71P   1431
-0.025276451282,-0.18762616670273,0.16521735717603,                   71P   1432
-0.02128000798753,-0.18799925297804,0.16479247147508,                 71P   1433
-0.0199245343036,-0.18869240161157,0.16399833947093,                  71P   1434
-0.01720201562022,-0.18901307420534,0.16362842507502,                 71P   1435
-0.01583353285793,-0.18989745925996,0.1626031051947,                  71P   1436
-0.01170598867556,-0.19038242727992,0.16203358280086,                 71P   1437
-0.00892447821097,-0.19153048155946,0.16067817811609,                 71P   1438
-0.0004897593582,-0.19190511695997,0.160226174084,                    71P   1439
0.00524850580375,-0.19188278242041,0.16025291841075,                  71P   1440
0.01256950419439,-0.1918535104936,0.16028798267413,                   71P   1441
0.01403158425133,-0.19174711849441,0.16041524063365,                  71P   1442
0.01693893055953,-0.19166999417207,0.16050743836287,                  71P   1443
0.01838627263165,-0.19136868449591,0.16086679065996,                  71P   1444
0.02270989043883,-0.19107479240278,0.16121655571672,                  71P   1445
0.02556780231363,-0.19030512804751,0.16212437314527,                  71P   1446
0.03123665038008,-0.18982496064439,0.16268760042335,                  71P   1447
0.03404643307481,-0.18896434749075,0.16368466064718,                  71P   1448
0.03822595740073,-0.18865377594279,0.1640426948935,                   71P   1449
0.03961379656868,-0.18799225299918,0.16480038148526,                  71P   1450
0.04235239932596,-0.18764065924848,0.16520078156638,                  71P   1451
0.04370650344653,-0.18652478911256,0.16646250022123,                  71P   1452
0.04772525998396,-0.18570059285605,0.16738307456103,                  71P   1453
0.05034722920844,-0.18389146864645,0.16936862636168,                  71P   1454
0.05548211788518,-0.18290644062995,0.17043374976958,                  71P   1455
0.05799494846751,-0.18130206069707,0.17213416296048,                  71P   1456
0.06168234180789,-0.18074598080277,0.17271822699338,                  71P   1457
0.06289772879289,-0.17958963128054,0.17392026865381,                  71P   1458
0.06530068811979,-0.17899127498175,0.17453624249317,                  71P   1459
0.0664842807262,-0.17713907057623,0.17642237819591,                   71P   1460
0.06997289169767,-0.17582642960204,0.1777325531617,                   71P   1461
0.07221979935187,-0.17373345681721,0.17977106116485,                  71P   1462
0.07547102644607,-0.17301514968513,0.1804627553233,                   71P   1463
0.07653493426297,-0.17153137107952,0.18187368367915,                  71P   1464
0.07861763003734,-0.17076405929567,0.18259461413169,                  71P   1465
0.07963771075618,-0.16958087443624,0.18369163369544,                  71P   1466
0.0811217343436,-0.1691811746894,0.18405985837,0.08160907439625,      71P   1467
-0.16837124824946,0.18480103921621,0.08256948919091,                  71P   1468
-0.16796043620547,0.18517456395975,0.08304150422832,                  71P   1469
-0.1671112140827,0.18594130631955,0.08394177744844,                   71P   1470
-0.16667296089553,0.18633438948547,0.08437030401039,                  71P   1471
-0.1657512992277,0.18715471515015,0.08515407227539,                   71P   1472
-0.16526581769738,0.18758374739551,0.08550575628174,                  71P   1473
-0.16475972828761,0.18802721062281,0.08582500538286,0.,               71P   1474
0.277765833377;                                                       71P   1475
504,6,59,61,3,61,1,63,61,1,61,4,65,61,2,61,4,67,61,4,61,1,69,61,      73P   1476
2,61,3,71,61,3,61,2;                                                  73P   1477
508,4,0,73,3,0,0,0,73,5,1,0,0,73,1,1,0,0,73,4,0,0;                    75P   1478
510,57,1,1,75;                                                        77P   1479
116,-1.14300217972428,1.88042856828621,0.004896151425;                79P   1480
123,0.5,-0.86602540378444,0.;                                         81P   1481
123,0.,0.,1.;                                                         83P   1482
190,79,81,83;                                                         85P   1483
508,2,0,73,2,1,0,0,73,4,1,0;                                          87P   1484
510,85,1,1,87;                                                        89P   1485
128,35,7,3,3,0,0,1,0,0,0.,0.,0.,0.,0.125,0.125,0.1875,0.1875,         91P   1486
0.25,0.25,0.375,0.375,0.5,0.5,0.625,0.625,0.75,0.75,0.8125,           91P   1487
0.8125,0.875,0.875,0.90625,0.90625,0.9375,0.9375,0.953125,            91P   1488
0.953125,0.96875,0.96875,0.9765625,0.9765625,0.984375,0.984375,       91P   1489
0.9921875,0.9921875,1.,1.,1.,1.,0.,0.,0.,0.,0.12510912366808,         91P   1490
0.2250919717594,0.40008465254659,0.89999363302674,1.,1.,1.,1.,        91P   1491
1.,1.,1.,1.,1.,1.,1.,1.,1.,1.,1.,1.,1.,1.,1.,1.,1.,1.,1.,1.,1.,       91P   1492
1.,1.,1.,1.,1.,1.,1.,1.,1.,1.,1.,1.,1.,1.,1.,1.,1.,1.,1.,1.,1.,       91P   1493
1.,1.,1.,1.,1.,1.,1.,1.,1.,1.,1.,1.,1.,1.,1.,1.,1.,1.,1.,1.,1.,       91P   1494
1.,1.,1.,1.,1.,1.,1.,1.,1.,1.,1.,1.,1.,1.,1.,1.,1.,1.,1.,1.,1.,       91P   1495
1.,1.,1.,1.,1.,1.,1.,1.,1.,1.,1.,1.,1.,1.,1.,1.,1.,1.,1.,1.,1.,       91P   1496
1.,1.,1.,1.,1.,1.,1.,1.,1.,1.,1.,1.,1.,1.,1.,1.,1.,1.,1.,1.,1.,       91P   1497
1.,1.,1.,1.,1.,1.,1.,1.,1.,1.,1.,1.,1.,1.,1.,1.,1.,1.,1.,1.,1.,       91P   1498
1.,1.,1.,1.,1.,1.,1.,1.,1.,1.,1.,1.,1.,1.,1.,1.,1.,1.,1.,1.,1.,       91P   1499
1.,1.,1.,1.,1.,1.,1.,1.,1.,1.,1.,1.,1.,1.,1.,1.,1.,1.,1.,1.,1.,       91P   1500
1.,1.,1.,1.,1.,1.,1.,1.,1.,1.,1.,1.,1.,1.,1.,1.,1.,1.,1.,1.,1.,       91P   1501
1.,1.,1.,1.,1.,1.,1.,1.,1.,1.,1.,1.,1.,1.,1.,1.,1.,1.,1.,1.,1.,       91P   1502
1.,1.,1.,1.,1.,1.,1.,1.,1.,1.,1.,1.,1.,1.,1.,1.,1.,1.,1.,1.,1.,       91P   1503
1.,1.,1.,1.,1.,1.,1.,1.,1.,1.,1.,1.,1.,1.,1.,1.,1.,1.,1.,1.,1.,       91P   1504
1.,1.,1.,1.,1.,1.,1.,1.,1.,1.,1.,1.,1.,1.,1.,-0.05669872981078,       91P   1505
0.19820508075689,-0.0866,-0.06652703590068,0.1925307055902,           91P   1506
-0.09314478847008,-0.07746661773353,0.18621473507419,                 91P   1507
-0.09737264272902,-0.09432105439018,0.17648382153343,                 91P   1508
-0.10001012892857,-0.10001199268446,0.17319815677729,                 91P   1509
-0.10026723171886,-0.11132072298907,0.16666905829173,                 91P   1510
-0.09940175132818,-0.11693870922382,0.16342551242679,                 91P   1511
-0.09830147362635,-0.13336273162153,0.1539430986743,                  91P   1512
-0.09321137903041,-0.14372889153138,0.14795819345988,                 91P   1513
-0.08732579559544,-0.16169986945629,0.13758264451734,                 91P   1514
-0.07136842553244,-0.16933191368691,0.13317628172632,                 91P   1515
-0.06135064140544,-0.18061364912879,0.12666276873202,                 91P   1516
-0.03864455625497,-0.18441915631317,0.12446565813472,                 91P   1517
-0.02604907134901,-0.18732371648966,0.12278870953495,                 91P   1518
-0.00007985607705,-0.18655009618678,0.12323535942506,                 91P   1519
0.01322792716413,-0.18219219883885,0.12575139263199,                  91P   1520
0.03220372869343,-0.18018109623226,0.12691250326327,                  91P   1521
0.03835613388856,-0.17515879878313,0.12981212804748,                  91P   1522
0.05009365883887,-0.17215431912374,0.1315467651876,                   91P   1523
0.0556806810347,-0.16698158226691,0.13453324620434,                   91P   1524
0.06347025918798,-0.16514555681516,0.13559327599315,                  91P   1525
0.06596774344394,-0.16126962408272,0.13783104679958,                  91P   1526
0.0707428729174,-0.15922990719995,0.13900867789092,                   91P   1527
0.07302067415275,-0.15603340837779,0.14085417734636,                  91P   1528
0.07625718762736,-0.15494508818741,0.14148251930124,                  91P   1529
0.07730599405583,-0.15272542368679,0.14276404319818,                  91P   1530
0.07934095359891,-0.15159407937656,0.14341722514024,                  91P   1531
0.08032710671353,-0.14986675760592,0.1444144948295,                   91P   1532
0.08175740350927,-0.14928593279816,0.14474983418861,                  91P   1533
0.08222601362849,-0.14811450854498,0.14542615629652,                  91P   1534
0.08314659909307,-0.14752390909956,0.14576713904531,                  91P   1535
0.08359857443842,-0.14633326270183,0.14645455906355,                  91P   1536
0.08448556654015,-0.14573321574952,0.146800996333,                    91P   1537
0.08492058329652,-0.14452400146877,0.14749913652349,                  91P   1538
0.08577333440513,-0.14391483414034,0.14785083944455,                  91P   1539
0.08619106875738,-0.14330127018922,0.14820508075689,0.0866,           91P   1540
-0.10015637045056,0.26930977836746,-0.08498276637683,                 91P   1541
-0.10740344319114,0.26512567896984,-0.08585432997218,                 91P   1542
-0.1151491408038,0.26065369836811,-0.08530824036098,                  91P   1543
-0.12706813145957,0.25377226590454,-0.08241173913382,                 91P   1544
-0.13108707596695,0.25145192721135,-0.08109493073945,                 91P   1545
-0.13908141470834,0.24683639358701,-0.07767365715672,                 91P   1546
-0.14305610533726,0.24454160488246,-0.07558131732232,                 91P   1547
-0.1547328125395,0.23780005483599,-0.06828287277544,                  91P   1548
-0.16218535241275,0.23349732893403,-0.06199719385679,                 91P   1549
-0.1755149203909,0.22580149927366,-0.04703881846126,                  91P   1550
-0.181406308712,0.22240010464058,-0.03839603428504,                   91P   1551
-0.19089060964159,0.2169243409458,-0.01956843662887,                  91P   1552
-0.19457282550876,0.21479841262368,-0.00943691199672,                 91P   1553
-0.19922977904553,0.21210971924562,0.01128659195347,                  91P   1554
-0.20028513380543,0.2115004098909,0.02183594201632,                   91P   1555
-0.19998632520302,0.21167292711794,0.03713682853039,                  91P   1556
-0.19955776338349,0.21192035739981,0.04214588208171,                  91P   1557
-0.19809140868513,0.21276695767963,0.05186471919238,                  91P   1558
-0.19705923339692,0.21336288436013,0.05657310949785,                  91P   1559
-0.19506799311329,0.21451252747391,0.0633383901689,                   91P   1560
-0.19432965488586,0.21493880724827,0.06554422313189,                  91P   1561
-0.19270506366243,0.21587676542844,0.06984112217211,                  91P   1562
-0.19182100503148,0.216387176917,0.07193003566695,                    91P   1563
-0.19035141783319,0.21723564348152,0.07500810457038,                  91P   1564
-0.18983824018944,0.21753192673228,0.07602287053084,                  91P   1565
-0.18876862147841,0.21814947138303,0.07800555750632,                  91P   1566
-0.1882187718346,0.2184669272229,0.07896550281654,                    91P   1567
-0.18730764141638,0.21899296861512,0.08042032433763,                  91P   1568
-0.18698910176441,0.21917687756894,0.08090836997084,                  91P   1569
-0.18631023150794,0.21956882349425,0.08190225474794,                  91P   1570
-0.18594974185803,0.21977695229067,0.0824063425855,                   91P   1571
-0.18516689043374,0.22022893177122,0.08335636304002,                  91P   1572
-0.18474452865936,0.22047278245535,0.08380229565699,                  91P   1573
-0.18381816990507,0.22100761593151,0.08456355955173,                  91P   1574
-0.18331016000195,0.22130091558583,0.08487059133402,                  91P   1575
-0.18277544337376,0.22160963437505,0.08511967130315,                  91P   1576
-0.17834384177815,0.39723887032547,-0.08207309604775,                 91P   1577
-0.18094684950466,0.39573602311386,-0.07273759131868,                 91P   1578
-0.18294622202436,0.39458168485141,-0.0636023884015,                  91P   1579
-0.18598553037337,0.39282693935796,-0.05074933001009,                 91P   1580
-0.18699628197499,0.39224338164868,-0.04660079550702,                 91P   1581
-0.18902748301487,0.39107066718152,-0.03858122795386,                 91P   1582
-0.19004561350449,0.39048284926927,-0.03470400453158,                 91P   1583
-0.19318111678346,0.38867256560712,-0.0234323737756,                  91P   1584
-0.19539157310781,0.38739635805322,-0.0164268570172,                  91P   1585
-0.20037047819241,0.38452178586235,-0.00326583798454,                 91P   1586
-0.20313013911154,0.38292849488783,0.00290309423736,                  91P   1587
-0.20938055855736,0.37931981353823,0.0147526524673,                   91P   1588
-0.21284095298674,0.37732195388293,0.02045110571259,                  91P   1589
-0.22065075153754,0.3728129645873,0.0317367088121,                    91P   1590
-0.22499673443955,0.37030381018894,0.03732318210885,                  91P   1591
-0.23200089673557,0.36625995520188,0.04601228970087,                  91P   1592
-0.23441958710442,0.36486352366634,0.04896426485236,                  91P   1593
-0.23935096057939,0.36201639386309,0.05505114920954,                  91P   1594
-0.24186728652597,0.36056359240046,0.05817873566272,                  91P   1595
-0.2456000839129,0.35840846082429,0.06310113602908,                   91P   1596
-0.24683666625445,0.35769451967652,0.06478224015795,                  91P   1597
-0.24926261015194,0.35629390031426,0.06821872368237,                  91P   1598
-0.25045777154073,0.35560387356472,0.06996779694248,                  91P   1599
-0.25209518350505,0.35465851332635,0.07276079789966,                  91P   1600
-0.25261678227144,0.35435736813816,0.07371431943733,                  91P   1601
-0.25361628583385,0.35378030448735,0.07560295943235,                  91P   1602
-0.25411264111255,0.35349373363358,0.07651575257496,                  91P   1603
-0.25466997370855,0.35317195750925,0.07801469812653,                  91P   1604
-0.25482332836091,0.35308341815943,0.07853771145864,                  91P   1605
-0.25503064407608,0.35296372437547,0.07966347380232,                  91P   1606
-0.25508415994449,0.35293282697444,0.08026132061827,                  91P   1607
-0.25503499901338,0.35296121005125,0.08132473948685,                  91P   1608
-0.25493232221387,0.35302049052909,0.08179031153948,                  91P   1609
-0.25451486725737,0.35326150826059,0.08238697482989,                  91P   1610
-0.2541888562657,0.35344973079439,0.08249483440939,                   91P   1611
-0.25379599899088,0.35367654704776,0.08245631554254,                  91P   1612
-0.28640316514386,0.64299028568163,-0.10483036189092,                 91P   1613
-0.29294614038907,0.63921269716251,-0.09776145869731,                 91P   1614
-0.2992268505867,0.6355865274392,-0.09014553578701,                   91P   1615
-0.30881431719206,0.63005120101375,-0.07850309821927,                 91P   1616
-0.31202875753769,0.62819534301491,-0.07457706569575,                 91P   1617
-0.31844598908865,0.62449035265151,-0.06659529834135,                 91P   1618
-0.32164660373925,0.62264247692141,-0.06253954902334,                 91P   1619
-0.33120319069787,0.61712497886832,-0.05020429297748,                 91P   1620
-0.33752258206652,0.61347647656051,-0.04175597744364,                 91P   1621
-0.34990632921673,0.60632671680976,-0.02447572131277,                 91P   1622
-0.35597004542844,0.60282582862264,-0.01564569246082,                 91P   1623
-0.36765859726993,0.59607744007052,0.00232633057602,                  91P   1624
-0.37329889384334,0.59282101332555,0.01145857386594,                  91P   1625
-0.38408475073395,0.58659379594632,0.02985294258016,                  91P   1626
-0.38926377290506,0.58360368610169,0.03909117181412,                  91P   1627
-0.3965808369246,0.57937917722033,0.05299583211273,                   91P   1628
-0.39894035390059,0.57801690945908,0.05764052097519,                  91P   1629
-0.40346168623301,0.57540651701987,0.06696423233446,                  91P   1630
-0.4056285774109,0.57415546181501,0.07163549505534,                   91P   1631
-0.40864584884601,0.57241343933973,0.07872926837003,                  91P   1632
-0.40961194383988,0.57185566413496,0.08111017407381,                  91P   1633
-0.41143647413062,0.57080227108045,0.08589543545021,                  91P   1634
-0.41230032501469,0.57030352654,0.08829244160867,                     91P   1635
-0.41340735634753,0.56966438170198,0.09203588477339,                  91P   1636
-0.41374604582277,0.56946883924228,0.09330217343814,                  91P   1637
-0.41436160018167,0.56911344876747,0.09580416840259,                  91P   1638
-0.4146552554442,0.5689439068226,0.09701400671529,                    91P   1639
-0.41490472898908,0.5687998732043,0.09897665274779,                   91P   1640
-0.41495496702425,0.56877086826117,0.09965750023393,                  91P   1641
-0.41495730984399,0.56876951563357,0.10111163812381,                  91P   1642
-0.41490842429489,0.5687977397185,0.10187989326908,                   91P   1643
-0.41463072848445,0.56895806746941,0.10329635800728,                  91P   1644
-0.4144019182231,0.56909017113539,0.10394456760022,                   91P   1645
-0.41368456219382,0.569504336832,0.1049185232808,                     91P   1646
-0.41318183371313,0.56979458725566,0.10522171543006,                  91P   1647
-0.41259230637328,0.57013495102401,0.10537969977691,                  91P   1648
-0.42673636513587,1.15838218263073,-0.18791876501529,                 91P   1649
-0.4427099504685,1.14915982883902,-0.17236729249274,                  91P   1650
-0.45786249602232,1.14041150258461,-0.15601419075597,                 91P   1651
-0.48079818194219,1.12716957814473,-0.13218760129081,                 91P   1652
-0.48846028518097,1.12274586077726,-0.12433771192303,                 91P   1653
-0.50378146259024,1.11390017487571,-0.10875368799065,                 91P   1654
-0.51143618725093,1.10948071753229,-0.10101129321699,                 91P   1655
-0.5344284034256,1.09620615533458,-0.0779348302694,                   91P   1656
-0.54981379283362,1.08732339661827,-0.06278831480486,                 91P   1657
-0.58083493798156,1.06941333011654,-0.03287638099163,                 91P   1658
-0.59646204211923,1.060391017336,-0.0180969185191,                    91P   1659
-0.62793609674855,1.04221946342327,0.01142379008145,                  91P   1660
-0.6437709832339,1.03307718744837,0.026169782873,                     91P   1661
-0.67574737222136,1.01461561065875,0.05577058835491,                  91P   1662
-0.69192124367914,1.00527762161876,0.07057583812928,                  91P   1663
-0.71615789243161,0.99128458593727,0.09329856397,                     91P   1664
-0.72423171383338,0.98662316297756,0.10096699389207,                  91P   1665
-0.74025609325012,0.97737148320772,0.11662539379264,                  91P   1666
-0.74821315323507,0.97277747248345,0.12459360313038,                  91P   1667
-0.75986169326416,0.96605218476199,0.13703914991855,                  91P   1668
-0.76369582548654,0.96383854749129,0.14127486386968,                  91P   1669
-0.77118971664381,0.95951194741436,0.14992339579552,                  91P   1670
-0.77485906689144,0.95739344706114,0.15431542223758,                  91P   1671
-0.78002817259669,0.95440906249074,0.16141705880352,                  91P   1672
-0.78169535107123,0.95344651654968,0.16385444294659,                  91P   1673
-0.78488442638657,0.9516053030579,0.16871002093152,                   91P   1674
-0.78643489197003,0.95071014133592,0.17105651625488,                  91P   1675
-0.78838185649377,0.94958606084404,0.17505607590219,                  91P   1676
-0.78896601540109,0.94924879654165,0.17647461077588,                  91P   1677
-0.78994493534132,0.94868361685064,0.17959515754478,                  91P   1678
-0.79033509302214,0.94845835920859,0.18128573878673,                  91P   1679
-0.79063619116706,0.94828452011357,0.18449184352622,                  91P   1680
-0.79054713163115,0.9483359386606,0.18600736702376,                   91P   1681
-0.78960918270444,0.94887746372592,0.18842768281499,                  91P   1682
-0.78871641062612,0.94939290592567,0.18928705534992,                  91P   1683
-0.78755360209027,0.95006425374686,0.18985382430593,                  91P   1684
-0.7315772285295,1.57921773806044,-0.07191369628394,                  91P   1685
-0.74345575974624,1.57235966486488,-0.06707994613744,                 91P   1686
-0.75509706112769,1.56563855637858,-0.06151188944744,                 91P   1687
-0.77264568771077,1.55550685209693,-0.05339120631356,                 91P   1688
-0.77850366263537,1.5521247486973,-0.05070494131481,                  91P   1689
-0.79021585759796,1.54536270978285,-0.04531515471648,                 91P   1690
-0.79606860864479,1.54198362239047,-0.04260738736694,                 91P   1691
-0.81362037560187,1.53185010501304,-0.03446213662394,                 91P   1692
-0.82531929085606,1.52509573314181,-0.02902114440944,                 91P   1693
-0.84869922055022,1.51159732443925,-0.01810787677009,                 91P   1694
-0.86037835882478,1.50485437081253,-0.01262958301094,                 91P   1695
-0.88366190054101,1.49141161173498,-0.00150692430859,                 91P   1696
-0.89526796313355,1.48471084837294,0.00413416931289,                  91P   1697
-0.91840714705141,1.47135143430914,0.01555112421745,                  91P   1698
-0.92995713745479,1.46468304424061,0.02128606842401,                  91P   1699
-0.94714862243417,1.45475753575999,0.03018810700383,                  91P   1700
-0.95285598379067,1.45146238914446,0.03321031702998,                  91P   1701
-0.96418523253014,1.44492144433501,0.03944767125969,                  91P   1702
-0.96980778964121,1.4416752594734,0.04264921589124,                   91P   1703
-0.97811005667597,1.43688194336599,0.04776711587308,                  91P   1704
-0.98085578773991,1.43529669479711,0.049528649535,                    91P   1705
-0.98626189271937,1.43217547863195,0.05317875527131,                  91P   1706
-0.98892441816712,1.43063826884796,0.05505365477416,                  91P   1707
-0.99279973282149,1.42840085488907,0.05821650825239,                  91P   1708
-0.99406932691329,1.42766785439841,0.05932055171194,                  91P   1709
-0.99652048423005,1.42625267806175,0.06154533501324,                  91P   1710
-0.99770688944514,1.42556770669145,0.06261984638155,                  91P   1711
-0.99934626156835,1.42462121475481,0.06457781313029,                  91P   1712
-0.99986922815334,1.42431927985619,0.06529154584183,                  91P   1713
-1.00085226335982,1.42375172421511,0.06691694118601,                  91P   1714
-1.00130795963463,1.42348862784818,0.06782314218696,                  91P   1715
-1.0019220037074,1.42313410933747,0.06963627212326,                   91P   1716
-1.00208035150536,1.42304268719369,0.07054320105861,                  91P   1717
-1.00187399280445,1.42316182844521,0.0721715081404,                   91P   1718
-1.00147753744397,1.4233907220543,0.07287651739319,                   91P   1719
-1.00088327847827,1.42373381762812,0.0734730099795,                   91P   1720
-1.01038587966652,1.88001723902016,-0.01401032527425,                 91P   1721
-1.01522269219913,1.87722470400244,-0.01332094642926,                 91P   1722
-1.02002091626248,1.87445444804783,-0.01233300436694,                 91P   1723
-1.02723222790226,1.87029099533139,-0.01095144176947,                 91P   1724
-1.02963735803272,1.86890239280313,-0.01050028158845,                 91P   1725
-1.03444701417434,1.86612553653506,-0.00959282065338,                 91P   1726
-1.03685130171323,1.86473742047727,-0.00913474295346,                 91P   1727
-1.04406315457247,1.86057365528764,-0.00775402107538,                 91P   1728
-1.0488707555456,1.85779798557164,-0.00683262281073,                  91P   1729
-1.05848328635099,1.85224818832356,-0.00498287388667,                 91P   1730
-1.06328793122842,1.84947422531021,-0.00405198276253,                 91P   1731
-1.07288495693064,1.84393337993762,-0.00212547097857,                 91P   1732
-1.07767756932182,1.84116636388345,-0.00113105385892,                 91P   1733
-1.08725055822543,1.835639396163,0.00091247342695,                    91P   1734
-1.09203420646979,1.83287755556141,0.00194461123149,                  91P   1735
-1.09918532892235,1.82874885308841,0.00361873477449,                  91P   1736
-1.10156503746016,1.82737492772351,0.00419970960786,                  91P   1737
-1.10630761765622,1.82463679777066,0.00544315135101,                  91P   1738
-1.10866974375559,1.82327302363134,0.00610040843973,                  91P   1739
-1.11218717541733,1.82124223351457,0.00721886907794,                  91P   1740
-1.11335566668127,1.82056760476879,0.00761488616983,                  91P   1741
-1.11566993621108,1.81923146063278,0.00846344296229,                  91P   1742
-1.11681553308644,1.81857004996841,0.0089106002366,                   91P   1743
-1.1185148518082,1.81758894784696,0.00972561426359,                   91P   1744
-1.11907656152965,1.81726464458807,0.01001829174895,                  91P   1745
-1.12016796415387,1.81663452298919,0.01061856379112,                  91P   1746
-1.12069612430338,1.81632958958469,0.01090819618156,                  91P   1747
-1.12146055702708,1.81588824414589,0.01148729754885,                  91P   1748
-1.12171093445612,1.81574368866983,0.01170572948383,                  91P   1749
-1.12220231511632,1.81545998991339,0.01222360743368,                  91P   1750
-1.12244126636546,1.81532203134538,0.01252141118083,                  91P   1751
-1.12280672737371,1.81511103233389,0.01314616840901,                  91P   1752
-1.12293323713281,1.81503799189041,0.01347312189004,                  91P   1753
-1.12297485183287,1.81501396563213,0.01410759877543,                  91P   1754
-1.12287675195673,1.81507060362203,0.01441200967299,                  91P   1755
-1.12269591589664,1.81517500937,0.01469456507772,                     91P   1756
-1.05686350421686,1.93016075577806,-0.00435778713738,                 91P   1757
-1.06052645662765,1.92804594921766,-0.00435927829433,                 91P   1758
-1.06418393424335,1.92593430353168,-0.004134844994,                   91P   1759
-1.069672007236,1.92276576311204,-0.00387669916574,                   91P   1760
-1.07150154538493,1.92170947876926,-0.00379813274078,                 91P   1761
-1.07516054279894,1.91959695562732,-0.00363787906934,                 91P   1762
-1.07698996872021,1.91854073607921,-0.00355482642859,                 91P   1763
-1.08247814965119,1.91537213334135,-0.00330175690836,                 91P   1764
-1.08613696303646,1.91325971644845,-0.00313377856044,                 91P   1765
-1.09345445746483,1.90903495907044,-0.00279492543619,                 91P   1766
-1.09711311880918,1.90692262995841,-0.00262208995876,                 91P   1767
-1.10442859137411,1.90269903990379,-0.00222858320187,                 91P   1768
-1.10808539618164,1.90058778266379,-0.00200877076174,                 91P   1769
-1.11539688955461,1.89636648999673,-0.00152780133709,                 91P   1770
-1.11905258316355,1.89425587430753,-0.00127962511119,                 91P   1771
-1.12452996917369,1.89109350402012,-0.00081040077054,                 91P   1772
-1.12635495533216,1.89003984777026,-0.00063638179118,                 91P   1773
-1.12999953262784,1.88793565008752,-0.00022542924319,                 91P   1774
-1.13181814227671,1.8868856753172,0.00000769308256,                   91P   1775
-1.1345379380649,1.88531540048674,0.00045944399183,                   91P   1776
-1.13544350219601,1.88479257279187,0.00062782838223,                  91P   1777
-1.13724236029001,1.88375400158707,0.00100936473094,                  91P   1778
-1.1381350839623,1.88323858733456,0.00121851623685,                   91P   1779
-1.13947166242629,1.88246691339858,0.00164214355444,                  91P   1780
-1.13991536725853,1.88221074029425,0.00179956568469,                  91P   1781
-1.14078009769083,1.88171148794638,0.00212903040408,                  91P   1782
-1.14119852786282,1.88146990717395,0.00228782284281,                  91P   1783
-1.14181710749069,1.88111277005929,0.00263706625109,                  91P   1784
-1.14202204408998,1.88099444985852,0.00277293115152,                  91P   1785
-1.14243146554513,1.88075807027118,0.00310618506827,                  91P   1786
-1.14263428522559,1.88064097227406,0.00330256850789,                  91P   1787
-1.14295830723869,1.88045389807758,0.00372922305766,                  91P   1788
-1.14307950957132,1.88038392187821,0.00395949416781,                  91P   1789
-1.14316246163512,1.88033602948184,0.00442829876667,                  91P   1790
-1.14311409785622,1.88036395232261,0.00466592959887,                  91P   1791
-1.14300217972428,1.88042856828621,0.004896151425,0.,1.,0.,1.;        91P   1792
508,4,0,73,1,0,0,0,73,6,1,0,0,73,3,1,0,0,73,2,0,0;                    93P   1793
510,91,1,1,93;                                                        95P   1794
116,0.,-0.,-0.09;                                                     97P   1795
123,0.,0.,1.;                                                         99P   1796
123,-1.,0.,0.;                                                       101P   1797
192,97,99,0.25,101;                                                  103P   1798
508,2,0,73,5,0,0,0,73,6,0,0;                                         105P   1799
510,103,1,1,105;                                                     107P   1800
514,4,77,1,89,0,95,1,107,0;                                          109P   1801
186,109,1,0;                                                         111P   1802
116,-0.14330127018922,0.14820508075689,0.0866;                       113P   1803
123,0.5,-0.86602540378444,0.;                                        115P   1804
123,0.,0.,1.;                                                        117P   1805
190,113,115,117;                                                     119P   1806
110,-0.25,0.,-0.15,-0.25,0.,0.15;                                    121P   1807
502,30,0.15,0.,0.15,0.,-0.15,-0.15,0.25,0.,-0.15,0.25,0.,            123P   1808
0.08928802600719,0.2,0.05,0.0866,-0.16475972828761,                  123P   1809
0.18802721062281,0.08582500538286,0.,0.25,-0.15,0.25,0.,0.15,        123P   1810
-0.08022962713905,0.23677670267391,-0.08575179719581,                123P   1811
-0.05669872981078,0.19820508075689,-0.0866,-0.25,0.,-0.15,0.,        123P   1812
-0.25,-0.15,0.,-0.25,0.15,0.,0.25,0.15,-0.15,0.,0.15,                123P   1813
-0.14330127018922,0.14820508075689,0.0866,0.,0.15,-0.15,             123P   1814
0.24521620514588,0.04867250490629,0.08582500538286,0.2,-0.05,        123P   1815
-0.0866,-0.05669872981078,-0.19820508075689,0.0866,-0.25,0.,         123P   1816
0.15,-0.1649398259704,-0.18786924657552,-0.08575179719581,0.,        123P   1817
-0.15,0.15,0.15,0.,-0.15,0.,0.15,0.15,0.24516945310944,              123P   1818
-0.04890745609839,-0.08575179719581,0.25,0.,-0.08725304527306,       123P   1819
-0.14330127018922,-0.14820508075689,-0.0866,-0.08045647685827,       123P   1820
-0.23669971552909,0.08582500538286,-0.15,0.,-0.15;                   123P   1821
124,1.,0.,-0.,0.,0.,-1.,-0.,0.,-0.,0.,-1.,-0.15;                     125P   1822
100,0.,0.,0.,-0.,0.25,-0.25,0.;                                      127P   1823
110,0.,-0.25,-0.15,0.,-0.25,0.15;                                    129P   1824
124,1.,0.,0.,0.,0.,-1.,0.,0.,0.,-0.,-1.,0.15;                        131P   1825
100,0.,0.,0.,-0.,0.25,-0.25,0.;                                      133P   1826
124,0.,-1.,0.,0.,-1.,0.,-0.,-0.,0.,-0.,-1.,0.15;                     135P   1827
100,0.,0.,0.,-0.,0.25,-0.25,0.;                                      137P   1828
110,0.,0.25,-0.15,0.,0.25,0.15;                                      139P   1829
124,0.,-1.,-0.,0.,-1.,0.,0.,-0.,-0.,0.,-1.,-0.15;                    141P   1830
100,0.,0.,0.,-0.,0.25,-0.25,0.;                                      143P   1831
124,1.,0.,0.,0.,0.,-1.,0.,0.,0.,-0.,-1.,-0.15;                       145P   1832
100,0.,0.,0.,-0.,-0.25,0.25,-0.;                                     147P   1833
124,0.,-1.,0.,0.,-1.,0.,-0.,0.,0.,-0.,-1.,-0.15;                     149P   1834
100,0.,0.,0.,-0.,-0.25,0.25,-0.;                                     151P   1835
124,0.,1.,0.,0.,-1.,0.,0.,0.,0.,-0.,1.,-0.15;                        153P   1836
100,0.,0.,0.,0.,-0.15,0.15,-0.;                                      155P   1837
124,1.,0.,-0.,-0.,0.,1.,0.,0.,0.,-0.,1.,-0.15;                       157P   1838
100,0.,0.,0.,0.,-0.15,0.15,-0.;                                      159P   1839
124,0.,1.,-0.,0.,-1.,0.,-0.,0.,-0.,0.,1.,-0.15;                      161P   1840
100,0.,0.,0.,0.,0.15,-0.15,0.;                                       163P   1841
124,1.,0.,0.,0.,0.,1.,-0.,0.,-0.,0.,1.,-0.15;                        165P   1842
100,0.,0.,0.,0.,0.15,-0.15,0.;                                       167P   1843
124,0.,-1.,-0.,0.,-1.,0.,0.,0.,-0.,0.,-1.,0.15;                      169P   1844
100,0.,0.,0.,-0.,-0.25,0.25,-0.;                                     171P   1845
124,1.,0.,-0.,0.,0.,-1.,-0.,0.,-0.,0.,-1.,0.15;                      173P   1846
100,0.,0.,0.,-0.,-0.25,0.25,-0.;                                     175P   1847
124,0.,1.,-0.,0.,-1.,0.,-0.,0.,-0.,0.,1.,0.15;                       177P   1848
100,0.,0.,0.,0.,-0.15,0.15,-0.;                                      179P   1849
124,1.,0.,-0.,0.,0.,1.,0.,0.,0.,-0.,1.,0.15;                         181P   1850
100,0.,0.,0.,0.,0.15,-0.15,0.;                                       183P   1851
124,0.,1.,0.,0.,-1.,0.,0.,0.,0.,-0.,1.,0.15;                         185P   1852
100,0.,0.,0.,0.,0.15,-0.15,0.;                                       187P   1853
124,1.,0.,0.,-0.,0.,1.,-0.,0.,-0.,0.,1.,0.15;                        189P   1854
100,0.,0.,0.,0.,-0.15,0.15,-0.;                                      191P   1855
110,-0.15,0.,-0.15,-0.15,0.,0.15;                                    193P   1856
110,0.,-0.15,-0.15,0.,-0.15,0.15;                                    195P   1857
110,0.,0.15,-0.15,0.,0.15,0.15;                                      197P   1858
110,0.25,0.,0.08928802600719,0.25,0.,0.15;                           199P   1859
110,0.25,0.,-0.15,0.25,0.,-0.08725304527306;                         201P   1860
110,0.15,0.,-0.15,0.15,0.,0.15;                                      203P   1861
126,19,3,0,0,1,0,0.,0.,0.,0.,0.00311611934682,0.00311611934682,      205P   1862
0.00623223869364,0.00623223869364,0.01246447738728,                  205P   1863
0.01246447738728,0.01869671608093,0.01869671608093,                  205P   1864
0.02492895477457,0.02492895477457,0.03116119346821,                  205P   1865
0.03116119346821,0.03739343216185,0.03739343216185,                  205P   1866
0.04362567085549,0.04362567085549,0.04985790954914,                  205P   1867
0.04985790954914,0.04985790954914,0.04985790954914,1.,1.,1.,1.,      205P   1868
1.,1.,1.,1.,1.,1.,1.,1.,1.,1.,1.,1.,1.,1.,1.,1.,                     205P   1869
0.24521620514588,0.04867250490629,0.08582500538286,                  205P   1870
0.24540148597291,0.04773904439554,0.08627663583769,                  205P   1871
0.2455852148653,0.04678528403515,0.08665908814256,                   205P   1872
0.24594448823548,0.04485832441447,0.08736161036329,                  205P   1873
0.24611973206925,0.04388695248874,0.08768816137297,                  205P   1874
0.24663130138078,0.04095057544861,0.08859913591494,                  205P   1875
0.24695360786678,0.03896236759173,0.08911154851564,                  205P   1876
0.24755578759151,0.03493254294669,0.0899764760814,                   205P   1877
0.24783644194803,0.03288387624728,0.09032859734801,                  205P   1878
0.24834510757778,0.02879164491115,0.09087313747352,                  205P   1879
0.24857405352568,0.02674300713746,0.09106625502738,                  205P   1880
0.24898121158557,0.02264077724648,0.09130783612546,                  205P   1881
0.24915942390281,0.02058718474339,0.09135623635099,                  205P   1882
0.24946507220965,0.0164750855135,0.09131523238784,                   205P   1883
0.2495925082395,0.01441658146953,0.09122625014044,                   205P   1884
0.24979647370403,0.01029464499543,0.09090988284965,                  205P   1885
0.24987300317019,0.00823121339192,0.09068262757344,                  205P   1886
0.24997492991103,0.00409939058484,0.0900876249316,0.25,              205P   1887
0.00204326156737,0.08972157017316,0.25,0.,0.08928802600719,0.,       205P   1888
0.04985790954914;                                                    205P   1889
126,65,3,0,0,1,0,0.,0.,0.,0.,0.01436903305942,0.01436903305942,      207P   1890
0.02873806611884,0.02873806611884,0.04310709917826,                  207P   1891
0.04310709917826,0.05029161570798,0.05029161570798,                  207P   1892
0.05388387397283,0.05388387397283,0.05747613223769,                  207P   1893
0.05747613223769,0.07184516529711,0.07184516529711,                  207P   1894
0.08621419835653,0.08621419835653,0.09339871488624,                  207P   1895
0.09339871488624,0.0969909731511,0.0969909731511,                    207P   1896
0.10058323141595,0.10058323141595,0.11495226447537,                  207P   1897
0.11495226447537,0.12213678100508,0.12213678100508,                  207P   1898
0.12572903926994,0.12572903926994,0.12932129753479,                  207P   1899
0.12932129753479,0.14369033059422,0.14369033059422,                  207P   1900
0.15087484712393,0.15087484712393,0.15446710538878,                  207P   1901
0.15446710538878,0.15805936365364,0.15805936365364,                  207P   1902
0.16524388018335,0.16524388018335,0.17242839671306,                  207P   1903
0.17242839671306,0.17961291324277,0.17961291324277,                  207P   1904
0.18320517150763,0.18320517150763,0.18679742977248,                  207P   1905
0.18679742977248,0.2011664628319,0.2011664628319,                    207P   1906
0.20835097936161,0.20835097936161,0.21194323762647,                  207P   1907
0.21194323762647,0.21553549589132,0.21553549589132,                  207P   1908
0.22272001242104,0.22272001242104,0.22631227068589,                  207P   1909
0.22631227068589,0.22810839981832,0.22810839981832,                  207P   1910
0.22990452895075,0.22990452895075,0.22990452895075,                  207P   1911
0.22990452895075,1.,1.,1.,1.,1.,1.,1.,1.,1.,1.,1.,1.,1.,1.,1.,       207P   1912
1.,1.,1.,1.,1.,1.,1.,1.,1.,1.,1.,1.,1.,1.,1.,1.,1.,1.,1.,1.,1.,      207P   1913
1.,1.,1.,1.,1.,1.,1.,1.,1.,1.,1.,1.,1.,1.,1.,1.,1.,1.,1.,1.,1.,      207P   1914
1.,1.,1.,1.,1.,1.,1.,1.,1.,0.25,0.,-0.08725304527306,0.25,           207P   1915
0.00466523802012,-0.08611856355881,0.24986982099243,                 207P   1916
0.00923031859724,-0.08467288712091,0.24937777912024,                 207P   1917
0.01818926895878,-0.08126137678287,0.24901984472916,                 207P   1918
0.02251285145389,-0.07930999642563,0.24812099823849,                 207P   1919
0.03088173865983,-0.07496514696206,0.2475797606613,                  207P   1920
0.03492721867533,-0.07257205169973,0.24665801518305,                 207P   1921
0.04078891601077,-0.06864871016521,0.24633245095445,                 207P   1922
0.04270816060165,-0.06728490824753,0.24582036404928,                 207P   1923
0.04553311391152,-0.06515102196533,0.24564568201586,                 207P   1924
0.04646594919343,-0.06442532957833,0.24528892139183,                 207P   1925
0.0483138755423,-0.06294483137883,0.24510690809102,                  207P   1926
0.04922851865699,-0.06219024083539,0.24418616067419,                 207P   1927
0.05372721865876,-0.05836821625728,0.24341053351478,                 207P   1928
0.05711359433319,-0.05513608519588,0.24183671831262,                 207P   1929
0.06344802723005,-0.04829938819992,0.24103820508312,                 207P   1930
0.06639633261803,-0.04469510676119,0.23987375348208,                 207P   1931
0.07044540236328,-0.03895997385947,0.23949072910406,                 207P   1932
0.07173449868259,-0.03699498075816,0.23892880345811,                 207P   1933
0.07357607481433,-0.03396548150265,0.23874332907467,                 207P   1934
0.0741754136013,-0.03293957111149,0.2383799674528,                   207P   1935
0.07533498707626,-0.03086932251606,0.23820224603965,                 207P   1936
0.07589473551115,-0.02982605437839,0.23733628237912,                 207P   1937
0.07859149707633,-0.02456794925584,0.23671565890684,                 207P   1938
0.08042460911358,-0.02022863663748,0.23595112374681,                 207P   1939
0.08262973092845,-0.01349085287612,0.23572407343203,                 207P   1940
0.08327362121042,-0.01120663165027,0.23543308529375,                 207P   1941
0.08409129589491,-0.00771749323287,0.23534433352013,                 207P   1942
0.0843392003489,-0.00654090798987,0.23518419464261,                  207P   1943
0.08478473108899,-0.00418221294341,0.23511299542692,                 207P   1944
0.08498183838527,-0.00300196718633,0.23480140230703,                 207P   1945
0.08584193065162,0.00290366476209,0.23469457965305,                  207P   1946
0.086130502751,0.00764220475732,0.23474415678927,                    207P   1947
0.08599525079306,0.01477005365354,0.23479557719919,                  207P   1948
0.08585510750247,0.01714935392379,0.23492406547832,                  207P   1949
0.08550262626539,0.02072330918939,0.23497556683074,                  207P   1950
0.08536107820081,0.02191767051878,0.23509494697818,                  207P   1951
0.08503173868833,0.02429747125286,0.23516264793559,                  207P   1952
0.08484443696703,0.02548011569475,0.23538853724251,                  207P   1953
0.08421659223787,0.0290069630142,0.23556991940797,                   207P   1954
0.08370908918625,0.03132974816592,0.23598967817666,                  207P   1955
0.08251830303845,0.03591947731073,0.23622749517295,                  207P   1956
0.08183656101426,0.03818691677111,0.2367512797427,                   207P   1957
0.08030867782823,0.04267007776783,0.2370373551439,                   207P   1958
0.07946221560615,0.04488569694361,0.2374969893218,                   207P   1959
0.07807315751103,0.04817201245028,0.23765556599996,                  207P   1960
0.07758936197871,0.04926304831581,0.23798022837293,                  207P   1961
0.07658778000825,0.05142003233272,0.23814640118744,                  207P   1962
0.07606974795039,0.05248676017855,0.23899421197106,                  207P   1963
0.07339486271256,0.05776294697932,0.2397263538109,                   207P   1964
0.07098613031405,0.06180158252972,0.24086770776143,                  207P   1965
0.06696779979859,0.0675917778012,0.24125531328246,                   207P   1966
0.06556072606008,0.06947716452149,0.24184285851475,                  207P   1967
0.06334520923125,0.07223686071971,0.24203973948763,                  207P   1968
0.06258915670958,0.07314532024302,0.24243474701474,                  207P   1969
0.06104122761509,0.07493904479078,0.24263269626235,                  207P   1970
0.06024999800607,0.07582374409923,0.24322418623982,                  207P   1971
0.05783377429369,0.0784218887424,0.24361713188573,                   207P   1972
0.05615941895943,0.08008247744644,0.24420003422029,                  207P   1973
0.05354568244341,0.08245943458875,0.24439212236804,                  207P   1974
0.05266322796402,0.08323964077365,0.24469060040513,                  207P   1975
0.0512517447231,0.08430801492859,0.2447917777548,                    207P   1976
0.05076666553008,0.08464721575819,0.24500022923362,                  207P   1977
0.0497509443214,0.08527253471991,0.24510730976922,                   207P   1978
0.04922112904377,0.0855596371815,0.24521620514588,                   207P   1979
0.04867250490629,0.08582500538286,0.,0.22990452895075;               207P   1980
126,61,3,0,0,1,0,0.,0.,0.,0.,0.01448430925724,0.01448430925724,      209P   1981
0.01810538657155,0.01810538657155,0.02172646388586,                  209P   1982
0.02172646388586,0.02896861851448,0.02896861851448,                  209P   1983
0.04345292777172,0.04345292777172,0.05069508240034,                  209P   1984
0.05069508240034,0.05431615971465,0.05431615971465,                  209P   1985
0.05793723702897,0.05793723702897,0.07242154628621,                  209P   1986
0.07242154628621,0.08690585554345,0.08690585554345,                  209P   1987
0.09052693285776,0.09052693285776,0.09414801017207,                  209P   1988
0.09414801017207,0.10139016480069,0.10139016480069,                  209P   1989
0.11587447405793,0.11587447405793,0.11949555137224,                  209P   1990
0.11949555137224,0.12311662868655,0.12311662868655,                  209P   1991
0.13035878331517,0.13035878331517,0.14484309257241,                  209P   1992
0.14484309257241,0.15208524720103,0.15208524720103,                  209P   1993
0.15932740182965,0.15932740182965,0.16656955645827,                  209P   1994
0.16656955645827,0.17381171108689,0.17381171108689,                  209P   1995
0.1774327884012,0.1774327884012,0.18105386571551,                    209P   1996
0.18105386571551,0.18829602034414,0.18829602034414,                  209P   1997
0.20278032960138,0.20278032960138,0.21002248423,0.21002248423,       209P   1998
0.21364356154431,0.21364356154431,0.21726463885862,                  209P   1999
0.21726463885862,0.23174894811586,0.23174894811586,                  209P   2000
0.23174894811586,0.23174894811586,1.,1.,1.,1.,1.,1.,1.,1.,1.,1.,     209P   2001
1.,1.,1.,1.,1.,1.,1.,1.,1.,1.,1.,1.,1.,1.,1.,1.,1.,1.,1.,1.,1.,      209P   2002
1.,1.,1.,1.,1.,1.,1.,1.,1.,1.,1.,1.,1.,1.,1.,1.,1.,1.,1.,1.,1.,      209P   2003
1.,1.,1.,1.,1.,1.,1.,1.,1.,1.,0.25,0.,0.08928802600719,0.25,         209P   2004
-0.00474150452424,0.08828196214477,0.24986557132641,                 209P   2005
-0.00937657331567,0.08693625042763,0.24954868574265,                 209P   2006
-0.01505817669756,0.08489675122088,0.2494777427761,                  209P   2007
-0.01619021821647,0.08447053284511,0.24932181993401,                 209P   2008
-0.01843630687926,0.08358374080712,0.24923695785273,                 209P   2009
-0.01954899354881,0.08312371815243,0.24896274841049,                 209P   2010
-0.02285710256596,0.08169549683138,0.24875379085974,                 209P   2011
-0.02502264542709,0.08067926738293,0.24805644363014,                 209P   2012
-0.03140582396001,0.07744731366,0.24749755583608,                    209P   2013
-0.03551097924665,0.07505003120582,0.24654822604029,                 209P   2014
-0.04144863911345,0.07109282063759,0.2462132740358,                  209P   2015
-0.04339093357284,0.06971310509391,0.24568703117181,                 209P   2016
-0.04624737907079,0.06754885326773,0.24550740340102,                 209P   2017
-0.04719122072277,0.06681043116151,0.24514291926708,                 209P   2018
-0.04904941968292,0.06531120262527,0.24495791087133,                 209P   2019
-0.04996468644573,0.06454962806714,0.24402109244928,                 209P   2020
-0.05447269298423,0.06068225487875,0.24323370057934,                 209P   2021
-0.05786227538769,0.05739967056274,0.24163839536045,                 209P   2022
-0.06419939172754,0.05043711517603,0.24083011730081,                 209P   2023
-0.06714722674423,0.04675749942252,0.23984883176394,                 209P   2024
-0.07051972325266,0.04186749707667,0.23965420511024,                 209P   2025
-0.07117803774248,0.04087441454785,0.23926830737686,                 209P   2026
-0.07246466841781,0.03886022055443,0.23907720611101,                 209P   2027
-0.07309236287907,0.0378395421175,0.23851507961375,                  209P   2028
-0.07491443632048,0.03475709095303,0.23815377145851,                 209P   2029
-0.07605274763445,0.0326675116738,0.23712365410164,                  209P   2030
-0.07922960176683,0.02628924054945,0.23650823778637,                 209P   2031
-0.0810320097641,0.02189190667186,0.23587835761415,                  209P   2032
-0.08283445074938,0.01618264874336,0.23575938314786,                 209P   2033
-0.08317225673574,0.0150300972681,0.23553683139272,                  209P   2034
-0.08380043013166,0.01270250978056,0.23543302807328,                 209P   2035
-0.08409142514538,0.011524338407,0.23514943077913,                   209P   2036
-0.08488261993598,0.00798769532137,0.23499715180397,                 209P   2037
-0.08530214718086,0.0056222564192,0.23464469073246,                  209P   2038
-0.08626899668848,-0.00149492275176,0.23455148565202,                209P   2039
-0.08651947860687,-0.00626790848178,0.23462405161004,                209P   2040
-0.08632241485316,-0.01346851872112,0.23468360568919,                209P   2041
-0.08616078397082,-0.01587673374445,0.23487240273296,                209P   2042
-0.08564478914792,-0.02070239686533,0.23500034057967,                209P   2043
-0.08529394693731,-0.02308829069597,0.23531690011853,                209P   2044
-0.08441666882382,-0.02780937946722,0.23550560999247,                209P   2045
-0.08389001136965,-0.03014450939397,0.23594060280816,                209P   2046
-0.08265868552092,-0.03476372768994,0.23618624397751,                209P   2047
-0.08195577528925,-0.0370483267665,0.23659106870962,                 209P   2048
-0.08077647518743,-0.04043976656729,0.23673207661216,                209P   2049
-0.0803625174848,-0.04156432710324,0.23702531616126,                 209P   2050
-0.0794934576695,-0.04380183828579,0.23717782630273,                 209P   2051
-0.07903750952484,-0.04491670183571,0.23764845456867,                209P   2052
-0.07761577705228,-0.04822723967623,0.23797946873418,                209P   2053
-0.07659681079502,-0.05038866992857,0.23901219672503,                209P   2054
-0.07333734157002,-0.05674481922841,0.23975316182361,                209P   2055
-0.0708967140193,-0.06081293603556,0.24090475572657,                 209P   2056
-0.06683471653349,-0.06666823827272,0.24129530278894,                209P   2057
-0.06541369634514,-0.06857875511689,0.24188635997886,                209P   2058
-0.06317897245572,-0.071381913623,0.24208412590984,                  209P   2059
-0.06241727101299,-0.07230519148,0.24247855485149,                   209P   2060
-0.06086698756612,-0.07412107041649,0.24267546596653,                209P   2061
-0.06007747644216,-0.07501485404714,0.24365658592181,                209P   2062
-0.05605735866626,-0.07941272286937,0.24443052244199,                209P   2063
-0.05261166077552,-0.08270622134662,0.24516945310944,                209P   2064
-0.04890745609839,-0.08575179719581,0.,0.23174894811586;             209P   2065
126,11,3,0,0,1,0,0.,0.,0.,0.,0.01241227812861,0.01241227812861,      211P   2066
0.02482455625722,0.02482455625722,0.03103069532153,                  211P   2067
0.03103069532153,0.03723683438583,0.03723683438583,                  211P   2068
0.04964911251445,0.04964911251445,0.04964911251445,                  211P   2069
0.04964911251445,1.,1.,1.,1.,1.,1.,1.,1.,1.,1.,1.,1.,                211P   2070
0.24516945310944,-0.04890745609839,-0.08575179719581,                211P   2071
0.24594545516446,-0.04501741530263,-0.08712467524297,                211P   2072
0.24664003675068,-0.04105268954174,-0.08813824758957,                211P   2073
0.2478477968645,-0.03298637046418,-0.08953437347335,                 211P   2074
0.24836105138349,-0.02888469693258,-0.08991640176452,                211P   2075
0.24898211935547,-0.02263379401597,-0.09005150221162,                211P   2076
0.24916235420863,-0.02055332516499,-0.09002279674537,                211P   2077
0.24946957767282,-0.01640877039478,-0.08982995429015,                211P   2078
0.24959674374015,-0.01434287153645,-0.08966550088571,                211P   2079
0.24990070126255,-0.00816390267425,-0.08897244013035,0.25,           211P   2080
-0.00406972306543,-0.08824271104786,0.25,0.,-0.08725304527306,       211P   2081
0.,0.04964911251445;                                                 211P   2082
126,89,3,0,0,1,0,0.,0.,0.,0.,0.00868018229303,0.00868018229303,      213P   2083
0.01736036458606,0.01736036458606,0.02170045573258,                  213P   2084
0.02170045573258,0.02387050130584,0.02387050130584,                  213P   2085
0.02604054687909,0.02604054687909,0.03472072917213,                  213P   2086
0.03472072917213,0.04340091146516,0.04340091146516,                  213P   2087
0.04774100261167,0.04774100261167,0.05208109375819,                  213P   2088
0.05208109375819,0.06076127605122,0.06076127605122,                  213P   2089
0.06944145834425,0.06944145834425,0.07812164063728,                  213P   2090
0.07812164063728,0.08680182293031,0.08680182293031,                  213P   2091
0.09114191407683,0.09114191407683,0.09548200522334,                  213P   2092
0.09548200522334,0.10416218751638,0.10416218751638,                  213P   2093
0.11284236980941,0.11284236980941,0.12152255210244,                  213P   2094
0.12152255210244,0.12586264324895,0.12586264324895,                  213P   2095
0.13020273439547,0.13020273439547,0.1388829166885,                   213P   2096
0.1388829166885,0.14756309898153,0.14756309898153,                   213P   2097
0.15624328127456,0.15624328127456,0.16058337242108,                  213P   2098
0.16058337242108,0.16492346356759,0.16492346356759,                  213P   2099
0.17360364586063,0.17360364586063,0.19096401044669,                  213P   2100
0.19096401044669,0.1953041015932,0.1953041015932,                    213P   2101
0.19964419273972,0.19964419273972,0.20832437503275,                  213P   2102
0.20832437503275,0.21700455732578,0.21700455732578,                  213P   2103
0.2213446484723,0.2213446484723,0.22568473961881,                    213P   2104
0.22568473961881,0.23436492191185,0.23436492191185,                  213P   2105
0.24304510420488,0.24304510420488,0.24738519535139,                  213P   2106
0.24738519535139,0.25172528649791,0.25172528649791,                  213P   2107
0.26040546879094,0.26040546879094,0.26474555993746,                  213P   2108
0.26474555993746,0.26908565108397,0.26908565108397,                  213P   2109
0.27125569665723,0.27125569665723,0.27342574223049,                  213P   2110
0.27342574223049,0.27559578780375,0.27559578780375,                  213P   2111
0.277765833377,0.277765833377,0.277765833377,0.277765833377,1.,      213P   2112
1.,1.,1.,1.,1.,1.,1.,1.,1.,1.,1.,1.,1.,1.,1.,1.,1.,1.,1.,1.,1.,      213P   2113
1.,1.,1.,1.,1.,1.,1.,1.,1.,1.,1.,1.,1.,1.,1.,1.,1.,1.,1.,1.,1.,      213P   2114
1.,1.,1.,1.,1.,1.,1.,1.,1.,1.,1.,1.,1.,1.,1.,1.,1.,1.,1.,1.,1.,      213P   2115
1.,1.,1.,1.,1.,1.,1.,1.,1.,1.,1.,1.,1.,1.,1.,1.,1.,1.,1.,1.,1.,      213P   2116
1.,1.,1.,1.,1.,-0.08022962713905,0.23677670267391,                   213P   2117
-0.08575179719581,-0.08285689354918,0.23588647740217,                213P   2118
-0.08671188136343,-0.08549596777062,0.2349434870613,                 213P   2119
-0.08749574375502,-0.09079042962077,0.23294870788831,                213P   2120
-0.08874347134716,-0.09344584049922,0.23189692254234,                213P   2121
-0.0892072184881,-0.09743709036746,0.23023485915153,                 213P   2122
-0.08967903891222,-0.0987688743052,0.22966676994156,                 213P   2123
-0.08979894085235,-0.10076817692778,0.2287931455603,                 213P   2124
-0.08992419828711,-0.10143488283276,0.22849835537163,                213P   2125
-0.08995684775831,-0.10276877392733,0.22790154226838,                213P   2126
-0.09000414047265,-0.10343674947586,0.22759915190943,                213P   2127
-0.09001877678182,-0.10676206803916,0.22607614270501,                213P   2128
-0.09004737448386,-0.10938372793257,0.22481894790653,                213P   2129
-0.08992986510287,-0.11455382263201,0.222229118242,                  213P   2130
-0.08943570815336,-0.11710213402968,0.22089652998833,                213P   2131
-0.08905794613767,-0.12087087391246,0.21884304541939,                213P   2132
-0.08829824030123,-0.12211815604346,0.21814945124944,                213P   2133
-0.0880127485087,-0.12459490820088,0.21674440238747,                 213P   2134
-0.08737681650782,-0.12582726765049,0.21603122414152,                213P   2135
-0.08702654883365,-0.12947312043778,0.21388004918177,                213P   2136
-0.08589393169118,-0.13183670955398,0.21243007871231,                213P   2137
-0.08503069296736,-0.13644524287297,0.2094997661695,                 213P   2138
-0.08311561474499,-0.13869042707918,0.20801919260273,                213P   2139
-0.08206453958922,-0.14306770916028,0.20503328912673,                213P   2140
-0.07977714565641,-0.14520022940264,0.20352767666739,                213P   2141
-0.07854200884686,-0.1493588966426,0.20049574005925,                 213P   2142
-0.07589412282814,-0.15138503140906,0.19896940015981,                213P   2143
-0.07448137066846,-0.15434655314784,0.19666902149309,                213P   2144
-0.07222697641319,-0.15532108482112,0.19590011779493,                213P   2145
-0.07145248416344,-0.157230172867,0.19437121258635,                  213P   2146
-0.06986947591385,-0.15816659323332,0.19360978065442,                213P   2147
-0.06905959043603,-0.16092273490295,0.19133621432362,                213P   2148
-0.06657459197965,-0.16268891673475,0.18983520575235,                213P   2149
-0.0648434557138,-0.16608810228368,0.18686848651168,                 213P   2150
-0.06123586474799,-0.16772094574224,0.18540286214629,                213P   2151
-0.05935920090104,-0.17085564431459,0.1825181792002,                 213P   2152
-0.05545367733397,-0.17235750583783,0.18109908359579,                213P   2153
-0.05342485223607,-0.17451077117344,0.17901672469052,                213P   2154
-0.0502574462436,-0.17521190505276,0.17833035451056,                 213P   2155
-0.04918089232909,-0.17658027984741,0.17697551181192,                213P   2156
-0.04698382959155,-0.17724618521271,0.17630833278536,                213P   2157
-0.04586524598774,-0.17917622920022,0.17435375653435,                213P   2158
-0.04246859756913,-0.18037572714866,0.17311050153183,                213P   2159
-0.04013983925422,-0.1826142124327,0.17074746880289,                 213P   2160
-0.03535782733375,-0.18365375938378,0.16962698144764,                213P   2161
-0.03290513449179,-0.18556870173992,0.16752991704587,                213P   2162
-0.0278644251795,-0.18644413941716,0.16655328592424,                 213P   2163
-0.025276451282,-0.18762616670273,0.16521735717603,                  213P   2164
-0.02128000798753,-0.18799925297804,0.16479247147508,                213P   2165
-0.0199245343036,-0.18869240161157,0.16399833947093,                 213P   2166
-0.01720201562022,-0.18901307420534,0.16362842507502,                213P   2167
-0.01583353285793,-0.18989745925996,0.1626031051947,                 213P   2168
-0.01170598867556,-0.19038242727992,0.16203358280086,                213P   2169
-0.00892447821097,-0.19153048155946,0.16067817811609,                213P   2170
-0.0004897593582,-0.19190511695997,0.160226174084,                   213P   2171
0.00524850580375,-0.19188278242041,0.16025291841075,                 213P   2172
0.01256950419439,-0.1918535104936,0.16028798267413,                  213P   2173
0.01403158425133,-0.19174711849441,0.16041524063365,                 213P   2174
0.01693893055953,-0.19166999417207,0.16050743836287,                 213P   2175
0.01838627263165,-0.19136868449591,0.16086679065996,                 213P   2176
0.02270989043883,-0.19107479240278,0.16121655571672,                 213P   2177
0.02556780231363,-0.19030512804751,0.16212437314527,                 213P   2178
0.03123665038008,-0.18982496064439,0.16268760042335,                 213P   2179
0.03404643307481,-0.18896434749075,0.16368466064718,                 213P   2180
0.03822595740073,-0.18865377594279,0.1640426948935,                  213P   2181
0.03961379656868,-0.18799225299918,0.16480038148526,                 213P   2182
0.04235239932596,-0.18764065924848,0.16520078156638,                 213P   2183
0.04370650344653,-0.18652478911256,0.16646250022123,                 213P   2184
0.04772525998396,-0.18570059285605,0.16738307456103,                 213P   2185
0.05034722920844,-0.18389146864645,0.16936862636168,                 213P   2186
0.05548211788518,-0.18290644062995,0.17043374976958,                 213P   2187
0.05799494846751,-0.18130206069707,0.17213416296048,                 213P   2188
0.06168234180789,-0.18074598080277,0.17271822699338,                 213P   2189
0.06289772879289,-0.17958963128054,0.17392026865381,                 213P   2190
0.06530068811979,-0.17899127498175,0.17453624249317,                 213P   2191
0.0664842807262,-0.17713907057623,0.17642237819591,                  213P   2192
0.06997289169767,-0.17582642960204,0.1777325531617,                  213P   2193
0.07221979935187,-0.17373345681721,0.17977106116485,                 213P   2194
0.07547102644607,-0.17301514968513,0.1804627553233,                  213P   2195
0.07653493426297,-0.17153137107952,0.18187368367915,                 213P   2196
0.07861763003734,-0.17076405929567,0.18259461413169,                 213P   2197
0.07963771075618,-0.16958087443624,0.18369163369544,                 213P   2198
0.0811217343436,-0.1691811746894,0.18405985837,0.08160907439625,     213P   2199
-0.16837124824946,0.18480103921621,0.08256948919091,                 213P   2200
-0.16796043620547,0.18517456395975,0.08304150422832,                 213P   2201
-0.1671112140827,0.18594130631955,0.08394177744844,                  213P   2202
-0.16667296089553,0.18633438948547,0.08437030401039,                 213P   2203
-0.1657512992277,0.18715471515015,0.08515407227539,                  213P   2204
-0.16526581769738,0.18758374739551,0.08550575628174,                 213P   2205
-0.16475972828761,0.18802721062281,0.08582500538286,0.,              213P   2206
0.277765833377;                                                      213P   2207
126,75,3,0,0,1,0,0.,0.,0.,0.,0.00439927821327,0.00439927821327,      215P   2208
0.00879855642655,0.00879855642655,0.01319783463982,                  215P   2209
0.01319783463982,0.0175971128531,0.0175971128531,                    215P   2210
0.02639566927965,0.02639566927965,0.0351942257062,                   215P   2211
0.0351942257062,0.04399278213275,0.04399278213275,                   215P   2212
0.0527913385593,0.0527913385593,0.06158989498585,                    215P   2213
0.06158989498585,0.0703884514124,0.0703884514124,                    215P   2214
0.07478772962567,0.07478772962567,0.07918700783895,                  215P   2215
0.07918700783895,0.08798556426549,0.08798556426549,                  215P   2216
0.10558267711859,0.10558267711859,0.11438123354514,                  215P   2217
0.11438123354514,0.12317978997169,0.12317978997169,                  215P   2218
0.13197834639824,0.13197834639824,0.14077690282479,                  215P   2219
0.14077690282479,0.14517618103807,0.14517618103807,                  215P   2220
0.14957545925134,0.14957545925134,0.15837401567789,                  215P   2221
0.15837401567789,0.16717257210444,0.16717257210444,                  215P   2222
0.17157185031771,0.17157185031771,0.17377148942435,                  215P   2223
0.17377148942435,0.17597112853099,0.17597112853099,                  215P   2224
0.19356824138409,0.19356824138409,0.20236679781064,                  215P   2225
0.20236679781064,0.20676607602391,0.20676607602391,                  215P   2226
0.21116535423719,0.21116535423719,0.22876246709029,                  215P   2227
0.22876246709029,0.23316174530356,0.23316174530356,                  215P   2228
0.23756102351684,0.23756102351684,0.24635957994338,                  215P   2229
0.24635957994338,0.25515813636993,0.25515813636993,                  215P   2230
0.26395669279648,0.26395669279648,0.27275524922303,                  215P   2231
0.27275524922303,0.28155380564958,0.28155380564958,                  215P   2232
0.28155380564958,0.28155380564958,1.,1.,1.,1.,1.,1.,1.,1.,1.,1.,     215P   2233
1.,1.,1.,1.,1.,1.,1.,1.,1.,1.,1.,1.,1.,1.,1.,1.,1.,1.,1.,1.,1.,      215P   2234
1.,1.,1.,1.,1.,1.,1.,1.,1.,1.,1.,1.,1.,1.,1.,1.,1.,1.,1.,1.,1.,      215P   2235
1.,1.,1.,1.,1.,1.,1.,1.,1.,1.,1.,1.,1.,1.,1.,1.,1.,1.,1.,1.,1.,      215P   2236
1.,1.,1.,-0.16475972828761,0.18802721062281,0.08582500538286,        215P   2237
-0.16374923174586,0.18891266297357,0.08646260869623,                 215P   2238
-0.16270209760318,0.18981560330215,0.08696233307748,                 215P   2239
-0.16057930326403,0.19161477809572,0.08789965058739,                 215P   2240
-0.1594998384757,0.19251444637659,0.08831932584437,                  215P   2241
-0.1573058647068,0.194311284969,0.08906957500313,                    215P   2242
-0.15619165922975,0.19520820946343,0.0894015157182,                  215P   2243
-0.15392937000262,0.19699702664116,0.08998508353221,                 215P   2244
-0.15277826462338,0.19789118394641,0.09023727688172,                 215P   2245
-0.14930619555124,0.2005396102275,0.09087342142031,                  215P   2246
-0.14696181319404,0.20226392019795,0.09113766261532,                 215P   2247
-0.14221397090127,0.20562989673589,0.09138301888968,                 215P   2248
-0.13981051183782,0.2072715638002,0.09136420292956,                  215P   2249
-0.13494445183431,0.21047202973239,0.09105521612807,                 215P   2250
-0.13248072842204,0.21203151285243,0.09076334115648,                 215P   2251
-0.1274982644983,0.21506440522701,0.08990030861909,                  215P   2252
-0.12501674573909,0.21651527787269,0.08933338531635,                 215P   2253
-0.12007001000764,0.21929716132282,0.08795640529312,                 215P   2254
-0.11760429918603,0.22062843468655,0.08714826129187,                 215P   2255
-0.11268545784941,0.22318078987346,0.08531570438317,                 215P   2256
-0.11023187499852,0.2244020563839,0.08429295308263,                  215P   2257
-0.1065628257786,0.22615525962452,0.0825973207799,                   215P   2258
-0.10534063011007,0.22672698730695,0.08200455375776,                 215P   2259
-0.1029180988031,0.2278368716078,0.08077502537142,                   215P   2260
-0.10171558527612,0.22837609316319,0.08013731297025,                 215P   2261
-0.09813396214734,0.22994896464097,0.0781572967038,                  215P   2262
-0.09578064616393,0.23093790343338,0.07674835257128,                 215P   2263
-0.08882591103194,0.23374119708877,0.07226123090574,                 215P   2264
-0.08432953510281,0.23539211231434,0.06892307322194,                 215P   2265
-0.07782996141747,0.23758730261395,0.06337068620223,                 215P   2266
-0.07572750536621,0.23826430323408,0.06144994813213,                 215P   2267
-0.07165841836994,0.23951952810018,0.05747204662909,                 215P   2268
-0.06969109251175,0.24009795687443,0.05541429074898,                 215P   2269
-0.06590050680601,0.24116591897171,0.05115524911759,                 215P   2270
-0.06407721535886,0.24165543748648,0.04895398666856,                 215P   2271
-0.06059091699722,0.24255304733679,0.04439594050567,                 215P   2272
-0.05893017939021,0.24296059274429,0.04203709963007,                 215P   2273
-0.05656893315022,0.24351716514376,0.03837551374746,                 215P   2274
-0.05580276595616,0.24369372597676,0.03713482790132,                 215P   2275
-0.05431602611172,0.24402940412218,0.03461162800641,                 215P   2276
-0.05360071563533,0.24418733869028,0.03333803067035,                 215P   2277
-0.05154182547013,0.24463322055733,0.02948024915881,                 215P   2278
-0.05028506941915,0.24489332733592,0.02685916889451,                 215P   2279
-0.04802359620594,0.24534682428675,0.0215110444319,                  215P   2280
-0.04701884265052,0.2455402265148,0.01878401573027,                  215P   2281
-0.04572153150547,0.24578391964707,0.01460599790972,                 215P   2282
-0.04532412526735,0.24585739316195,0.01319872003692,                 215P   2283
-0.04478378027144,0.24595618827448,0.01106462916385,                 215P   2284
-0.04461296393881,0.24598721570241,0.0103494012162,                  215P   2285
-0.04429052410495,0.24604547611151,0.00891098020792,                 215P   2286
-0.04413906255646,0.24607267970162,0.00818752483712,                 215P   2287
-0.04286936872334,0.24629967867399,0.00168394466937,                 215P   2288
-0.04236963393133,0.24638348698102,-0.00411938820849,                215P   2289
-0.04250620936703,0.24635994865105,-0.01285580967616,                215P   2290
-0.04270006477534,0.24632666243422,-0.015773212476,                  215P   2291
-0.04321225752804,0.24623714349947,-0.02015718151431,                215P   2292
-0.04342040411799,0.24620058697994,-0.02162135387482,                215P   2293
-0.04390487047277,0.24611465391521,-0.02452076240083,                215P   2294
-0.04418154506873,0.24606521539376,-0.02595989722808,                215P   2295
-0.04573082826732,0.2457850234839,-0.03310455268337,                 215P   2296
-0.0475201723342,0.24545295947891,-0.03865125678554,                 215P   2297
-0.0503461326474,0.24487874460318,-0.04540103861008,                 215P   2298
-0.05094209234464,0.24475560881795,-0.04674395517892,                215P   2299
-0.05218723999918,0.24449314264732,-0.04940094499553,                215P   2300
-0.05283493198873,0.24435413382647,-0.05071211354137,                215P   2301
-0.05484985283494,0.24391265787026,-0.05459571319678,                215P   2302
-0.05628863894758,0.24358583286076,-0.05711843713042,                215P   2303
-0.05934595658231,0.24285906670818,-0.06203714624541,                215P   2304
-0.0609652712187,0.24245896049128,-0.0644326034194,                  215P   2305
-0.0643806778899,0.24157450223838,-0.06909692910134,                 215P   2306
-0.06617690741898,0.24109013178593,-0.07136658617752,                215P   2307
-0.06994546225483,0.24002388845708,-0.07577410533895,                215P   2308
-0.07190131382876,0.23944666526425,-0.07789278119858,                215P   2309
-0.07595620484451,0.23819143431721,-0.08195602802016,                215P   2310
-0.07805521868687,0.23751348115505,-0.08390064144016,                215P   2311
-0.08022962713905,0.23677670267391,-0.08575179719581,0.,             215P   2312
0.28155380564958;                                                    215P   2313
126,89,3,0,0,1,0,0.,0.,0.,0.,0.00868018229303,0.00868018229303,      217P   2314
0.01736036458606,0.01736036458606,0.02170045573258,                  217P   2315
0.02170045573258,0.02387050130584,0.02387050130584,                  217P   2316
0.02604054687909,0.02604054687909,0.03472072917213,                  217P   2317
0.03472072917213,0.04340091146516,0.04340091146516,                  217P   2318
0.04774100261167,0.04774100261167,0.05208109375819,                  217P   2319
0.05208109375819,0.06076127605122,0.06076127605122,                  217P   2320
0.06944145834425,0.06944145834425,0.07812164063728,                  217P   2321
0.07812164063728,0.08680182293031,0.08680182293031,                  217P   2322
0.09114191407683,0.09114191407683,0.09548200522334,                  217P   2323
0.09548200522334,0.10416218751638,0.10416218751638,                  217P   2324
0.11284236980941,0.11284236980941,0.12152255210244,                  217P   2325
0.12152255210244,0.12586264324895,0.12586264324895,                  217P   2326
0.13020273439547,0.13020273439547,0.1388829166885,                   217P   2327
0.1388829166885,0.14756309898153,0.14756309898153,                   217P   2328
0.15624328127456,0.15624328127456,0.16058337242108,                  217P   2329
0.16058337242108,0.1649234635676,0.1649234635676,                    217P   2330
0.17360364586063,0.17360364586063,0.19096401044669,                  217P   2331
0.19096401044669,0.19530410159321,0.19530410159321,                  217P   2332
0.19964419273972,0.19964419273972,0.20832437503275,                  217P   2333
0.20832437503275,0.21700455732578,0.21700455732578,                  217P   2334
0.2213446484723,0.2213446484723,0.22568473961882,                    217P   2335
0.22568473961882,0.23436492191185,0.23436492191185,                  217P   2336
0.24304510420488,0.24304510420488,0.24738519535139,                  217P   2337
0.24738519535139,0.25172528649791,0.25172528649791,                  217P   2338
0.26040546879094,0.26040546879094,0.26474555993746,                  217P   2339
0.26474555993746,0.26908565108397,0.26908565108397,                  217P   2340
0.27125569665723,0.27125569665723,0.27342574223049,                  217P   2341
0.27342574223049,0.27559578780375,0.27559578780375,                  217P   2342
0.277765833377,0.277765833377,0.277765833377,0.277765833377,1.,      217P   2343
1.,1.,1.,1.,1.,1.,1.,1.,1.,1.,1.,1.,1.,1.,1.,1.,1.,1.,1.,1.,1.,      217P   2344
1.,1.,1.,1.,1.,1.,1.,1.,1.,1.,1.,1.,1.,1.,1.,1.,1.,1.,1.,1.,1.,      217P   2345
1.,1.,1.,1.,1.,1.,1.,1.,1.,1.,1.,1.,1.,1.,1.,1.,1.,1.,1.,1.,1.,      217P   2346
1.,1.,1.,1.,1.,1.,1.,1.,1.,1.,1.,1.,1.,1.,1.,1.,1.,1.,1.,1.,1.,      217P   2347
1.,1.,1.,1.,1.,-0.1649398259704,-0.18786924657552,                   217P   2348
-0.08575179719581,-0.16285523506491,-0.18969941339334,               217P   2349
-0.08671188136343,-0.16071904436347,-0.19151342354114,               217P   2350
-0.08749574375502,-0.15634428399965,-0.19510117241625,               217P   2351
-0.08874347134716,-0.15410570573149,-0.19687493302148,               217P   2352
-0.0892072184881,-0.15067069167823,-0.19950042510483,                217P   2353
-0.08967903891222,-0.1495128200219,-0.20036973922228,                217P   2354
-0.08979894085235,-0.14775658780308,-0.20166437389265,               217P   2355
-0.08992419828711,-0.14716793905841,-0.20209436304888,               217P   2356
-0.08995684775831,-0.1459841382024,-0.20295114007104,                217P   2357
-0.09000414047265,-0.14538827269543,-0.2033784286857,                217P   2358
-0.09001877678182,-0.14240664875256,-0.20549673443498,               217P   2359
-0.09004737448386,-0.14000705617286,-0.20713856110351,               217P   2360
-0.08992986510287,-0.13517915054218,-0.21032107962094,               217P   2361
-0.08943570815336,-0.13275093956288,-0.21186168790124,               217P   2362
-0.08905794613767,-0.12908819981851,-0.21409877009552,               217P   2363
-0.08829824030123,-0.12786388858192,-0.21483215102167,               217P   2364
-0.0880127485087,-0.12540870449518,-0.21627455687789,                217P   2365
-0.08737681650782,-0.12417489429196,-0.21698522234487,               217P   2366
-0.08702654883365,-0.12048899573519,-0.21906703599724,               217P   2367
-0.08589393169118,-0.11805148991579,-0.22038897898125,               217P   2368
-0.08503069296736,-0.1132094981532,-0.22291492963828,                217P   2369
-0.08311561474499,-0.1108046917291,-0.22411902941365,                217P   2370
-0.08206453958922,-0.10603018242509,-0.22641691515741,               217P   2371
-0.07977714565641,-0.10366002366586,-0.2275109256317,                217P   2372
-0.07854200884686,-0.09895495592057,-0.22959646880333,               217P   2373
-0.07589412282814,-0.09662003940961,-0.23058798303285,               217P   2374
-0.07448137066846,-0.09314709217653,-0.23200254675914,               217P   2375
-0.07222697641319,-0.09199393620421,-0.23246206409591,               217P   2376
-0.07145248416344,-0.08971532143067,-0.23335093023742,               217P   2377
-0.06986947591385,-0.0885876918512,-0.2337811780973,                 217P   2378
-0.06905959043603,-0.08524065481672,-0.23503128363423,               217P   2379
-0.06657459197965,-0.08305765234681,-0.23581033768264,               217P   2380
-0.0648434557138,-0.07878880534403,-0.23727075909986,                217P   2381
-0.06123586474799,-0.07670311568191,-0.23795203083268,               217P   2382
-0.05935920090104,-0.07263755768255,-0.23922441795649,               217P   2383
-0.05545367733397,-0.07065765407712,-0.23981552038638,               217P   2384
-0.05342485223607,-0.06777764569755,-0.24063912341547,               217P   2385
-0.0502574462436,-0.06683266474564,-0.24090313807644,                217P   2386
-0.04918089232909,-0.06497514915317,-0.24141076406118,               217P   2387
-0.04698382959155,-0.06406440248465,-0.24165386551077,               217P   2388
-0.04586524598774,-0.06140666780389,-0.24234804450887,               217P   2389
-0.04246859756913,-0.0597302284141,-0.24276521270275,                217P   2390
-0.04013983925422,-0.05656453939884,-0.24352228146026,               217P   2391
-0.03535782733375,-0.05507439540904,-0.24386231185069,               217P   2392
-0.03290513449179,-0.05230081318566,-0.244472168377,                 217P   2393
-0.0278644251795,-0.05101730698559,-0.24474200408411,                217P   2394
-0.025276451282,-0.0492693451092,-0.24509770536727,                  217P   2395
-0.02128000798753,-0.04871484016082,-0.24520836470902,               217P   2396
-0.0199245343036,-0.04768052735451,-0.24541158303219,                217P   2397
-0.01720201562022,-0.04719983579354,-0.24550433644673,               217P   2398
-0.01583353285793,-0.04586969020286,-0.2457575764306,                217P   2399
-0.01170598867556,-0.0451339853318,-0.24589280985898,                217P   2400
-0.00892447821097,-0.0433861433026,-0.24620935168761,                217P   2401
-0.0004897593582,-0.04280737862795,-0.24630779344556,                217P   2402
0.00524850580375,-0.0428417071641,-0.2463018233303,                  217P   2403
0.01256950419439,-0.04288670967036,-0.24629400522975,                217P   2404
0.01403158425133,-0.04305011429573,-0.24626549603545,                217P   2405
0.01693893055953,-0.04316852203257,-0.24624480327767,                217P   2406
0.01838627263165,-0.04363038508885,-0.24616353759225,                217P   2407
0.02270989043883,-0.04408023655992,-0.246083902102,                  217P   2408
0.02556780231363,-0.04525126169268,-0.24587126193223,                217P   2409
0.03123665038008,-0.04597911452516,-0.2457370384021,                 217P   2410
0.03404643307481,-0.04727290058491,-0.24549025566013,                217P   2411
0.03822595740073,-0.04773825311163,-0.24540030993306,                217P   2412
0.03961379656868,-0.04872519042001,-0.24520625755459,                217P   2413
0.04235239932596,-0.04924774393729,-0.24510196847523,                217P   2414
0.04370650344653,-0.05089835941278,-0.24476645591763,                217P   2415
0.04772525998396,-0.05210769830537,-0.24451296819168,                217P   2416
0.05034722920844,-0.05473179871007,-0.24393899656789,                217P   2417
0.05548211788518,-0.05614673664772,-0.24361849898612,                217P   2418
0.05799494846751,-0.05842152763441,-0.24307927180237,                217P   2419
0.06168234180789,-0.05920538187149,-0.24288972450382,                217P   2420
0.06289772879289,-0.06082455524694,-0.24248931727213,                217P   2421
0.06530068811979,-0.06165718238929,-0.24227911243655,                217P   2422
0.0664842807262,-0.06421672602561,-0.24161812421973,                 217P   2423
0.06997289169767,-0.06600769131648,-0.24113643127294,                217P   2424
0.07221979935187,-0.06881957742544,-0.24034311767342,                217P   2425
0.07547102644607,-0.06977775570435,-0.24006689252854,                217P   2426
0.07653493426297,-0.07174154480624,-0.23948736674042,                217P   2427
0.07861763003734,-0.07274954478443,-0.23918332046925,                217P   2428
0.07963771075618,-0.0742911840248,-0.23870716210548,                 217P   2429
0.0811217343436,-0.07480992582068,-0.23854512430812,                 217P   2430
0.08160907439625,-0.07585677048227,-0.23821429785903,                217P   2431
0.08256948919091,-0.07638565842112,-0.23804528656453,                217P   2432
0.08304150422832,-0.07747428784425,-0.23769320981265,                217P   2433
0.08394177744844,-0.07803383444532,-0.23751021300224,                217P   2434
0.08437030401039,-0.07920508814422,-0.23712219341654,                217P   2435
0.08515407227539,-0.0798193817329,-0.23691627020089,                 217P   2436
0.08550575628174,-0.08045647685827,-0.23669971552909,                217P   2437
0.08582500538286,0.,0.277765833377;                                  217P   2438
126,75,3,0,0,1,0,0.,0.,0.,0.,0.00439927821327,0.00439927821327,      219P   2439
0.00879855642655,0.00879855642655,0.01319783463982,                  219P   2440
0.01319783463982,0.0175971128531,0.0175971128531,                    219P   2441
0.02639566927965,0.02639566927965,0.0351942257062,                   219P   2442
0.0351942257062,0.04399278213275,0.04399278213275,                   219P   2443
0.0527913385593,0.0527913385593,0.06158989498585,                    219P   2444
0.06158989498585,0.07038845141239,0.07038845141239,                  219P   2445
0.07478772962567,0.07478772962567,0.07918700783894,                  219P   2446
0.07918700783894,0.08798556426549,0.08798556426549,                  219P   2447
0.10558267711859,0.10558267711859,0.11438123354514,                  219P   2448
0.11438123354514,0.12317978997169,0.12317978997169,                  219P   2449
0.13197834639824,0.13197834639824,0.14077690282479,                  219P   2450
0.14077690282479,0.14517618103807,0.14517618103807,                  219P   2451
0.14957545925134,0.14957545925134,0.15837401567789,                  219P   2452
0.15837401567789,0.16717257210444,0.16717257210444,                  219P   2453
0.17157185031771,0.17157185031771,0.17377148942435,                  219P   2454
0.17377148942435,0.17597112853099,0.17597112853099,                  219P   2455
0.19356824138409,0.19356824138409,0.20236679781064,                  219P   2456
0.20236679781064,0.20676607602391,0.20676607602391,                  219P   2457
0.21116535423719,0.21116535423719,0.22876246709028,                  219P   2458
0.22876246709028,0.23316174530356,0.23316174530356,                  219P   2459
0.23756102351683,0.23756102351683,0.24635957994338,                  219P   2460
0.24635957994338,0.25515813636993,0.25515813636993,                  219P   2461
0.26395669279648,0.26395669279648,0.27275524922303,                  219P   2462
0.27275524922303,0.28155380564958,0.28155380564958,                  219P   2463
0.28155380564958,0.28155380564958,1.,1.,1.,1.,1.,1.,1.,1.,1.,1.,     219P   2464
1.,1.,1.,1.,1.,1.,1.,1.,1.,1.,1.,1.,1.,1.,1.,1.,1.,1.,1.,1.,1.,      219P   2465
1.,1.,1.,1.,1.,1.,1.,1.,1.,1.,1.,1.,1.,1.,1.,1.,1.,1.,1.,1.,1.,      219P   2466
1.,1.,1.,1.,1.,1.,1.,1.,1.,1.,1.,1.,1.,1.,1.,1.,1.,1.,1.,1.,1.,      219P   2467
1.,1.,1.,-0.08045647685827,-0.23669971552909,0.08582500538286,       219P   2468
-0.08172854935875,-0.23626732602889,0.08646260869623,                219P   2469
-0.08303408569274,-0.23581195142445,0.08696233307748,                219P   2470
-0.0856536139394,-0.23487314499652,0.08789965058739,                 219P   2471
-0.08697248191977,-0.23438813520776,0.08831932584437,                219P   2472
-0.08962557667175,-0.23338651748486,0.08906957500313,                219P   2473
-0.09095943880773,-0.23287004948392,0.0894015157182,                 219P   2474
-0.09363974453993,-0.23180525813138,0.08998508353221,                219P   2475
-0.09498966017088,-0.23125545028316,0.09023727688172,                219P   2476
-0.09901929914643,-0.22957276340353,0.09087342142031,                219P   2477
-0.10168478656344,-0.22840462371123,0.09113766261532,                219P   2478
-0.10697372890022,-0.22597585994151,0.09138301888968,                219P   2479
-0.10959718381419,-0.22471523686776,0.09136420292956,                219P   2480
-0.11480189861717,-0.22210133825447,0.09105521612807,                219P   2481
-0.11738431232203,-0.22074743275157,0.09076334115648,                219P   2482
-0.12250210612723,-0.21794893860746,0.08990030861909,                219P   2483
-0.12499935807565,-0.21652531664486,0.08933338531635,                219P   2484
-0.12988190767956,-0.21363225956068,0.08795640529312,                219P   2485
-0.13226767964273,-0.21216252803264,0.08714826129188,                219P   2486
-0.13693750474239,-0.2091788640714,0.08531570438317,                 219P   2487
-0.13922194399066,-0.20766463224746,0.08429295308263,                219P   2488
-0.142574787145,-0.20536374403558,0.0825973207799,                   219P   2489
-0.1436810156763,-0.20459115537945,0.08200455375777,                 219P   2490
-0.14585346932958,-0.20304812387658,0.08077502537142,                219P   2491
-0.14692170565831,-0.20227632739152,0.08013731297025,                219P   2492
-0.15007466387934,-0.1999609865141,0.0781572967038,                  219P   2493
-0.15210776798806,-0.19841742448554,0.07674835257128,                219P   2494
-0.15801285907389,-0.19379609401234,0.07226123090574,                219P   2495
-0.1616907815633,-0.19072757584553,0.06892307322194,                 219P   2496
-0.16684165897156,-0.18619637507007,0.06337068620223,                219P   2497
-0.16847918673261,-0.1847140950294,0.06144994813213,                 219P   2498
-0.17160078685224,-0.18181777475347,0.05747204662909,                219P   2499
-0.17308538379413,-0.18040323496988,0.05541429074898,                219P   2500
-0.17590555895352,-0.17765447250213,0.05115524911759,                219P   2501
-0.1772411401465,-0.17632021504778,0.04895398666856,                 219P   2502
-0.17976164226038,-0.17374979702658,0.04439594050567,                219P   2503
-0.18094495573997,-0.17251532877364,0.04203709963007,                219P   2504
-0.18260758469696,-0.17074871574495,0.03837551374746,                219P   2505
-0.18314357446068,-0.17017347590785,0.03713482790132,                219P   2506
-0.18417765018433,-0.16905376050646,0.03461162800641,                219P   2507
-0.18467208077063,-0.16851325074636,0.03333803067035,                219P   2508
-0.18608767087718,-0.16695314049323,0.02948024915881,                219P   2509
-0.18694130798063,-0.165994811216,0.02685916889451,                  219P   2510
-0.18846478446719,-0.1642630664388,0.0215110444319,                  219P   2511
-0.18913465248754,-0.16348962544929,0.01878401573027,                219P   2512
-0.18999435250334,-0.1624879676072,0.01460599790972,                 219P   2513
-0.19025668555279,-0.1621805404668,0.01319872003692,                 219P   2514
-0.19061241712797,-0.1617619855298,0.01106462916385,                 219P   2515
-0.19072469583509,-0.16162956796033,0.0103494012162,                 219P   2516
-0.19093637074633,-0.16137945707757,0.00891098020792,                219P   2517
-0.19103566052068,-0.16126188932394,0.00818752483712,                219P   2518
-0.19186709431395,-0.16027580169561,0.00168394466937,                219P   2519
-0.19218954183289,-0.15988492282409,-0.00411938820849,               219P   2520
-0.19210086932332,-0.15999143145595,-0.01285580967616,               219P   2521
-0.1919751149098,-0.1601426720558,-0.015773212476,                   219P   2522
-0.19164149286184,-0.1605414845239,-0.02015718151431,                219P   2523
-0.19150576069227,-0.16070346649874,-0.02162135387482,               219P   2524
-0.19118910729781,-0.16108006013689,-0.02452076240083,               219P   2525
-0.19100795498432,-0.16129494810485,-0.02595989722808,               219P   2526
-0.18999066007315,-0.16249657075756,-0.03310455268337,               219P   2527
-0.1888084121757,-0.16388015617309,-0.03865125678554,                219P   2528
-0.18689814734949,-0.16604040215654,-0.04540103861008,               219P   2529
-0.18649352878275,-0.16649495050136,-0.04674395517892,               219P   2530
-0.18564365258408,-0.16744204691634,-0.04940094499553,               219P   2531
-0.1851994214191,-0.1679334602227,-0.05071211354137,                 219P   2532
-0.18380963160276,-0.16945769488402,-0.05459571319678,               219P   2533
-0.18280719978562,-0.17054030770343,-0.05711843713042,               219P   2534
-0.18064914301751,-0.17282463936626,-0.06203714624541,               219P   2535
-0.17949298355127,-0.17402695386964,-0.0644326034194,                219P   2536
-0.17701931690006,-0.17654255368471,-0.06909692910134,               219P   2537
-0.17570172501886,-0.17785594886169,-0.07136658617752,               219P   2538
-0.17289405379153,-0.18058649142067,-0.07577410533895,               219P   2539
-0.17141623805593,-0.1819916969733,-0.07789278119858,                219P   2540
-0.1683017306603,-0.184875720129,-0.08195602802016,                  219P   2541
-0.16666509907812,-0.18635454285831,-0.08390064144016,               219P   2542
-0.1649398259704,-0.18786924657552,-0.08575179719581,0.,             219P   2543
0.28155380564958;                                                    219P   2544
126,3,3,0,0,1,0,-1.,-1.,-1.,-1.,-0.97736531979809,                   221P   2545
-0.97736531979809,-0.97736531979809,-0.97736531979809,1.,1.,1.,      221P   2546
1.,0.2,0.05,0.0866,0.21507191418599,0.0495446907406,                 221P   2547
0.08633217967112,0.23014382837199,0.04908938148121,                  221P   2548
0.08606435934224,0.24521620514588,0.04867250490629,                  221P   2549
0.08582500538286,-1.,-0.97736531979809;                              221P   2550
126,3,3,0,0,1,0,-1.,-1.,-1.,-1.,-0.97738872281857,                   223P   2551
-0.97738872281857,-0.97738872281857,-0.97738872281857,1.,1.,1.,      223P   2552
1.,0.2,-0.05,-0.0866,0.21505633065164,-0.04962352131894,             223P   2553
-0.0863077134213,0.23011266130329,-0.04924704263787,                 223P   2554
-0.08601542684261,0.24516945310944,-0.04890745609839,                223P   2555
-0.08575179719581,-1.,-0.97738872281857;                             223P   2556
126,28,2,0,0,1,0,-1.,-1.,-1.,-0.9375,-0.9375,-0.875,-0.875,          225P   2557
-0.75,-0.75,-0.625,-0.625,-0.5625,-0.5625,-0.5,-0.5,-0.4375,         225P   2558
-0.4375,-0.375,-0.375,-0.3125,-0.3125,-0.25,-0.25,-0.1875,           225P   2559
-0.1875,-0.125,-0.125,-0.0625,-0.0625,0.,0.,0.,1.,1.,1.,1.,1.,       225P   2560
1.,1.,1.,1.,1.,1.,1.,1.,1.,1.,1.,1.,1.,1.,1.,1.,1.,1.,1.,1.,1.,      225P   2561
1.,1.,1.,0.2,0.05,0.0866,0.2,0.04155170558758,0.09148793310329,      225P   2562
0.2,0.03213398421188,0.09466642697913,0.2,0.02284015665277,          225P   2563
0.097803106522,0.2,0.01304470690088,0.09913120706272,0.2,            225P   2564
-0.00656351467676,0.1017897567301,0.2,-0.02588075146679,             225P   2565
0.09660480232752,0.2,-0.0451555528424,0.09143123804719,0.2,          225P   2566
-0.06086932398885,0.07934711271539,0.2,-0.06868432585406,            225P   2567
0.07333725924818,0.2,-0.0751768991215,0.06594286833867,0.2,          225P   2568
-0.08165786373868,0.05856169851953,0.2,-0.08657111110409,            225P   2569
0.04999759895097,0.2,-0.09149073488319,0.0414223848918,0.2,          225P   2570
-0.09468534781443,0.03214601410644,0.2,-0.09789543106666,            225P   2571
0.02282472131119,0.2,-0.09915579412225,0.01306446338498,0.2,         225P   2572
-0.10040749724858,0.00337126799499,0.2,-0.09974745773884,            225P   2573
-0.00653030249466,0.2,-0.09908655629115,-0.01644480333043,0.2,       225P   2574
-0.09658473519007,-0.02587846573671,0.2,-0.09407556118931,           225P   2575
-0.03533985385583,0.2,-0.08968551905272,-0.0442248827989,0.2,        225P   2576
-0.08530843071784,-0.05308369447583,0.2,-0.079334688109,             225P   2577
-0.06087377165216,0.2,-0.07336222068547,-0.06866218591922,0.2,       225P   2578
-0.0659320767509,-0.07517827311059,0.2,-0.05849326800032,            225P   2579
-0.08170195917179,0.2,-0.05,-0.0866,-1.,0.;                          225P   2580
126,28,2,0,0,1,0,-1.,-1.,-1.,-0.9375,-0.9375,-0.875,-0.875,          227P   2581
-0.75,-0.75,-0.625,-0.625,-0.5625,-0.5625,-0.5,-0.5,-0.4375,         227P   2582
-0.4375,-0.375,-0.375,-0.3125,-0.3125,-0.25,-0.25,-0.1875,           227P   2583
-0.1875,-0.125,-0.125,-0.0625,-0.0625,0.,0.,0.,1.,1.,1.,1.,1.,       227P   2584
1.,1.,1.,1.,1.,1.,1.,1.,1.,1.,1.,1.,1.,1.,1.,1.,1.,1.,1.,1.,1.,      227P   2585
1.,1.,1.,0.2,-0.05,-0.0866,0.2,-0.04149870381151,                    227P   2586
-0.09150267065895,0.2,-0.03213387948313,-0.09466692663934,0.2,       227P   2587
-0.02285753343109,-0.09780128692654,0.2,-0.01304475724693,           227P   2588
-0.09913096686205,0.2,0.00656796406346,-0.10178858806098,0.2,        227P   2589
0.02588074582853,-0.0966047754277,0.2,0.0451557109401,               227P   2590
-0.09143111329726,0.2,0.06086932353656,-0.07934711056394,0.2,        227P   2591
0.06868433291607,-0.07333725165192,0.2,0.07517689924425,             227P   2592
-0.06594286889708,0.2,0.0816578606316,-0.05856170300751,0.2,         227P   2593
0.08657111105543,-0.0499975988302,0.2,0.0914907337978,               227P   2594
-0.04142238730134,0.2,0.09468534789515,-0.03214601405233,0.2,        227P   2595
0.09789542993845,-0.02282472569444,0.2,0.09915579384411,             227P   2596
-0.01306446371303,0.2,0.10040749811293,-0.00337126198607,0.2,        227P   2597
0.09974745875558,0.00653030372923,0.2,0.09908656063586,              227P   2598
0.01644475214888,0.2,0.09658473172108,0.025878461517,0.2,            227P   2599
0.09407550482994,0.03534006662107,0.2,0.08968553020302,              227P   2600
0.04422489636371,0.2,0.08530885985,0.05308279970736,0.2,             227P   2601
0.07933465644959,0.06087373313689,0.2,0.07335985425663,              227P   2602
0.06866544744924,0.2,0.06593213979135,0.07517834980249,0.2,          227P   2603
0.05850424943611,0.08169140638273,0.2,0.05,0.0866,-1.,0.;            227P   2604
126,3,3,0,0,1,0,-1.,-1.,-1.,-1.,-0.97736531979809,                   229P   2605
-0.97736531979809,-0.97736531979809,-0.97736531979809,1.,1.,1.,      229P   2606
1.,-0.14330127018922,0.14820508075689,0.0866,-0.150442917897,        229P   2607
0.16148539595531,0.08633217967112,-0.15758456560479,                 229P   2608
0.17476571115374,0.08606435934224,-0.16475972828761,                 229P   2609
0.1880272106228,0.08582500538286,-1.,-0.97736531979809;              229P   2610
126,3,3,0,0,1,0,-1.,-1.,-1.,-1.,-0.97738872281857,                   231P   2611
-0.97738872281857,-0.97738872281857,-0.97738872281857,1.,1.,1.,      231P   2612
1.,-0.05669872981078,0.19820508075689,-0.0866,-0.06455293523838,     231P   2613
0.21105600624846,-0.0863077134213,-0.07240714066599,                 231P   2614
0.22390693174003,-0.08601542684261,-0.08022962713904,                231P   2615
0.23677670267391,-0.08575179719581,-1.,-0.97738872281857;            231P   2616
126,28,2,0,0,1,0,-1.,-1.,-1.,-0.9375,-0.9375,-0.875,-0.875,          233P   2617
-0.75,-0.75,-0.625,-0.625,-0.5625,-0.5625,-0.5,-0.5,-0.4375,         233P   2618
-0.4375,-0.375,-0.375,-0.3125,-0.3125,-0.25,-0.25,-0.1875,           233P   2619
-0.1875,-0.125,-0.125,-0.0625,-0.0625,0.,0.,0.,1.,1.,1.,1.,1.,       233P   2620
1.,1.,1.,1.,1.,1.,1.,1.,1.,1.,1.,1.,1.,1.,1.,1.,1.,1.,1.,1.,1.,      233P   2621
1.,1.,1.,-0.14330127018922,0.14820508075689,0.0866,                  233P   2622
-0.13598483260942,0.1524292279631,0.09148793310329,                  233P   2623
-0.12782884665229,0.15713808865095,0.09466642697913,                 233P   2624
-0.11978015588772,0.1617850024305,0.097803106522,                    233P   2625
-0.11129704756109,0.16668272730645,0.09913120706272,                 233P   2626
-0.09431582955181,0.17648683809527,0.1017897567301,                  233P   2627
-0.07758661176073,0.18614545649028,0.09660480232752,                 233P   2628
-0.06089414411655,0.19578285717809,0.09143123804719,                 233P   2629
-0.04728561911447,0.20363974275131,0.07934711271539,                 233P   2630
-0.04051762896857,0.20754724368392,0.07333725924818,                 233P   2631
-0.03489489558304,0.21079353031764,0.06594286833867,                 233P   2632
-0.02928221558354,0.21403401262623,0.05856169851953,                 233P   2633
-0.02502721855001,0.21649063630893,0.04999759895097,                 233P   2634
-0.02076669938025,0.21895044819848,0.0414223848918,                  233P   2635
-0.01800008342654,0.2205477546641,0.03214601410644,                  233P   2636
-0.01522006978184,0.22215279629022,0.02282472131119,                 233P   2637
-0.01412856335772,0.22278297781801,0.01306446338498,                 233P   2638
-0.01304455665231,0.22340882938118,0.00337126799499,                 233P   2639
-0.01361616763525,0.22307880962631,-0.00653030249466,                233P   2640
-0.01418852507835,0.22274835890246,-0.01644480333043,                233P   2641
-0.0163551657076,0.22149744835193,-0.02587846573671,                 233P   2642
-0.01852817413478,0.22024286135154,-0.03533985385583,                233P   2643
-0.02233006214875,0.21804784028325,-0.0442248827989,                 233P   2644
-0.02612073184136,0.21585929611581,-0.05308369447583,                233P   2645
-0.03129414469629,0.21287242481139,-0.06087377165216,                233P   2646
-0.03646645320834,0.20988619109962,-0.06866218591922,                233P   2647
-0.04290114660945,0.20617111913234,-0.07517827311059,                233P   2648
-0.04934334396135,0.20245171475705,-0.08170195917179,                233P   2649
-0.05669872981078,0.19820508075689,-0.0866,-1.,0.;                   233P   2650
126,28,2,0,0,1,0,-1.,-1.,-1.,-0.9375,-0.9375,-0.875,-0.875,          235P   2651
-0.75,-0.75,-0.625,-0.625,-0.5625,-0.5625,-0.5,-0.5,-0.4375,         235P   2652
-0.4375,-0.375,-0.375,-0.3125,-0.3125,-0.25,-0.25,-0.1875,           235P   2653
-0.1875,-0.125,-0.125,-0.0625,-0.0625,0.,0.,0.,1.,1.,1.,1.,1.,       235P   2654
1.,1.,1.,1.,1.,1.,1.,1.,1.,1.,1.,1.,1.,1.,1.,1.,1.,1.,1.,1.,1.,      235P   2655
1.,1.,1.,-0.05669872981078,0.19820508075689,-0.0866,                 235P   2656
-0.0640610682751,0.19395443266264,-0.09150267065895,                 235P   2657
-0.07217124404546,0.18927202049845,-0.09466692663934,                235P   2658
-0.08020479538082,0.18463384747243,-0.09780128692654,                235P   2659
-0.08870290883796,0.17972745938035,-0.09913096686205,                235P   2660
-0.1056880237301,0.16992109872516,-0.10178858806098,                 235P   2661
-0.12241338335639,0.16026470784262,-0.0966047754277,                 235P   2662
-0.13910599280007,0.15062722528684,-0.09143111329726,                235P   2663
-0.15271438049383,0.14277041898861,-0.07934711056394,                235P   2664
-0.1594823771473,0.13886291429885,-0.07333725165192,                 235P   2665
-0.16510510452326,0.13561663113476,-0.06594286889708,                235P   2666
-0.17071778172565,0.13237615044109,-0.05856170300751,                235P   2667
-0.17497278140785,0.12991952522917,-0.0499975988302,                 235P   2668
-0.17923329967978,0.12745971385799,-0.04142238730134,                235P   2669
-0.18199991664337,0.12586240680931,-0.03214601405233,                235P   2670
-0.1847799292411,0.12425736578766,-0.02282472569444,                 235P   2671
-0.18587143640141,0.12362718383483,-0.01306446371303,                235P   2672
-0.18695544409624,0.12300133170042,-0.00337126198607,                235P   2673
-0.18638383324527,0.1233313513791,0.00653030372923,                  235P   2674
-0.18581147868428,0.12366180043896,0.01644475214888,                 235P   2675
-0.18364483128816,0.12491271489635,0.025878461517,                   235P   2676
-0.18147177705657,0.12616732834192,0.03534006662107,                 235P   2677
-0.1776699475077,0.12836231565538,0.04422489636371,                  235P   2678
-0.17387963979799,0.13055065083189,0.05308279970736,                 235P   2679
-0.16870582788585,0.13353775253209,0.06087373313689,                 235P   2680
-0.16353149740417,0.13652515362857,0.06866544744924,                 235P   2681
-0.15709890798518,0.14023901086121,0.07517834980249,                 235P   2682
-0.15066616624101,0.14395295603883,0.08169140638273,                 235P   2683
-0.14330127018922,0.14820508075689,0.0866,-1.,0.;                    235P   2684
126,3,3,0,0,1,0,-1.,-1.,-1.,-1.,-0.97736531979809,                   237P   2685
-0.97736531979809,-0.97736531979809,-0.97736531979809,1.,1.,1.,      237P   2686
1.,-0.05669872981078,-0.19820508075689,0.0866,-0.06462899628899,     237P   2687
-0.21103008669592,0.08633217967112,-0.0725592627672,                 237P   2688
-0.22385509263495,0.08606435934224,-0.08045647685827,                237P   2689
-0.23669971552909,0.08582500538286,-1.,-0.97736531979809;            237P   2690
126,3,3,0,0,1,0,-1.,-1.,-1.,-1.,-0.97738872281857,                   239P   2691
-0.97738872281857,-0.97738872281857,-0.97738872281857,1.,1.,1.,      239P   2692
1.,-0.14330127018922,-0.14820508075689,-0.0866,                      239P   2693
-0.15050339541326,-0.16143248492952,-0.0863077134213,                239P   2694
-0.1577055206373,-0.17465988910216,-0.08601542684261,                239P   2695
-0.1649398259704,-0.18786924657552,-0.08575179719581,-1.,            239P   2696
-0.97738872281857;                                                   239P   2697
126,28,2,0,0,1,0,-1.,-1.,-1.,-0.9375,-0.9375,-0.875,-0.875,          241P   2698
-0.75,-0.75,-0.625,-0.625,-0.5625,-0.5625,-0.5,-0.5,-0.4375,         241P   2699
-0.4375,-0.375,-0.375,-0.3125,-0.3125,-0.25,-0.25,-0.1875,           241P   2700
-0.1875,-0.125,-0.125,-0.0625,-0.0625,0.,0.,0.,1.,1.,1.,1.,1.,       241P   2701
1.,1.,1.,1.,1.,1.,1.,1.,1.,1.,1.,1.,1.,1.,1.,1.,1.,1.,1.,1.,1.,      241P   2702
1.,1.,1.,-0.05669872981078,-0.19820508075689,0.0866,                 241P   2703
-0.06401516739058,-0.19398093355068,0.09148793310329,                241P   2704
-0.07217115334771,-0.18927207286283,0.09466642697913,                241P   2705
-0.08021984411228,-0.18462515908327,0.097803106522,                  241P   2706
-0.08870295243891,-0.17972743420733,0.09913120706272,                241P   2707
-0.10568417044819,-0.16992332341851,0.1017897567301,                 241P   2708
-0.12241338823927,-0.16026470502349,0.09660480232752,                241P   2709
-0.13910585588345,-0.15062730433569,0.09143123804719,                241P   2710
-0.15271438088553,-0.14277041876246,0.07934711271539,                241P   2711
-0.15948237103143,-0.13886291782986,0.07333725924818,                241P   2712
-0.16510510441696,-0.13561663119614,0.06594286833867,                241P   2713
-0.17071778441646,-0.13237614888755,0.05856169851953,                241P   2714
-0.17497278144999,-0.12991952520484,0.04999759895097,                241P   2715
-0.17923330061975,-0.12745971331529,0.0414223848918,                 241P   2716
-0.18199991657346,-0.12586240684967,0.03214601410644,                241P   2717
-0.18477993021816,-0.12425736522356,0.02282472131119,                241P   2718
-0.18587143664228,-0.12362718369576,0.01306446338498,                241P   2719
-0.18695544334769,-0.1230013321326,0.00337126799499,                 241P   2720
-0.18638383236475,-0.12333135188747,-0.00653030249466,               241P   2721
-0.18581147492165,-0.12366180261131,-0.01644480333043,               241P   2722
-0.1836448342924,-0.12491271316185,-0.02587846573671,                241P   2723
-0.18147182586522,-0.12616730016223,-0.03533985385583,               241P   2724
-0.17766993785125,-0.12836232123053,-0.0442248827989,                241P   2725
-0.17387926815864,-0.13055086539797,-0.05308369447583,               241P   2726
-0.16870585530371,-0.13353773670239,-0.06087377165216,               241P   2727
-0.16353354679166,-0.13652397041415,-0.06866218591922,               241P   2728
-0.15709885339055,-0.14023904238144,-0.07517827311059,               241P   2729
-0.15065665603865,-0.14395844675673,-0.08170195917179,               241P   2730
-0.14330127018922,-0.14820508075689,-0.0866,-1.,0.;                  241P   2731
126,28,2,0,0,1,0,-1.,-1.,-1.,-0.9375,-0.9375,-0.875,-0.875,          243P   2732
-0.75,-0.75,-0.625,-0.625,-0.5625,-0.5625,-0.5,-0.5,-0.4375,         243P   2733
-0.4375,-0.375,-0.375,-0.3125,-0.3125,-0.25,-0.25,-0.1875,           243P   2734
-0.1875,-0.125,-0.125,-0.0625,-0.0625,0.,0.,0.,1.,1.,1.,1.,1.,       243P   2735
1.,1.,1.,1.,1.,1.,1.,1.,1.,1.,1.,1.,1.,1.,1.,1.,1.,1.,1.,1.,1.,      243P   2736
1.,1.,1.,-0.14330127018922,-0.14820508075689,-0.0866,                243P   2737
-0.1359389317249,-0.15245572885113,-0.09150267065895,                243P   2738
-0.12782875595454,-0.15713814101532,-0.09466692663934,               243P   2739
-0.11979520461918,-0.16177631404134,-0.09780128692654,               243P   2740
-0.11129709116204,-0.16668270213342,-0.09913096686205,               243P   2741
-0.0943119762699,-0.17648906278862,-0.10178858806098,                243P   2742
-0.07758661664361,-0.18614545367115,-0.0966047754277,                243P   2743
-0.06089400719993,-0.19578293622694,-0.09143111329726,               243P   2744
-0.04728561950617,-0.20363974252517,-0.07934711056394,               243P   2745
-0.0405176228527,-0.20754724721492,-0.07333725165192,                243P   2746
-0.03489489547674,-0.21079353037901,-0.06594286889708,               243P   2747
-0.02928221827435,-0.21403401107269,-0.05856170300751,               243P   2748
-0.02502721859215,-0.2164906362846,-0.0499975988302,                 243P   2749
-0.02076670032022,-0.21895044765579,-0.04142238730134,               243P   2750
-0.01800008335663,-0.22054775470446,-0.03214601405233,               243P   2751
-0.0152200707589,-0.22215279572611,-0.02282472569444,                243P   2752
-0.01412856359859,-0.22278297767894,-0.01306446371303,               243P   2753
-0.01304455590376,-0.22340882981335,-0.00337126198607,               243P   2754
-0.01361616675473,-0.22307881013468,0.00653030372923,                243P   2755
-0.01418852131572,-0.22274836107482,0.01644475214888,                243P   2756
-0.01635516871184,-0.22149744661743,0.025878461517,                  243P   2757
-0.01852822294343,-0.22024283317186,0.03534006662107,                243P   2758
-0.0223300524923,-0.2180478458584,0.04422489636371,                  243P   2759
-0.02612036020201,-0.21585951068189,0.05308279970736,                243P   2760
-0.03129417211415,-0.21287240898168,0.06087373313689,                243P   2761
-0.03646850259583,-0.2098850078852,0.06866544744924,                 243P   2762
-0.04290109201482,-0.20617115065256,0.07517834980249,                243P   2763
-0.04933383375899,-0.20245720547494,0.08169140638273,                243P   2764
-0.05669872981078,-0.19820508075689,0.0866,-1.,0.;                   243P   2765
504,45,121,123,11,123,21,127,123,12,123,11,129,123,12,123,13,        245P   2766
133,123,13,123,21,137,123,21,123,14,139,123,7,123,14,143,123,11,     245P   2767
123,7,147,123,7,123,3,151,123,3,123,12,155,123,30,123,2,159,123,     245P   2768
2,123,24,163,123,24,123,17,167,123,17,123,30,171,123,8,123,13,       245P   2769
175,123,14,123,8,179,123,15,123,23,183,123,25,123,15,187,123,1,      245P   2770
123,25,191,123,23,123,1,193,123,30,123,15,195,123,2,123,23,197,      245P   2771
123,17,123,25,199,123,4,123,8,201,123,3,123,27,203,123,24,123,1,     245P   2772
205,123,18,123,4,207,123,27,123,18,209,123,4,123,26,211,123,26,      245P   2773
123,27,213,123,9,123,6,215,123,6,123,9,217,123,22,123,29,219,        245P   2774
123,29,123,22,221,123,5,123,18,223,123,19,123,26,225,123,5,123,      245P   2775
19,227,123,19,123,5,229,123,16,123,6,231,123,10,123,9,233,123,       245P   2776
16,123,10,235,123,10,123,16,237,123,20,123,29,239,123,28,123,22,     245P   2777
241,123,20,123,28,243,123,28,123,20;                                 245P   2778
508,2,0,245,41,1,0,0,245,40,1,0;                                     247P   2779
510,119,1,1,247;                                                     249P   2780
116,0.2,0.05,0.0866;                                                 251P   2781
123,-1.,0.,0.;                                                       253P   2782
123,0.,0.,1.;                                                        255P   2783
190,251,253,255;                                                     257P   2784
508,2,0,245,37,1,0,0,245,36,1,0;                                     259P   2785
510,257,1,1,259;                                                     261P   2786
128,27,7,3,3,0,0,1,0,0,0.,0.,0.,0.,0.015625,0.015625,0.03125,        263P   2787
0.03125,0.0625,0.0625,0.09375,0.09375,0.125,0.125,0.1875,0.1875,     263P   2788
0.25,0.25,0.375,0.375,0.5,0.5,0.625,0.625,0.75,0.75,0.875,0.875,     263P   2789
1.,1.,1.,1.,0.,0.,0.,0.,0.12510912366808,0.2250919717594,            263P   2790
0.40008465254659,0.89999363302674,1.,1.,1.,1.,1.,1.,1.,1.,1.,1.,     263P   2791
1.,1.,1.,1.,1.,1.,1.,1.,1.,1.,1.,1.,1.,1.,1.,1.,1.,1.,1.,1.,1.,      263P   2792
1.,1.,1.,1.,1.,1.,1.,1.,1.,1.,1.,1.,1.,1.,1.,1.,1.,1.,1.,1.,1.,      263P   2793
1.,1.,1.,1.,1.,1.,1.,1.,1.,1.,1.,1.,1.,1.,1.,1.,1.,1.,1.,1.,1.,      263P   2794
1.,1.,1.,1.,1.,1.,1.,1.,1.,1.,1.,1.,1.,1.,1.,1.,1.,1.,1.,1.,1.,      263P   2795
1.,1.,1.,1.,1.,1.,1.,1.,1.,1.,1.,1.,1.,1.,1.,1.,1.,1.,1.,1.,1.,      263P   2796
1.,1.,1.,1.,1.,1.,1.,1.,1.,1.,1.,1.,1.,1.,1.,1.,1.,1.,1.,1.,1.,      263P   2797
1.,1.,1.,1.,1.,1.,1.,1.,1.,1.,1.,1.,1.,1.,1.,1.,1.,1.,1.,1.,1.,      263P   2798
1.,1.,1.,1.,1.,1.,1.,1.,1.,1.,1.,1.,1.,1.,1.,1.,1.,1.,1.,1.,1.,      263P   2799
1.,1.,1.,1.,1.,1.,1.,1.,1.,1.,1.,1.,1.,1.,1.,1.,1.,1.,1.,1.,1.,      263P   2800
1.,1.,1.,1.,1.,1.,1.,1.,1.,1.,1.,1.,1.,1.,1.,1.,1.,1.,1.,1.,1.,      263P   2801
1.,1.,1.,1.,1.,1.,1.,1.,0.2,0.05,0.0866,0.2,0.04858200926154,        263P   2802
0.08742040747307,0.2,0.04714382326628,0.08820399600876,0.2,          263P   2803
0.04423078718091,0.08969718665213,0.2,0.0427559370908,               263P   2804
0.09040678875982,0.2,0.03828198030629,0.09242409261105,0.2,          263P   2805
0.03523346709772,0.09362029188276,0.2,0.02903450132604,              263P   2806
0.09571256207549,0.2,0.02588404876293,0.09660863299652,0.2,          263P   2807
0.01951101563211,0.09809785806209,0.2,0.01628839968611,              263P   2808
0.09869136391913,0.2,0.00655732133043,0.10001089334989,0.2,          263P   2809
-0.00001385087606,0.10026724563513,0.2,-0.01307200604617,            263P   2810
0.09940156581236,0.2,-0.01955913874686,0.09830148358196,0.2,         263P   2811
-0.03852397690665,0.09321143981863,0.2,-0.05049377503169,            263P   2812
0.08732579768811,0.2,-0.07124487294602,0.07136842774268,0.2,         263P   2813
-0.08005759811941,0.06135064166262,0.2,-0.09308462408877,            263P   2814
0.03864455623932,0.2,-0.09747884553949,0.02604907101799,0.2,         263P   2815
-0.100832742705,0.00007985575197,0.2,-0.09993945051149,              263P   2816
-0.01322793670942,0.2,-0.09323001986866,-0.038528994764,0.2,         263P   2817
-0.08729877221407,-0.05048783135004,0.2,-0.07137060400394,           263P   2818
-0.07125971195429,0.19999999999986,-0.06133869029837,                263P   2819
-0.08006101312031,0.2,-0.05,-0.0866,0.28330729477906,                263P   2820
0.04748335996211,0.08511967130315,0.28330729477906,                  263P   2821
0.04624162379831,0.08561975231077,0.28330729477906,                  263P   2822
0.04492121260604,0.08590219044591,0.28330729477906,                  263P   2823
0.04245833641109,0.08637058647229,0.28330729477906,                  263P   2824
0.04128218608275,0.08653430602971,0.28330729477906,                  263P   2825
0.03772385919753,0.08691820448364,0.28330729477906,                  263P   2826
0.03530973459029,0.08703523800434,0.28330729477906,                  263P   2827
0.03054058511715,0.08703637385732,0.28330729477906,                  263P   2828
0.02816149642632,0.08692210409102,0.28330729477906,                  263P   2829
0.02338406572852,0.08649238700375,0.28330729477906,                  263P   2830
0.02099154895885,0.0861753775486,0.28330729477906,                   263P   2831
0.01382370191869,0.08492886409822,0.28330729477906,                  263P   2832
0.00905446921638,0.08369795619318,0.28330729477906,                  263P   2833
-0.0003588478618,0.08039523495929,0.28330729477906,                  263P   2834
-0.00500178378709,0.07833597539678,0.28330729477906,                 263P   2835
-0.01854751300528,0.071076109344,0.28330729477906,                   263P   2836
-0.02705992653866,0.06473247136576,0.28330729477906,                 263P   2837
-0.04208021981226,0.04956275469778,0.28330729477906,                 263P   2838
-0.04860545970606,0.04076739566092,0.28330729477906,                 263P   2839
-0.05892845386564,0.02160583454166,0.28330729477906,                 263P   2840
-0.06282955889304,0.01129263872227,0.28330729477906,                 263P   2841
-0.06743301078329,-0.00982046583334,0.28330729477906,                263P   2842
-0.06822333799086,-0.02058125370681,0.28330729477906,                263P   2843
-0.06691180992236,-0.04138737710164,0.28330729477906,                263P   2844
-0.06473005346397,-0.0514179907315,0.28330729477906,                 263P   2845
-0.0579894988881,-0.06970916498456,0.28330729477898,                 263P   2846
-0.05343415474885,-0.07795544549155,0.28330729477906,                263P   2847
-0.0479169280227,-0.08498276637683,0.43319087396156,                 263P   2848
0.04295550898107,0.08245631554254,0.43319087396156,                  263P   2849
0.04203088390061,0.08238007634584,0.43319087396156,                  263P   2850
0.04092236902613,0.08176086215938,0.43319087396156,                  263P   2851
0.03926940480539,0.08038548345357,0.43319087396156,                  263P   2852
0.03863066467042,0.07956707016579,0.43319087396156,                  263P   2853
0.03671970716474,0.07701220259866,0.43319087396156,                  263P   2854
0.03544695240289,0.07518763873918,0.43319087396156,                  263P   2855
0.03325027854507,0.07142647862246,0.43319087396156,                  263P   2856
0.03225900082969,0.0694944391301,0.43319087396156,                   263P   2857
0.03035232237809,0.06561222825013,0.43319087396156,                  263P   2858
0.02945329109437,0.06365705140214,0.43319087396156,                  263P   2859
0.02689712043695,0.05779380309819,0.43319087396156,                  263P   2860
0.02536987444267,0.05388706853134,0.43319087396156,                  263P   2861
0.02251422293518,0.04619970738946,0.43319087396156,                  263P   2862
0.02118930152646,0.04241472942512,0.43319087396156,                  263P   2863
0.01739344410883,0.031250994788,0.43319087396156,                    263P   2864
0.01510143634645,0.0240833466545,0.43319087396156,                   263P   2865
0.01039180690397,0.01033074829162,0.43319087396156,                  263P   2866
0.00798213074253,0.00373473735518,0.43319087396156,                  263P   2867
0.00252413630414,-0.00904963926185,0.43319087396156,                 263P   2868
-0.0004897708533,-0.01525661959073,0.43319087396156,                 263P   2869
-0.00734137802245,-0.02763277912715,0.43319087396156,                263P   2870
-0.01116081453531,-0.0338110851802,0.43319087396156,                 263P   2871
-0.01956100451102,-0.04653007890911,0.43319087396156,                263P   2872
-0.02412520183844,-0.05309150104863,0.43319087396156,                263P   2873
-0.03391468126861,-0.06691947495646,0.43319087396159,                263P   2874
-0.03921259008179,-0.07416718165169,0.43319087396156,                263P   2875
-0.04416913757434,-0.08207309604775,0.70004750435883,                263P   2876
0.07224794321326,0.10537969977691,0.70004750435883,                  263P   2877
0.07086828398085,0.10569945137947,0.70004750435883,                  263P   2878
0.06922286947335,0.10546662326266,0.70004750435883,                  263P   2879
0.06648878382201,0.10476699621976,0.70004750435883,                  263P   2880
0.06529430357023,0.10424715853911,0.70004750435883,                  263P   2881
0.06168618666087,0.10255086374829,0.70004750435883,                  263P   2882
0.05924327106181,0.1012503260245,0.70004750435883,                   263P   2883
0.05466792010574,0.0984011329535,0.70004750435883,                   263P   2884
0.05246598645374,0.09686558295022,0.70004750435883,                  263P   2885
0.04810929133272,0.09367633866649,0.70004750435883,                  263P   2886
0.04597093337648,0.09201551223236,0.70004750435883,                  263P   2887
0.03967191709569,0.08687997419282,0.70004750435883,                  263P   2888
0.03561566388046,0.08324994897223,0.70004750435883,                  263P   2889
0.02771623212806,0.07567703703219,0.70004750435883,                  263P   2890
0.02387664761229,0.07173583900297,0.70004750435883,                  263P   2891
0.01267271865107,0.05953459860963,0.70004750435883,                  263P   2892
0.00562644765219,0.05088528020784,0.70004750435883,                  263P   2893
-0.00766527333235,0.03286058108427,0.70004750435883,                 263P   2894
-0.01391197848865,0.02348983124985,0.70004750435883,                 263P   2895
-0.02569481762876,0.00432693755502,0.70004750435883,                 263P   2896
-0.03124957861601,-0.00545619429094,0.70004750435883,                263P   2897
-0.04158606586461,-0.02525397458725,0.70004750435883,                263P   2898
-0.0463927627708,-0.0352567043058,0.70004750435883,                  263P   2899
-0.05531973456904,-0.05527130263045,0.70004750435883,                263P   2900
-0.05938965057645,-0.06529928801193,0.70004750435883,                263P   2901
-0.06699445584632,-0.08515737337575,0.70004750435882,                263P   2902
-0.07059165957064,-0.09495618312985,0.70004750435883,                263P   2903
-0.07346272610197,-0.10483036189092,1.21655658001742,                263P   2904
0.20700929937868,0.18985382430593,1.21655658001742,                  263P   2905
0.20428260182846,0.19100490309375,1.21655658001742,                  263P   2906
0.20064578435131,0.19098408667718,1.21655658001742,                  263P   2907
0.19459562261608,0.1901193352409,1.21655658001742,                   263P   2908
0.1919024958701,0.18920315325248,1.21655658001742,                   263P   2909
0.18371449582229,0.18617312921258,1.21655658001742,                  263P   2910
0.17810654030431,0.18381048773123,1.21655658001742,                  263P   2911
0.16754985547465,0.17842196626461,1.21655658001742,                  263P   2912
0.16244198101022,0.17546306033686,1.21655658001742,                  263P   2913
0.15231463407277,0.16932971563485,1.21655658001742,                  263P   2914
0.14733064443516,0.16612971832564,1.21655658001742,                  263P   2915
0.13261815515716,0.15624496585291,1.21655658001742,                  263P   2916
0.12310040787819,0.14927877283098,1.21655658001742,                  263P   2917
0.10445081783659,0.13492203922667,1.21655658001742,                  263P   2918
0.09532744513484,0.12752686230036,1.21655658001742,                  263P   2919
0.06844394971039,0.10485701176562,1.21655658001742,                  263P   2920
0.05117363741297,0.0891019903541,1.21655658001742,                   263P   2921
0.01737653332121,0.05689563532211,1.21655658001742,                  263P   2922
0.00085636852338,0.04043779095477,1.21655658001742,                  263P   2923
-0.03200760871859,0.00719446636836,1.21655658001742,                 263P   2924
-0.04833971822702,-0.00959712576756,1.21655658001742,                263P   2925
-0.08092862734256,-0.04363533398868,1.21655658001742,                263P   2926
-0.09719633042003,-0.0608679917848,1.21655658001742,                 263P   2927
-0.12968751238886,-0.09588657023649,1.21655658001742,                263P   2928
-0.14583641059321,-0.11374215168673,1.21655658001742,                263P   2929
-0.17816415446363,-0.15004309134877,1.21655658001743,                263P   2930
-0.19448706901144,-0.16838377844739,1.21655658001742,                263P   2931
-0.20962655838907,-0.18791876501529,1.73343129353209,                263P   2932
0.15492343657117,0.0734730099795,1.73343129353209,                   263P   2933
0.15353100058706,0.0746834682722,1.73343129353209,                   263P   2934
0.15141403344448,0.07539809179958,1.73343129353209,                  263P   2935
0.14771542214648,0.07614049101115,1.73343129353209,                  263P   2936
0.14596357791349,0.07617817588039,1.73343129353209,                  263P   2937
0.14059146610088,0.07614707533307,1.73343129353209,                  263P   2938
0.13685801026245,0.07595329660299,1.73343129353209,                  263P   2939
0.12963068637258,0.0750584908737,1.73343129353209,                   263P   2940
0.12605950883076,0.07442380599984,1.73343129353209,                  263P   2941
0.1189185768376,0.07300102505654,1.73343129353209,                   263P   2942
0.11536414545826,0.07219218950449,1.73343129353209,                  263P   2943
0.10477247836968,0.06953677830608,1.73343129353209,                  263P   2944
0.09779121525718,0.06746783529989,1.73343129353209,                  263P   2945
0.08395036744604,0.0629403693991,1.73343129353209,                   263P   2946
0.07709506794393,0.06047899223853,1.73343129353209,                  263P   2947
0.05671358917284,0.05262249415323,1.73343129353209,                  263P   2948
0.04337319871968,0.04675031381122,1.73343129353209,                  263P   2949
0.01709869929321,0.03418310949044,1.73343129353209,                  263P   2950
0.00416622688732,0.02748690206008,1.73343129353209,                  263P   2951
-0.02143678639464,0.01364526699073,1.73343129353209,                 263P   2952
-0.03411074068765,0.00650274562907,1.73343129353209,                 263P   2953
-0.05919572002229,-0.00818902375808,1.73343129353209,                263P   2954
-0.07161777936751,-0.01572213282309,1.73343129353209,                263P   2955
-0.0962283700841,-0.03111428950621,1.73343129353209,                 263P   2956
-0.10838030204928,-0.0390258802276,1.73343129353209,                 263P   2957
-0.13251762879319,-0.05506110063676,1.73343129353209,                263P   2958
-0.14456282722342,-0.06309984505292,1.73343129353209,                263P   2959
-0.15604440429345,-0.07191369628394,2.1333356283774,                 263P   2960
0.06469567920652,0.01469456507772,2.1333356283774,                   263P   2961
0.06427193690451,0.01526796935447,2.1333356283774,                   263P   2962
0.06353240867937,0.01571468913264,2.1333356283774,                   263P   2963
0.06219826106367,0.01630331698192,2.1333356283774,                   263P   2964
0.06154007306235,0.01646327967922,2.1333356283774,                   263P   2965
0.05950939192829,0.01689853645405,2.1333356283774,                   263P   2966
0.05808367525101,0.01713616480539,2.1333356283774,                   263P   2967
0.05528052513659,0.01739967641225,2.1333356283774,                   263P   2968
0.05387941478658,0.01745716042765,2.1333356283774,                   263P   2969
0.05106506270313,0.01751430481873,2.1333356283774,                   263P   2970
0.04965587577637,0.01750482930775,2.1333356283774,                   263P   2971
0.04543646183616,0.01738431344048,2.1333356283774,                   263P   2972
0.04262901087354,0.01718498410339,2.1333356283774,                   263P   2973
0.037027913852,0.01663043837625,2.1333356283774,                     263P   2974
0.03423563980009,0.01627375443651,2.1333356283774,                   263P   2975
0.02588907463339,0.01501191157905,2.1333356283774,                   263P   2976
0.02036519701101,0.01391320758707,2.1333356283774,                   263P   2977
0.00939990663932,0.01137692082187,2.1333356283774,                   263P   2978
0.00395902881982,0.00993867165365,2.1333356283774,                   263P   2979
-0.00686590582535,0.0068755419821,2.1333356283774,                   263P   2980
-0.01225082739173,0.0052518527646,2.1333356283774,                   263P   2981
-0.02296178037924,0.00183185571976,2.1333356283774,                  263P   2982
-0.02829047696818,0.00004243480525,2.1333356283774,                  263P   2983
-0.03889360742823,-0.00367881541331,2.1333356283774,                 263P   2984
-0.04415876720677,-0.00563359419953,2.1333356283774,                 263P   2985
-0.05465034609477,-0.00963948973697,2.1333356283774,                 263P   2986
-0.05989230834441,-0.01165345966421,2.1333356283774,                 263P   2987
-0.06498878009379,-0.01401032527425,2.2,0.04965464007911,            263P   2988
0.004896151425,2.2,0.04939237978663,0.00536335828911,2.2,            263P   2989
0.04888247172781,0.00576541829858,2.2,0.04794248209408,              263P   2990
0.00632841233911,2.2,0.04746660745899,0.00650875884788,2.2,          263P   2991
0.04599294548451,0.00702175776033,2.2,0.04495193076628,              263P   2992
0.00733130201627,2.2,0.04288629394939,0.00778790604706,2.2,          263P   2993
0.04184693553132,0.00796077516844,2.2,0.03975382777013,              263P   2994
0.00826462429331,2.2,0.03870225480488,0.00838840273882,2.2,          263P   2995
0.03554510054765,0.00869045594533,2.2,0.03343342739987,              263P   2996
0.00880279269827,2.2,0.0292059034078,0.00891053593329,2.2,           263P   2997
0.02709093893952,0.00890470603238,2.2,0.02075060347093,              263P   2998
0.00874219746195,2.2,0.01652974477268,0.00843923578533,2.2,          263P   2999
0.00811651176259,0.00757511097831,2.2,0.00392448873668,              263P   3000
0.00701336764666,2.2,-0.00443692841125,0.00574702342295,2.2,         263P   3001
-0.00860676240763,0.00504332792626,2.2,-0.01692155373691,            263P   3002
0.00350234432238,2.2,-0.021067781096,0.0026704008043,2.2,            263P   3003
-0.02933585675753,0.00089470000326,2.2,-0.03345298611897,            263P   3004
-0.00006707348161,2.2,-0.04166980795418,-0.00206767096714,2.2,       263P   3005
-0.04577766530557,-0.00307730618111,2.2,-0.04980973490459,           263P   3006
-0.00435778713738,0.,1.,0.,1.;                                       263P   3007
508,5,0,245,26,1,0,0,245,28,1,0,0,245,35,0,0,0,245,36,0,0,0,245,     265P   3008
34,1,0;                                                              265P   3009
510,263,1,1,265;                                                     267P   3010
116,-0.,0.,-0.09;                                                    269P   3011
123,0.,0.,1.;                                                        271P   3012
123,-1.,0.,0.;                                                       273P   3013
192,269,271,0.25,273;                                                275P   3014
508,7,0,245,28,0,0,0,245,23,1,0,0,245,14,1,0,0,245,3,0,0,0,245,      277P   3015
9,0,0,0,245,24,1,0,0,245,29,0,0;                                     277P   3016
510,275,1,1,277;                                                     279P   3017
128,27,7,3,3,0,0,1,0,0,0.,0.,0.,0.,0.015625,0.015625,0.03125,        281P   3018
0.03125,0.0625,0.0625,0.09375,0.09375,0.125,0.125,0.1875,0.1875,     281P   3019
0.25,0.25,0.375,0.375,0.5,0.5,0.625,0.625,0.75,0.75,0.875,0.875,     281P   3020
1.,1.,1.,1.,0.,0.,0.,0.,0.12510912366808,0.2250919717594,            281P   3021
0.40008465254659,0.89999363302674,1.,1.,1.,1.,1.,1.,1.,1.,1.,1.,     281P   3022
1.,1.,1.,1.,1.,1.,1.,1.,1.,1.,1.,1.,1.,1.,1.,1.,1.,1.,1.,1.,1.,      281P   3023
1.,1.,1.,1.,1.,1.,1.,1.,1.,1.,1.,1.,1.,1.,1.,1.,1.,1.,1.,1.,1.,      281P   3024
1.,1.,1.,1.,1.,1.,1.,1.,1.,1.,1.,1.,1.,1.,1.,1.,1.,1.,1.,1.,1.,      281P   3025
1.,1.,1.,1.,1.,1.,1.,1.,1.,1.,1.,1.,1.,1.,1.,1.,1.,1.,1.,1.,1.,      281P   3026
1.,1.,1.,1.,1.,1.,1.,1.,1.,1.,1.,1.,1.,1.,1.,1.,1.,1.,1.,1.,1.,      281P   3027
1.,1.,1.,1.,1.,1.,1.,1.,1.,1.,1.,1.,1.,1.,1.,1.,1.,1.,1.,1.,1.,      281P   3028
1.,1.,1.,1.,1.,1.,1.,1.,1.,1.,1.,1.,1.,1.,1.,1.,1.,1.,1.,1.,1.,      281P   3029
1.,1.,1.,1.,1.,1.,1.,1.,1.,1.,1.,1.,1.,1.,1.,1.,1.,1.,1.,1.,1.,      281P   3030
1.,1.,1.,1.,1.,1.,1.,1.,1.,1.,1.,1.,1.,1.,1.,1.,1.,1.,1.,1.,1.,      281P   3031
1.,1.,1.,1.,1.,1.,1.,1.,1.,1.,1.,1.,1.,1.,1.,1.,1.,1.,1.,1.,1.,      281P   3032
1.,1.,1.,1.,1.,1.,1.,1.,-0.14330127018922,0.14820508075689,          281P   3033
0.0866,-0.14207325418739,0.14891407612612,0.08742040747307,          281P   3034
-0.14082774858013,0.14963316912375,0.08820399600876,                 281P   3035
-0.13830498532805,0.15108968716643,0.08969718665213,                 281P   3036
-0.13702772768324,0.15182711221149,0.09040678875982,                 281P   3037
-0.13315316745242,0.15406409060374,0.09242409261105,                 281P   3038
-0.13051307757003,0.15558834720803,0.09362029188276,                 281P   3039
-0.12514461573456,0.15868783009387,0.09571256207549,                 281P   3040
-0.12241624378149,0.16026305637542,0.09660863299652,                 281P   3041
-0.11689703519105,0.16344957294083,0.09809785806209,                 281P   3042
-0.11410616791517,0.16506088091383,0.09869136391913,                 281P   3043
-0.10567880685293,0.16992642009167,0.10001089334989,                 281P   3044
-0.09998800478947,0.17321200619492,0.10026724563513,                 281P   3045
-0.08867931068559,0.17974108377998,0.09940156581236,                 281P   3046
-0.08306128896908,0.18298465013032,0.09830148358196,                 281P   3047
-0.06663725734404,0.19246706921021,0.09321143981863,                 281P   3048
-0.05627110808958,0.19845196827273,0.08732579768811,                 281P   3049
-0.03830013013936,0.2088275172299,0.07136842774268,                  281P   3050
-0.03066808626262,0.21323387981659,0.06135064166262,                 281P   3051
-0.0193863508374,0.21974739280127,0.03864455623932,                  281P   3052
-0.01558084343122,0.22194450352663,0.02604907101799,                 281P   3053
-0.01267628328421,0.22362145210939,0.00007985575197,                 281P   3054
-0.01344989701679,0.22317480601263,-0.01322793670942,                281P   3055
-0.01926043439841,0.21982009069122,-0.038528994764,                  281P   3056
-0.02439704554343,0.21685446686392,-0.05048783135004,                281P   3057
-0.03819124384915,0.20889038275886,-0.07125971195429,                281P   3058
-0.04687913596668,0.20387442590595,-0.08006101312031,                281P   3059
-0.05669872981078,0.19820508075689,-0.0866,-0.18277544337376,        281P   3060
0.22160963437505,0.08511967130315,-0.18170006831111,                 281P   3061
0.22223050245695,0.08561975231077,-0.18055655867516,                 281P   3062
0.22289070805309,0.08590219044591,-0.17842364532396,                 281P   3063
0.22412214615056,0.08637058647229,-0.17740506926095,                 281P   3064
0.22471022131473,0.08653430602971,-0.17432346778338,                 281P   3065
0.22648938475734,0.08691820448364,-0.17223277454561,                 281P   3066
0.22769644706096,0.08703523800434,-0.16810256994742,                 281P   3067
0.23008102179753,0.08703637385732,-0.16604221870331,                 281P   3068
0.23127056614295,0.08692210409102,-0.16190484235419,                 281P   3069
0.23365928149185,0.08649238700375,-0.15983286205268,                 281P   3070
0.23485553987668,0.0861753775486,-0.15362532442546,                  281P   3071
0.23843946339676,0.08492886409822,-0.14949504774869,                 281P   3072
0.24082407974792,0.08369795619318,-0.14134287602511,                 281P   3073
0.24553073828701,0.08039523495929,-0.13732197556567,                 281P   3074
0.24785220624966,0.07833597539678,-0.12559102994993,                 281P   3075
0.25462507085875,0.071076109344,-0.11821906358251,                   281P   3076
0.25888127762544,0.06473247136576,-0.10521110803528,                 281P   3077
0.26639142426224,0.04956275469778,-0.09956008452146,                 281P   3078
0.26965404420914,0.04076739566092,-0.09062010933615,                 281P   3079
0.27481554128893,0.02160583454166,-0.08724165327958,                 281P   3080
0.27676609380263,0.01129263872227,-0.08325494699753,                 281P   3081
0.27906781974776,-0.00982046583334,-0.08257050355848,                281P   3082
0.27946298335154,-0.02058125370681,-0.08370632018357,                281P   3083
0.27880721931729,-0.04138737710164,-0.0855957767014,                 281P   3084
0.27771634108809,-0.0514179907315,-0.0914332681997,                  281P   3085
0.27434606380016,-0.06970916498456,-0.09537831194724,                281P   3086
0.27206839173046,-0.07795544549155,-0.10015637045056,                281P   3087
0.26930977836746,-0.08498276637683,-0.25379599899088,                281P   3088
0.35367654704776,0.08245631554254,-0.25299525018223,                 281P   3089
0.35413885958799,0.08238007634584,-0.25203524814045,                 281P   3090
0.35469311702523,0.08176086215938,-0.25060373913374,                 281P   3091
0.3555195991356,0.08038548345357,-0.25005057395044,                  281P   3092
0.35583896920309,0.07956707016579,-0.24839563620498,                 281P   3093
0.35679444795593,0.07701220259866,-0.24729339824842,                 281P   3094
0.35743082533685,0.07518763873918,-0.24539102288372,                 281P   3095
0.35852916226577,0.07142647862246,-0.2445325512,                     281P   3096
0.35902480112345,0.0694944391301,-0.24288131922407,                  281P   3097
0.35997814034925,0.06561222825013,-0.24210273529357,                 281P   3098
0.36042765599111,0.06365705140214,-0.23988902656783,                 281P   3099
0.36170574131982,0.05779380309819,-0.23856639273896,                 281P   3100
0.36246936431696,0.05388706853134,-0.23609332598912,                 281P   3101
0.36389719007071,0.04619970738946,-0.23494591039114,                 281P   3102
0.36455965077507,0.04241472942512,-0.23165860143833,                 281P   3103
0.36645757948388,0.031250994788,-0.22967366449044,                   281P   3104
0.36760358336507,0.0240833466545,-0.22559500575085,                  281P   3105
0.36995839808631,0.01033074829162,-0.22350816498014,                 281P   3106
0.37116323616703,0.00373473735518,-0.21878140314278,                 281P   3107
0.37389223338623,-0.00904963926185,-0.21617128297979,                281P   3108
0.37539918696495,-0.01525661959073,-0.21023761711455,                281P   3109
0.37882499054953,-0.02763277912715,-0.20692988806627,                281P   3110
0.38073470880595,-0.0338110851802,-0.19965511015069,                 281P   3111
0.38493480379381,-0.04653007890911,-0.19570239931726,                281P   3112
0.38721690245752,-0.05309150104863,-0.18722446144092,                281P   3113
0.3921116421726,-0.06691947495646,-0.18263633782178,                 281P   3114
0.39476059657922,-0.07416718165169,-0.17834384177815,                281P   3115
0.39723887032547,-0.08207309604775,-0.41259230637328,                281P   3116
0.57013495102401,0.10537969977691,-0.41139748642944,                 281P   3117
0.57082478064022,0.10569945137947,-0.40997251566619,                 281P   3118
0.57164748789397,0.10546662326266,-0.40760472803601,                 281P   3119
0.57301453071964,0.10476699621976,-0.40657027779365,                 281P   3120
0.57361177084553,0.10424715853911,-0.40344555689032,                 281P   3121
0.57541582930021,0.10255086374829,-0.40132992992223,                 281P   3122
0.57663728709974,0.1012503260245,-0.39736755976304,                  281P   3123
0.57892496257778,0.0984011329535,-0.39546062928297,                  281P   3124
0.58002592940378,0.09686558295022,-0.39168762063162,                 281P   3125
0.58220427696429,0.09367633866649,-0.38983574831913,                 281P   3126
0.5832734559424,0.09201551223236,-0.38438064020111,                  281P   3127
0.5864229640828,0.08687997419282,-0.38086782187254,                  281P   3128
0.58845109069042,0.08324994897223,-0.3740267132995,                  281P   3129
0.59240080656662,0.07567703703219,-0.37070153556887,                 281P   3130
0.5943205988245,0.07173583900297,-0.36099864846626,                  281P   3131
0.59992256330511,0.05953459860963,-0.35489639877927,                 281P   3132
0.60344569880455,0.05088528020784,-0.34338543074665,                 281P   3133
0.61009155929682,0.03286058108427,-0.33797562539134,                 281P   3134
0.61321491187497,0.02348983124985,-0.3277713873673,                  281P   3135
0.61910633144503,0.00432693755502,-0.32296082324039,                 281P   3136
0.62188371193865,-0.00545619429094,-0.31400916269721,                281P   3137
0.62705195556295,-0.02525397458725,-0.30984644106816,                281P   3138
0.62945530401605,-0.0352567043058,-0.30211545671202,                 281P   3139
0.63391878991517,-0.05527130263045,-0.29859080605833,                281P   3140
0.63595374791887,-0.06529928801193,-0.29200485150379,                281P   3141
0.63975615055381,-0.08515737337575,-0.28888958169593,                281P   3142
0.64155475241596,-0.09495618312985,-0.28640316514386,                281P   3143
0.64299028568163,-0.10483036189092,-0.78755360209027,                281P   3144
0.95006425374686,0.18985382430593,-0.78519221274334,                 281P   3145
0.95142760252197,0.19100490309375,-0.7820426364192,                  281P   3146
0.95324601126055,0.19098408667718,-0.77680304265948,                 281P   3147
0.95627109212816,0.1901193352409,-0.77447072648185,                  281P   3148
0.95761765550115,0.18920315325248,-0.76737971043426,                 281P   3149
0.96171165552505,0.18617312921258,-0.7625230784924,                  281P   3150
0.96451563328405,0.18381048773123,-0.75338072125017,                 281P   3151
0.96979397569887,0.17842196626461,-0.74895717220463,                 281P   3152
0.97234791293109,0.17546306033686,-0.74018663248386,                 281P   3153
0.97741158639982,0.16932971563485,-0.73587037084549,                 281P   3154
0.97990358121862,0.16612971832564,-0.72312898137784,                 281P   3155
0.98725982585762,0.15624496585291,-0.71488637044745,                 281P   3156
0.9920186994971,0.14927877283098,-0.69873535170125,                  281P   3157
1.00134349451791,0.13492203922667,-0.69083427917334,                 281P   3158
1.00590518086878,0.12752686230036,-0.66755248919325,                 281P   3159
1.01934692858101,0.10485701176562,-0.65259596001239,                 281P   3160
1.02798208472971,0.0891019903541,-0.62332680929459,                  281P   3161
1.04488063677559,0.05689563532211,-0.60901992690496,                 281P   3162
1.05314071917451,0.04043779095477,-0.58055888774401,                 281P   3163
1.0695727077955,0.00719446636836,-0.56641486601233,                  281P   3164
1.07773876254971,-0.00959712576756,-0.53819204283665,                281P   3165
1.09403321710748,-0.04363533398868,-0.52410379871033,                281P   3166
1.10216706864622,-0.0608679917848,-0.49596560972635,                 281P   3167
1.11841265963063,-0.09588657023649,-0.48198025363825,                281P   3168
1.1264871087328,-0.11374215168673,-0.45398360619943,                 281P   3169
1.14265098066801,-0.15004309134877,-0.43984754753723,                281P   3170
1.15081243794193,-0.16838377844739,-0.42673636513587,                281P   3171
1.15838218263073,-0.18791876501529,-1.00088327847827,                281P   3172
1.42373381762812,0.0734730099795,-0.99967739354288,                  281P   3173
1.42443003562018,0.0746834682722,-0.99784404621843,                  281P   3174
1.42548851919147,0.07539809179958,-0.99464095487564,                 281P   3175
1.42733782484047,0.07614049101115,-0.9931238132664,                  281P   3176
1.42821374695696,0.07617817588039,-0.98847142796471,                 281P   3177
1.43089980286327,0.07614707533307,-0.98523816036472,                 281P   3178
1.43276653078248,0.07595329660299,-0.97897911427471,                 281P   3179
1.43638019272742,0.0750584908737,-0.97588638380207,                  281P   3180
1.43816578149833,0.07442380599984,-0.9697021552893,                  281P   3181
1.44173624749491,0.07300102505654,-0.96662392741878,                 281P   3182
1.44351346318458,0.07219218950449,-0.95745127465165,                 281P   3183
1.44880929672887,0.06953677830608,-0.95140532344571,                 281P   3184
1.45229992828512,0.06746783529989,-0.93941879763136,                 281P   3185
1.45922035219069,0.0629403693991,-0.93348193411197,                  281P   3186
1.46264800194174,0.06047899223853,-0.91583105572952,                 281P   3187
1.47283874132729,0.05262249415323,-0.90427793870068,                 281P   3188
1.47950893655387,0.04675031381122,-0.88152355472563,                 281P   3189
1.49264618626711,0.03418310949044,-0.8703237050884,                  281P   3190
1.49911242247005,0.02748690206008,-0.84815084517278,                 281P   3191
1.51191392911103,0.01364526699073,-0.83717487878864,                 281P   3192
1.51825090625753,0.00650274562907,-0.81545064943143,                 281P   3193
1.53079339592486,-0.00818902375808,-0.80469283047115,                281P   3194
1.53700442559747,-0.01572213282309,-0.78337943370844,                281P   3195
1.54930972095576,-0.03111428950621,-0.77285555192154,                281P   3196
1.55538568693835,-0.0390258802276,-0.75195201378187,                 281P   3197
1.5674543503103,-0.05506110063676,-0.74152056594766,                 281P   3198
1.57347694952542,-0.06309984505292,-0.7315772285295,                 281P   3199
1.57921773806044,-0.07191369628394,-1.12269591589664,                281P   3200
1.81517500937,0.01469456507772,-1.12232894429844,                    281P   3201
1.81538688052101,0.01526796935447,-1.12168849406865,                 281P   3202
1.81575664463358,0.01571468913264,-1.12053308834105,                 281P   3203
1.81642371844143,0.01630331698192,-1.11996308081144,                 281P   3204
1.81675281244209,0.01646327967922,-1.11820445936236,                 281P   3205
1.81776815300912,0.01689853645405,-1.11696975250124,                 281P   3206
1.81848101134776,0.01713616480539,-1.11454215329153,                 281P   3207
1.81988258640497,0.01739967641225,-1.11332875613492,                 281P   3208
1.82058314157997,0.01745716042765,-1.11089145573545,                 281P   3209
1.8219903176217,0.01751430481873,-1.1096710640582,                   281P   3210
1.82269491108508,0.01750482930775,-1.10601694439689,                 281P   3211
1.82480461805519,0.01738431344048,-1.10358562054339,                 281P   3212
1.82620834353649,0.01718498410339,-1.09873492823367,                 281P   3213
1.82900889204727,0.01663043837625,-1.09631674797039,                 281P   3214
1.83040502907322,0.01627375443651,-1.08908841050168,                 281P   3215
1.83457831165657,0.01501191157905,-1.08430459215331,                 281P   3216
1.83734025046776,0.01391320758707,-1.07480837213156,                 281P   3217
1.8428228956536,0.01137692082187,-1.07009643372097,                  281P   3218
1.84554333456336,0.00993867165365,-1.06072176532396,                 281P   3219
1.85095580188594,0.0068755419821,-1.05605828645008,                  281P   3220
1.85364826266913,0.0052518527646,-1.04678232906416,                  281P   3221
1.85900373916289,0.00183185571976,-1.04216754244908,                 281P   3222
1.86166808745735,0.00004243480525,-1.03298496211103,                 281P   3223
1.86696965268738,-0.00367881541331,-1.02842519998783,                281P   3224
1.86960223257665,-0.00563359419953,-1.01933922614501,                281P   3225
1.87484802202065,-0.00963948973697,-1.01479955367115,                281P   3226
1.87746900314547,-0.01165345966421,-1.01038587966652,                281P   3227
1.88001723902016,-0.01401032527425,-1.14300217972428,                281P   3228
1.88042856828621,0.004896151425,-1.14277505564859,                   281P   3229
1.88055969843245,0.00536335828911,-1.14233346231606,                 281P   3230
1.88081465246186,0.00576541829858,-1.14151940741396,                 281P   3231
1.88128464727873,0.00632841233911,-1.14110728789095,                 281P   3232
1.88152258459627,0.00650875884788,-1.13983105918446,                 281P   3233
1.88225941558351,0.00702175776033,-1.13892951399276,                 281P   3234
1.88277992294263,0.00733130201627,-1.13714062003434,                 281P   3235
1.88381274135107,0.00778790604706,-1.13624050924065,                 281P   3236
1.88433242056011,0.00796077516844,-1.13442782474661,                 281P   3237
1.8853789744407,0.00826462429331,-1.13351713584476,                  281P   3238
1.88590476092333,0.00838840273882,-1.13078296005434,                 281P   3239
1.88748333805194,0.00869045594533,-1.12895419746387,                 281P   3240
1.88853917462583,0.00880279269827,-1.12529305429163,                 281P   3241
1.89065293662186,0.00891053593329,-1.123461441334,                   281P   3242
1.891710418856,0.00890470603238,-1.11797054974968,                   281P   3243
1.8948805865903,0.00874219746195,-1.11431517889121,                  281P   3244
1.89699101593943,0.00843923578533,-1.10702910537652,                 281P   3245
1.90119763244447,0.00757511097831,-1.10339870694283,                 281P   3246
1.90329364395743,0.00701336764666,-1.09615750728109,                 281P   3247
1.90747435253139,0.00574702342295,-1.09254632511065,                 281P   3248
1.90955926952958,0.00504332792626,-1.08534550459233,                 281P   3249
1.91371666519422,0.00350234432238,-1.0817547663695,                  281P   3250
1.91578977887376,0.0026704008043,-1.0745944028062,                   281P   3251
1.91992381670453,0.00089470000326,-1.07102886418852,                 281P   3252
1.92198238138525,-0.00006707348161,-1.06391288774086,                281P   3253
1.92609079230285,-0.00206767096714,-1.06035537891944,                281P   3254
1.92814472097855,-0.00307730618111,-1.05686350421686,                281P   3255
1.93016075577806,-0.00435778713738,0.,1.,0.,1.;                      281P   3256
508,4,0,245,31,1,0,0,245,39,0,0,0,245,40,0,0,0,245,38,1,0;           283P   3257
510,281,1,1,283;                                                     285P   3258
128,27,7,3,3,0,0,1,0,0,0.,0.,0.,0.,0.015625,0.015625,0.03125,        287P   3259
0.03125,0.0625,0.0625,0.09375,0.09375,0.125,0.125,0.1875,0.1875,     287P   3260
0.25,0.25,0.375,0.375,0.5,0.5,0.625,0.625,0.75,0.75,0.875,0.875,     287P   3261
1.,1.,1.,1.,0.,0.,0.,0.,0.12510912366808,0.2250919717594,            287P   3262
0.40008465254659,0.89999363302674,1.,1.,1.,1.,1.,1.,1.,1.,1.,1.,     287P   3263
1.,1.,1.,1.,1.,1.,1.,1.,1.,1.,1.,1.,1.,1.,1.,1.,1.,1.,1.,1.,1.,      287P   3264
1.,1.,1.,1.,1.,1.,1.,1.,1.,1.,1.,1.,1.,1.,1.,1.,1.,1.,1.,1.,1.,      287P   3265
1.,1.,1.,1.,1.,1.,1.,1.,1.,1.,1.,1.,1.,1.,1.,1.,1.,1.,1.,1.,1.,      287P   3266
1.,1.,1.,1.,1.,1.,1.,1.,1.,1.,1.,1.,1.,1.,1.,1.,1.,1.,1.,1.,1.,      287P   3267
1.,1.,1.,1.,1.,1.,1.,1.,1.,1.,1.,1.,1.,1.,1.,1.,1.,1.,1.,1.,1.,      287P   3268
1.,1.,1.,1.,1.,1.,1.,1.,1.,1.,1.,1.,1.,1.,1.,1.,1.,1.,1.,1.,1.,      287P   3269
1.,1.,1.,1.,1.,1.,1.,1.,1.,1.,1.,1.,1.,1.,1.,1.,1.,1.,1.,1.,1.,      287P   3270
1.,1.,1.,1.,1.,1.,1.,1.,1.,1.,1.,1.,1.,1.,1.,1.,1.,1.,1.,1.,1.,      287P   3271
1.,1.,1.,1.,1.,1.,1.,1.,1.,1.,1.,1.,1.,1.,1.,1.,1.,1.,1.,1.,1.,      287P   3272
1.,1.,1.,1.,1.,1.,1.,1.,1.,1.,1.,1.,1.,1.,1.,1.,1.,1.,1.,1.,1.,      287P   3273
1.,1.,1.,1.,1.,1.,1.,1.,-0.05669872981078,-0.19820508075689,         287P   3274
0.0866,-0.05792674581261,-0.19749608538766,0.08742040747307,         287P   3275
-0.05917225141987,-0.19677699239003,0.08820399600876,                287P   3276
-0.06169501467195,-0.19532047434734,0.08969718665213,                287P   3277
-0.06297227231676,-0.19458304930229,0.09040678875982,                287P   3278
-0.06684683254758,-0.19234607091003,0.09242409261105,                287P   3279
-0.06948692242997,-0.19082181430575,0.09362029188276,                287P   3280
-0.07485538426544,-0.18772233141991,0.09571256207549,                287P   3281
-0.07758375621851,-0.18614710513835,0.09660863299652,                287P   3282
-0.08310296480895,-0.18296058857294,0.09809785806209,                287P   3283
-0.08589383208483,-0.18134928059994,0.09869136391913,                287P   3284
-0.09432119314707,-0.1764837414221,0.10001089334989,                 287P   3285
-0.10001199521053,-0.17319815531886,0.10026724563513,                287P   3286
-0.11132068931441,-0.1666690777338,0.09940156581236,                 287P   3287
-0.11693871103092,-0.16342551138346,0.09830148358196,                287P   3288
-0.13336274265596,-0.15394309230356,0.09321143981863,                287P   3289
-0.14372889191042,-0.14795819324104,0.08732579768811,                287P   3290
-0.16169986986064,-0.13758264428388,0.07136842774268,                287P   3291
-0.16933191373738,-0.13317628169718,0.06135064166262,                287P   3292
-0.1806136491626,-0.1266627687125,0.03864455623932,                  287P   3293
-0.18441915656878,-0.12446565798714,0.02604907101799,                287P   3294
-0.18732371671579,-0.12278870940439,0.00007985575197,                287P   3295
-0.18655010298321,-0.12323535550114,-0.01322793670942,               287P   3296
-0.18073956560159,-0.12659007082256,-0.038528994764,                 287P   3297
-0.17560295445657,-0.12955569464986,-0.05048783135004,               287P   3298
-0.16180875615085,-0.13751977875492,-0.07125971195429,               287P   3299
-0.15312086403318,-0.14253573560758,-0.08006101312031,               287P   3300
-0.14330127018922,-0.14820508075689,-0.0866,-0.1005318514053,        287P   3301
-0.26909299433716,0.08511967130315,-0.10160722646795,                287P   3302
-0.26847212625526,0.08561975231077,-0.1027507361039,                 287P   3303
-0.26781192065913,0.08590219044591,-0.1048836494551,                 287P   3304
-0.26658048256165,0.08637058647229,-0.10590222551811,                287P   3305
-0.26599240739748,0.08653430602971,-0.10898382699568,                287P   3306
-0.26421324395487,0.08691820448364,-0.11107452023345,                287P   3307
-0.26300618165126,0.08703523800434,-0.11520472483164,                287P   3308
-0.26062160691468,0.08703637385732,-0.11726507607575,                287P   3309
-0.25943206256927,0.08692210409102,-0.12140245242487,                287P   3310
-0.25704334722037,0.08649238700375,-0.12347443272638,                287P   3311
-0.25584708883553,0.0861753775486,-0.1296819703536,                  287P   3312
-0.25226316531545,0.08492886409822,-0.13381224703036,                287P   3313
-0.2498785489643,0.08369795619318,-0.14196441875394,                 287P   3314
-0.24517189042521,0.08039523495929,-0.14598531921339,                287P   3315
-0.24285042246256,0.07833597539678,-0.15771626482913,                287P   3316
-0.23607755785347,0.071076109344,-0.16508823119655,                  287P   3317
-0.23182135108678,0.06473247136576,-0.17809618674378,                287P   3318
-0.22431120444998,0.04956275469778,-0.1837472102576,                 287P   3319
-0.22104858450308,0.04076739566092,-0.19268718544291,                287P   3320
-0.21588708742329,0.02160583454166,-0.19606564149947,                287P   3321
-0.21393653490959,0.01129263872227,-0.20005234778153,                287P   3322
-0.21163480896446,-0.00982046583334,-0.20073679122058,               287P   3323
-0.21123964536068,-0.02058125370681,-0.19960097459549,               287P   3324
-0.21189540939493,-0.04138737710164,-0.19771151807765,               287P   3325
-0.21298628762412,-0.0514179907315,-0.19187402657935,                287P   3326
-0.21635656491206,-0.06970916498456,-0.18792898283174,               287P   3327
-0.21863423698162,-0.07795544549155,-0.1831509243285,                287P   3328
-0.22139285034476,-0.08498276637683,-0.17939487497068,               287P   3329
-0.39663205602884,0.08245631554254,-0.18019562377934,                287P   3330
-0.39616974348861,0.08238007634584,-0.18115562582111,                287P   3331
-0.39561548605136,0.08176086215938,-0.18258713482782,                287P   3332
-0.39478900394099,0.08038548345357,-0.18314030001112,                287P   3333
-0.39446963387351,0.07956707016579,-0.18479523775659,                287P   3334
-0.39351415512067,0.07701220259866,-0.18589747571314,                287P   3335
-0.39287777773974,0.07518763873918,-0.18779985107785,                287P   3336
-0.39177944081083,0.07142647862246,-0.18865832276157,                287P   3337
-0.39128380195314,0.0694944391301,-0.1903095547375,                  287P   3338
-0.39033046272734,0.06561222825013,-0.191088138668,                  287P   3339
-0.38988094708548,0.06365705140214,-0.19330184739374,                287P   3340
-0.38860286175677,0.05779380309819,-0.19462448122261,                287P   3341
-0.38783923875963,0.05388706853134,-0.19709754797245,                287P   3342
-0.38641141300589,0.04619970738946,-0.19824496357042,                287P   3343
-0.38574895230153,0.04241472942512,-0.20153227252323,                287P   3344
-0.38385102359271,0.031250994788,-0.20351720947113,                  287P   3345
-0.38270501971152,0.0240833466545,-0.20759586821072,                 287P   3346
-0.38035020499028,0.01033074829162,-0.20968270898142,                287P   3347
-0.37914536690956,0.00373473735518,-0.21440947081878,                287P   3348
-0.37641636969037,-0.00904963926185,-0.21701959098177,               287P   3349
-0.37490941611165,-0.01525661959073,-0.22295325684701,               287P   3350
-0.37148361252707,-0.02763277912715,-0.22626098589529,               287P   3351
-0.36957389427064,-0.0338110851802,-0.23353576381087,                287P   3352
-0.36537379928279,-0.04653007890911,-0.2374884746443,                287P   3353
-0.36309170061908,-0.05309150104863,-0.24596641252065,               287P   3354
-0.35819696090399,-0.06691947495646,-0.25055453613981,               287P   3355
-0.35554800649743,-0.07416718165169,-0.25484703218341,               287P   3356
-0.35306973275113,-0.08207309604775,-0.28745519798555,               287P   3357
-0.64238289423728,0.10537969977691,-0.28865001792939,                287P   3358
-0.64169306462107,0.10569945137947,-0.29007498869264,                287P   3359
-0.64087035736732,0.10546662326266,-0.29244277632283,                287P   3360
-0.63950331454165,0.10476699621976,-0.29347722656519,                287P   3361
-0.63890607441576,0.10424715853911,-0.29660194746851,                287P   3362
-0.63710201596108,0.10255086374829,-0.2987175744366,                 287P   3363
-0.63588055816155,0.1012503260245,-0.30267994459579,                 287P   3364
-0.63359288268351,0.0984011329535,-0.30458687507587,                 287P   3365
-0.63249191585752,0.09686558295022,-0.30835988372721,                287P   3366
-0.63031356829701,0.09367633866649,-0.3102117560397,                 287P   3367
-0.62924438931889,0.09201551223236,-0.31566686415772,                287P   3368
-0.62609488117849,0.08687997419282,-0.31917968248629,                287P   3369
-0.62406675457088,0.08324994897223,-0.32602079105933,                287P   3370
-0.62011703869467,0.07567703703219,-0.32934596878996,                287P   3371
-0.61819724643679,0.07173583900297,-0.33904885589258,                287P   3372
-0.61259528195618,0.05953459860963,-0.34515110557956,                287P   3373
-0.60907214645674,0.05088528020784,-0.35666207361218,                287P   3374
-0.60242628596447,0.03286058108427,-0.36207187896749,                287P   3375
-0.59930293338632,0.02348983124985,-0.37227611699153,                287P   3376
-0.59341151381626,0.00432693755502,-0.37708668111844,                287P   3377
-0.59063413332264,-0.00545619429094,-0.38603834166162,               287P   3378
-0.58546588969834,-0.02525397458725,-0.39020106329068,               287P   3379
-0.58306254124525,-0.0352567043058,-0.39793204764681,                287P   3380
-0.57859905534613,-0.05527130263045,-0.40145669830051,               287P   3381
-0.57656409734242,-0.06529928801193,-0.40804265285504,               287P   3382
-0.57276169470749,-0.08515737337575,-0.41115792266289,               287P   3383
-0.57096309284531,-0.09495618312985,-0.41364433921498,               287P   3384
-0.56952755957966,-0.10483036189092,-0.42900297792715,               287P   3385
-1.15707355312554,0.18985382430593,-0.43136436727408,                287P   3386
-1.15571020435043,0.19100490309375,-0.43451394359822,                287P   3387
-1.15389179561185,0.19098408667718,-0.43975353735794,                287P   3388
-1.15086671474424,0.1901193352409,-0.44208585353557,                 287P   3389
-1.14952015137125,0.18920315325248,-0.44917686958316,                287P   3390
-1.14542615134734,0.18617312921258,-0.45403350152502,                287P   3391
-1.14262217358836,0.18381048773123,-0.46317585876725,                287P   3392
-1.13734383117352,0.17842196626461,-0.46759940781279,                287P   3393
-1.13478989394131,0.17546306033686,-0.47636994753356,                287P   3394
-1.12972622047258,0.16932971563485,-0.48068620917193,                287P   3395
-1.12723422565378,0.16612971832564,-0.49342759863958,                287P   3396
-1.11987798101478,0.15624496585291,-0.50167020956997,                287P   3397
-1.1151191073753,0.14927877283098,-0.51782122831616,                 287P   3398
-1.10579431235449,0.13492203922667,-0.52572230084407,                287P   3399
-1.10123262600362,0.12752686230036,-0.54900409082417,                287P   3400
-1.08779087829139,0.10485701176562,-0.56396062000502,                287P   3401
-1.07915572214268,0.0891019903541,-0.59322977072283,                 287P   3402
-1.06225717009681,0.05689563532211,-0.60753665311246,                287P   3403
-1.05399708769789,0.04043779095477,-0.6359976922734,                 287P   3404
-1.0375650990769,0.00719446636836,-0.65014171400509,                 287P   3405
-1.02939904432269,-0.00959712576756,-0.67836453718077,               287P   3406
-1.01310458976492,-0.04363533398868,-0.69245278130708,               287P   3407
-1.00497073822618,-0.0608679917848,-0.72059097029107,                287P   3408
-0.98872514724177,-0.09588657023649,-0.73457632637917,               287P   3409
-0.98065069813959,-0.11374215168673,-0.76257297381798,               287P   3410
-0.96448682620439,-0.15004309134877,-0.7767090324802,                287P   3411
-0.95632536893049,-0.16838377844739,-0.78982021488154,               287P   3412
-0.94875562424167,-0.18791876501529,-0.73254801505382,               287P   3413
-1.5786572541993,0.0734730099795,-0.73375389998921,                  287P   3414
-1.57796103620724,0.0746834682722,-0.73558724731366,                 287P   3415
-1.57690255263595,0.07539809179958,-0.73879033865645,                287P   3416
-1.57505324698695,0.07614049101115,-0.74030748026569,                287P   3417
-1.57417732487045,0.07617817588039,-0.74495986556739,                287P   3418
-1.57149126896415,0.07614707533307,-0.74819313316737,                287P   3419
-1.56962454104494,0.07595329660299,-0.75445217925738,                287P   3420
-1.5660108791,0.0750584908737,-0.75754490973002,                     287P   3421
-1.56422529032909,0.07442380599984,-0.76372913824279,                287P   3422
-1.56065482433251,0.07300102505654,-0.76680736611331,                287P   3423
-1.55887760864284,0.07219218950449,-0.77598001888044,                287P   3424
-1.55358177509855,0.06953677830608,-0.78202597008638,                287P   3425
-1.5500911435423,0.06746783529989,-0.79401249590074,                 287P   3426
-1.54317071963673,0.0629403693991,-0.79994935942012,                 287P   3427
-1.53974306988567,0.06047899223853,-0.81760023780257,                287P   3428
-1.52955233050013,0.05262249415323,-0.82915335483141,                287P   3429
-1.52288213527355,0.04675031381122,-0.85190773880646,                287P   3430
-1.50974488556031,0.03418310949044,-0.86310758844369,                287P   3431
-1.50327864935737,0.02748690206008,-0.88528044835931,                287P   3432
-1.49047714271639,0.01364526699073,-0.89625641474345,                287P   3433
-1.48414016556988,0.00650274562907,-0.91798064410066,                287P   3434
-1.47159767590256,-0.00818902375808,-0.92873846306094,               287P   3435
-1.46538664622995,-0.01572213282309,-0.95005185982365,               287P   3436
-1.45308135087166,-0.03111428950621,-0.96057574161055,               287P   3437
-1.44700538488907,-0.0390258802276,-0.98147927975022,                287P   3438
-1.43493672151711,-0.05506110063676,-0.99191072758443,               287P   3439
-1.428914122302,-0.06309984505292,-1.00185406500259,                 287P   3440
-1.42317333376698,-0.07191369628394,-1.01063971248076,               287P   3441
-1.87987068857653,0.01469456507772,-1.01100668407896,                287P   3442
-1.87965881742552,0.01526796935447,-1.01164713430875,                287P   3443
-1.87928905331295,0.01571468913264,-1.01280254003635,                287P   3444
-1.8786219795051,0.01630331698192,-1.01337254756595,                 287P   3445
-1.87829288550444,0.01646327967922,-1.01513116901504,                287P   3446
-1.87727754493741,0.01689853645405,-1.01636587587616,                287P   3447
-1.87656468659877,0.01713616480539,-1.01879347508587,                287P   3448
-1.87516311154156,0.01739967641225,-1.02000687224248,                287P   3449
-1.87446255636656,0.01745716042765,-1.02244417264194,                287P   3450
-1.87305538032483,0.01751430481873,-1.0236645643192,                 287P   3451
-1.87235078686145,0.01750482930775,-1.02731868398051,                287P   3452
-1.87024107989134,0.01738431344048,-1.02975000783401,                287P   3453
-1.86883735441004,0.01718498410339,-1.03460070014373,                287P   3454
-1.86603680589926,0.01663043837625,-1.03701888040701,                287P   3455
-1.86464066887331,0.01627375443651,-1.04424721787572,                287P   3456
-1.86046738628996,0.01501191157905,-1.04903103622409,                287P   3457
-1.85770544747877,0.01391320758707,-1.05852725624584,                287P   3458
-1.85222280229293,0.01137692082187,-1.06323919465642,                287P   3459
-1.84950236338317,0.00993867165365,-1.07261386305344,                287P   3460
-1.84408989606059,0.0068755419821,-1.07727734192731,                 287P   3461
-1.8413974352774,0.0052518527646,-1.08655329931324,                  287P   3462
-1.83604195878364,0.00183185571976,-1.09116808592832,                287P   3463
-1.83337761048918,0.00004243480525,-1.10035066626637,                287P   3464
-1.82807604525915,-0.00367881541331,-1.10491042838957,               287P   3465
-1.82544346536988,-0.00563359419953,-1.11399640223239,               287P   3466
-1.82019767592588,-0.00963948973697,-1.11853607470625,               287P   3467
-1.81757669480106,-0.01165345966421,-1.12294974871088,               287P   3468
-1.81502845892637,-0.01401032527425,-1.05699782027572,               287P   3469
-1.93008320836532,0.004896151425,-1.05722494435141,                  287P   3470
-1.92995207821908,0.00536335828911,-1.05766653768394,                287P   3471
-1.92969712418967,0.00576541829858,-1.05848059258605,                287P   3472
-1.92922712937281,0.00632841233911,-1.05889271210905,                287P   3473
-1.92898919205526,0.00650875884788,-1.06016894081554,                287P   3474
-1.92825236106802,0.00702175776033,-1.06107048600724,                287P   3475
-1.92773185370891,0.00733130201627,-1.06285937996567,                287P   3476
-1.92669903530046,0.00778790604706,-1.06375949075935,                287P   3477
-1.92617935609142,0.00796077516844,-1.0655721752534,                 287P   3478
-1.92513280221083,0.00826462429331,-1.06648286415524,                287P   3479
-1.9246070157282,0.00838840273882,-1.06921703994567,                 287P   3480
-1.92302843859959,0.00869045594533,-1.07104580253613,                287P   3481
-1.9219726020257,0.00880279269827,-1.07470694570837,                 287P   3482
-1.91985884002967,0.00891053593329,-1.076538558666,                  287P   3483
-1.91880135779553,0.00890470603238,-1.08202945025032,                287P   3484
-1.91563119006123,0.00874219746195,-1.08568482110879,                287P   3485
-1.91352076071211,0.00843923578533,-1.09297089462348,                287P   3486
-1.90931414420706,0.00757511097831,-1.09660129305717,                287P   3487
-1.90721813269411,0.00701336764666,-1.10384249271891,                287P   3488
-1.90303742412014,0.00574702342295,-1.10745367488935,                287P   3489
-1.90095250712195,0.00504332792626,-1.11465449540767,                287P   3490
-1.89679511145731,0.00350234432238,-1.1182452336305,                 287P   3491
-1.89472199777777,0.0026704008043,-1.1254055971938,                  287P   3492
-1.890587959947,0.00089470000326,-1.12897113581148,                  287P   3493
-1.88852939526628,-0.00006707348161,-1.13608711225914,               287P   3494
-1.88442098434868,-0.00206767096714,-1.13964462108056,               287P   3495
-1.88236705567298,-0.00307730618111,-1.14313649578314,               287P   3496
-1.88035102087347,-0.00435778713738,0.,1.,0.,1.;                     287P   3497
508,4,0,245,33,1,0,0,245,43,0,0,0,245,44,0,0,0,245,42,1,0;           289P   3498
510,287,1,1,289;                                                     291P   3499
128,35,7,3,3,0,0,1,0,0,0.,0.,0.,0.,0.125,0.125,0.1875,0.1875,        293P   3500
0.25,0.25,0.375,0.375,0.5,0.5,0.625,0.625,0.75,0.75,0.8125,          293P   3501
0.8125,0.875,0.875,0.90625,0.90625,0.9375,0.9375,0.953125,           293P   3502
0.953125,0.96875,0.96875,0.9765625,0.9765625,0.984375,0.984375,      293P   3503
0.9921875,0.9921875,1.,1.,1.,1.,0.,0.,0.,0.,0.12510912366808,        293P   3504
0.2250919717594,0.40008465254659,0.89999363302674,1.,1.,1.,1.,       293P   3505
1.,1.,1.,1.,1.,1.,1.,1.,1.,1.,1.,1.,1.,1.,1.,1.,1.,1.,1.,1.,1.,      293P   3506
1.,1.,1.,1.,1.,1.,1.,1.,1.,1.,1.,1.,1.,1.,1.,1.,1.,1.,1.,1.,1.,      293P   3507
1.,1.,1.,1.,1.,1.,1.,1.,1.,1.,1.,1.,1.,1.,1.,1.,1.,1.,1.,1.,1.,      293P   3508
1.,1.,1.,1.,1.,1.,1.,1.,1.,1.,1.,1.,1.,1.,1.,1.,1.,1.,1.,1.,1.,      293P   3509
1.,1.,1.,1.,1.,1.,1.,1.,1.,1.,1.,1.,1.,1.,1.,1.,1.,1.,1.,1.,1.,      293P   3510
1.,1.,1.,1.,1.,1.,1.,1.,1.,1.,1.,1.,1.,1.,1.,1.,1.,1.,1.,1.,1.,      293P   3511
1.,1.,1.,1.,1.,1.,1.,1.,1.,1.,1.,1.,1.,1.,1.,1.,1.,1.,1.,1.,1.,      293P   3512
1.,1.,1.,1.,1.,1.,1.,1.,1.,1.,1.,1.,1.,1.,1.,1.,1.,1.,1.,1.,1.,      293P   3513
1.,1.,1.,1.,1.,1.,1.,1.,1.,1.,1.,1.,1.,1.,1.,1.,1.,1.,1.,1.,1.,      293P   3514
1.,1.,1.,1.,1.,1.,1.,1.,1.,1.,1.,1.,1.,1.,1.,1.,1.,1.,1.,1.,1.,      293P   3515
1.,1.,1.,1.,1.,1.,1.,1.,1.,1.,1.,1.,1.,1.,1.,1.,1.,1.,1.,1.,1.,      293P   3516
1.,1.,1.,1.,1.,1.,1.,1.,1.,1.,1.,1.,1.,1.,1.,1.,1.,1.,1.,1.,1.,      293P   3517
1.,1.,1.,1.,1.,1.,1.,1.,1.,1.,1.,1.,1.,1.,1.,1.,1.,1.,1.,1.,1.,      293P   3518
1.,1.,1.,1.,1.,1.,1.,1.,1.,1.,1.,1.,1.,1.,1.,-0.14330127018922,      293P   3519
-0.14820508075689,-0.0866,-0.13347296409932,-0.15387945592357,       293P   3520
-0.09314478847008,-0.12253338226647,-0.16019542643959,               293P   3521
-0.09737264272902,-0.10567894560982,-0.16992633998034,               293P   3522
-0.10001012892857,-0.09998800731554,-0.17321200473649,               293P   3523
-0.10026723171886,-0.08867927701093,-0.17974110322205,               293P   3524
-0.09940175132818,-0.08306129077618,-0.18298464908699,               293P   3525
-0.09830147362635,-0.06663726837847,-0.19246706283948,               293P   3526
-0.09321137903041,-0.05627110846862,-0.19845196805389,               293P   3527
-0.08732579559544,-0.03830013054371,-0.20882751699644,               293P   3528
-0.07136842553244,-0.03066808631309,-0.21323387978745,               293P   3529
-0.06135064140544,-0.01938635087121,-0.21974739278175,               293P   3530
-0.03864455625497,-0.01558084368683,-0.22194450337906,               293P   3531
-0.02604907134901,-0.01267628351034,-0.22362145197883,               293P   3532
-0.00007985607705,-0.01344990381322,-0.22317480208871,               293P   3533
0.01322792716413,-0.01780780116115,-0.22065876888178,                293P   3534
0.03220372869343,-0.01981890376774,-0.2194976582505,                 293P   3535
0.03835613388856,-0.02484120121687,-0.2165980334663,                 293P   3536
0.05009365883887,-0.02784568087626,-0.21486339632617,                293P   3537
0.0556806810347,-0.03301841773309,-0.21187691530943,                 293P   3538
0.06347025918798,-0.03485444318484,-0.21081688552063,                293P   3539
0.06596774344394,-0.03873037591728,-0.2085791147142,                 293P   3540
0.0707428729174,-0.04077009280006,-0.20740148362285,                 293P   3541
0.07302067415275,-0.04396659162221,-0.20555598416742,                293P   3542
0.07625718762736,-0.04505491181259,-0.20492764221254,                293P   3543
0.07730599405583,-0.04727457631321,-0.20364611831559,                293P   3544
0.07934095359891,-0.04840592062344,-0.20299293637353,                293P   3545
0.08032710671353,-0.05013324239408,-0.20199566668428,                293P   3546
0.08175740350927,-0.05071406720184,-0.20166032732517,                293P   3547
0.08222601362849,-0.05188549145502,-0.20098400521726,                293P   3548
0.08314659909307,-0.05247609090044,-0.20064302246846,                293P   3549
0.08359857443842,-0.05366673729817,-0.19995560245022,                293P   3550
0.08448556654015,-0.05426678425048,-0.19960916518078,                293P   3551
0.08492058329652,-0.05547599853123,-0.19891102499028,                293P   3552
0.08577333440513,-0.05608516585966,-0.19855932206923,                293P   3553
0.08619106875738,-0.05669872981078,-0.19820508075689,0.0866,         293P   3554
-0.1831509243285,-0.22139285034476,-0.08498276637683,                293P   3555
-0.17590385158791,-0.22557694974237,-0.08585432997218,               293P   3556
-0.16815815397525,-0.2300489303441,-0.08530824036098,                293P   3557
-0.15623916331948,-0.23693036280768,-0.08241173913382,               293P   3558
-0.15222021881211,-0.23925070150087,-0.08109493073945,               293P   3559
-0.14422588007071,-0.24386623512521,-0.07767365715672,               293P   3560
-0.14025118944179,-0.24616102382976,-0.07558131732232,               293P   3561
-0.12857448223955,-0.25290257387622,-0.06828287277544,               293P   3562
-0.12112194236631,-0.25720529977819,-0.06199719385679,               293P   3563
-0.10779237438816,-0.26490112943855,-0.04703881846126,               293P   3564
-0.10190098606706,-0.26830252407164,-0.03839603428504,               293P   3565
-0.09241668513746,-0.27377828776642,-0.01956843662887,               293P   3566
-0.0887344692703,-0.27590421608854,-0.00943691199672,                293P   3567
-0.08407751573352,-0.2785929094666,0.01128659195347,                 293P   3568
-0.08302216097363,-0.27920221882132,0.02183594201632,                293P   3569
-0.08332096957604,-0.27902970159428,0.03713682853039,                293P   3570
-0.08374953139557,-0.27878227131241,0.04214588208171,                293P   3571
-0.08521588609393,-0.27793567103258,0.05186471919238,                293P   3572
-0.08624806138214,-0.27733974435208,0.05657310949785,                293P   3573
-0.08823930166577,-0.27619010123831,0.0633383901689,                 293P   3574
-0.08897763989319,-0.27576382146395,0.06554422313189,                293P   3575
-0.09060223111662,-0.27482586328378,0.06984112217211,                293P   3576
-0.09148628974758,-0.27431545179522,0.07193003566695,                293P   3577
-0.09295587694586,-0.27346698523069,0.07500810457038,                293P   3578
-0.09346905458961,-0.27317070197993,0.07602287053084,                293P   3579
-0.09453867330064,-0.27255315732919,0.07800555750632,                293P   3580
-0.09508852294445,-0.27223570148932,0.07896550281654,                293P   3581
-0.09599965336268,-0.27170966009709,0.08042032433763,                293P   3582
-0.09631819301465,-0.27152575114328,0.08090836997084,                293P   3583
-0.09699706327111,-0.27113380521797,0.08190225474794,                293P   3584
-0.09735755292103,-0.27092567642155,0.0824063425855,                 293P   3585
-0.09814040434532,-0.270473696941,0.08335636304002,                  293P   3586
-0.09856276611969,-0.27022984625687,0.08380229565699,                293P   3587
-0.09948912487398,-0.26969501278071,0.08456355955173,                293P   3588
-0.09999713477711,-0.26940171312639,0.08487059133402,                293P   3589
-0.1005318514053,-0.26909299433716,0.08511967130315,                 293P   3590
-0.25484703218341,-0.35306973275113,-0.08207309604775,               293P   3591
-0.2522440244569,-0.35457257996273,-0.07273759131868,                293P   3592
-0.2502446519372,-0.35572691822519,-0.0636023884015,                 293P   3593
-0.2472053435882,-0.35748166371864,-0.05074933001009,                293P   3594
-0.24619459198658,-0.35806522142792,-0.04660079550702,               293P   3595
-0.24416339094669,-0.35923793589507,-0.03858122795386,               293P   3596
-0.24314526045708,-0.35982575380732,-0.03470400453158,               293P   3597
-0.24000975717811,-0.36163603746948,-0.0234323737756,                293P   3598
-0.23779930085376,-0.36291224502338,-0.0164268570172,                293P   3599
-0.23282039576915,-0.36578681721424,-0.00326583798454,               293P   3600
-0.23006073485003,-0.36738010818877,0.00290309423736,                293P   3601
-0.22381031540421,-0.37098878953836,0.0147526524673,                 293P   3602
-0.22034992097483,-0.37298664919367,0.02045110571259,                293P   3603
-0.21254012242402,-0.37749563848929,0.0317367088121,                 293P   3604
-0.20819413952202,-0.38000479288766,0.03732318210885,                293P   3605
-0.20118997722599,-0.38404864787472,0.04601228970087,                293P   3606
-0.19877128685715,-0.38544507941025,0.04896426485236,                293P   3607
-0.19383991338217,-0.38829220921351,0.05505114920954,                293P   3608
-0.19132358743559,-0.38974501067613,0.05817873566272,                293P   3609
-0.18759079004866,-0.39190014225231,0.06310113602908,                293P   3610
-0.18635420770712,-0.39261408340007,0.06478224015795,                293P   3611
-0.18392826380962,-0.39401470276233,0.06821872368237,                293P   3612
-0.18273310242083,-0.39470472951187,0.06996779694248,                293P   3613
-0.18109569045651,-0.39565008975025,0.07276079789966,                293P   3614
-0.18057409169012,-0.39595123493843,0.07371431943733,                293P   3615
-0.17957458812772,-0.39652829858924,0.07560295943235,                293P   3616
-0.17907823284901,-0.39681486944302,0.07651575257496,                293P   3617
-0.17852090025302,-0.39713664556734,0.07801469812653,                293P   3618
-0.17836754560065,-0.39722518491717,0.07853771145864,                293P   3619
-0.17816022988548,-0.39734487870113,0.07966347380232,                293P   3620
-0.17810671401708,-0.39737577610216,0.08026132061827,                293P   3621
-0.17815587494819,-0.39734739302535,0.08132473948685,                293P   3622
-0.1782585517477,-0.39728811254751,0.08179031153948,                 293P   3623
-0.1786760067042,-0.397047094816,0.08238697482989,                   293P   3624
-0.17900201769586,-0.39685887228221,0.08249483440939,                293P   3625
-0.17939487497068,-0.39663205602884,0.08245631554254,                293P   3626
-0.41364433921498,-0.56952755957966,-0.10483036189092,               293P   3627
-0.40710136396976,-0.57330514809879,-0.09776145869731,               293P   3628
-0.40082065377214,-0.57693131782209,-0.09014553578701,               293P   3629
-0.39123318716677,-0.58246664424755,-0.07850309821927,               293P   3630
-0.38801874682114,-0.58432250224639,-0.07457706569575,               293P   3631
-0.38160151527018,-0.58802749260979,-0.06659529834135,               293P   3632
-0.37840090061958,-0.58987536833988,-0.06253954902334,               293P   3633
-0.36884431366096,-0.59539286639298,-0.05020429297748,               293P   3634
-0.36252492229231,-0.59904136870078,-0.04175597744364,               293P   3635
-0.3501411751421,-0.60619112845153,-0.02447572131277,                293P   3636
-0.34407745893039,-0.60969201663865,-0.01564569246082,               293P   3637
-0.3323889070889,-0.61644040519077,0.00232633057602,                 293P   3638
-0.3267486105155,-0.61969683193574,0.01145857386594,                 293P   3639
-0.31596275362488,-0.62592404931498,0.02985294258016,                293P   3640
-0.31078373145377,-0.6289141591596,0.03909117181412,                 293P   3641
-0.30346666743423,-0.63313866804096,0.05299583211273,                293P   3642
-0.30110715045824,-0.63450093580221,0.05764052097519,                293P   3643
-0.29658581812582,-0.63711132824143,0.06696423233446,                293P   3644
-0.29441892694793,-0.63836238344629,0.07163549505534,                293P   3645
-0.29140165551282,-0.64010440592156,0.07872926837003,                293P   3646
-0.29043556051895,-0.64066218112634,0.08111017407381,                293P   3647
-0.28861103022822,-0.64171557418084,0.08589543545021,                293P   3648
-0.28774717934415,-0.6422143187213,0.08829244160867,                 293P   3649
-0.2866401480113,-0.64285346355931,0.09203588477339,                 293P   3650
-0.28630145853606,-0.64304900601902,0.09330217343814,                293P   3651
-0.28568590417717,-0.64340439649383,0.09580416840259,                293P   3652
-0.28539224891464,-0.6435739384387,0.09701400671529,                 293P   3653
-0.28514277536975,-0.64371797205699,0.09897665274779,                293P   3654
-0.28509253733458,-0.64374697700012,0.09965750023393,                293P   3655
-0.28509019451484,-0.64374832962773,0.10111163812381,                293P   3656
-0.28513908006394,-0.6437201055428,0.10187989326908,                 293P   3657
-0.28541677587439,-0.64355977779188,0.10329635800728,                293P   3658
-0.28564558613574,-0.6434276741259,0.10394456760022,                 293P   3659
-0.28636294216501,-0.64301350842929,0.1049185232808,                 293P   3660
-0.28686567064571,-0.64272325800563,0.10522171543006,                293P   3661
-0.28745519798555,-0.64238289423728,0.10537969977691,                293P   3662
-0.78982021488154,-0.94875562424167,-0.18791876501529,               293P   3663
-0.77384662954892,-0.95797797803338,-0.17236729249274,               293P   3664
-0.75869408399509,-0.96672630428779,-0.15601419075597,               293P   3665
-0.73575839807523,-0.97996822872767,-0.13218760129081,               293P   3666
-0.72809629483645,-0.98439194609514,-0.12433771192303,               293P   3667
-0.71277511742717,-0.99323763199669,-0.10875368799065,               293P   3668
-0.70512039276649,-0.99765708934011,-0.10101129321699,               293P   3669
-0.68212817659182,-1.01093165153782,-0.0779348302694,                293P   3670
-0.66674278718379,-1.01981441025413,-0.06278831480486,               293P   3671
-0.63572164203586,-1.03772447675586,-0.03287638099163,               293P   3672
-0.62009453789819,-1.0467467895364,-0.0180969185191,                 293P   3673
-0.58862048326887,-1.06491834344912,0.01142379008145,                293P   3674
-0.57278559678352,-1.07406061942403,0.026169782873,                  293P   3675
-0.54080920779606,-1.09252219621365,0.05577058835491,                293P   3676
-0.52463533633828,-1.10186018525364,0.07057583812928,                293P   3677
-0.5003986875858,-1.11585322093513,0.09329856397,                    293P   3678
-0.49232486618403,-1.12051464389484,0.10096699389207,                293P   3679
-0.4763004867673,-1.12976632366468,0.11662539379264,                 293P   3680
-0.46834342678235,-1.13436033438895,0.12459360313038,                293P   3681
-0.45669488675326,-1.14108562211041,0.13703914991855,                293P   3682
-0.45286075453088,-1.14329925938111,0.14127486386968,                293P   3683
-0.44536686337361,-1.14762585945804,0.14992339579552,                293P   3684
-0.44169751312598,-1.14974435981126,0.15431542223758,                293P   3685
-0.43652840742072,-1.15272874438166,0.16141705880352,                293P   3686
-0.43486122894619,-1.15369129032272,0.16385444294659,                293P   3687
-0.43167215363085,-1.1555325038145,0.16871002093152,                 293P   3688
-0.43012168804739,-1.15642766553648,0.17105651625488,                293P   3689
-0.42817472352365,-1.15755174602836,0.17505607590219,                293P   3690
-0.42759056461633,-1.15788901033075,0.17647461077588,                293P   3691
-0.4266116446761,-1.15845419002176,0.17959515754478,                 293P   3692
-0.42622148699528,-1.15867944766381,0.18128573878673,                293P   3693
-0.42592038885036,-1.15885328675883,0.18449184352622,                293P   3694
-0.42600944838627,-1.1588018682118,0.18600736702376,                 293P   3695
-0.42694739731298,-1.15826034314648,0.18842768281499,                293P   3696
-0.4278401693913,-1.15774490094673,0.18928705534992,                 293P   3697
-0.42900297792715,-1.15707355312554,0.18985382430593,                293P   3698
-1.00185406500259,-1.42317333376698,-0.07191369628394,               293P   3699
-0.98997553378585,-1.43003140696254,-0.06707994613744,               293P   3700
-0.9783342324044,-1.43675251544884,-0.06151188944744,                293P   3701
-0.96078560582132,-1.44688421973049,-0.05339120631356,               293P   3702
-0.95492763089672,-1.45026632313011,-0.05070494131481,               293P   3703
-0.94321543593413,-1.45702836204456,-0.04531515471648,               293P   3704
-0.9373626848873,-1.46040744943695,-0.04260738736694,                293P   3705
-0.91981091793022,-1.47054096681437,-0.03446213662394,               293P   3706
-0.90811200267603,-1.47729533868561,-0.02902114440944,               293P   3707
-0.88473207298187,-1.49079374738817,-0.01810787677009,               293P   3708
-0.87305293470731,-1.49753670101489,-0.01262958301094,               293P   3709
-0.84976939299108,-1.51097946009244,-0.00150692430859,               293P   3710
-0.83816333039853,-1.51768022345448,0.00413416931289,                293P   3711
-0.81502414648068,-1.53103963751828,0.01555112421745,                293P   3712
-0.80347415607731,-1.53770802758681,0.02128606842401,                293P   3713
-0.78628267109792,-1.54763353606742,0.03018810700383,                293P   3714
-0.78057530974142,-1.55092868268296,0.03321031702998,                293P   3715
-0.76924606100195,-1.55746962749241,0.03944767125969,                293P   3716
-0.76362350389088,-1.56071581235402,0.04264921589124,                293P   3717
-0.75532123685611,-1.56550912846143,0.04776711587308,                293P   3718
-0.75257550579218,-1.56709437703031,0.049528649535,                  293P   3719
-0.74716940081272,-1.57021559319547,0.05317875527131,                293P   3720
-0.74450687536497,-1.57175280297945,0.05505365477416,                293P   3721
-0.7406315607106,-1.57399021693835,0.05821650825239,                 293P   3722
-0.7393619666188,-1.57472321742901,0.05932055171194,                 293P   3723
-0.73691080930204,-1.57613839376567,0.06154533501324,                293P   3724
-0.73572440408695,-1.57682336513597,0.06261984638155,                293P   3725
-0.73408503196374,-1.57776985707261,0.06457781313029,                293P   3726
-0.73356206537875,-1.57807179197123,0.06529154584183,                293P   3727
-0.73257903017227,-1.57863934761231,0.06691694118601,                293P   3728
-0.73212333389746,-1.57890244397924,0.06782314218696,                293P   3729
-0.73150928982469,-1.57925696248995,0.06963627212326,                293P   3730
-0.73135094202673,-1.57934838463373,0.07054320105861,                293P   3731
-0.73155730072764,-1.5792292433822,0.0721715081404,                  293P   3732
-0.73195375608812,-1.57900034977312,0.07287651739319,                293P   3733
-0.73254801505382,-1.5786572541993,0.0734730099795,                  293P   3734
-1.12294974871088,-1.81502845892637,-0.01401032527425,               293P   3735
-1.11811293617827,-1.81782099394409,-0.01332094642926,               293P   3736
-1.11331471211492,-1.8205912498987,-0.01233300436694,                293P   3737
-1.10610340047514,-1.82475470261514,-0.01095144176947,               293P   3738
-1.10369827034468,-1.82614330514339,-0.01050028158845,               293P   3739
-1.09888861420306,-1.82892016141147,-0.00959282065338,               293P   3740
-1.09648432666417,-1.83030827746926,-0.00913474295346,               293P   3741
-1.08927247380493,-1.83447204265889,-0.00775402107538,               293P   3742
-1.0844648728318,-1.83724771237489,-0.00683262281073,                293P   3743
-1.07485234202641,-1.84279750962297,-0.00498287388667,               293P   3744
-1.07004769714898,-1.84557147263632,-0.00405198276253,               293P   3745
-1.06045067144676,-1.85111231800891,-0.00212547097857,               293P   3746
-1.05565805905558,-1.85387933406308,-0.00113105385892,               293P   3747
-1.04608507015197,-1.85940630178353,0.00091247342695,                293P   3748
-1.04130142190761,-1.86216814238512,0.00194461123149,                293P   3749
-1.03415029945505,-1.86629684485812,0.00361873477449,                293P   3750
-1.03177059091723,-1.86767077022302,0.00419970960786,                293P   3751
-1.02702801072117,-1.87040890017586,0.00544315135101,                293P   3752
-1.02466588462181,-1.87177267431519,0.00610040843973,                293P   3753
-1.02114845296007,-1.87380346443196,0.00721886907794,                293P   3754
-1.01997996169613,-1.87447809317774,0.00761488616983,                293P   3755
-1.01766569216632,-1.87581423731375,0.00846344296229,                293P   3756
-1.01652009529095,-1.87647564797812,0.0089106002366,                 293P   3757
-1.0148207765692,-1.87745675009957,0.00972561426359,                 293P   3758
-1.01425906684775,-1.87778105335845,0.01001829174895,                293P   3759
-1.01316766422352,-1.87841117495734,0.01061856379112,                293P   3760
-1.01263950407402,-1.87871610836184,0.01090819618156,                293P   3761
-1.01187507135032,-1.87915745380064,0.01148729754885,                293P   3762
-1.01162469392128,-1.8793020092767,0.01170572948383,                 293P   3763
-1.01113331326108,-1.87958570803314,0.01222360743368,                293P   3764
-1.01089436201194,-1.87972366660115,0.01252141118083,                293P   3765
-1.01052890100369,-1.87993466561264,0.01314616840901,                293P   3766
-1.01040239124459,-1.88000770605612,0.01347312189004,                293P   3767
-1.01036077654453,-1.88003173231439,0.01410759877543,                293P   3768
-1.01045887642067,-1.8799750943245,0.01441200967299,                 293P   3769
-1.01063971248076,-1.87987068857653,0.01469456507772,                293P   3770
-1.14313649578314,-1.88035102087347,-0.00435778713738,               293P   3771
-1.13947354337235,-1.88246582743387,-0.00435927829433,               293P   3772
-1.13581606575666,-1.88457747311985,-0.004134844994,                 293P   3773
-1.13032799276401,-1.88774601353949,-0.00387669916574,               293P   3774
-1.12849845461507,-1.88880229788227,-0.00379813274078,               293P   3775
-1.12483945720106,-1.89091482102421,-0.00363787906934,               293P   3776
-1.12301003127979,-1.89197104057232,-0.00355482642859,               293P   3777
-1.11752185034882,-1.89513964331018,-0.00330175690836,               293P   3778
-1.11386303696354,-1.89725206020308,-0.00313377856044,               293P   3779
-1.10654554253517,-1.90147681758109,-0.00279492543619,               293P   3780
-1.10288688119082,-1.90358914669312,-0.00262208995876,               293P   3781
-1.09557140862589,-1.90781273674774,-0.00222858320187,               293P   3782
-1.09191460381836,-1.90992399398774,-0.00200877076174,               293P   3783
-1.08460311044539,-1.9141452866548,-0.00152780133709,                293P   3784
-1.08094741683645,-1.916255902344,-0.00127962511119,                 293P   3785
-1.07547003082631,-1.91941827263141,-0.00081040077054,               293P   3786
-1.07364504466784,-1.92047192888127,-0.00063638179118,               293P   3787
-1.07000046737216,-1.92257612656401,-0.00022542924319,               293P   3788
-1.06818185772329,-1.92362610133434,0.00000769308256,                293P   3789
-1.0654620619351,-1.92519637616479,0.00045944399183,                 293P   3790
-1.06455649780399,-1.92571920385966,0.00062782838223,                293P   3791
-1.06275763970999,-1.92675777506446,0.00100936473094,                293P   3792
-1.0618649160377,-1.92727318931697,0.00121851623685,                 293P   3793
-1.06052833757371,-1.92804486325295,0.00164214355444,                293P   3794
-1.06008463274147,-1.92830103635728,0.00179956568469,                293P   3795
-1.05921990230917,-1.92880028870515,0.00212903040408,                293P   3796
-1.05880147213718,-1.92904186947758,0.00228782284281,                293P   3797
-1.05818289250932,-1.92939900659224,0.00263706625109,                293P   3798
-1.05797795591002,-1.92951732679302,0.00277293115152,                293P   3799
-1.05756853445487,-1.92975370638036,0.00310618506827,                293P   3800
-1.05736571477441,-1.92987080437747,0.00330256850789,                293P   3801
-1.05704169276131,-1.93005787857395,0.00372922305766,                293P   3802
-1.05692049042869,-1.93012785477332,0.00395949416781,                293P   3803
-1.05683753836488,-1.93017574716969,0.00442829876667,                293P   3804
-1.05688590214378,-1.93014782432892,0.00466592959887,                293P   3805
-1.05699782027572,-1.93008320836532,0.004896151425,0.,1.,0.,1.;      293P   3806
508,4,0,245,32,1,0,0,245,42,0,0,0,245,45,0,0,0,245,43,1,0;           295P   3807
510,293,1,1,295;                                                     297P   3808
116,-0.05669872981078,-0.19820508075689,0.0866;                      299P   3809
123,0.5,0.86602540378444,0.;                                         301P   3810
123,0.,0.,1.;                                                        303P   3811
190,299,301,303;                                                     305P   3812
508,2,0,245,45,1,0,0,245,44,1,0;                                     307P   3813
510,305,1,1,307;                                                     309P   3814
128,35,7,3,3,0,0,1,0,0,0.,0.,0.,0.,0.125,0.125,0.1875,0.1875,        311P   3815
0.25,0.25,0.375,0.375,0.5,0.5,0.625,0.625,0.75,0.75,0.8125,          311P   3816
0.8125,0.875,0.875,0.90625,0.90625,0.9375,0.9375,0.953125,           311P   3817
0.953125,0.96875,0.96875,0.9765625,0.9765625,0.984375,0.984375,      311P   3818
0.9921875,0.9921875,1.,1.,1.,1.,0.,0.,0.,0.,0.12510912366808,        311P   3819
0.2250919717594,0.40008465254659,0.89999363302674,1.,1.,1.,1.,       311P   3820
1.,1.,1.,1.,1.,1.,1.,1.,1.,1.,1.,1.,1.,1.,1.,1.,1.,1.,1.,1.,1.,      311P   3821
1.,1.,1.,1.,1.,1.,1.,1.,1.,1.,1.,1.,1.,1.,1.,1.,1.,1.,1.,1.,1.,      311P   3822
1.,1.,1.,1.,1.,1.,1.,1.,1.,1.,1.,1.,1.,1.,1.,1.,1.,1.,1.,1.,1.,      311P   3823
1.,1.,1.,1.,1.,1.,1.,1.,1.,1.,1.,1.,1.,1.,1.,1.,1.,1.,1.,1.,1.,      311P   3824
1.,1.,1.,1.,1.,1.,1.,1.,1.,1.,1.,1.,1.,1.,1.,1.,1.,1.,1.,1.,1.,      311P   3825
1.,1.,1.,1.,1.,1.,1.,1.,1.,1.,1.,1.,1.,1.,1.,1.,1.,1.,1.,1.,1.,      311P   3826
1.,1.,1.,1.,1.,1.,1.,1.,1.,1.,1.,1.,1.,1.,1.,1.,1.,1.,1.,1.,1.,      311P   3827
1.,1.,1.,1.,1.,1.,1.,1.,1.,1.,1.,1.,1.,1.,1.,1.,1.,1.,1.,1.,1.,      311P   3828
1.,1.,1.,1.,1.,1.,1.,1.,1.,1.,1.,1.,1.,1.,1.,1.,1.,1.,1.,1.,1.,      311P   3829
1.,1.,1.,1.,1.,1.,1.,1.,1.,1.,1.,1.,1.,1.,1.,1.,1.,1.,1.,1.,1.,      311P   3830
1.,1.,1.,1.,1.,1.,1.,1.,1.,1.,1.,1.,1.,1.,1.,1.,1.,1.,1.,1.,1.,      311P   3831
1.,1.,1.,1.,1.,1.,1.,1.,1.,1.,1.,1.,1.,1.,1.,1.,1.,1.,1.,1.,1.,      311P   3832
1.,1.,1.,1.,1.,1.,1.,1.,1.,1.,1.,1.,1.,1.,1.,1.,1.,1.,1.,1.,1.,      311P   3833
1.,1.,1.,1.,1.,1.,1.,1.,1.,1.,1.,1.,1.,1.,1.,-0.05669872981078,      311P   3834
0.19820508075689,-0.0866,-0.06652703590068,0.1925307055902,          311P   3835
-0.09314478847008,-0.07746661773353,0.18621473507419,                311P   3836
-0.09737264272902,-0.09432105439018,0.17648382153343,                311P   3837
-0.10001012892857,-0.10001199268446,0.17319815677729,                311P   3838
-0.10026723171886,-0.11132072298907,0.16666905829173,                311P   3839
-0.09940175132818,-0.11693870922382,0.16342551242679,                311P   3840
-0.09830147362635,-0.13336273162153,0.1539430986743,                 311P   3841
-0.09321137903041,-0.14372889153138,0.14795819345988,                311P   3842
-0.08732579559544,-0.16169986945629,0.13758264451734,                311P   3843
-0.07136842553244,-0.16933191368691,0.13317628172632,                311P   3844
-0.06135064140544,-0.18061364912879,0.12666276873202,                311P   3845
-0.03864455625497,-0.18441915631317,0.12446565813472,                311P   3846
-0.02604907134901,-0.18732371648966,0.12278870953495,                311P   3847
-0.00007985607705,-0.18655009618678,0.12323535942506,                311P   3848
0.01322792716413,-0.18219219883885,0.12575139263199,                 311P   3849
0.03220372869343,-0.18018109623226,0.12691250326327,                 311P   3850
0.03835613388856,-0.17515879878313,0.12981212804748,                 311P   3851
0.05009365883887,-0.17215431912374,0.1315467651876,                  311P   3852
0.0556806810347,-0.16698158226691,0.13453324620434,                  311P   3853
0.06347025918798,-0.16514555681516,0.13559327599315,                 311P   3854
0.06596774344394,-0.16126962408272,0.13783104679958,                 311P   3855
0.0707428729174,-0.15922990719995,0.13900867789092,                  311P   3856
0.07302067415275,-0.15603340837779,0.14085417734636,                 311P   3857
0.07625718762736,-0.15494508818741,0.14148251930124,                 311P   3858
0.07730599405583,-0.15272542368679,0.14276404319818,                 311P   3859
0.07934095359891,-0.15159407937656,0.14341722514024,                 311P   3860
0.08032710671353,-0.14986675760592,0.1444144948295,                  311P   3861
0.08175740350927,-0.14928593279816,0.14474983418861,                 311P   3862
0.08222601362849,-0.14811450854498,0.14542615629652,                 311P   3863
0.08314659909307,-0.14752390909956,0.14576713904531,                 311P   3864
0.08359857443842,-0.14633326270183,0.14645455906355,                 311P   3865
0.08448556654015,-0.14573321574952,0.146800996333,                   311P   3866
0.08492058329652,-0.14452400146877,0.14749913652349,                 311P   3867
0.08577333440513,-0.14391483414034,0.14785083944455,                 311P   3868
0.08619106875738,-0.14330127018922,0.14820508075689,0.0866,          311P   3869
-0.10015637045056,0.26930977836746,-0.08498276637683,                311P   3870
-0.10740344319114,0.26512567896984,-0.08585432997218,                311P   3871
-0.1151491408038,0.26065369836811,-0.08530824036098,                 311P   3872
-0.12706813145957,0.25377226590454,-0.08241173913382,                311P   3873
-0.13108707596695,0.25145192721135,-0.08109493073945,                311P   3874
-0.13908141470834,0.24683639358701,-0.07767365715672,                311P   3875
-0.14305610533726,0.24454160488246,-0.07558131732232,                311P   3876
-0.1547328125395,0.23780005483599,-0.06828287277544,                 311P   3877
-0.16218535241275,0.23349732893403,-0.06199719385679,                311P   3878
-0.1755149203909,0.22580149927366,-0.04703881846126,                 311P   3879
-0.181406308712,0.22240010464058,-0.03839603428504,                  311P   3880
-0.19089060964159,0.2169243409458,-0.01956843662887,                 311P   3881
-0.19457282550876,0.21479841262368,-0.00943691199672,                311P   3882
-0.19922977904553,0.21210971924562,0.01128659195347,                 311P   3883
-0.20028513380543,0.2115004098909,0.02183594201632,                  311P   3884
-0.19998632520302,0.21167292711794,0.03713682853039,                 311P   3885
-0.19955776338349,0.21192035739981,0.04214588208171,                 311P   3886
-0.19809140868513,0.21276695767963,0.05186471919238,                 311P   3887
-0.19705923339692,0.21336288436013,0.05657310949785,                 311P   3888
-0.19506799311329,0.21451252747391,0.0633383901689,                  311P   3889
-0.19432965488586,0.21493880724827,0.06554422313189,                 311P   3890
-0.19270506366243,0.21587676542844,0.06984112217211,                 311P   3891
-0.19182100503148,0.216387176917,0.07193003566695,                   311P   3892
-0.19035141783319,0.21723564348152,0.07500810457038,                 311P   3893
-0.18983824018944,0.21753192673228,0.07602287053084,                 311P   3894
-0.18876862147841,0.21814947138303,0.07800555750632,                 311P   3895
-0.1882187718346,0.2184669272229,0.07896550281654,                   311P   3896
-0.18730764141638,0.21899296861512,0.08042032433763,                 311P   3897
-0.18698910176441,0.21917687756894,0.08090836997084,                 311P   3898
-0.18631023150794,0.21956882349425,0.08190225474794,                 311P   3899
-0.18594974185803,0.21977695229067,0.0824063425855,                  311P   3900
-0.18516689043374,0.22022893177122,0.08335636304002,                 311P   3901
-0.18474452865936,0.22047278245535,0.08380229565699,                 311P   3902
-0.18381816990507,0.22100761593151,0.08456355955173,                 311P   3903
-0.18331016000195,0.22130091558583,0.08487059133402,                 311P   3904
-0.18277544337376,0.22160963437505,0.08511967130315,                 311P   3905
-0.17834384177815,0.39723887032547,-0.08207309604775,                311P   3906
-0.18094684950466,0.39573602311386,-0.07273759131868,                311P   3907
-0.18294622202436,0.39458168485141,-0.0636023884015,                 311P   3908
-0.18598553037337,0.39282693935796,-0.05074933001009,                311P   3909
-0.18699628197499,0.39224338164868,-0.04660079550702,                311P   3910
-0.18902748301487,0.39107066718152,-0.03858122795386,                311P   3911
-0.19004561350449,0.39048284926927,-0.03470400453158,                311P   3912
-0.19318111678346,0.38867256560712,-0.0234323737756,                 311P   3913
-0.19539157310781,0.38739635805322,-0.0164268570172,                 311P   3914
-0.20037047819241,0.38452178586235,-0.00326583798454,                311P   3915
-0.20313013911154,0.38292849488783,0.00290309423736,                 311P   3916
-0.20938055855736,0.37931981353823,0.0147526524673,                  311P   3917
-0.21284095298674,0.37732195388293,0.02045110571259,                 311P   3918
-0.22065075153754,0.3728129645873,0.0317367088121,                   311P   3919
-0.22499673443955,0.37030381018894,0.03732318210885,                 311P   3920
-0.23200089673557,0.36625995520188,0.04601228970087,                 311P   3921
-0.23441958710442,0.36486352366634,0.04896426485236,                 311P   3922
-0.23935096057939,0.36201639386309,0.05505114920954,                 311P   3923
-0.24186728652597,0.36056359240046,0.05817873566272,                 311P   3924
-0.2456000839129,0.35840846082429,0.06310113602908,                  311P   3925
-0.24683666625445,0.35769451967652,0.06478224015795,                 311P   3926
-0.24926261015194,0.35629390031426,0.06821872368237,                 311P   3927
-0.25045777154073,0.35560387356472,0.06996779694248,                 311P   3928
-0.25209518350505,0.35465851332635,0.07276079789966,                 311P   3929
-0.25261678227144,0.35435736813816,0.07371431943733,                 311P   3930
-0.25361628583385,0.35378030448735,0.07560295943235,                 311P   3931
-0.25411264111255,0.35349373363358,0.07651575257496,                 311P   3932
-0.25466997370855,0.35317195750925,0.07801469812653,                 311P   3933
-0.25482332836091,0.35308341815943,0.07853771145864,                 311P   3934
-0.25503064407608,0.35296372437547,0.07966347380232,                 311P   3935
-0.25508415994449,0.35293282697444,0.08026132061827,                 311P   3936
-0.25503499901338,0.35296121005125,0.08132473948685,                 311P   3937
-0.25493232221387,0.35302049052909,0.08179031153948,                 311P   3938
-0.25451486725737,0.35326150826059,0.08238697482989,                 311P   3939
-0.2541888562657,0.35344973079439,0.08249483440939,                  311P   3940
-0.25379599899088,0.35367654704776,0.08245631554254,                 311P   3941
-0.28640316514386,0.64299028568163,-0.10483036189092,                311P   3942
-0.29294614038907,0.63921269716251,-0.09776145869731,                311P   3943
-0.2992268505867,0.6355865274392,-0.09014553578701,                  311P   3944
-0.30881431719206,0.63005120101375,-0.07850309821927,                311P   3945
-0.31202875753769,0.62819534301491,-0.07457706569575,                311P   3946
-0.31844598908865,0.62449035265151,-0.06659529834135,                311P   3947
-0.32164660373925,0.62264247692141,-0.06253954902334,                311P   3948
-0.33120319069787,0.61712497886832,-0.05020429297748,                311P   3949
-0.33752258206652,0.61347647656051,-0.04175597744364,                311P   3950
-0.34990632921673,0.60632671680976,-0.02447572131277,                311P   3951
-0.35597004542844,0.60282582862264,-0.01564569246082,                311P   3952
-0.36765859726993,0.59607744007052,0.00232633057602,                 311P   3953
-0.37329889384334,0.59282101332555,0.01145857386594,                 311P   3954
-0.38408475073395,0.58659379594632,0.02985294258016,                 311P   3955
-0.38926377290506,0.58360368610169,0.03909117181412,                 311P   3956
-0.3965808369246,0.57937917722033,0.05299583211273,                  311P   3957
-0.39894035390059,0.57801690945908,0.05764052097519,                 311P   3958
-0.40346168623301,0.57540651701987,0.06696423233446,                 311P   3959
-0.4056285774109,0.57415546181501,0.07163549505534,                  311P   3960
-0.40864584884601,0.57241343933973,0.07872926837003,                 311P   3961
-0.40961194383988,0.57185566413496,0.08111017407381,                 311P   3962
-0.41143647413062,0.57080227108045,0.08589543545021,                 311P   3963
-0.41230032501469,0.57030352654,0.08829244160867,                    311P   3964
-0.41340735634753,0.56966438170198,0.09203588477339,                 311P   3965
-0.41374604582277,0.56946883924228,0.09330217343814,                 311P   3966
-0.41436160018167,0.56911344876747,0.09580416840259,                 311P   3967
-0.4146552554442,0.5689439068226,0.09701400671529,                   311P   3968
-0.41490472898908,0.5687998732043,0.09897665274779,                  311P   3969
-0.41495496702425,0.56877086826117,0.09965750023393,                 311P   3970
-0.41495730984399,0.56876951563357,0.10111163812381,                 311P   3971
-0.41490842429489,0.5687977397185,0.10187989326908,                  311P   3972
-0.41463072848445,0.56895806746941,0.10329635800728,                 311P   3973
-0.4144019182231,0.56909017113539,0.10394456760022,                  311P   3974
-0.41368456219382,0.569504336832,0.1049185232808,                    311P   3975
-0.41318183371313,0.56979458725566,0.10522171543006,                 311P   3976
-0.41259230637328,0.57013495102401,0.10537969977691,                 311P   3977
-0.42673636513587,1.15838218263073,-0.18791876501529,                311P   3978
-0.4427099504685,1.14915982883902,-0.17236729249274,                 311P   3979
-0.45786249602232,1.14041150258461,-0.15601419075597,                311P   3980
-0.48079818194219,1.12716957814473,-0.13218760129081,                311P   3981
-0.48846028518097,1.12274586077726,-0.12433771192303,                311P   3982
-0.50378146259024,1.11390017487571,-0.10875368799065,                311P   3983
-0.51143618725093,1.10948071753229,-0.10101129321699,                311P   3984
-0.5344284034256,1.09620615533458,-0.0779348302694,                  311P   3985
-0.54981379283362,1.08732339661827,-0.06278831480486,                311P   3986
-0.58083493798156,1.06941333011654,-0.03287638099163,                311P   3987
-0.59646204211923,1.060391017336,-0.0180969185191,                   311P   3988
-0.62793609674855,1.04221946342327,0.01142379008145,                 311P   3989
-0.6437709832339,1.03307718744837,0.026169782873,                    311P   3990
-0.67574737222136,1.01461561065875,0.05577058835491,                 311P   3991
-0.69192124367914,1.00527762161876,0.07057583812928,                 311P   3992
-0.71615789243161,0.99128458593727,0.09329856397,                    311P   3993
-0.72423171383338,0.98662316297756,0.10096699389207,                 311P   3994
-0.74025609325012,0.97737148320772,0.11662539379264,                 311P   3995
-0.74821315323507,0.97277747248345,0.12459360313038,                 311P   3996
-0.75986169326416,0.96605218476199,0.13703914991855,                 311P   3997
-0.76369582548654,0.96383854749129,0.14127486386968,                 311P   3998
-0.77118971664381,0.95951194741436,0.14992339579552,                 311P   3999
-0.77485906689144,0.95739344706114,0.15431542223758,                 311P   4000
-0.78002817259669,0.95440906249074,0.16141705880352,                 311P   4001
-0.78169535107123,0.95344651654968,0.16385444294659,                 311P   4002
-0.78488442638657,0.9516053030579,0.16871002093152,                  311P   4003
-0.78643489197003,0.95071014133592,0.17105651625488,                 311P   4004
-0.78838185649377,0.94958606084404,0.17505607590219,                 311P   4005
-0.78896601540109,0.94924879654165,0.17647461077588,                 311P   4006
-0.78994493534132,0.94868361685064,0.17959515754478,                 311P   4007
-0.79033509302214,0.94845835920859,0.18128573878673,                 311P   4008
-0.79063619116706,0.94828452011357,0.18449184352622,                 311P   4009
-0.79054713163115,0.9483359386606,0.18600736702376,                  311P   4010
-0.78960918270444,0.94887746372592,0.18842768281499,                 311P   4011
-0.78871641062612,0.94939290592567,0.18928705534992,                 311P   4012
-0.78755360209027,0.95006425374686,0.18985382430593,                 311P   4013
-0.7315772285295,1.57921773806044,-0.07191369628394,                 311P   4014
-0.74345575974624,1.57235966486488,-0.06707994613744,                311P   4015
-0.75509706112769,1.56563855637858,-0.06151188944744,                311P   4016
-0.77264568771077,1.55550685209693,-0.05339120631356,                311P   4017
-0.77850366263537,1.5521247486973,-0.05070494131481,                 311P   4018
-0.79021585759796,1.54536270978285,-0.04531515471648,                311P   4019
-0.79606860864479,1.54198362239047,-0.04260738736694,                311P   4020
-0.81362037560187,1.53185010501304,-0.03446213662394,                311P   4021
-0.82531929085606,1.52509573314181,-0.02902114440944,                311P   4022
-0.84869922055022,1.51159732443925,-0.01810787677009,                311P   4023
-0.86037835882478,1.50485437081253,-0.01262958301094,                311P   4024
-0.88366190054101,1.49141161173498,-0.00150692430859,                311P   4025
-0.89526796313355,1.48471084837294,0.00413416931289,                 311P   4026
-0.91840714705141,1.47135143430914,0.01555112421745,                 311P   4027
-0.92995713745479,1.46468304424061,0.02128606842401,                 311P   4028
-0.94714862243417,1.45475753575999,0.03018810700383,                 311P   4029
-0.95285598379067,1.45146238914446,0.03321031702998,                 311P   4030
-0.96418523253014,1.44492144433501,0.03944767125969,                 311P   4031
-0.96980778964121,1.4416752594734,0.04264921589124,                  311P   4032
-0.97811005667597,1.43688194336599,0.04776711587308,                 311P   4033
-0.98085578773991,1.43529669479711,0.049528649535,                   311P   4034
-0.98626189271937,1.43217547863195,0.05317875527131,                 311P   4035
-0.98892441816712,1.43063826884796,0.05505365477416,                 311P   4036
-0.99279973282149,1.42840085488907,0.05821650825239,                 311P   4037
-0.99406932691329,1.42766785439841,0.05932055171194,                 311P   4038
-0.99652048423005,1.42625267806175,0.06154533501324,                 311P   4039
-0.99770688944514,1.42556770669145,0.06261984638155,                 311P   4040
-0.99934626156835,1.42462121475481,0.06457781313029,                 311P   4041
-0.99986922815334,1.42431927985619,0.06529154584183,                 311P   4042
-1.00085226335982,1.42375172421511,0.06691694118601,                 311P   4043
-1.00130795963463,1.42348862784818,0.06782314218696,                 311P   4044
-1.0019220037074,1.42313410933747,0.06963627212326,                  311P   4045
-1.00208035150536,1.42304268719369,0.07054320105861,                 311P   4046
-1.00187399280445,1.42316182844521,0.0721715081404,                  311P   4047
-1.00147753744397,1.4233907220543,0.07287651739319,                  311P   4048
-1.00088327847827,1.42373381762812,0.0734730099795,                  311P   4049
-1.01038587966652,1.88001723902016,-0.01401032527425,                311P   4050
-1.01522269219913,1.87722470400244,-0.01332094642926,                311P   4051
-1.02002091626248,1.87445444804783,-0.01233300436694,                311P   4052
-1.02723222790226,1.87029099533139,-0.01095144176947,                311P   4053
-1.02963735803272,1.86890239280313,-0.01050028158845,                311P   4054
-1.03444701417434,1.86612553653506,-0.00959282065338,                311P   4055
-1.03685130171323,1.86473742047727,-0.00913474295346,                311P   4056
-1.04406315457247,1.86057365528764,-0.00775402107538,                311P   4057
-1.0488707555456,1.85779798557164,-0.00683262281073,                 311P   4058
-1.05848328635099,1.85224818832356,-0.00498287388667,                311P   4059
-1.06328793122842,1.84947422531021,-0.00405198276253,                311P   4060
-1.07288495693064,1.84393337993762,-0.00212547097857,                311P   4061
-1.07767756932182,1.84116636388345,-0.00113105385892,                311P   4062
-1.08725055822543,1.835639396163,0.00091247342695,                   311P   4063
-1.09203420646979,1.83287755556141,0.00194461123149,                 311P   4064
-1.09918532892235,1.82874885308841,0.00361873477449,                 311P   4065
-1.10156503746016,1.82737492772351,0.00419970960786,                 311P   4066
-1.10630761765622,1.82463679777066,0.00544315135101,                 311P   4067
-1.10866974375559,1.82327302363134,0.00610040843973,                 311P   4068
-1.11218717541733,1.82124223351457,0.00721886907794,                 311P   4069
-1.11335566668127,1.82056760476879,0.00761488616983,                 311P   4070
-1.11566993621108,1.81923146063278,0.00846344296229,                 311P   4071
-1.11681553308644,1.81857004996841,0.0089106002366,                  311P   4072
-1.1185148518082,1.81758894784696,0.00972561426359,                  311P   4073
-1.11907656152965,1.81726464458807,0.01001829174895,                 311P   4074
-1.12016796415387,1.81663452298919,0.01061856379112,                 311P   4075
-1.12069612430338,1.81632958958469,0.01090819618156,                 311P   4076
-1.12146055702708,1.81588824414589,0.01148729754885,                 311P   4077
-1.12171093445612,1.81574368866983,0.01170572948383,                 311P   4078
-1.12220231511632,1.81545998991339,0.01222360743368,                 311P   4079
-1.12244126636546,1.81532203134538,0.01252141118083,                 311P   4080
-1.12280672737371,1.81511103233389,0.01314616840901,                 311P   4081
-1.12293323713281,1.81503799189041,0.01347312189004,                 311P   4082
-1.12297485183287,1.81501396563213,0.01410759877543,                 311P   4083
-1.12287675195673,1.81507060362203,0.01441200967299,                 311P   4084
-1.12269591589664,1.81517500937,0.01469456507772,                    311P   4085
-1.05686350421686,1.93016075577806,-0.00435778713738,                311P   4086
-1.06052645662765,1.92804594921766,-0.00435927829433,                311P   4087
-1.06418393424335,1.92593430353168,-0.004134844994,                  311P   4088
-1.069672007236,1.92276576311204,-0.00387669916574,                  311P   4089
-1.07150154538493,1.92170947876926,-0.00379813274078,                311P   4090
-1.07516054279894,1.91959695562732,-0.00363787906934,                311P   4091
-1.07698996872021,1.91854073607921,-0.00355482642859,                311P   4092
-1.08247814965119,1.91537213334135,-0.00330175690836,                311P   4093
-1.08613696303646,1.91325971644845,-0.00313377856044,                311P   4094
-1.09345445746483,1.90903495907044,-0.00279492543619,                311P   4095
-1.09711311880918,1.90692262995841,-0.00262208995876,                311P   4096
-1.10442859137411,1.90269903990379,-0.00222858320187,                311P   4097
-1.10808539618164,1.90058778266379,-0.00200877076174,                311P   4098
-1.11539688955461,1.89636648999673,-0.00152780133709,                311P   4099
-1.11905258316355,1.89425587430753,-0.00127962511119,                311P   4100
-1.12452996917369,1.89109350402012,-0.00081040077054,                311P   4101
-1.12635495533216,1.89003984777026,-0.00063638179118,                311P   4102
-1.12999953262784,1.88793565008752,-0.00022542924319,                311P   4103
-1.13181814227671,1.8868856753172,0.00000769308256,                  311P   4104
-1.1345379380649,1.88531540048674,0.00045944399183,                  311P   4105
-1.13544350219601,1.88479257279187,0.00062782838223,                 311P   4106
-1.13724236029001,1.88375400158707,0.00100936473094,                 311P   4107
-1.1381350839623,1.88323858733456,0.00121851623685,                  311P   4108
-1.13947166242629,1.88246691339858,0.00164214355444,                 311P   4109
-1.13991536725853,1.88221074029425,0.00179956568469,                 311P   4110
-1.14078009769083,1.88171148794638,0.00212903040408,                 311P   4111
-1.14119852786282,1.88146990717395,0.00228782284281,                 311P   4112
-1.14181710749069,1.88111277005929,0.00263706625109,                 311P   4113
-1.14202204408998,1.88099444985852,0.00277293115152,                 311P   4114
-1.14243146554513,1.88075807027118,0.00310618506827,                 311P   4115
-1.14263428522559,1.88064097227406,0.00330256850789,                 311P   4116
-1.14295830723869,1.88045389807758,0.00372922305766,                 311P   4117
-1.14307950957132,1.88038392187821,0.00395949416781,                 311P   4118
-1.14316246163512,1.88033602948184,0.00442829876667,                 311P   4119
-1.14311409785622,1.88036395232261,0.00466592959887,                 311P   4120
-1.14300217972428,1.88042856828621,0.004896151425,0.,1.,0.,1.;       311P   4121
508,4,0,245,30,1,0,0,245,38,0,0,0,245,41,0,0,0,245,39,1,0;           313P   4122
510,311,1,1,313;                                                     315P   4123
116,0.,-0.,-0.09;                                                    317P   4124
123,0.,0.,1.;                                                        319P   4125
123,-1.,0.,0.;                                                       321P   4126
192,317,319,0.25,321;                                                323P   4127
508,4,0,245,1,1,0,0,245,5,1,0,0,245,6,0,0,0,245,7,0,0;               325P   4128
508,2,0,245,30,0,0,0,245,31,0,0;                                     327P   4129
510,323,2,1,325,327;                                                 329P   4130
116,0.,0.,-0.09;                                                     331P   4131
123,0.,0.,1.;                                                        333P   4132
123,-1.,0.,0.;                                                       335P   4133
192,331,333,0.25,335;                                                337P   4134
508,4,0,245,1,0,0,0,245,2,0,0,0,245,3,1,0,0,245,4,1,0;               339P   4135
508,2,0,245,32,0,0,0,245,33,0,0;                                     341P   4136
510,337,2,1,339,341;                                                 343P   4137
116,-0.25,-0.25,-0.15;                                               345P   4138
123,0.,0.,1.;                                                        347P   4139
123,1.,0.,0.;                                                        349P   4140
190,345,347,349;                                                     351P   4141
508,4,0,245,2,1,0,0,245,7,1,0,0,245,8,1,0,0,245,9,1,0;               353P   4142
508,4,0,245,10,1,0,0,245,11,1,0,0,245,12,1,0,0,245,13,1,0;           355P   4143
510,351,2,1,353,355;                                                 357P   4144
116,-0.25,-0.25,0.15;                                                359P   4145
123,0.,0.,1.;                                                        361P   4146
123,1.,0.,0.;                                                        363P   4147
190,359,361,363;                                                     365P   4148
508,4,0,245,4,0,0,0,245,14,0,0,0,245,15,0,0,0,245,5,0,0;             367P   4149
508,4,0,245,16,0,0,0,245,17,0,0,0,245,18,0,0,0,245,19,0,0;           369P   4150
510,365,2,1,367,369;                                                 371P   4151
116,-0.,-0.,-0.09;                                                   373P   4152
123,0.,0.,1.;                                                        375P   4153
123,-1.,0.,0.;                                                       377P   4154
192,373,375,0.25,377;                                                379P   4155
508,7,0,245,26,0,0,0,245,27,0,0,0,245,24,0,0,0,245,8,0,0,0,245,      381P   4156
6,1,0,0,245,15,1,0,0,245,23,0,0;                                     381P   4157
510,379,1,1,381;                                                     383P   4158
116,0.,0.,-0.09;                                                     385P   4159
123,0.,0.,-1.;                                                       387P   4160
123,1.,0.,0.;                                                        389P   4161
192,385,387,0.15,389;                                                391P   4162
508,4,0,245,20,1,0,0,245,16,1,0,0,245,21,0,0,0,245,10,0,0;           393P   4163
510,391,1,1,393;                                                     395P   4164
116,0.,0.,-0.09;                                                     397P   4165
123,0.,0.,-1.;                                                       399P   4166
123,1.,0.,0.;                                                        401P   4167
192,397,399,0.15,401;                                                403P   4168
508,4,0,245,20,0,0,0,245,13,0,0,0,245,22,1,0,0,245,17,1,0;           405P   4169
510,403,1,1,405;                                                     407P   4170
116,-0.,0.,-0.09;                                                    409P   4171
123,0.,0.,-1.;                                                       411P   4172
123,1.,0.,0.;                                                        413P   4173
192,409,411,0.15,413;                                                415P   4174
508,4,0,245,21,1,0,0,245,19,1,0,0,245,25,0,0,0,245,11,0,0;           417P   4175
510,415,1,1,417;                                                     419P   4176
116,0.,-0.,-0.09;                                                    421P   4177
123,0.,0.,-1.;                                                       423P   4178
123,1.,0.,0.;                                                        425P   4179
192,421,423,0.15,425;                                                427P   4180
508,4,0,245,22,0,0,0,245,12,0,0,0,245,25,1,0,0,245,18,1,0;           429P   4181
510,427,1,1,429;                                                     431P   4182
128,35,7,3,3,0,0,1,0,0,0.,0.,0.,0.,0.125,0.125,0.1875,0.1875,        433P   4183
0.25,0.25,0.375,0.375,0.5,0.5,0.625,0.625,0.75,0.75,0.8125,          433P   4184
0.8125,0.875,0.875,0.90625,0.90625,0.9375,0.9375,0.953125,           433P   4185
0.953125,0.96875,0.96875,0.9765625,0.9765625,0.984375,0.984375,      433P   4186
0.9921875,0.9921875,1.,1.,1.,1.,0.,0.,0.,0.,0.12510912366808,        433P   4187
0.2250919717594,0.40008465254659,0.89999363302674,1.,1.,1.,1.,       433P   4188
1.,1.,1.,1.,1.,1.,1.,1.,1.,1.,1.,1.,1.,1.,1.,1.,1.,1.,1.,1.,1.,      433P   4189
1.,1.,1.,1.,1.,1.,1.,1.,1.,1.,1.,1.,1.,1.,1.,1.,1.,1.,1.,1.,1.,      433P   4190
1.,1.,1.,1.,1.,1.,1.,1.,1.,1.,1.,1.,1.,1.,1.,1.,1.,1.,1.,1.,1.,      433P   4191
1.,1.,1.,1.,1.,1.,1.,1.,1.,1.,1.,1.,1.,1.,1.,1.,1.,1.,1.,1.,1.,      433P   4192
1.,1.,1.,1.,1.,1.,1.,1.,1.,1.,1.,1.,1.,1.,1.,1.,1.,1.,1.,1.,1.,      433P   4193
1.,1.,1.,1.,1.,1.,1.,1.,1.,1.,1.,1.,1.,1.,1.,1.,1.,1.,1.,1.,1.,      433P   4194
1.,1.,1.,1.,1.,1.,1.,1.,1.,1.,1.,1.,1.,1.,1.,1.,1.,1.,1.,1.,1.,      433P   4195
1.,1.,1.,1.,1.,1.,1.,1.,1.,1.,1.,1.,1.,1.,1.,1.,1.,1.,1.,1.,1.,      433P   4196
1.,1.,1.,1.,1.,1.,1.,1.,1.,1.,1.,1.,1.,1.,1.,1.,1.,1.,1.,1.,1.,      433P   4197
1.,1.,1.,1.,1.,1.,1.,1.,1.,1.,1.,1.,1.,1.,1.,1.,1.,1.,1.,1.,1.,      433P   4198
1.,1.,1.,1.,1.,1.,1.,1.,1.,1.,1.,1.,1.,1.,1.,1.,1.,1.,1.,1.,1.,      433P   4199
1.,1.,1.,1.,1.,1.,1.,1.,1.,1.,1.,1.,1.,1.,1.,1.,1.,1.,1.,1.,1.,      433P   4200
1.,1.,1.,1.,1.,1.,1.,1.,1.,1.,1.,1.,1.,1.,1.,1.,1.,1.,1.,1.,1.,      433P   4201
1.,1.,1.,1.,1.,1.,1.,1.,1.,1.,1.,1.,1.,1.,1.,0.2,-0.05,-0.0866,      433P   4202
0.2,-0.03865124966663,-0.09314478847008,0.2,-0.0260193086346,        433P   4203
-0.09737264272902,0.2,-0.00655748155309,-0.10001012892857,0.2,       433P   4204
0.0000138479592,-0.10026723171886,0.2,0.01307204493032,              433P   4205
-0.09940175132818,0.2,0.0195591366602,-0.09830147362635,0.2,         433P   4206
0.03852396416518,-0.09321137903041,0.2,0.05049377459401,             433P   4207
-0.08732579559544,0.2,0.0712448724791,-0.07136842553244,0.2,         433P   4208
0.08005759806113,-0.06135064140544,0.2,0.09308462404973,             433P   4209
-0.03864455625497,0.2,0.09747884524434,-0.02604907134901,0.2,        433P   4210
0.10083274244388,-0.00007985607705,0.2,0.09993944266365,             433P   4211
0.01322792716413,0.2,0.09490737624979,0.03220372869343,0.2,          433P   4212
0.09258515498723,0.03835613388856,0.2,0.08678590541882,              433P   4213
0.05009365883887,0.2,0.08331663113857,0.0556806810347,0.2,           433P   4214
0.07734366910509,0.06347025918798,0.2,0.07522360952748,              433P   4215
0.06596774344394,0.2,0.07074806791461,0.0707428729174,0.2,           433P   4216
0.06839280573193,0.07302067415275,0.2,0.06470180682106,              433P   4217
0.07625718762736,0.2,0.0634451229113,0.07730599405583,0.2,           433P   4218
0.06088207511741,0.07934095359891,0.2,0.05957571123329,              433P   4219
0.08032710671353,0.2,0.05758117185478,0.08175740350927,0.2,          433P   4220
0.05691049313656,0.08222601362849,0.2,0.05555784892074,              433P   4221
0.08314659909307,0.2,0.05487588342315,0.08359857443842,0.2,          433P   4222
0.05350104338667,0.08448556654015,0.2,0.05280816884778,              433P   4223
0.08492058329652,0.2,0.05141188846679,0.08577333440513,0.2,          433P   4224
0.05070848262468,0.08619106875738,0.2,0.05,0.0866,                   433P   4225
0.28330729477906,-0.0479169280227,-0.08498276637683,                 433P   4226
0.28330729477906,-0.03954872922747,-0.08585432997218,                433P   4227
0.28330729477906,-0.03060476802401,-0.08530824036098,                433P   4228
0.28330729477906,-0.01684190309686,-0.08241173913382,                433P   4229
0.28330729477906,-0.01220122571047,-0.08109493073945,                433P   4230
0.28330729477906,-0.0029701584618,-0.07767365715672,                 433P   4231
0.28330729477906,0.0016194189473,-0.07558131732232,                  433P   4232
0.28330729477906,0.01510251904023,-0.06828287277544,                 433P   4233
0.28330729477906,0.02370797084416,-0.06199719385679,                 433P   4234
0.28330729477906,0.03909963016489,-0.04703881846126,                 433P   4235
0.28330729477906,0.04590241943107,-0.03839603428504,                 433P   4236
0.28330729477906,0.05685394682062,-0.01956843662887,                 433P   4237
0.28330729477906,0.06110580346486,-0.00943691199672,                 433P   4238
0.28330729477906,0.06648319022098,0.01128659195347,                  433P   4239
0.28330729477906,0.06770180893041,0.02183594201632,                  433P   4240
0.28330729477906,0.06735677447634,0.03713682853039,                  433P   4241
0.28330729477906,0.0668619139126,0.04214588208171,                   433P   4242
0.28330729477906,0.06516871335295,0.05186471919238,                  433P   4243
0.28330729477906,0.06397685999195,0.05657310949785,                  433P   4244
0.28330729477906,0.0616775737644,0.0633383901689,                    433P   4245
0.28330729477906,0.06082501421569,0.06554422313189,                  433P   4246
0.28330729477906,0.05894909785534,0.06984112217211,                  433P   4247
0.28330729477906,0.05792827487822,0.07193003566695,                  433P   4248
0.28330729477906,0.05623134174917,0.07500810457038,                  433P   4249
0.28330729477906,0.05563877524765,0.07602287053084,                  433P   4250
0.28330729477906,0.05440368594616,0.07800555750632,                  433P   4251
0.28330729477906,0.05376877426642,0.07896550281654,                  433P   4252
0.28330729477906,0.05271669148197,0.08042032433763,                  433P   4253
0.28330729477906,0.05234887357434,0.08090836997084,                  433P   4254
0.28330729477906,0.05156498172371,0.08190225474794,                  433P   4255
0.28330729477906,0.05114872413087,0.0824063425855,                   433P   4256
0.28330729477906,0.05024476516978,0.08335636304002,                  433P   4257
0.28330729477906,0.04975706380152,0.08380229565699,                  433P   4258
0.28330729477906,0.0486873968492,0.08456355955173,                   433P   4259
0.28330729477906,0.04810079754057,0.08487059133402,                  433P   4260
0.28330729477906,0.04748335996211,0.08511967130315,                  433P   4261
0.43319087396156,-0.04416913757434,-0.08207309604775,                433P   4262
0.43319087396156,-0.04116344315113,-0.07273759131868,                433P   4263
0.43319087396156,-0.03885476662622,-0.0636023884015,                 433P   4264
0.43319087396156,-0.03534527563932,-0.05074933001009,                433P   4265
0.43319087396156,-0.03417816022076,-0.04660079550702,                433P   4266
0.43319087396156,-0.03183273128645,-0.03858122795386,                433P   4267
0.43319087396156,-0.03065709546195,-0.03470400453158,                433P   4268
0.43319087396156,-0.02703652813764,-0.0234323737756,                 433P   4269
0.43319087396156,-0.02448411302984,-0.0164268570172,                 433P   4270
0.43319087396156,-0.01873496864811,-0.00326583798454,                433P   4271
0.43319087396156,-0.01554838669905,0.00290309423736,                 433P   4272
0.43319087396156,-0.00833102399987,0.0147526524673,                  433P   4273
0.43319087396156,-0.00433530468926,0.02045110571259,                 433P   4274
0.43319087396156,0.00468267390199,0.0317367088121,                   433P   4275
0.43319087396156,0.00970098269872,0.03732318210885,                  433P   4276
0.43319087396156,0.01778869267284,0.04601228970087,                  433P   4277
0.43319087396156,0.02058155574391,0.04896426485236,                  433P   4278
0.43319087396156,0.02627581535042,0.05505114920954,                  433P   4279
0.43319087396156,0.02918141827567,0.05817873566272,                  433P   4280
0.43319087396156,0.03349168142802,0.06310113602908,                  433P   4281
0.43319087396156,0.03491956372355,0.06478224015795,                  433P   4282
0.43319087396156,0.03772080244807,0.06821872368237,                  433P   4283
0.43319087396156,0.03910085594715,0.06996779694248,                  433P   4284
0.43319087396156,0.0409915764239,0.07276079789966,                   433P   4285
0.43319087396156,0.04159386680027,0.07371431943733,                  433P   4286
0.43319087396156,0.04274799410189,0.07560295943235,                  433P   4287
0.43319087396156,0.04332113580944,0.07651575257496,                  433P   4288
0.43319087396156,0.04396468805809,0.07801469812653,                  433P   4289
0.43319087396156,0.04414176675774,0.07853771145864,                  433P   4290
0.43319087396156,0.04438115432566,0.07966347380232,                  433P   4291
0.43319087396156,0.04444294912772,0.08026132061827,                  433P   4292
0.43319087396156,0.0443861829741,0.08132473948685,                   433P   4293
0.43319087396156,0.04426762201843,0.08179031153948,                  433P   4294
0.43319087396156,0.04378558655541,0.08238697482989,                  433P   4295
0.43319087396156,0.04340914148782,0.08249483440939,                  433P   4296
0.43319087396156,0.04295550898107,0.08245631554254,                  433P   4297
0.70004750435883,-0.07346272610197,-0.10483036189092,                433P   4298
0.70004750435883,-0.06590754906372,-0.09776145869731,                433P   4299
0.70004750435883,-0.05865520961711,-0.09014553578701,                433P   4300
0.70004750435883,-0.0475845567662,-0.07850309821927,                 433P   4301
0.70004750435883,-0.04387284076852,-0.07457706569575,                433P   4302
0.70004750435883,-0.03646286004172,-0.06659529834135,                433P   4303
0.70004750435883,-0.03276710858152,-0.06253954902334,                433P   4304
0.70004750435883,-0.02173211247534,-0.05020429297748,                433P   4305
0.70004750435883,-0.01443510785973,-0.04175597744364,                433P   4306
0.70004750435883,-0.00013558835823,-0.02447572131277,                433P   4307
0.70004750435883,0.00686618801601,-0.01564569246082,                 433P   4308
0.70004750435883,0.02036296512026,0.00232633057602,                  433P   4309
0.70004750435883,0.02687581861018,0.01145857386594,                  433P   4310
0.70004750435883,0.03933025336866,0.02985294258016,                  433P   4311
0.70004750435883,0.04531047305791,0.03909117181412,                  433P   4312
0.70004750435883,0.05375949082063,0.05299583211273,                  433P   4313
0.70004750435883,0.05648402634313,0.05764052097519,                  433P   4314
0.70004750435883,0.06170481122156,0.06696423233446,                  433P   4315
0.70004750435883,0.06420692163128,0.07163549505534,                  433P   4316
0.70004750435883,0.06769096658184,0.07872926837003,                  433P   4317
0.70004750435883,0.06880651699138,0.08111017407381,                  433P   4318
0.70004750435883,0.07091330310039,0.08589543545021,                  433P   4319
0.70004750435883,0.0719107921813,0.08829244160867,                   433P   4320
0.70004750435883,0.07318908185734,0.09203588477339,                  433P   4321
0.70004750435883,0.07358016677674,0.09330217343814,                  433P   4322
0.70004750435883,0.07429094772636,0.09580416840259,                  433P   4323
0.70004750435883,0.0746300316161,0.09701400671529,                   433P   4324
0.70004750435883,0.07491809885269,0.09897665274779,                  433P   4325
0.70004750435883,0.07497610873895,0.09965750023393,                  433P   4326
0.70004750435883,0.07497881399416,0.10111163812381,                  433P   4327
0.70004750435883,0.0749223658243,0.10187989326908,                   433P   4328
0.70004750435883,0.07460171032247,0.10329635800728,                  433P   4329
0.70004750435883,0.07433750299051,0.10394456760022,                  433P   4330
0.70004750435883,0.07350917159729,0.1049185232808,                   433P   4331
0.70004750435883,0.07292867074998,0.10522171543006,                  433P   4332
0.70004750435883,0.07224794321326,0.10537969977691,                  433P   4333
1.21655658001742,-0.20962655838907,-0.18791876501529,                433P   4334
1.21655658001742,-0.19118185080564,-0.17236729249274,                433P   4335
1.21655658001742,-0.17368519829682,-0.15601419075597,                433P   4336
1.21655658001742,-0.14720134941705,-0.13218760129081,                433P   4337
1.21655658001742,-0.13835391468212,-0.12433771192303,                433P   4338
1.21655658001742,-0.12066254287903,-0.10875368799065,                433P   4339
1.21655658001742,-0.11182362819219,-0.10101129321699,                433P   4340
1.21655658001742,-0.08527450379676,-0.0779348302694,                 433P   4341
1.21655658001742,-0.06750898636414,-0.06278831480486,                433P   4342
1.21655658001742,-0.03168885336068,-0.03287638099163,                433P   4343
1.21655658001742,-0.0136442277996,-0.0180969185191,                  433P   4344
1.21655658001742,0.02269888002585,0.01142379008145,                  433P   4345
1.21655658001742,0.04098343197565,0.026169782873,                    433P   4346
1.21655658001742,0.07790658555491,0.05577058835491,                  433P   4347
1.21655658001742,0.09658256363487,0.07057583812928,                  433P   4348
1.21655658001742,0.12456863499787,0.09329856397,                     433P   4349
1.21655658001742,0.13389148091727,0.10096699389207,                  433P   4350
1.21655658001742,0.15239484045696,0.11662539379264,                  433P   4351
1.21655658001742,0.16158286190551,0.12459360313038,                  433P   4352
1.21655658001742,0.17503343734843,0.13703914991855,                  433P   4353
1.21655658001742,0.17946071188982,0.14127486386968,                  433P   4354
1.21655658001742,0.18811391204368,0.14992339579552,                  433P   4355
1.21655658001742,0.19235091275012,0.15431542223758,                  433P   4356
1.21655658001742,0.19831968189092,0.16141705880352,                  433P   4357
1.21655658001742,0.20024477377304,0.16385444294659,                  433P   4358
1.21655658001742,0.20392720075659,0.16871002093152,                  433P   4359
1.21655658001742,0.20571752420055,0.17105651625488,                  433P   4360
1.21655658001742,0.20796568518432,0.17505607590219,                  433P   4361
1.21655658001742,0.2086402137891,0.17647461077588,                   433P   4362
1.21655658001742,0.20977057317111,0.17959515754478,                  433P   4363
1.21655658001742,0.21022108845522,0.18128573878673,                  433P   4364
1.21655658001742,0.21056876664526,0.18449184352622,                  433P   4365
1.21655658001742,0.2104659295512,0.18600736702376,                   433P   4366
1.21655658001742,0.20938287942055,0.18842768281499,                  433P   4367
1.21655658001742,0.20835199502106,0.18928705534992,                  433P   4368
1.21655658001742,0.20700929937868,0.18985382430593,                  433P   4369
1.73343129353209,-0.15604440429345,-0.07191369628394,                433P   4370
1.73343129353209,-0.14232825790234,-0.06707994613744,                433P   4371
1.73343129353209,-0.12888604092974,-0.06151188944744,                433P   4372
1.73343129353209,-0.10862263236643,-0.05339120631356,                433P   4373
1.73343129353209,-0.10185842556719,-0.05070494131481,                433P   4374
1.73343129353209,-0.08833434773829,-0.04531515471648,                433P   4375
1.73343129353209,-0.08157617295351,-0.04260738736694,                433P   4376
1.73343129353209,-0.06130913819867,-0.03446213662394,                433P   4377
1.73343129353209,-0.0478003944562,-0.02902114440944,                 433P   4378
1.73343129353209,-0.02080357705108,-0.01810787677009,                433P   4379
1.73343129353209,-0.00731766979765,-0.01262958301094,                433P   4380
1.73343129353209,0.01956784835747,-0.00150692430859,                 433P   4381
1.73343129353209,0.03296937508154,0.00413416931289,                  433P   4382
1.73343129353209,0.05968820320915,0.01555112421745,                  433P   4383
1.73343129353209,0.07302498334619,0.02128606842401,                  433P   4384
1.73343129353209,0.09287600030743,0.03018810700383,                  433P   4385
1.73343129353209,0.09946629353851,0.03321031702998,                  433P   4386
1.73343129353209,0.1125481831574,0.03944767125969,                   433P   4387
1.73343129353209,0.11904055288063,0.04264921589124,                  433P   4388
1.73343129353209,0.12862718509544,0.04776711587308,                  433P   4389
1.73343129353209,0.13179768223321,0.049528649535,                    433P   4390
1.73343129353209,0.13804011456352,0.05317875527131,                  433P   4391
1.73343129353209,0.14111453413149,0.05505365477416,                  433P   4392
1.73343129353209,0.14558936204927,0.05821650825239,                  433P   4393
1.73343129353209,0.1470553630306,0.05932055171194,                   433P   4394
1.73343129353209,0.14988571570392,0.06154533501324,                  433P   4395
1.73343129353209,0.15125565844452,0.06261984638155,                  433P   4396
1.73343129353209,0.1531486423178,0.06457781313029,                   433P   4397
1.73343129353209,0.15375251211504,0.06529154584183,                  433P   4398
1.73343129353209,0.15488762339721,0.06691694118601,                  433P   4399
1.73343129353209,0.15541381613107,0.06782314218696,                  433P   4400
1.73343129353209,0.15612285315248,0.06963627212326,                  433P   4401
1.73343129353209,0.15630569744003,0.07054320105861,                  433P   4402
1.73343129353209,0.15606741493699,0.0721715081404,                   433P   4403
1.73343129353209,0.15560962771881,0.07287651739319,                  433P   4404
1.73343129353209,0.15492343657117,0.0734730099795,                   433P   4405
2.1333356283774,-0.06498878009379,-0.01401032527425,                 433P   4406
2.1333356283774,-0.05940371005834,-0.01332094642926,                 433P   4407
2.1333356283774,-0.05386319814912,-0.01233300436694,                 433P   4408
2.1333356283774,-0.04553629271625,-0.01095144176947,                 433P   4409
2.1333356283774,-0.04275908765974,-0.01050028158845,                 433P   4410
2.1333356283774,-0.03720537512359,-0.00959282065338,                 433P   4411
2.1333356283774,-0.03442914300802,-0.00913474295346,                 433P   4412
2.1333356283774,-0.02610161262874,-0.00775402107538,                 433P   4413
2.1333356283774,-0.02055027319675,-0.00683262281073,                 433P   4414
2.1333356283774,-0.00945067870059,-0.00498287388667,                 433P   4415
2.1333356283774,-0.00390275267389,-0.00405198276253,                 433P   4416
2.1333356283774,0.0071789380713,-0.00212547097857,                   433P   4417
2.1333356283774,0.01271297017964,-0.00113105385892,                  433P   4418
2.1333356283774,0.02376690562053,0.00091247342695,                   433P   4419
2.1333356283774,0.02929058682371,0.00194461123149,                   433P   4420
2.1333356283774,0.03754799176971,0.00361873477449,                   433P   4421
2.1333356283774,0.0402958424995,0.00419970960786,                    433P   4422
2.1333356283774,0.0457721024052,0.00544315135101,                    433P   4423
2.1333356283774,0.04849965068386,0.00610040843973,                   433P   4424
2.1333356283774,0.05256123091738,0.00721886907794,                   433P   4425
2.1333356283774,0.05391048840894,0.00761488616983,                   433P   4426
2.1333356283774,0.05658277668097,0.00846344296229,                   433P   4427
2.1333356283774,0.05790559800972,0.0089106002366,                    433P   4428
2.1333356283774,0.0598678022526,0.00972561426359,                    433P   4429
2.1333356283774,0.06051640877038,0.01001829174895,                   433P   4430
2.1333356283774,0.06177665196816,0.01061856379112,                   433P   4431
2.1333356283774,0.06238651877715,0.01090819618156,                   433P   4432
2.1333356283774,0.06326920965476,0.01148729754885,                   433P   4433
2.1333356283774,0.06355832060687,0.01170572948383,                   433P   4434
2.1333356283774,0.06412571811975,0.01222360743368,                   433P   4435
2.1333356283774,0.06440163525578,0.01252141118083,                   433P   4436
2.1333356283774,0.06482363327876,0.01314616840901,                   433P   4437
2.1333356283774,0.0649697141657,0.01347312189004,                    433P   4438
2.1333356283774,0.06501776668226,0.01410759877543,                   433P   4439
2.1333356283774,0.06490449070247,0.01441200967299,                   433P   4440
2.1333356283774,0.06469567920652,0.01469456507772,2.2,               433P   4441
-0.04980973490459,-0.00435778713738,2.2,-0.04558012178379,           433P   4442
-0.00435927829433,2.2,-0.04135683041184,-0.004134844994,2.2,         433P   4443
-0.03501974957256,-0.00387669916574,2.2,-0.032907180887,             433P   4444
-0.00379813274078,2.2,-0.02868213460311,-0.00363787906934,2.2,       433P   4445
-0.02656969550689,-0.00355482642859,2.2,-0.02023249003118,           433P   4446
-0.00330175690836,2.2,-0.01600765624537,-0.00313377856044,2.2,       433P   4447
-0.00755814148935,-0.00279492543619,2.2,-0.00333348326528,           433P   4448
-0.00262208995876,2.2,0.00511369684395,-0.00222858320187,2.2,        433P   4449
0.00933621132395,-0.00200877076174,2.2,0.01777879665807,             433P   4450
-0.00152780133709,2.2,0.02200002803646,-0.00127962511119,2.2,        433P   4451
0.02832476861129,-0.00081040077054,2.2,0.030432081111,               433P   4452
-0.00063638179118,2.2,0.03464047647649,-0.00022542924319,2.2,        433P   4453
0.03674042601714,0.00000769308256,2.2,0.03988097567805,              433P   4454
0.00045944399183,2.2,0.04092663106778,0.00062782838223,2.2,          433P   4455
0.04300377347739,0.00100936473094,2.2,0.04403460198241,              433P   4456
0.00121851623685,2.2,0.04557794985437,0.00164214355444,2.2,          433P   4457
0.04609029606303,0.00179956568469,2.2,0.04708880075876,              433P   4458
0.00212903040408,2.2,0.04757196230364,0.00228782284281,2.2,          433P   4459
0.04828623653296,0.00263706625109,2.2,0.0485228769345,               433P   4460
0.00277293115152,2.2,0.04899563610918,0.00310618506827,2.2,          433P   4461
0.04922983210341,0.00330256850789,2.2,0.04960398049637,              433P   4462
0.00372922305766,2.2,0.04974393289511,0.00395949416781,2.2,          433P   4463
0.04983971768785,0.00442829876667,2.2,0.04978387200632,              433P   4464
0.00466592959887,2.2,0.04965464007911,0.004896151425,0.,1.,0.,       433P   4465
1.;                                                                  433P   4466
508,5,0,245,27,1,0,0,245,34,0,0,0,245,37,0,0,0,245,35,1,0,0,245,     435P   4467
29,1,0;                                                              435P   4468
510,433,1,1,435;                                                     437P   4469
514,19,249,0,261,0,267,0,279,1,285,0,291,0,297,0,309,0,315,0,        439P   4470
329,1,343,1,357,0,371,1,383,1,395,0,407,0,419,0,431,0,437,0;         439P   4471
186,439,1,0;                                                         441P   4472
128,35,7,3,3,0,0,1,0,0,0.,0.,0.,0.,0.125,0.125,0.1875,0.1875,        443P   4473
0.25,0.25,0.375,0.375,0.5,0.5,0.625,0.625,0.75,0.75,0.8125,          443P   4474
0.8125,0.875,0.875,0.90625,0.90625,0.9375,0.9375,0.953125,           443P   4475
0.953125,0.96875,0.96875,0.9765625,0.9765625,0.984375,0.984375,      443P   4476
0.9921875,0.9921875,1.,1.,1.,1.,0.,0.,0.,0.,0.12510912366808,        443P   4477
0.2250919717594,0.40008465254659,0.89999363302674,1.,1.,1.,1.,       443P   4478
1.,1.,1.,1.,1.,1.,1.,1.,1.,1.,1.,1.,1.,1.,1.,1.,1.,1.,1.,1.,1.,      443P   4479
1.,1.,1.,1.,1.,1.,1.,1.,1.,1.,1.,1.,1.,1.,1.,1.,1.,1.,1.,1.,1.,      443P   4480
1.,1.,1.,1.,1.,1.,1.,1.,1.,1.,1.,1.,1.,1.,1.,1.,1.,1.,1.,1.,1.,      443P   4481
1.,1.,1.,1.,1.,1.,1.,1.,1.,1.,1.,1.,1.,1.,1.,1.,1.,1.,1.,1.,1.,      443P   4482
1.,1.,1.,1.,1.,1.,1.,1.,1.,1.,1.,1.,1.,1.,1.,1.,1.,1.,1.,1.,1.,      443P   4483
1.,1.,1.,1.,1.,1.,1.,1.,1.,1.,1.,1.,1.,1.,1.,1.,1.,1.,1.,1.,1.,      443P   4484
1.,1.,1.,1.,1.,1.,1.,1.,1.,1.,1.,1.,1.,1.,1.,1.,1.,1.,1.,1.,1.,      443P   4485
1.,1.,1.,1.,1.,1.,1.,1.,1.,1.,1.,1.,1.,1.,1.,1.,1.,1.,1.,1.,1.,      443P   4486
1.,1.,1.,1.,1.,1.,1.,1.,1.,1.,1.,1.,1.,1.,1.,1.,1.,1.,1.,1.,1.,      443P   4487
1.,1.,1.,1.,1.,1.,1.,1.,1.,1.,1.,1.,1.,1.,1.,1.,1.,1.,1.,1.,1.,      443P   4488
1.,1.,1.,1.,1.,1.,1.,1.,1.,1.,1.,1.,1.,1.,1.,1.,1.,1.,1.,1.,1.,      443P   4489
1.,1.,1.,1.,1.,1.,1.,1.,1.,1.,1.,1.,1.,1.,1.,1.,1.,1.,1.,1.,1.,      443P   4490
1.,1.,1.,1.,1.,1.,1.,1.,1.,1.,1.,1.,1.,1.,1.,1.,1.,1.,1.,1.,1.,      443P   4491
1.,1.,1.,1.,1.,1.,1.,1.,1.,1.,1.,1.,1.,1.,1.,-0.14330127018922,      443P   4492
-0.14820508075689,-0.0866,-0.13347296409932,-0.15387945592357,       443P   4493
-0.09314478847008,-0.12253338226647,-0.16019542643959,               443P   4494
-0.09737264272902,-0.10567894560982,-0.16992633998034,               443P   4495
-0.10001012892857,-0.09998800731554,-0.17321200473649,               443P   4496
-0.10026723171886,-0.08867927701093,-0.17974110322205,               443P   4497
-0.09940175132818,-0.08306129077618,-0.18298464908699,               443P   4498
-0.09830147362635,-0.06663726837847,-0.19246706283948,               443P   4499
-0.09321137903041,-0.05627110846862,-0.19845196805389,               443P   4500
-0.08732579559544,-0.03830013054371,-0.20882751699644,               443P   4501
-0.07136842553244,-0.03066808631309,-0.21323387978745,               443P   4502
-0.06135064140544,-0.01938635087121,-0.21974739278175,               443P   4503
-0.03864455625497,-0.01558084368683,-0.22194450337906,               443P   4504
-0.02604907134901,-0.01267628351034,-0.22362145197883,               443P   4505
-0.00007985607705,-0.01344990381322,-0.22317480208871,               443P   4506
0.01322792716413,-0.01780780116115,-0.22065876888178,                443P   4507
0.03220372869343,-0.01981890376774,-0.2194976582505,                 443P   4508
0.03835613388856,-0.02484120121687,-0.2165980334663,                 443P   4509
0.05009365883887,-0.02784568087626,-0.21486339632617,                443P   4510
0.0556806810347,-0.03301841773309,-0.21187691530943,                 443P   4511
0.06347025918798,-0.03485444318484,-0.21081688552063,                443P   4512
0.06596774344394,-0.03873037591728,-0.2085791147142,                 443P   4513
0.0707428729174,-0.04077009280006,-0.20740148362285,                 443P   4514
0.07302067415275,-0.04396659162221,-0.20555598416742,                443P   4515
0.07625718762736,-0.04505491181259,-0.20492764221254,                443P   4516
0.07730599405583,-0.04727457631321,-0.20364611831559,                443P   4517
0.07934095359891,-0.04840592062344,-0.20299293637353,                443P   4518
0.08032710671353,-0.05013324239408,-0.20199566668428,                443P   4519
0.08175740350927,-0.05071406720184,-0.20166032732517,                443P   4520
0.08222601362849,-0.05188549145502,-0.20098400521726,                443P   4521
0.08314659909307,-0.05247609090044,-0.20064302246846,                443P   4522
0.08359857443842,-0.05366673729817,-0.19995560245022,                443P   4523
0.08448556654015,-0.05426678425048,-0.19960916518078,                443P   4524
0.08492058329652,-0.05547599853123,-0.19891102499028,                443P   4525
0.08577333440513,-0.05608516585966,-0.19855932206923,                443P   4526
0.08619106875738,-0.05669872981078,-0.19820508075689,0.0866,         443P   4527
-0.1831509243285,-0.22139285034476,-0.08498276637683,                443P   4528
-0.17590385158791,-0.22557694974237,-0.08585432997218,               443P   4529
-0.16815815397525,-0.2300489303441,-0.08530824036098,                443P   4530
-0.15623916331948,-0.23693036280768,-0.08241173913382,               443P   4531
-0.15222021881211,-0.23925070150087,-0.08109493073945,               443P   4532
-0.14422588007071,-0.24386623512521,-0.07767365715672,               443P   4533
-0.14025118944179,-0.24616102382976,-0.07558131732232,               443P   4534
-0.12857448223955,-0.25290257387622,-0.06828287277544,               443P   4535
-0.12112194236631,-0.25720529977819,-0.06199719385679,               443P   4536
-0.10779237438816,-0.26490112943855,-0.04703881846126,               443P   4537
-0.10190098606706,-0.26830252407164,-0.03839603428504,               443P   4538
-0.09241668513746,-0.27377828776642,-0.01956843662887,               443P   4539
-0.0887344692703,-0.27590421608854,-0.00943691199672,                443P   4540
-0.08407751573352,-0.2785929094666,0.01128659195347,                 443P   4541
-0.08302216097363,-0.27920221882132,0.02183594201632,                443P   4542
-0.08332096957604,-0.27902970159428,0.03713682853039,                443P   4543
-0.08374953139557,-0.27878227131241,0.04214588208171,                443P   4544
-0.08521588609393,-0.27793567103258,0.05186471919238,                443P   4545
-0.08624806138214,-0.27733974435208,0.05657310949785,                443P   4546
-0.08823930166577,-0.27619010123831,0.0633383901689,                 443P   4547
-0.08897763989319,-0.27576382146395,0.06554422313189,                443P   4548
-0.09060223111662,-0.27482586328378,0.06984112217211,                443P   4549
-0.09148628974758,-0.27431545179522,0.07193003566695,                443P   4550
-0.09295587694586,-0.27346698523069,0.07500810457038,                443P   4551
-0.09346905458961,-0.27317070197993,0.07602287053084,                443P   4552
-0.09453867330064,-0.27255315732919,0.07800555750632,                443P   4553
-0.09508852294445,-0.27223570148932,0.07896550281654,                443P   4554
-0.09599965336268,-0.27170966009709,0.08042032433763,                443P   4555
-0.09631819301465,-0.27152575114328,0.08090836997084,                443P   4556
-0.09699706327111,-0.27113380521797,0.08190225474794,                443P   4557
-0.09735755292103,-0.27092567642155,0.0824063425855,                 443P   4558
-0.09814040434532,-0.270473696941,0.08335636304002,                  443P   4559
-0.09856276611969,-0.27022984625687,0.08380229565699,                443P   4560
-0.09948912487398,-0.26969501278071,0.08456355955173,                443P   4561
-0.09999713477711,-0.26940171312639,0.08487059133402,                443P   4562
-0.1005318514053,-0.26909299433716,0.08511967130315,                 443P   4563
-0.25484703218341,-0.35306973275113,-0.08207309604775,               443P   4564
-0.2522440244569,-0.35457257996273,-0.07273759131868,                443P   4565
-0.2502446519372,-0.35572691822519,-0.0636023884015,                 443P   4566
-0.2472053435882,-0.35748166371864,-0.05074933001009,                443P   4567
-0.24619459198658,-0.35806522142792,-0.04660079550702,               443P   4568
-0.24416339094669,-0.35923793589507,-0.03858122795386,               443P   4569
-0.24314526045708,-0.35982575380732,-0.03470400453158,               443P   4570
-0.24000975717811,-0.36163603746948,-0.0234323737756,                443P   4571
-0.23779930085376,-0.36291224502338,-0.0164268570172,                443P   4572
-0.23282039576915,-0.36578681721424,-0.00326583798454,               443P   4573
-0.23006073485003,-0.36738010818877,0.00290309423736,                443P   4574
-0.22381031540421,-0.37098878953836,0.0147526524673,                 443P   4575
-0.22034992097483,-0.37298664919367,0.02045110571259,                443P   4576
-0.21254012242402,-0.37749563848929,0.0317367088121,                 443P   4577
-0.20819413952202,-0.38000479288766,0.03732318210885,                443P   4578
-0.20118997722599,-0.38404864787472,0.04601228970087,                443P   4579
-0.19877128685715,-0.38544507941025,0.04896426485236,                443P   4580
-0.19383991338217,-0.38829220921351,0.05505114920954,                443P   4581
-0.19132358743559,-0.38974501067613,0.05817873566272,                443P   4582
-0.18759079004866,-0.39190014225231,0.06310113602908,                443P   4583
-0.18635420770712,-0.39261408340007,0.06478224015795,                443P   4584
-0.18392826380962,-0.39401470276233,0.06821872368237,                443P   4585
-0.18273310242083,-0.39470472951187,0.06996779694248,                443P   4586
-0.18109569045651,-0.39565008975025,0.07276079789966,                443P   4587
-0.18057409169012,-0.39595123493843,0.07371431943733,                443P   4588
-0.17957458812772,-0.39652829858924,0.07560295943235,                443P   4589
-0.17907823284901,-0.39681486944302,0.07651575257496,                443P   4590
-0.17852090025302,-0.39713664556734,0.07801469812653,                443P   4591
-0.17836754560065,-0.39722518491717,0.07853771145864,                443P   4592
-0.17816022988548,-0.39734487870113,0.07966347380232,                443P   4593
-0.17810671401708,-0.39737577610216,0.08026132061827,                443P   4594
-0.17815587494819,-0.39734739302535,0.08132473948685,                443P   4595
-0.1782585517477,-0.39728811254751,0.08179031153948,                 443P   4596
-0.1786760067042,-0.397047094816,0.08238697482989,                   443P   4597
-0.17900201769586,-0.39685887228221,0.08249483440939,                443P   4598
-0.17939487497068,-0.39663205602884,0.08245631554254,                443P   4599
-0.41364433921498,-0.56952755957966,-0.10483036189092,               443P   4600
-0.40710136396976,-0.57330514809879,-0.09776145869731,               443P   4601
-0.40082065377214,-0.57693131782209,-0.09014553578701,               443P   4602
-0.39123318716677,-0.58246664424755,-0.07850309821927,               443P   4603
-0.38801874682114,-0.58432250224639,-0.07457706569575,               443P   4604
-0.38160151527018,-0.58802749260979,-0.06659529834135,               443P   4605
-0.37840090061958,-0.58987536833988,-0.06253954902334,               443P   4606
-0.36884431366096,-0.59539286639298,-0.05020429297748,               443P   4607
-0.36252492229231,-0.59904136870078,-0.04175597744364,               443P   4608
-0.3501411751421,-0.60619112845153,-0.02447572131277,                443P   4609
-0.34407745893039,-0.60969201663865,-0.01564569246082,               443P   4610
-0.3323889070889,-0.61644040519077,0.00232633057602,                 443P   4611
-0.3267486105155,-0.61969683193574,0.01145857386594,                 443P   4612
-0.31596275362488,-0.62592404931498,0.02985294258016,                443P   4613
-0.31078373145377,-0.6289141591596,0.03909117181412,                 443P   4614
-0.30346666743423,-0.63313866804096,0.05299583211273,                443P   4615
-0.30110715045824,-0.63450093580221,0.05764052097519,                443P   4616
-0.29658581812582,-0.63711132824143,0.06696423233446,                443P   4617
-0.29441892694793,-0.63836238344629,0.07163549505534,                443P   4618
-0.29140165551282,-0.64010440592156,0.07872926837003,                443P   4619
-0.29043556051895,-0.64066218112634,0.08111017407381,                443P   4620
-0.28861103022822,-0.64171557418084,0.08589543545021,                443P   4621
-0.28774717934415,-0.6422143187213,0.08829244160867,                 443P   4622
-0.2866401480113,-0.64285346355931,0.09203588477339,                 443P   4623
-0.28630145853606,-0.64304900601902,0.09330217343814,                443P   4624
-0.28568590417717,-0.64340439649383,0.09580416840259,                443P   4625
-0.28539224891464,-0.6435739384387,0.09701400671529,                 443P   4626
-0.28514277536975,-0.64371797205699,0.09897665274779,                443P   4627
-0.28509253733458,-0.64374697700012,0.09965750023393,                443P   4628
-0.28509019451484,-0.64374832962773,0.10111163812381,                443P   4629
-0.28513908006394,-0.6437201055428,0.10187989326908,                 443P   4630
-0.28541677587439,-0.64355977779188,0.10329635800728,                443P   4631
-0.28564558613574,-0.6434276741259,0.10394456760022,                 443P   4632
-0.28636294216501,-0.64301350842929,0.1049185232808,                 443P   4633
-0.28686567064571,-0.64272325800563,0.10522171543006,                443P   4634
-0.28745519798555,-0.64238289423728,0.10537969977691,                443P   4635
-0.78982021488154,-0.94875562424167,-0.18791876501529,               443P   4636
-0.77384662954892,-0.95797797803338,-0.17236729249274,               443P   4637
-0.75869408399509,-0.96672630428779,-0.15601419075597,               443P   4638
-0.73575839807523,-0.97996822872767,-0.13218760129081,               443P   4639
-0.72809629483645,-0.98439194609514,-0.12433771192303,               443P   4640
-0.71277511742717,-0.99323763199669,-0.10875368799065,               443P   4641
-0.70512039276649,-0.99765708934011,-0.10101129321699,               443P   4642
-0.68212817659182,-1.01093165153782,-0.0779348302694,                443P   4643
-0.66674278718379,-1.01981441025413,-0.06278831480486,               443P   4644
-0.63572164203586,-1.03772447675586,-0.03287638099163,               443P   4645
-0.62009453789819,-1.0467467895364,-0.0180969185191,                 443P   4646
-0.58862048326887,-1.06491834344912,0.01142379008145,                443P   4647
-0.57278559678352,-1.07406061942403,0.026169782873,                  443P   4648
-0.54080920779606,-1.09252219621365,0.05577058835491,                443P   4649
-0.52463533633828,-1.10186018525364,0.07057583812928,                443P   4650
-0.5003986875858,-1.11585322093513,0.09329856397,                    443P   4651
-0.49232486618403,-1.12051464389484,0.10096699389207,                443P   4652
-0.4763004867673,-1.12976632366468,0.11662539379264,                 443P   4653
-0.46834342678235,-1.13436033438895,0.12459360313038,                443P   4654
-0.45669488675326,-1.14108562211041,0.13703914991855,                443P   4655
-0.45286075453088,-1.14329925938111,0.14127486386968,                443P   4656
-0.44536686337361,-1.14762585945804,0.14992339579552,                443P   4657
-0.44169751312598,-1.14974435981126,0.15431542223758,                443P   4658
-0.43652840742072,-1.15272874438166,0.16141705880352,                443P   4659
-0.43486122894619,-1.15369129032272,0.16385444294659,                443P   4660
-0.43167215363085,-1.1555325038145,0.16871002093152,                 443P   4661
-0.43012168804739,-1.15642766553648,0.17105651625488,                443P   4662
-0.42817472352365,-1.15755174602836,0.17505607590219,                443P   4663
-0.42759056461633,-1.15788901033075,0.17647461077588,                443P   4664
-0.4266116446761,-1.15845419002176,0.17959515754478,                 443P   4665
-0.42622148699528,-1.15867944766381,0.18128573878673,                443P   4666
-0.42592038885036,-1.15885328675883,0.18449184352622,                443P   4667
-0.42600944838627,-1.1588018682118,0.18600736702376,                 443P   4668
-0.42694739731298,-1.15826034314648,0.18842768281499,                443P   4669
-0.4278401693913,-1.15774490094673,0.18928705534992,                 443P   4670
-0.42900297792715,-1.15707355312554,0.18985382430593,                443P   4671
-1.00185406500259,-1.42317333376698,-0.07191369628394,               443P   4672
-0.98997553378585,-1.43003140696254,-0.06707994613744,               443P   4673
-0.9783342324044,-1.43675251544884,-0.06151188944744,                443P   4674
-0.96078560582132,-1.44688421973049,-0.05339120631356,               443P   4675
-0.95492763089672,-1.45026632313011,-0.05070494131481,               443P   4676
-0.94321543593413,-1.45702836204456,-0.04531515471648,               443P   4677
-0.9373626848873,-1.46040744943695,-0.04260738736694,                443P   4678
-0.91981091793022,-1.47054096681437,-0.03446213662394,               443P   4679
-0.90811200267603,-1.47729533868561,-0.02902114440944,               443P   4680
-0.88473207298187,-1.49079374738817,-0.01810787677009,               443P   4681
-0.87305293470731,-1.49753670101489,-0.01262958301094,               443P   4682
-0.84976939299108,-1.51097946009244,-0.00150692430859,               443P   4683
-0.83816333039853,-1.51768022345448,0.00413416931289,                443P   4684
-0.81502414648068,-1.53103963751828,0.01555112421745,                443P   4685
-0.80347415607731,-1.53770802758681,0.02128606842401,                443P   4686
-0.78628267109792,-1.54763353606742,0.03018810700383,                443P   4687
-0.78057530974142,-1.55092868268296,0.03321031702998,                443P   4688
-0.76924606100195,-1.55746962749241,0.03944767125969,                443P   4689
-0.76362350389088,-1.56071581235402,0.04264921589124,                443P   4690
-0.75532123685611,-1.56550912846143,0.04776711587308,                443P   4691
-0.75257550579218,-1.56709437703031,0.049528649535,                  443P   4692
-0.74716940081272,-1.57021559319547,0.05317875527131,                443P   4693
-0.74450687536497,-1.57175280297945,0.05505365477416,                443P   4694
-0.7406315607106,-1.57399021693835,0.05821650825239,                 443P   4695
-0.7393619666188,-1.57472321742901,0.05932055171194,                 443P   4696
-0.73691080930204,-1.57613839376567,0.06154533501324,                443P   4697
-0.73572440408695,-1.57682336513597,0.06261984638155,                443P   4698
-0.73408503196374,-1.57776985707261,0.06457781313029,                443P   4699
-0.73356206537875,-1.57807179197123,0.06529154584183,                443P   4700
-0.73257903017227,-1.57863934761231,0.06691694118601,                443P   4701
-0.73212333389746,-1.57890244397924,0.06782314218696,                443P   4702
-0.73150928982469,-1.57925696248995,0.06963627212326,                443P   4703
-0.73135094202673,-1.57934838463373,0.07054320105861,                443P   4704
-0.73155730072764,-1.5792292433822,0.0721715081404,                  443P   4705
-0.73195375608812,-1.57900034977312,0.07287651739319,                443P   4706
-0.73254801505382,-1.5786572541993,0.0734730099795,                  443P   4707
-1.12294974871088,-1.81502845892637,-0.01401032527425,               443P   4708
-1.11811293617827,-1.81782099394409,-0.01332094642926,               443P   4709
-1.11331471211492,-1.8205912498987,-0.01233300436694,                443P   4710
-1.10610340047514,-1.82475470261514,-0.01095144176947,               443P   4711
-1.10369827034468,-1.82614330514339,-0.01050028158845,               443P   4712
-1.09888861420306,-1.82892016141147,-0.00959282065338,               443P   4713
-1.09648432666417,-1.83030827746926,-0.00913474295346,               443P   4714
-1.08927247380493,-1.83447204265889,-0.00775402107538,               443P   4715
-1.0844648728318,-1.83724771237489,-0.00683262281073,                443P   4716
-1.07485234202641,-1.84279750962297,-0.00498287388667,               443P   4717
-1.07004769714898,-1.84557147263632,-0.00405198276253,               443P   4718
-1.06045067144676,-1.85111231800891,-0.00212547097857,               443P   4719
-1.05565805905558,-1.85387933406308,-0.00113105385892,               443P   4720
-1.04608507015197,-1.85940630178353,0.00091247342695,                443P   4721
-1.04130142190761,-1.86216814238512,0.00194461123149,                443P   4722
-1.03415029945505,-1.86629684485812,0.00361873477449,                443P   4723
-1.03177059091723,-1.86767077022302,0.00419970960786,                443P   4724
-1.02702801072117,-1.87040890017586,0.00544315135101,                443P   4725
-1.02466588462181,-1.87177267431519,0.00610040843973,                443P   4726
-1.02114845296007,-1.87380346443196,0.00721886907794,                443P   4727
-1.01997996169613,-1.87447809317774,0.00761488616983,                443P   4728
-1.01766569216632,-1.87581423731375,0.00846344296229,                443P   4729
-1.01652009529095,-1.87647564797812,0.0089106002366,                 443P   4730
-1.0148207765692,-1.87745675009957,0.00972561426359,                 443P   4731
-1.01425906684775,-1.87778105335845,0.01001829174895,                443P   4732
-1.01316766422352,-1.87841117495734,0.01061856379112,                443P   4733
-1.01263950407402,-1.87871610836184,0.01090819618156,                443P   4734
-1.01187507135032,-1.87915745380064,0.01148729754885,                443P   4735
-1.01162469392128,-1.8793020092767,0.01170572948383,                 443P   4736
-1.01113331326108,-1.87958570803314,0.01222360743368,                443P   4737
-1.01089436201194,-1.87972366660115,0.01252141118083,                443P   4738
-1.01052890100369,-1.87993466561264,0.01314616840901,                443P   4739
-1.01040239124459,-1.88000770605612,0.01347312189004,                443P   4740
-1.01036077654453,-1.88003173231439,0.01410759877543,                443P   4741
-1.01045887642067,-1.8799750943245,0.01441200967299,                 443P   4742
-1.01063971248076,-1.87987068857653,0.01469456507772,                443P   4743
-1.14313649578314,-1.88035102087347,-0.00435778713738,               443P   4744
-1.13947354337235,-1.88246582743387,-0.00435927829433,               443P   4745
-1.13581606575666,-1.88457747311985,-0.004134844994,                 443P   4746
-1.13032799276401,-1.88774601353949,-0.00387669916574,               443P   4747
-1.12849845461507,-1.88880229788227,-0.00379813274078,               443P   4748
-1.12483945720106,-1.89091482102421,-0.00363787906934,               443P   4749
-1.12301003127979,-1.89197104057232,-0.00355482642859,               443P   4750
-1.11752185034882,-1.89513964331018,-0.00330175690836,               443P   4751
-1.11386303696354,-1.89725206020308,-0.00313377856044,               443P   4752
-1.10654554253517,-1.90147681758109,-0.00279492543619,               443P   4753
-1.10288688119082,-1.90358914669312,-0.00262208995876,               443P   4754
-1.09557140862589,-1.90781273674774,-0.00222858320187,               443P   4755
-1.09191460381836,-1.90992399398774,-0.00200877076174,               443P   4756
-1.08460311044539,-1.9141452866548,-0.00152780133709,                443P   4757
-1.08094741683645,-1.916255902344,-0.00127962511119,                 443P   4758
-1.07547003082631,-1.91941827263141,-0.00081040077054,               443P   4759
-1.07364504466784,-1.92047192888127,-0.00063638179118,               443P   4760
-1.07000046737216,-1.92257612656401,-0.00022542924319,               443P   4761
-1.06818185772329,-1.92362610133434,0.00000769308256,                443P   4762
-1.0654620619351,-1.92519637616479,0.00045944399183,                 443P   4763
-1.06455649780399,-1.92571920385966,0.00062782838223,                443P   4764
-1.06275763970999,-1.92675777506446,0.00100936473094,                443P   4765
-1.0618649160377,-1.92727318931697,0.00121851623685,                 443P   4766
-1.06052833757371,-1.92804486325295,0.00164214355444,                443P   4767
-1.06008463274147,-1.92830103635728,0.00179956568469,                443P   4768
-1.05921990230917,-1.92880028870515,0.00212903040408,                443P   4769
-1.05880147213718,-1.92904186947758,0.00228782284281,                443P   4770
-1.05818289250932,-1.92939900659224,0.00263706625109,                443P   4771
-1.05797795591002,-1.92951732679302,0.00277293115152,                443P   4772
-1.05756853445487,-1.92975370638036,0.00310618506827,                443P   4773
-1.05736571477441,-1.92987080437747,0.00330256850789,                443P   4774
-1.05704169276131,-1.93005787857395,0.00372922305766,                443P   4775
-1.05692049042869,-1.93012785477332,0.00395949416781,                443P   4776
-1.05683753836488,-1.93017574716969,0.00442829876667,                443P   4777
-1.05688590214378,-1.93014782432892,0.00466592959887,                443P   4778
-1.05699782027572,-1.93008320836532,0.004896151425,0.,1.,0.,1.;      443P   4779
126,35,3,0,0,1,0,0.,0.,0.,0.,0.125,0.125,0.1875,0.1875,0.25,         445P   4780
0.25,0.375,0.375,0.5,0.5,0.625,0.625,0.75,0.75,0.8125,0.8125,        445P   4781
0.875,0.875,0.90625,0.90625,0.9375,0.9375,0.953125,0.953125,         445P   4782
0.96875,0.96875,0.9765625,0.9765625,0.984375,0.984375,0.9921875,     445P   4783
0.9921875,1.,1.,1.,1.,1.,1.,1.,1.,1.,1.,1.,1.,1.,1.,1.,1.,1.,1.,     445P   4784
1.,1.,1.,1.,1.,1.,1.,1.,1.,1.,1.,1.,1.,1.,1.,1.,1.,1.,1.,1.,1.,      445P   4785
1.,-0.14330127018922,-0.14820508075689,-0.0866,                      445P   4786
-0.13347296409932,-0.15387945592357,-0.09314478847008,               445P   4787
-0.12253338226647,-0.16019542643959,-0.09737264272902,               445P   4788
-0.10567894560982,-0.16992633998034,-0.10001012892857,               445P   4789
-0.09998800731554,-0.17321200473649,-0.10026723171886,               445P   4790
-0.08867927701093,-0.17974110322205,-0.09940175132818,               445P   4791
-0.08306129077618,-0.18298464908699,-0.09830147362635,               445P   4792
-0.06663726837847,-0.19246706283948,-0.09321137903041,               445P   4793
-0.05627110846862,-0.19845196805389,-0.08732579559544,               445P   4794
-0.03830013054371,-0.20882751699644,-0.07136842553244,               445P   4795
-0.03066808631309,-0.21323387978745,-0.06135064140544,               445P   4796
-0.01938635087121,-0.21974739278175,-0.03864455625497,               445P   4797
-0.01558084368683,-0.22194450337906,-0.02604907134901,               445P   4798
-0.01267628351034,-0.22362145197883,-0.00007985607705,               445P   4799
-0.01344990381322,-0.22317480208871,0.01322792716413,                445P   4800
-0.01780780116115,-0.22065876888178,0.03220372869343,                445P   4801
-0.01981890376774,-0.2194976582505,0.03835613388856,                 445P   4802
-0.02484120121687,-0.2165980334663,0.05009365883887,                 445P   4803
-0.02784568087626,-0.21486339632617,0.0556806810347,                 445P   4804
-0.03301841773309,-0.21187691530943,0.06347025918798,                445P   4805
-0.03485444318484,-0.21081688552063,0.06596774344394,                445P   4806
-0.03873037591728,-0.2085791147142,0.0707428729174,                  445P   4807
-0.04077009280006,-0.20740148362285,0.07302067415275,                445P   4808
-0.04396659162221,-0.20555598416742,0.07625718762736,                445P   4809
-0.04505491181259,-0.20492764221254,0.07730599405583,                445P   4810
-0.04727457631321,-0.20364611831559,0.07934095359891,                445P   4811
-0.04840592062344,-0.20299293637353,0.08032710671353,                445P   4812
-0.05013324239408,-0.20199566668428,0.08175740350927,                445P   4813
-0.05071406720184,-0.20166032732517,0.08222601362849,                445P   4814
-0.05188549145502,-0.20098400521726,0.08314659909307,                445P   4815
-0.05247609090044,-0.20064302246846,0.08359857443842,                445P   4816
-0.05366673729817,-0.19995560245022,0.08448556654015,                445P   4817
-0.05426678425048,-0.19960916518078,0.08492058329652,                445P   4818
-0.05547599853123,-0.19891102499028,0.08577333440513,                445P   4819
-0.05608516585966,-0.19855932206923,0.08619106875738,                445P   4820
-0.05669872981078,-0.19820508075689,0.0866,0.,1.;                    445P   4821
502,4,-0.14330127018922,-0.14820508075689,-0.0866,                   447P   4822
-0.05669872981078,-0.19820508075689,0.0866,-0.1649398259704,         447P   4823
-0.18786924657552,-0.08575179719581,-0.08045647685827,               447P   4824
-0.23669971552909,0.08582500538286;                                  447P   4825
126,27,3,0,0,1,0,0.,0.,0.,0.,0.015625,0.015625,0.03125,0.03125,      449P   4826
0.0625,0.0625,0.09375,0.09375,0.125,0.125,0.1875,0.1875,0.25,        449P   4827
0.25,0.375,0.375,0.5,0.5,0.625,0.625,0.75,0.75,0.875,0.875,1.,       449P   4828
1.,1.,1.,1.,1.,1.,1.,1.,1.,1.,1.,1.,1.,1.,1.,1.,1.,1.,1.,1.,1.,      449P   4829
1.,1.,1.,1.,1.,1.,1.,1.,1.,1.,-0.05669872981078,                     449P   4830
-0.19820508075689,0.0866,-0.05792674581261,-0.19749608538766,        449P   4831
0.08742040747307,-0.05917225141987,-0.19677699239003,                449P   4832
0.08820399600876,-0.06169501467195,-0.19532047434734,                449P   4833
0.08969718665213,-0.06297227231676,-0.19458304930229,                449P   4834
0.09040678875982,-0.06684683254758,-0.19234607091003,                449P   4835
0.09242409261105,-0.06948692242997,-0.19082181430575,                449P   4836
0.09362029188276,-0.07485538426544,-0.18772233141991,                449P   4837
0.09571256207549,-0.07758375621851,-0.18614710513835,                449P   4838
0.09660863299652,-0.08310296480895,-0.18296058857294,                449P   4839
0.09809785806209,-0.08589383208483,-0.18134928059994,                449P   4840
0.09869136391913,-0.09432119314707,-0.1764837414221,                 449P   4841
0.10001089334989,-0.10001199521053,-0.17319815531886,                449P   4842
0.10026724563513,-0.11132068931441,-0.1666690777338,                 449P   4843
0.09940156581236,-0.11693871103092,-0.16342551138346,                449P   4844
0.09830148358196,-0.13336274265596,-0.15394309230356,                449P   4845
0.09321143981863,-0.14372889191042,-0.14795819324104,                449P   4846
0.08732579768811,-0.16169986986064,-0.13758264428388,                449P   4847
0.07136842774268,-0.16933191373738,-0.13317628169718,                449P   4848
0.06135064166262,-0.1806136491626,-0.1266627687125,                  449P   4849
0.03864455623932,-0.18441915656878,-0.12446565798714,                449P   4850
0.02604907101799,-0.18732371671579,-0.12278870940439,                449P   4851
0.00007985575197,-0.18655010298321,-0.12323535550114,                449P   4852
-0.01322793670942,-0.18073956560159,-0.12659007082256,               449P   4853
-0.038528994764,-0.17560295445657,-0.12955569464986,                 449P   4854
-0.05048783135004,-0.16180875615085,-0.13751977875492,               449P   4855
-0.07125971195429,-0.15312086403318,-0.14253573560758,               449P   4856
-0.08006101312031,-0.14330127018922,-0.14820508075689,-0.0866,       449P   4857
0.,1.;                                                               449P   4858
126,3,3,0,0,1,0,0.,0.,0.,0.,0.02261127718143,0.02261127718143,       451P   4859
0.02261127718143,0.02261127718143,1.,1.,1.,1.,-0.14330127018922,     451P   4860
-0.14820508075689,-0.0866,-0.15050339541326,-0.16143248492952,       451P   4861
-0.0863077134213,-0.1577055206373,-0.17465988910216,                 451P   4862
-0.08601542684261,-0.1649398259704,-0.18786924657552,                451P   4863
-0.08575179719581,0.,0.02261127718143;                               451P   4864
126,3,3,0,0,1,0,0.,0.,0.,0.,0.02263468020191,0.02263468020191,       453P   4865
0.02263468020191,0.02263468020191,1.,1.,1.,1.,-0.05669872981078,     453P   4866
-0.19820508075689,0.0866,-0.06462899628899,-0.21103008669592,        453P   4867
0.08633217967112,-0.0725592627672,-0.22385509263495,                 453P   4868
0.08606435934224,-0.08045647685827,-0.23669971552909,                453P   4869
0.08582500538286,0.,0.02263468020191;                                453P   4870
126,89,3,0,0,1,0,0.,0.,0.,0.,0.00868018229303,0.00868018229303,      455P   4871
0.01736036458606,0.01736036458606,0.02170045573258,                  455P   4872
0.02170045573258,0.02387050130584,0.02387050130584,                  455P   4873
0.02604054687909,0.02604054687909,0.03472072917213,                  455P   4874
0.03472072917213,0.04340091146516,0.04340091146516,                  455P   4875
0.04774100261167,0.04774100261167,0.05208109375819,                  455P   4876
0.05208109375819,0.06076127605122,0.06076127605122,                  455P   4877
0.06944145834425,0.06944145834425,0.07812164063728,                  455P   4878
0.07812164063728,0.08680182293031,0.08680182293031,                  455P   4879
0.09114191407683,0.09114191407683,0.09548200522334,                  455P   4880
0.09548200522334,0.10416218751638,0.10416218751638,                  455P   4881
0.11284236980941,0.11284236980941,0.12152255210244,                  455P   4882
0.12152255210244,0.12586264324895,0.12586264324895,                  455P   4883
0.13020273439547,0.13020273439547,0.1388829166885,                   455P   4884
0.1388829166885,0.14756309898153,0.14756309898153,                   455P   4885
0.15624328127456,0.15624328127456,0.16058337242108,                  455P   4886
0.16058337242108,0.1649234635676,0.1649234635676,                    455P   4887
0.17360364586063,0.17360364586063,0.19096401044669,                  455P   4888
0.19096401044669,0.19530410159321,0.19530410159321,                  455P   4889
0.19964419273972,0.19964419273972,0.20832437503275,                  455P   4890
0.20832437503275,0.21700455732578,0.21700455732578,                  455P   4891
0.2213446484723,0.2213446484723,0.22568473961882,                    455P   4892
0.22568473961882,0.23436492191185,0.23436492191185,                  455P   4893
0.24304510420488,0.24304510420488,0.24738519535139,                  455P   4894
0.24738519535139,0.25172528649791,0.25172528649791,                  455P   4895
0.26040546879094,0.26040546879094,0.26474555993746,                  455P   4896
0.26474555993746,0.26908565108397,0.26908565108397,                  455P   4897
0.27125569665723,0.27125569665723,0.27342574223049,                  455P   4898
0.27342574223049,0.27559578780375,0.27559578780375,                  455P   4899
0.277765833377,0.277765833377,0.277765833377,0.277765833377,1.,      455P   4900
1.,1.,1.,1.,1.,1.,1.,1.,1.,1.,1.,1.,1.,1.,1.,1.,1.,1.,1.,1.,1.,      455P   4901
1.,1.,1.,1.,1.,1.,1.,1.,1.,1.,1.,1.,1.,1.,1.,1.,1.,1.,1.,1.,1.,      455P   4902
1.,1.,1.,1.,1.,1.,1.,1.,1.,1.,1.,1.,1.,1.,1.,1.,1.,1.,1.,1.,1.,      455P   4903
1.,1.,1.,1.,1.,1.,1.,1.,1.,1.,1.,1.,1.,1.,1.,1.,1.,1.,1.,1.,1.,      455P   4904
1.,1.,1.,1.,1.,-0.1649398259704,-0.18786924657552,                   455P   4905
-0.08575179719581,-0.16285523506491,-0.18969941339334,               455P   4906
-0.08671188136343,-0.16071904436347,-0.19151342354114,               455P   4907
-0.08749574375502,-0.15634428399965,-0.19510117241625,               455P   4908
-0.08874347134716,-0.15410570573149,-0.19687493302148,               455P   4909
-0.0892072184881,-0.15067069167823,-0.19950042510483,                455P   4910
-0.08967903891222,-0.1495128200219,-0.20036973922228,                455P   4911
-0.08979894085235,-0.14775658780308,-0.20166437389265,               455P   4912
-0.08992419828711,-0.14716793905841,-0.20209436304888,               455P   4913
-0.08995684775831,-0.1459841382024,-0.20295114007104,                455P   4914
-0.09000414047265,-0.14538827269543,-0.2033784286857,                455P   4915
-0.09001877678182,-0.14240664875256,-0.20549673443498,               455P   4916
-0.09004737448386,-0.14000705617286,-0.20713856110351,               455P   4917
-0.08992986510287,-0.13517915054218,-0.21032107962094,               455P   4918
-0.08943570815336,-0.13275093956288,-0.21186168790124,               455P   4919
-0.08905794613767,-0.12908819981851,-0.21409877009552,               455P   4920
-0.08829824030123,-0.12786388858192,-0.21483215102167,               455P   4921
-0.0880127485087,-0.12540870449518,-0.21627455687789,                455P   4922
-0.08737681650782,-0.12417489429196,-0.21698522234487,               455P   4923
-0.08702654883365,-0.12048899573519,-0.21906703599724,               455P   4924
-0.08589393169118,-0.11805148991579,-0.22038897898125,               455P   4925
-0.08503069296736,-0.1132094981532,-0.22291492963828,                455P   4926
-0.08311561474499,-0.1108046917291,-0.22411902941365,                455P   4927
-0.08206453958922,-0.10603018242509,-0.22641691515741,               455P   4928
-0.07977714565641,-0.10366002366586,-0.2275109256317,                455P   4929
-0.07854200884686,-0.09895495592057,-0.22959646880333,               455P   4930
-0.07589412282814,-0.09662003940961,-0.23058798303285,               455P   4931
-0.07448137066846,-0.09314709217653,-0.23200254675914,               455P   4932
-0.07222697641319,-0.09199393620421,-0.23246206409591,               455P   4933
-0.07145248416344,-0.08971532143067,-0.23335093023742,               455P   4934
-0.06986947591385,-0.0885876918512,-0.2337811780973,                 455P   4935
-0.06905959043603,-0.08524065481672,-0.23503128363423,               455P   4936
-0.06657459197965,-0.08305765234681,-0.23581033768264,               455P   4937
-0.0648434557138,-0.07878880534403,-0.23727075909986,                455P   4938
-0.06123586474799,-0.07670311568191,-0.23795203083268,               455P   4939
-0.05935920090104,-0.07263755768255,-0.23922441795649,               455P   4940
-0.05545367733397,-0.07065765407712,-0.23981552038638,               455P   4941
-0.05342485223607,-0.06777764569755,-0.24063912341547,               455P   4942
-0.0502574462436,-0.06683266474564,-0.24090313807644,                455P   4943
-0.04918089232909,-0.06497514915317,-0.24141076406118,               455P   4944
-0.04698382959155,-0.06406440248465,-0.24165386551077,               455P   4945
-0.04586524598774,-0.06140666780389,-0.24234804450887,               455P   4946
-0.04246859756913,-0.0597302284141,-0.24276521270275,                455P   4947
-0.04013983925422,-0.05656453939884,-0.24352228146026,               455P   4948
-0.03535782733375,-0.05507439540904,-0.24386231185069,               455P   4949
-0.03290513449179,-0.05230081318566,-0.244472168377,                 455P   4950
-0.0278644251795,-0.05101730698559,-0.24474200408411,                455P   4951
-0.025276451282,-0.0492693451092,-0.24509770536727,                  455P   4952
-0.02128000798753,-0.04871484016082,-0.24520836470902,               455P   4953
-0.0199245343036,-0.04768052735451,-0.24541158303219,                455P   4954
-0.01720201562022,-0.04719983579354,-0.24550433644673,               455P   4955
-0.01583353285793,-0.04586969020286,-0.2457575764306,                455P   4956
-0.01170598867556,-0.0451339853318,-0.24589280985898,                455P   4957
-0.00892447821097,-0.0433861433026,-0.24620935168761,                455P   4958
-0.0004897593582,-0.04280737862795,-0.24630779344556,                455P   4959
0.00524850580375,-0.0428417071641,-0.2463018233303,                  455P   4960
0.01256950419439,-0.04288670967036,-0.24629400522975,                455P   4961
0.01403158425133,-0.04305011429573,-0.24626549603545,                455P   4962
0.01693893055953,-0.04316852203257,-0.24624480327767,                455P   4963
0.01838627263165,-0.04363038508885,-0.24616353759225,                455P   4964
0.02270989043883,-0.04408023655992,-0.246083902102,                  455P   4965
0.02556780231363,-0.04525126169268,-0.24587126193223,                455P   4966
0.03123665038008,-0.04597911452516,-0.2457370384021,                 455P   4967
0.03404643307481,-0.04727290058491,-0.24549025566013,                455P   4968
0.03822595740073,-0.04773825311163,-0.24540030993306,                455P   4969
0.03961379656868,-0.04872519042001,-0.24520625755459,                455P   4970
0.04235239932596,-0.04924774393729,-0.24510196847523,                455P   4971
0.04370650344653,-0.05089835941278,-0.24476645591763,                455P   4972
0.04772525998396,-0.05210769830537,-0.24451296819168,                455P   4973
0.05034722920844,-0.05473179871007,-0.24393899656789,                455P   4974
0.05548211788518,-0.05614673664772,-0.24361849898612,                455P   4975
0.05799494846751,-0.05842152763441,-0.24307927180237,                455P   4976
0.06168234180789,-0.05920538187149,-0.24288972450382,                455P   4977
0.06289772879289,-0.06082455524694,-0.24248931727213,                455P   4978
0.06530068811979,-0.06165718238929,-0.24227911243655,                455P   4979
0.0664842807262,-0.06421672602561,-0.24161812421973,                 455P   4980
0.06997289169767,-0.06600769131648,-0.24113643127294,                455P   4981
0.07221979935187,-0.06881957742544,-0.24034311767342,                455P   4982
0.07547102644607,-0.06977775570435,-0.24006689252854,                455P   4983
0.07653493426297,-0.07174154480624,-0.23948736674042,                455P   4984
0.07861763003734,-0.07274954478443,-0.23918332046925,                455P   4985
0.07963771075618,-0.0742911840248,-0.23870716210548,                 455P   4986
0.0811217343436,-0.07480992582068,-0.23854512430812,                 455P   4987
0.08160907439625,-0.07585677048227,-0.23821429785903,                455P   4988
0.08256948919091,-0.07638565842112,-0.23804528656453,                455P   4989
0.08304150422832,-0.07747428784425,-0.23769320981265,                455P   4990
0.08394177744844,-0.07803383444532,-0.23751021300224,                455P   4991
0.08437030401039,-0.07920508814422,-0.23712219341654,                455P   4992
0.08515407227539,-0.0798193817329,-0.23691627020089,                 455P   4993
0.08550575628174,-0.08045647685827,-0.23669971552909,                455P   4994
0.08582500538286,0.,0.277765833377;                                  455P   4995
126,75,3,0,0,1,0,0.,0.,0.,0.,0.00439927821327,0.00439927821327,      457P   4996
0.00879855642655,0.00879855642655,0.01319783463982,                  457P   4997
0.01319783463982,0.0175971128531,0.0175971128531,                    457P   4998
0.02639566927965,0.02639566927965,0.0351942257062,                   457P   4999
0.0351942257062,0.04399278213275,0.04399278213275,                   457P   5000
0.0527913385593,0.0527913385593,0.06158989498585,                    457P   5001
0.06158989498585,0.07038845141239,0.07038845141239,                  457P   5002
0.07478772962567,0.07478772962567,0.07918700783894,                  457P   5003
0.07918700783894,0.08798556426549,0.08798556426549,                  457P   5004
0.10558267711859,0.10558267711859,0.11438123354514,                  457P   5005
0.11438123354514,0.12317978997169,0.12317978997169,                  457P   5006
0.13197834639824,0.13197834639824,0.14077690282479,                  457P   5007
0.14077690282479,0.14517618103807,0.14517618103807,                  457P   5008
0.14957545925134,0.14957545925134,0.15837401567789,                  457P   5009
0.15837401567789,0.16717257210444,0.16717257210444,                  457P   5010
0.17157185031771,0.17157185031771,0.17377148942435,                  457P   5011
0.17377148942435,0.17597112853099,0.17597112853099,                  457P   5012
0.19356824138409,0.19356824138409,0.20236679781064,                  457P   5013
0.20236679781064,0.20676607602391,0.20676607602391,                  457P   5014
0.21116535423719,0.21116535423719,0.22876246709028,                  457P   5015
0.22876246709028,0.23316174530356,0.23316174530356,                  457P   5016
0.23756102351683,0.23756102351683,0.24635957994338,                  457P   5017
0.24635957994338,0.25515813636993,0.25515813636993,                  457P   5018
0.26395669279648,0.26395669279648,0.27275524922303,                  457P   5019
0.27275524922303,0.28155380564958,0.28155380564958,                  457P   5020
0.28155380564958,0.28155380564958,1.,1.,1.,1.,1.,1.,1.,1.,1.,1.,     457P   5021
1.,1.,1.,1.,1.,1.,1.,1.,1.,1.,1.,1.,1.,1.,1.,1.,1.,1.,1.,1.,1.,      457P   5022
1.,1.,1.,1.,1.,1.,1.,1.,1.,1.,1.,1.,1.,1.,1.,1.,1.,1.,1.,1.,1.,      457P   5023
1.,1.,1.,1.,1.,1.,1.,1.,1.,1.,1.,1.,1.,1.,1.,1.,1.,1.,1.,1.,1.,      457P   5024
1.,1.,1.,-0.08045647685827,-0.23669971552909,0.08582500538286,       457P   5025
-0.08172854935875,-0.23626732602889,0.08646260869623,                457P   5026
-0.08303408569274,-0.23581195142445,0.08696233307748,                457P   5027
-0.0856536139394,-0.23487314499652,0.08789965058739,                 457P   5028
-0.08697248191977,-0.23438813520776,0.08831932584437,                457P   5029
-0.08962557667175,-0.23338651748486,0.08906957500313,                457P   5030
-0.09095943880773,-0.23287004948392,0.0894015157182,                 457P   5031
-0.09363974453993,-0.23180525813138,0.08998508353221,                457P   5032
-0.09498966017088,-0.23125545028316,0.09023727688172,                457P   5033
-0.09901929914643,-0.22957276340353,0.09087342142031,                457P   5034
-0.10168478656344,-0.22840462371123,0.09113766261532,                457P   5035
-0.10697372890022,-0.22597585994151,0.09138301888968,                457P   5036
-0.10959718381419,-0.22471523686776,0.09136420292956,                457P   5037
-0.11480189861717,-0.22210133825447,0.09105521612807,                457P   5038
-0.11738431232203,-0.22074743275157,0.09076334115648,                457P   5039
-0.12250210612723,-0.21794893860746,0.08990030861909,                457P   5040
-0.12499935807565,-0.21652531664486,0.08933338531635,                457P   5041
-0.12988190767956,-0.21363225956068,0.08795640529312,                457P   5042
-0.13226767964273,-0.21216252803264,0.08714826129188,                457P   5043
-0.13693750474239,-0.2091788640714,0.08531570438317,                 457P   5044
-0.13922194399066,-0.20766463224746,0.08429295308263,                457P   5045
-0.142574787145,-0.20536374403558,0.0825973207799,                   457P   5046
-0.1436810156763,-0.20459115537945,0.08200455375777,                 457P   5047
-0.14585346932958,-0.20304812387658,0.08077502537142,                457P   5048
-0.14692170565831,-0.20227632739152,0.08013731297025,                457P   5049
-0.15007466387934,-0.1999609865141,0.0781572967038,                  457P   5050
-0.15210776798806,-0.19841742448554,0.07674835257128,                457P   5051
-0.15801285907389,-0.19379609401234,0.07226123090574,                457P   5052
-0.1616907815633,-0.19072757584553,0.06892307322194,                 457P   5053
-0.16684165897156,-0.18619637507007,0.06337068620223,                457P   5054
-0.16847918673261,-0.1847140950294,0.06144994813213,                 457P   5055
-0.17160078685224,-0.18181777475347,0.05747204662909,                457P   5056
-0.17308538379413,-0.18040323496988,0.05541429074898,                457P   5057
-0.17590555895352,-0.17765447250213,0.05115524911759,                457P   5058
-0.1772411401465,-0.17632021504778,0.04895398666856,                 457P   5059
-0.17976164226038,-0.17374979702658,0.04439594050567,                457P   5060
-0.18094495573997,-0.17251532877364,0.04203709963007,                457P   5061
-0.18260758469696,-0.17074871574495,0.03837551374746,                457P   5062
-0.18314357446068,-0.17017347590785,0.03713482790132,                457P   5063
-0.18417765018433,-0.16905376050646,0.03461162800641,                457P   5064
-0.18467208077063,-0.16851325074636,0.03333803067035,                457P   5065
-0.18608767087718,-0.16695314049323,0.02948024915881,                457P   5066
-0.18694130798063,-0.165994811216,0.02685916889451,                  457P   5067
-0.18846478446719,-0.1642630664388,0.0215110444319,                  457P   5068
-0.18913465248754,-0.16348962544929,0.01878401573027,                457P   5069
-0.18999435250334,-0.1624879676072,0.01460599790972,                 457P   5070
-0.19025668555279,-0.1621805404668,0.01319872003692,                 457P   5071
-0.19061241712797,-0.1617619855298,0.01106462916385,                 457P   5072
-0.19072469583509,-0.16162956796033,0.0103494012162,                 457P   5073
-0.19093637074633,-0.16137945707757,0.00891098020792,                457P   5074
-0.19103566052068,-0.16126188932394,0.00818752483712,                457P   5075
-0.19186709431395,-0.16027580169561,0.00168394466937,                457P   5076
-0.19218954183289,-0.15988492282409,-0.00411938820849,               457P   5077
-0.19210086932332,-0.15999143145595,-0.01285580967616,               457P   5078
-0.1919751149098,-0.1601426720558,-0.015773212476,                   457P   5079
-0.19164149286184,-0.1605414845239,-0.02015718151431,                457P   5080
-0.19150576069227,-0.16070346649874,-0.02162135387482,               457P   5081
-0.19118910729781,-0.16108006013689,-0.02452076240083,               457P   5082
-0.19100795498432,-0.16129494810485,-0.02595989722808,               457P   5083
-0.18999066007315,-0.16249657075756,-0.03310455268337,               457P   5084
-0.1888084121757,-0.16388015617309,-0.03865125678554,                457P   5085
-0.18689814734949,-0.16604040215654,-0.04540103861008,               457P   5086
-0.18649352878275,-0.16649495050136,-0.04674395517892,               457P   5087
-0.18564365258408,-0.16744204691634,-0.04940094499553,               457P   5088
-0.1851994214191,-0.1679334602227,-0.05071211354137,                 457P   5089
-0.18380963160276,-0.16945769488402,-0.05459571319678,               457P   5090
-0.18280719978562,-0.17054030770343,-0.05711843713042,               457P   5091
-0.18064914301751,-0.17282463936626,-0.06203714624541,               457P   5092
-0.17949298355127,-0.17402695386964,-0.0644326034194,                457P   5093
-0.17701931690006,-0.17654255368471,-0.06909692910134,               457P   5094
-0.17570172501886,-0.17785594886169,-0.07136658617752,               457P   5095
-0.17289405379153,-0.18058649142067,-0.07577410533895,               457P   5096
-0.17141623805593,-0.1819916969733,-0.07789278119858,                457P   5097
-0.1683017306603,-0.184875720129,-0.08195602802016,                  457P   5098
-0.16666509907812,-0.18635454285831,-0.08390064144016,               457P   5099
-0.1649398259704,-0.18786924657552,-0.08575179719581,0.,             457P   5100
0.28155380564958;                                                    457P   5101
504,6,445,447,1,447,2,449,447,2,447,1,451,447,1,447,3,453,447,2,     459P   5102
447,4,455,447,3,447,4,457,447,4,447,3;                               459P   5103
508,4,0,459,5,0,0,0,459,3,0,0,0,459,1,1,0,0,459,4,1,0;               461P   5104
510,443,1,1,461;                                                     463P   5105
116,-0.05669872981078,-0.19820508075689,0.0866;                      465P   5106
123,0.5,0.86602540378444,0.;                                         467P   5107
123,0.,0.,1.;                                                        469P   5108
190,465,467,469;                                                     471P   5109
508,2,0,459,1,0,0,0,459,2,0,0;                                       473P   5110
510,471,1,1,473;                                                     475P   5111
128,27,7,3,3,0,0,1,0,0,0.,0.,0.,0.,0.015625,0.015625,0.03125,        477P   5112
0.03125,0.0625,0.0625,0.09375,0.09375,0.125,0.125,0.1875,0.1875,     477P   5113
0.25,0.25,0.375,0.375,0.5,0.5,0.625,0.625,0.75,0.75,0.875,0.875,     477P   5114
1.,1.,1.,1.,0.,0.,0.,0.,0.12510912366808,0.2250919717594,            477P   5115
0.40008465254659,0.89999363302674,1.,1.,1.,1.,1.,1.,1.,1.,1.,1.,     477P   5116
1.,1.,1.,1.,1.,1.,1.,1.,1.,1.,1.,1.,1.,1.,1.,1.,1.,1.,1.,1.,1.,      477P   5117
1.,1.,1.,1.,1.,1.,1.,1.,1.,1.,1.,1.,1.,1.,1.,1.,1.,1.,1.,1.,1.,      477P   5118
1.,1.,1.,1.,1.,1.,1.,1.,1.,1.,1.,1.,1.,1.,1.,1.,1.,1.,1.,1.,1.,      477P   5119
1.,1.,1.,1.,1.,1.,1.,1.,1.,1.,1.,1.,1.,1.,1.,1.,1.,1.,1.,1.,1.,      477P   5120
1.,1.,1.,1.,1.,1.,1.,1.,1.,1.,1.,1.,1.,1.,1.,1.,1.,1.,1.,1.,1.,      477P   5121
1.,1.,1.,1.,1.,1.,1.,1.,1.,1.,1.,1.,1.,1.,1.,1.,1.,1.,1.,1.,1.,      477P   5122
1.,1.,1.,1.,1.,1.,1.,1.,1.,1.,1.,1.,1.,1.,1.,1.,1.,1.,1.,1.,1.,      477P   5123
1.,1.,1.,1.,1.,1.,1.,1.,1.,1.,1.,1.,1.,1.,1.,1.,1.,1.,1.,1.,1.,      477P   5124
1.,1.,1.,1.,1.,1.,1.,1.,1.,1.,1.,1.,1.,1.,1.,1.,1.,1.,1.,1.,1.,      477P   5125
1.,1.,1.,1.,1.,1.,1.,1.,1.,1.,1.,1.,1.,1.,1.,1.,1.,1.,1.,1.,1.,      477P   5126
1.,1.,1.,1.,1.,1.,1.,1.,-0.05669872981078,-0.19820508075689,         477P   5127
0.0866,-0.05792674581261,-0.19749608538766,0.08742040747307,         477P   5128
-0.05917225141987,-0.19677699239003,0.08820399600876,                477P   5129
-0.06169501467195,-0.19532047434734,0.08969718665213,                477P   5130
-0.06297227231676,-0.19458304930229,0.09040678875982,                477P   5131
-0.06684683254758,-0.19234607091003,0.09242409261105,                477P   5132
-0.06948692242997,-0.19082181430575,0.09362029188276,                477P   5133
-0.07485538426544,-0.18772233141991,0.09571256207549,                477P   5134
-0.07758375621851,-0.18614710513835,0.09660863299652,                477P   5135
-0.08310296480895,-0.18296058857294,0.09809785806209,                477P   5136
-0.08589383208483,-0.18134928059994,0.09869136391913,                477P   5137
-0.09432119314707,-0.1764837414221,0.10001089334989,                 477P   5138
-0.10001199521053,-0.17319815531886,0.10026724563513,                477P   5139
-0.11132068931441,-0.1666690777338,0.09940156581236,                 477P   5140
-0.11693871103092,-0.16342551138346,0.09830148358196,                477P   5141
-0.13336274265596,-0.15394309230356,0.09321143981863,                477P   5142
-0.14372889191042,-0.14795819324104,0.08732579768811,                477P   5143
-0.16169986986064,-0.13758264428388,0.07136842774268,                477P   5144
-0.16933191373738,-0.13317628169718,0.06135064166262,                477P   5145
-0.1806136491626,-0.1266627687125,0.03864455623932,                  477P   5146
-0.18441915656878,-0.12446565798714,0.02604907101799,                477P   5147
-0.18732371671579,-0.12278870940439,0.00007985575197,                477P   5148
-0.18655010298321,-0.12323535550114,-0.01322793670942,               477P   5149
-0.18073956560159,-0.12659007082256,-0.038528994764,                 477P   5150
-0.17560295445657,-0.12955569464986,-0.05048783135004,               477P   5151
-0.16180875615085,-0.13751977875492,-0.07125971195429,               477P   5152
-0.15312086403318,-0.14253573560758,-0.08006101312031,               477P   5153
-0.14330127018922,-0.14820508075689,-0.0866,-0.1005318514053,        477P   5154
-0.26909299433716,0.08511967130315,-0.10160722646795,                477P   5155
-0.26847212625526,0.08561975231077,-0.1027507361039,                 477P   5156
-0.26781192065913,0.08590219044591,-0.1048836494551,                 477P   5157
-0.26658048256165,0.08637058647229,-0.10590222551811,                477P   5158
-0.26599240739748,0.08653430602971,-0.10898382699568,                477P   5159
-0.26421324395487,0.08691820448364,-0.11107452023345,                477P   5160
-0.26300618165126,0.08703523800434,-0.11520472483164,                477P   5161
-0.26062160691468,0.08703637385732,-0.11726507607575,                477P   5162
-0.25943206256927,0.08692210409102,-0.12140245242487,                477P   5163
-0.25704334722037,0.08649238700375,-0.12347443272638,                477P   5164
-0.25584708883553,0.0861753775486,-0.1296819703536,                  477P   5165
-0.25226316531545,0.08492886409822,-0.13381224703036,                477P   5166
-0.2498785489643,0.08369795619318,-0.14196441875394,                 477P   5167
-0.24517189042521,0.08039523495929,-0.14598531921339,                477P   5168
-0.24285042246256,0.07833597539678,-0.15771626482913,                477P   5169
-0.23607755785347,0.071076109344,-0.16508823119655,                  477P   5170
-0.23182135108678,0.06473247136576,-0.17809618674378,                477P   5171
-0.22431120444998,0.04956275469778,-0.1837472102576,                 477P   5172
-0.22104858450308,0.04076739566092,-0.19268718544291,                477P   5173
-0.21588708742329,0.02160583454166,-0.19606564149947,                477P   5174
-0.21393653490959,0.01129263872227,-0.20005234778153,                477P   5175
-0.21163480896446,-0.00982046583334,-0.20073679122058,               477P   5176
-0.21123964536068,-0.02058125370681,-0.19960097459549,               477P   5177
-0.21189540939493,-0.04138737710164,-0.19771151807765,               477P   5178
-0.21298628762412,-0.0514179907315,-0.19187402657935,                477P   5179
-0.21635656491206,-0.06970916498456,-0.18792898283174,               477P   5180
-0.21863423698162,-0.07795544549155,-0.1831509243285,                477P   5181
-0.22139285034476,-0.08498276637683,-0.17939487497068,               477P   5182
-0.39663205602884,0.08245631554254,-0.18019562377934,                477P   5183
-0.39616974348861,0.08238007634584,-0.18115562582111,                477P   5184
-0.39561548605136,0.08176086215938,-0.18258713482782,                477P   5185
-0.39478900394099,0.08038548345357,-0.18314030001112,                477P   5186
-0.39446963387351,0.07956707016579,-0.18479523775659,                477P   5187
-0.39351415512067,0.07701220259866,-0.18589747571314,                477P   5188
-0.39287777773974,0.07518763873918,-0.18779985107785,                477P   5189
-0.39177944081083,0.07142647862246,-0.18865832276157,                477P   5190
-0.39128380195314,0.0694944391301,-0.1903095547375,                  477P   5191
-0.39033046272734,0.06561222825013,-0.191088138668,                  477P   5192
-0.38988094708548,0.06365705140214,-0.19330184739374,                477P   5193
-0.38860286175677,0.05779380309819,-0.19462448122261,                477P   5194
-0.38783923875963,0.05388706853134,-0.19709754797245,                477P   5195
-0.38641141300589,0.04619970738946,-0.19824496357042,                477P   5196
-0.38574895230153,0.04241472942512,-0.20153227252323,                477P   5197
-0.38385102359271,0.031250994788,-0.20351720947113,                  477P   5198
-0.38270501971152,0.0240833466545,-0.20759586821072,                 477P   5199
-0.38035020499028,0.01033074829162,-0.20968270898142,                477P   5200
-0.37914536690956,0.00373473735518,-0.21440947081878,                477P   5201
-0.37641636969037,-0.00904963926185,-0.21701959098177,               477P   5202
-0.37490941611165,-0.01525661959073,-0.22295325684701,               477P   5203
-0.37148361252707,-0.02763277912715,-0.22626098589529,               477P   5204
-0.36957389427064,-0.0338110851802,-0.23353576381087,                477P   5205
-0.36537379928279,-0.04653007890911,-0.2374884746443,                477P   5206
-0.36309170061908,-0.05309150104863,-0.24596641252065,               477P   5207
-0.35819696090399,-0.06691947495646,-0.25055453613981,               477P   5208
-0.35554800649743,-0.07416718165169,-0.25484703218341,               477P   5209
-0.35306973275113,-0.08207309604775,-0.28745519798555,               477P   5210
-0.64238289423728,0.10537969977691,-0.28865001792939,                477P   5211
-0.64169306462107,0.10569945137947,-0.29007498869264,                477P   5212
-0.64087035736732,0.10546662326266,-0.29244277632283,                477P   5213
-0.63950331454165,0.10476699621976,-0.29347722656519,                477P   5214
-0.63890607441576,0.10424715853911,-0.29660194746851,                477P   5215
-0.63710201596108,0.10255086374829,-0.2987175744366,                 477P   5216
-0.63588055816155,0.1012503260245,-0.30267994459579,                 477P   5217
-0.63359288268351,0.0984011329535,-0.30458687507587,                 477P   5218
-0.63249191585752,0.09686558295022,-0.30835988372721,                477P   5219
-0.63031356829701,0.09367633866649,-0.3102117560397,                 477P   5220
-0.62924438931889,0.09201551223236,-0.31566686415772,                477P   5221
-0.62609488117849,0.08687997419282,-0.31917968248629,                477P   5222
-0.62406675457088,0.08324994897223,-0.32602079105933,                477P   5223
-0.62011703869467,0.07567703703219,-0.32934596878996,                477P   5224
-0.61819724643679,0.07173583900297,-0.33904885589258,                477P   5225
-0.61259528195618,0.05953459860963,-0.34515110557956,                477P   5226
-0.60907214645674,0.05088528020784,-0.35666207361218,                477P   5227
-0.60242628596447,0.03286058108427,-0.36207187896749,                477P   5228
-0.59930293338632,0.02348983124985,-0.37227611699153,                477P   5229
-0.59341151381626,0.00432693755502,-0.37708668111844,                477P   5230
-0.59063413332264,-0.00545619429094,-0.38603834166162,               477P   5231
-0.58546588969834,-0.02525397458725,-0.39020106329068,               477P   5232
-0.58306254124525,-0.0352567043058,-0.39793204764681,                477P   5233
-0.57859905534613,-0.05527130263045,-0.40145669830051,               477P   5234
-0.57656409734242,-0.06529928801193,-0.40804265285504,               477P   5235
-0.57276169470749,-0.08515737337575,-0.41115792266289,               477P   5236
-0.57096309284531,-0.09495618312985,-0.41364433921498,               477P   5237
-0.56952755957966,-0.10483036189092,-0.42900297792715,               477P   5238
-1.15707355312554,0.18985382430593,-0.43136436727408,                477P   5239
-1.15571020435043,0.19100490309375,-0.43451394359822,                477P   5240
-1.15389179561185,0.19098408667718,-0.43975353735794,                477P   5241
-1.15086671474424,0.1901193352409,-0.44208585353557,                 477P   5242
-1.14952015137125,0.18920315325248,-0.44917686958316,                477P   5243
-1.14542615134734,0.18617312921258,-0.45403350152502,                477P   5244
-1.14262217358836,0.18381048773123,-0.46317585876725,                477P   5245
-1.13734383117352,0.17842196626461,-0.46759940781279,                477P   5246
-1.13478989394131,0.17546306033686,-0.47636994753356,                477P   5247
-1.12972622047258,0.16932971563485,-0.48068620917193,                477P   5248
-1.12723422565378,0.16612971832564,-0.49342759863958,                477P   5249
-1.11987798101478,0.15624496585291,-0.50167020956997,                477P   5250
-1.1151191073753,0.14927877283098,-0.51782122831616,                 477P   5251
-1.10579431235449,0.13492203922667,-0.52572230084407,                477P   5252
-1.10123262600362,0.12752686230036,-0.54900409082417,                477P   5253
-1.08779087829139,0.10485701176562,-0.56396062000502,                477P   5254
-1.07915572214268,0.0891019903541,-0.59322977072283,                 477P   5255
-1.06225717009681,0.05689563532211,-0.60753665311246,                477P   5256
-1.05399708769789,0.04043779095477,-0.6359976922734,                 477P   5257
-1.0375650990769,0.00719446636836,-0.65014171400509,                 477P   5258
-1.02939904432269,-0.00959712576756,-0.67836453718077,               477P   5259
-1.01310458976492,-0.04363533398868,-0.69245278130708,               477P   5260
-1.00497073822618,-0.0608679917848,-0.72059097029107,                477P   5261
-0.98872514724177,-0.09588657023649,-0.73457632637917,               477P   5262
-0.98065069813959,-0.11374215168673,-0.76257297381798,               477P   5263
-0.96448682620439,-0.15004309134877,-0.7767090324802,                477P   5264
-0.95632536893049,-0.16838377844739,-0.78982021488154,               477P   5265
-0.94875562424167,-0.18791876501529,-0.73254801505382,               477P   5266
-1.5786572541993,0.0734730099795,-0.73375389998921,                  477P   5267
-1.57796103620724,0.0746834682722,-0.73558724731366,                 477P   5268
-1.57690255263595,0.07539809179958,-0.73879033865645,                477P   5269
-1.57505324698695,0.07614049101115,-0.74030748026569,                477P   5270
-1.57417732487045,0.07617817588039,-0.74495986556739,                477P   5271
-1.57149126896415,0.07614707533307,-0.74819313316737,                477P   5272
-1.56962454104494,0.07595329660299,-0.75445217925738,                477P   5273
-1.5660108791,0.0750584908737,-0.75754490973002,                     477P   5274
-1.56422529032909,0.07442380599984,-0.76372913824279,                477P   5275
-1.56065482433251,0.07300102505654,-0.76680736611331,                477P   5276
-1.55887760864284,0.07219218950449,-0.77598001888044,                477P   5277
-1.55358177509855,0.06953677830608,-0.78202597008638,                477P   5278
-1.5500911435423,0.06746783529989,-0.79401249590074,                 477P   5279
-1.54317071963673,0.0629403693991,-0.79994935942012,                 477P   5280
-1.53974306988567,0.06047899223853,-0.81760023780257,                477P   5281
-1.52955233050013,0.05262249415323,-0.82915335483141,                477P   5282
-1.52288213527355,0.04675031381122,-0.85190773880646,                477P   5283
-1.50974488556031,0.03418310949044,-0.86310758844369,                477P   5284
-1.50327864935737,0.02748690206008,-0.88528044835931,                477P   5285
-1.49047714271639,0.01364526699073,-0.89625641474345,                477P   5286
-1.48414016556988,0.00650274562907,-0.91798064410066,                477P   5287
-1.47159767590256,-0.00818902375808,-0.92873846306094,               477P   5288
-1.46538664622995,-0.01572213282309,-0.95005185982365,               477P   5289
-1.45308135087166,-0.03111428950621,-0.96057574161055,               477P   5290
-1.44700538488907,-0.0390258802276,-0.98147927975022,                477P   5291
-1.43493672151711,-0.05506110063676,-0.99191072758443,               477P   5292
-1.428914122302,-0.06309984505292,-1.00185406500259,                 477P   5293
-1.42317333376698,-0.07191369628394,-1.01063971248076,               477P   5294
-1.87987068857653,0.01469456507772,-1.01100668407896,                477P   5295
-1.87965881742552,0.01526796935447,-1.01164713430875,                477P   5296
-1.87928905331295,0.01571468913264,-1.01280254003635,                477P   5297
-1.8786219795051,0.01630331698192,-1.01337254756595,                 477P   5298
-1.87829288550444,0.01646327967922,-1.01513116901504,                477P   5299
-1.87727754493741,0.01689853645405,-1.01636587587616,                477P   5300
-1.87656468659877,0.01713616480539,-1.01879347508587,                477P   5301
-1.87516311154156,0.01739967641225,-1.02000687224248,                477P   5302
-1.87446255636656,0.01745716042765,-1.02244417264194,                477P   5303
-1.87305538032483,0.01751430481873,-1.0236645643192,                 477P   5304
-1.87235078686145,0.01750482930775,-1.02731868398051,                477P   5305
-1.87024107989134,0.01738431344048,-1.02975000783401,                477P   5306
-1.86883735441004,0.01718498410339,-1.03460070014373,                477P   5307
-1.86603680589926,0.01663043837625,-1.03701888040701,                477P   5308
-1.86464066887331,0.01627375443651,-1.04424721787572,                477P   5309
-1.86046738628996,0.01501191157905,-1.04903103622409,                477P   5310
-1.85770544747877,0.01391320758707,-1.05852725624584,                477P   5311
-1.85222280229293,0.01137692082187,-1.06323919465642,                477P   5312
-1.84950236338317,0.00993867165365,-1.07261386305344,                477P   5313
-1.84408989606059,0.0068755419821,-1.07727734192731,                 477P   5314
-1.8413974352774,0.0052518527646,-1.08655329931324,                  477P   5315
-1.83604195878364,0.00183185571976,-1.09116808592832,                477P   5316
-1.83337761048918,0.00004243480525,-1.10035066626637,                477P   5317
-1.82807604525915,-0.00367881541331,-1.10491042838957,               477P   5318
-1.82544346536988,-0.00563359419953,-1.11399640223239,               477P   5319
-1.82019767592588,-0.00963948973697,-1.11853607470625,               477P   5320
-1.81757669480106,-0.01165345966421,-1.12294974871088,               477P   5321
-1.81502845892637,-0.01401032527425,-1.05699782027572,               477P   5322
-1.93008320836532,0.004896151425,-1.05722494435141,                  477P   5323
-1.92995207821908,0.00536335828911,-1.05766653768394,                477P   5324
-1.92969712418967,0.00576541829858,-1.05848059258605,                477P   5325
-1.92922712937281,0.00632841233911,-1.05889271210905,                477P   5326
-1.92898919205526,0.00650875884788,-1.06016894081554,                477P   5327
-1.92825236106802,0.00702175776033,-1.06107048600724,                477P   5328
-1.92773185370891,0.00733130201627,-1.06285937996567,                477P   5329
-1.92669903530046,0.00778790604706,-1.06375949075935,                477P   5330
-1.92617935609142,0.00796077516844,-1.0655721752534,                 477P   5331
-1.92513280221083,0.00826462429331,-1.06648286415524,                477P   5332
-1.9246070157282,0.00838840273882,-1.06921703994567,                 477P   5333
-1.92302843859959,0.00869045594533,-1.07104580253613,                477P   5334
-1.9219726020257,0.00880279269827,-1.07470694570837,                 477P   5335
-1.91985884002967,0.00891053593329,-1.076538558666,                  477P   5336
-1.91880135779553,0.00890470603238,-1.08202945025032,                477P   5337
-1.91563119006123,0.00874219746195,-1.08568482110879,                477P   5338
-1.91352076071211,0.00843923578533,-1.09297089462348,                477P   5339
-1.90931414420706,0.00757511097831,-1.09660129305717,                477P   5340
-1.90721813269411,0.00701336764666,-1.10384249271891,                477P   5341
-1.90303742412014,0.00574702342295,-1.10745367488935,                477P   5342
-1.90095250712195,0.00504332792626,-1.11465449540767,                477P   5343
-1.89679511145731,0.00350234432238,-1.1182452336305,                 477P   5344
-1.89472199777777,0.0026704008043,-1.1254055971938,                  477P   5345
-1.890587959947,0.00089470000326,-1.12897113581148,                  477P   5346
-1.88852939526628,-0.00006707348161,-1.13608711225914,               477P   5347
-1.88442098434868,-0.00206767096714,-1.13964462108056,               477P   5348
-1.88236705567298,-0.00307730618111,-1.14313649578314,               477P   5349
-1.88035102087347,-0.00435778713738,0.,1.,0.,1.;                     477P   5350
508,4,0,459,6,0,0,0,459,4,0,0,0,459,2,1,0,0,459,3,1,0;               479P   5351
510,477,1,1,479;                                                     481P   5352
116,0.,0.,-0.09;                                                     483P   5353
123,0.,0.,1.;                                                        485P   5354
123,-1.,0.,0.;                                                       487P   5355
192,483,485,0.25,487;                                                489P   5356
508,2,0,459,6,1,0,0,459,5,1,0;                                       491P   5357
510,489,1,1,491;                                                     493P   5358
514,4,463,1,475,1,481,1,493,1;                                       495P   5359
186,495,1,0;                                                         497P   5360
128,35,7,3,3,0,0,1,0,0,0.,0.,0.,0.,0.125,0.125,0.1875,0.1875,        499P   5361
0.25,0.25,0.375,0.375,0.5,0.5,0.625,0.625,0.75,0.75,0.8125,          499P   5362
0.8125,0.875,0.875,0.90625,0.90625,0.9375,0.9375,0.953125,           499P   5363
0.953125,0.96875,0.96875,0.9765625,0.9765625,0.984375,0.984375,      499P   5364
0.9921875,0.9921875,1.,1.,1.,1.,0.,0.,0.,0.,0.12510912366808,        499P   5365
0.2250919717594,0.40008465254659,0.89999363302674,1.,1.,1.,1.,       499P   5366
1.,1.,1.,1.,1.,1.,1.,1.,1.,1.,1.,1.,1.,1.,1.,1.,1.,1.,1.,1.,1.,      499P   5367
1.,1.,1.,1.,1.,1.,1.,1.,1.,1.,1.,1.,1.,1.,1.,1.,1.,1.,1.,1.,1.,      499P   5368
1.,1.,1.,1.,1.,1.,1.,1.,1.,1.,1.,1.,1.,1.,1.,1.,1.,1.,1.,1.,1.,      499P   5369
1.,1.,1.,1.,1.,1.,1.,1.,1.,1.,1.,1.,1.,1.,1.,1.,1.,1.,1.,1.,1.,      499P   5370
1.,1.,1.,1.,1.,1.,1.,1.,1.,1.,1.,1.,1.,1.,1.,1.,1.,1.,1.,1.,1.,      499P   5371
1.,1.,1.,1.,1.,1.,1.,1.,1.,1.,1.,1.,1.,1.,1.,1.,1.,1.,1.,1.,1.,      499P   5372
1.,1.,1.,1.,1.,1.,1.,1.,1.,1.,1.,1.,1.,1.,1.,1.,1.,1.,1.,1.,1.,      499P   5373
1.,1.,1.,1.,1.,1.,1.,1.,1.,1.,1.,1.,1.,1.,1.,1.,1.,1.,1.,1.,1.,      499P   5374
1.,1.,1.,1.,1.,1.,1.,1.,1.,1.,1.,1.,1.,1.,1.,1.,1.,1.,1.,1.,1.,      499P   5375
1.,1.,1.,1.,1.,1.,1.,1.,1.,1.,1.,1.,1.,1.,1.,1.,1.,1.,1.,1.,1.,      499P   5376
1.,1.,1.,1.,1.,1.,1.,1.,1.,1.,1.,1.,1.,1.,1.,1.,1.,1.,1.,1.,1.,      499P   5377
1.,1.,1.,1.,1.,1.,1.,1.,1.,1.,1.,1.,1.,1.,1.,1.,1.,1.,1.,1.,1.,      499P   5378
1.,1.,1.,1.,1.,1.,1.,1.,1.,1.,1.,1.,1.,1.,1.,1.,1.,1.,1.,1.,1.,      499P   5379
1.,1.,1.,1.,1.,1.,1.,1.,1.,1.,1.,1.,1.,1.,1.,-0.05669872981078,      499P   5380
0.19820508075689,-0.0866,-0.06652703590068,0.1925307055902,          499P   5381
-0.09314478847008,-0.07746661773353,0.18621473507419,                499P   5382
-0.09737264272902,-0.09432105439018,0.17648382153343,                499P   5383
-0.10001012892857,-0.10001199268446,0.17319815677729,                499P   5384
-0.10026723171886,-0.11132072298907,0.16666905829173,                499P   5385
-0.09940175132818,-0.11693870922382,0.16342551242679,                499P   5386
-0.09830147362635,-0.13336273162153,0.1539430986743,                 499P   5387
-0.09321137903041,-0.14372889153138,0.14795819345988,                499P   5388
-0.08732579559544,-0.16169986945629,0.13758264451734,                499P   5389
-0.07136842553244,-0.16933191368691,0.13317628172632,                499P   5390
-0.06135064140544,-0.18061364912879,0.12666276873202,                499P   5391
-0.03864455625497,-0.18441915631317,0.12446565813472,                499P   5392
-0.02604907134901,-0.18732371648966,0.12278870953495,                499P   5393
-0.00007985607705,-0.18655009618678,0.12323535942506,                499P   5394
0.01322792716413,-0.18219219883885,0.12575139263199,                 499P   5395
0.03220372869343,-0.18018109623226,0.12691250326327,                 499P   5396
0.03835613388856,-0.17515879878313,0.12981212804748,                 499P   5397
0.05009365883887,-0.17215431912374,0.1315467651876,                  499P   5398
0.0556806810347,-0.16698158226691,0.13453324620434,                  499P   5399
0.06347025918798,-0.16514555681516,0.13559327599315,                 499P   5400
0.06596774344394,-0.16126962408272,0.13783104679958,                 499P   5401
0.0707428729174,-0.15922990719995,0.13900867789092,                  499P   5402
0.07302067415275,-0.15603340837779,0.14085417734636,                 499P   5403
0.07625718762736,-0.15494508818741,0.14148251930124,                 499P   5404
0.07730599405583,-0.15272542368679,0.14276404319818,                 499P   5405
0.07934095359891,-0.15159407937656,0.14341722514024,                 499P   5406
0.08032710671353,-0.14986675760592,0.1444144948295,                  499P   5407
0.08175740350927,-0.14928593279816,0.14474983418861,                 499P   5408
0.08222601362849,-0.14811450854498,0.14542615629652,                 499P   5409
0.08314659909307,-0.14752390909956,0.14576713904531,                 499P   5410
0.08359857443842,-0.14633326270183,0.14645455906355,                 499P   5411
0.08448556654015,-0.14573321574952,0.146800996333,                   499P   5412
0.08492058329652,-0.14452400146877,0.14749913652349,                 499P   5413
0.08577333440513,-0.14391483414034,0.14785083944455,                 499P   5414
0.08619106875738,-0.14330127018922,0.14820508075689,0.0866,          499P   5415
-0.10015637045056,0.26930977836746,-0.08498276637683,                499P   5416
-0.10740344319114,0.26512567896984,-0.08585432997218,                499P   5417
-0.1151491408038,0.26065369836811,-0.08530824036098,                 499P   5418
-0.12706813145957,0.25377226590454,-0.08241173913382,                499P   5419
-0.13108707596695,0.25145192721135,-0.08109493073945,                499P   5420
-0.13908141470834,0.24683639358701,-0.07767365715672,                499P   5421
-0.14305610533726,0.24454160488246,-0.07558131732232,                499P   5422
-0.1547328125395,0.23780005483599,-0.06828287277544,                 499P   5423
-0.16218535241275,0.23349732893403,-0.06199719385679,                499P   5424
-0.1755149203909,0.22580149927366,-0.04703881846126,                 499P   5425
-0.181406308712,0.22240010464058,-0.03839603428504,                  499P   5426
-0.19089060964159,0.2169243409458,-0.01956843662887,                 499P   5427
-0.19457282550876,0.21479841262368,-0.00943691199672,                499P   5428
-0.19922977904553,0.21210971924562,0.01128659195347,                 499P   5429
-0.20028513380543,0.2115004098909,0.02183594201632,                  499P   5430
-0.19998632520302,0.21167292711794,0.03713682853039,                 499P   5431
-0.19955776338349,0.21192035739981,0.04214588208171,                 499P   5432
-0.19809140868513,0.21276695767963,0.05186471919238,                 499P   5433
-0.19705923339692,0.21336288436013,0.05657310949785,                 499P   5434
-0.19506799311329,0.21451252747391,0.0633383901689,                  499P   5435
-0.19432965488586,0.21493880724827,0.06554422313189,                 499P   5436
-0.19270506366243,0.21587676542844,0.06984112217211,                 499P   5437
-0.19182100503148,0.216387176917,0.07193003566695,                   499P   5438
-0.19035141783319,0.21723564348152,0.07500810457038,                 499P   5439
-0.18983824018944,0.21753192673228,0.07602287053084,                 499P   5440
-0.18876862147841,0.21814947138303,0.07800555750632,                 499P   5441
-0.1882187718346,0.2184669272229,0.07896550281654,                   499P   5442
-0.18730764141638,0.21899296861512,0.08042032433763,                 499P   5443
-0.18698910176441,0.21917687756894,0.08090836997084,                 499P   5444
-0.18631023150794,0.21956882349425,0.08190225474794,                 499P   5445
-0.18594974185803,0.21977695229067,0.0824063425855,                  499P   5446
-0.18516689043374,0.22022893177122,0.08335636304002,                 499P   5447
-0.18474452865936,0.22047278245535,0.08380229565699,                 499P   5448
-0.18381816990507,0.22100761593151,0.08456355955173,                 499P   5449
-0.18331016000195,0.22130091558583,0.08487059133402,                 499P   5450
-0.18277544337376,0.22160963437505,0.08511967130315,                 499P   5451
-0.17834384177815,0.39723887032547,-0.08207309604775,                499P   5452
-0.18094684950466,0.39573602311386,-0.07273759131868,                499P   5453
-0.18294622202436,0.39458168485141,-0.0636023884015,                 499P   5454
-0.18598553037337,0.39282693935796,-0.05074933001009,                499P   5455
-0.18699628197499,0.39224338164868,-0.04660079550702,                499P   5456
-0.18902748301487,0.39107066718152,-0.03858122795386,                499P   5457
-0.19004561350449,0.39048284926927,-0.03470400453158,                499P   5458
-0.19318111678346,0.38867256560712,-0.0234323737756,                 499P   5459
-0.19539157310781,0.38739635805322,-0.0164268570172,                 499P   5460
-0.20037047819241,0.38452178586235,-0.00326583798454,                499P   5461
-0.20313013911154,0.38292849488783,0.00290309423736,                 499P   5462
-0.20938055855736,0.37931981353823,0.0147526524673,                  499P   5463
-0.21284095298674,0.37732195388293,0.02045110571259,                 499P   5464
-0.22065075153754,0.3728129645873,0.0317367088121,                   499P   5465
-0.22499673443955,0.37030381018894,0.03732318210885,                 499P   5466
-0.23200089673557,0.36625995520188,0.04601228970087,                 499P   5467
-0.23441958710442,0.36486352366634,0.04896426485236,                 499P   5468
-0.23935096057939,0.36201639386309,0.05505114920954,                 499P   5469
-0.24186728652597,0.36056359240046,0.05817873566272,                 499P   5470
-0.2456000839129,0.35840846082429,0.06310113602908,                  499P   5471
-0.24683666625445,0.35769451967652,0.06478224015795,                 499P   5472
-0.24926261015194,0.35629390031426,0.06821872368237,                 499P   5473
-0.25045777154073,0.35560387356472,0.06996779694248,                 499P   5474
-0.25209518350505,0.35465851332635,0.07276079789966,                 499P   5475
-0.25261678227144,0.35435736813816,0.07371431943733,                 499P   5476
-0.25361628583385,0.35378030448735,0.07560295943235,                 499P   5477
-0.25411264111255,0.35349373363358,0.07651575257496,                 499P   5478
-0.25466997370855,0.35317195750925,0.07801469812653,                 499P   5479
-0.25482332836091,0.35308341815943,0.07853771145864,                 499P   5480
-0.25503064407608,0.35296372437547,0.07966347380232,                 499P   5481
-0.25508415994449,0.35293282697444,0.08026132061827,                 499P   5482
-0.25503499901338,0.35296121005125,0.08132473948685,                 499P   5483
-0.25493232221387,0.35302049052909,0.08179031153948,                 499P   5484
-0.25451486725737,0.35326150826059,0.08238697482989,                 499P   5485
-0.2541888562657,0.35344973079439,0.08249483440939,                  499P   5486
-0.25379599899088,0.35367654704776,0.08245631554254,                 499P   5487
-0.28640316514386,0.64299028568163,-0.10483036189092,                499P   5488
-0.29294614038907,0.63921269716251,-0.09776145869731,                499P   5489
-0.2992268505867,0.6355865274392,-0.09014553578701,                  499P   5490
-0.30881431719206,0.63005120101375,-0.07850309821927,                499P   5491
-0.31202875753769,0.62819534301491,-0.07457706569575,                499P   5492
-0.31844598908865,0.62449035265151,-0.06659529834135,                499P   5493
-0.32164660373925,0.62264247692141,-0.06253954902334,                499P   5494
-0.33120319069787,0.61712497886832,-0.05020429297748,                499P   5495
-0.33752258206652,0.61347647656051,-0.04175597744364,                499P   5496
-0.34990632921673,0.60632671680976,-0.02447572131277,                499P   5497
-0.35597004542844,0.60282582862264,-0.01564569246082,                499P   5498
-0.36765859726993,0.59607744007052,0.00232633057602,                 499P   5499
-0.37329889384334,0.59282101332555,0.01145857386594,                 499P   5500
-0.38408475073395,0.58659379594632,0.02985294258016,                 499P   5501
-0.38926377290506,0.58360368610169,0.03909117181412,                 499P   5502
-0.3965808369246,0.57937917722033,0.05299583211273,                  499P   5503
-0.39894035390059,0.57801690945908,0.05764052097519,                 499P   5504
-0.40346168623301,0.57540651701987,0.06696423233446,                 499P   5505
-0.4056285774109,0.57415546181501,0.07163549505534,                  499P   5506
-0.40864584884601,0.57241343933973,0.07872926837003,                 499P   5507
-0.40961194383988,0.57185566413496,0.08111017407381,                 499P   5508
-0.41143647413062,0.57080227108045,0.08589543545021,                 499P   5509
-0.41230032501469,0.57030352654,0.08829244160867,                    499P   5510
-0.41340735634753,0.56966438170198,0.09203588477339,                 499P   5511
-0.41374604582277,0.56946883924228,0.09330217343814,                 499P   5512
-0.41436160018167,0.56911344876747,0.09580416840259,                 499P   5513
-0.4146552554442,0.5689439068226,0.09701400671529,                   499P   5514
-0.41490472898908,0.5687998732043,0.09897665274779,                  499P   5515
-0.41495496702425,0.56877086826117,0.09965750023393,                 499P   5516
-0.41495730984399,0.56876951563357,0.10111163812381,                 499P   5517
-0.41490842429489,0.5687977397185,0.10187989326908,                  499P   5518
-0.41463072848445,0.56895806746941,0.10329635800728,                 499P   5519
-0.4144019182231,0.56909017113539,0.10394456760022,                  499P   5520
-0.41368456219382,0.569504336832,0.1049185232808,                    499P   5521
-0.41318183371313,0.56979458725566,0.10522171543006,                 499P   5522
-0.41259230637328,0.57013495102401,0.10537969977691,                 499P   5523
-0.42673636513587,1.15838218263073,-0.18791876501529,                499P   5524
-0.4427099504685,1.14915982883902,-0.17236729249274,                 499P   5525
-0.45786249602232,1.14041150258461,-0.15601419075597,                499P   5526
-0.48079818194219,1.12716957814473,-0.13218760129081,                499P   5527
-0.48846028518097,1.12274586077726,-0.12433771192303,                499P   5528
-0.50378146259024,1.11390017487571,-0.10875368799065,                499P   5529
-0.51143618725093,1.10948071753229,-0.10101129321699,                499P   5530
-0.5344284034256,1.09620615533458,-0.0779348302694,                  499P   5531
-0.54981379283362,1.08732339661827,-0.06278831480486,                499P   5532
-0.58083493798156,1.06941333011654,-0.03287638099163,                499P   5533
-0.59646204211923,1.060391017336,-0.0180969185191,                   499P   5534
-0.62793609674855,1.04221946342327,0.01142379008145,                 499P   5535
-0.6437709832339,1.03307718744837,0.026169782873,                    499P   5536
-0.67574737222136,1.01461561065875,0.05577058835491,                 499P   5537
-0.69192124367914,1.00527762161876,0.07057583812928,                 499P   5538
-0.71615789243161,0.99128458593727,0.09329856397,                    499P   5539
-0.72423171383338,0.98662316297756,0.10096699389207,                 499P   5540
-0.74025609325012,0.97737148320772,0.11662539379264,                 499P   5541
-0.74821315323507,0.97277747248345,0.12459360313038,                 499P   5542
-0.75986169326416,0.96605218476199,0.13703914991855,                 499P   5543
-0.76369582548654,0.96383854749129,0.14127486386968,                 499P   5544
-0.77118971664381,0.95951194741436,0.14992339579552,                 499P   5545
-0.77485906689144,0.95739344706114,0.15431542223758,                 499P   5546
-0.78002817259669,0.95440906249074,0.16141705880352,                 499P   5547
-0.78169535107123,0.95344651654968,0.16385444294659,                 499P   5548
-0.78488442638657,0.9516053030579,0.16871002093152,                  499P   5549
-0.78643489197003,0.95071014133592,0.17105651625488,                 499P   5550
-0.78838185649377,0.94958606084404,0.17505607590219,                 499P   5551
-0.78896601540109,0.94924879654165,0.17647461077588,                 499P   5552
-0.78994493534132,0.94868361685064,0.17959515754478,                 499P   5553
-0.79033509302214,0.94845835920859,0.18128573878673,                 499P   5554
-0.79063619116706,0.94828452011357,0.18449184352622,                 499P   5555
-0.79054713163115,0.9483359386606,0.18600736702376,                  499P   5556
-0.78960918270444,0.94887746372592,0.18842768281499,                 499P   5557
-0.78871641062612,0.94939290592567,0.18928705534992,                 499P   5558
-0.78755360209027,0.95006425374686,0.18985382430593,                 499P   5559
-0.7315772285295,1.57921773806044,-0.07191369628394,                 499P   5560
-0.74345575974624,1.57235966486488,-0.06707994613744,                499P   5561
-0.75509706112769,1.56563855637858,-0.06151188944744,                499P   5562
-0.77264568771077,1.55550685209693,-0.05339120631356,                499P   5563
-0.77850366263537,1.5521247486973,-0.05070494131481,                 499P   5564
-0.79021585759796,1.54536270978285,-0.04531515471648,                499P   5565
-0.79606860864479,1.54198362239047,-0.04260738736694,                499P   5566
-0.81362037560187,1.53185010501304,-0.03446213662394,                499P   5567
-0.82531929085606,1.52509573314181,-0.02902114440944,                499P   5568
-0.84869922055022,1.51159732443925,-0.01810787677009,                499P   5569
-0.86037835882478,1.50485437081253,-0.01262958301094,                499P   5570
-0.88366190054101,1.49141161173498,-0.00150692430859,                499P   5571
-0.89526796313355,1.48471084837294,0.00413416931289,                 499P   5572
-0.91840714705141,1.47135143430914,0.01555112421745,                 499P   5573
-0.92995713745479,1.46468304424061,0.02128606842401,                 499P   5574
-0.94714862243417,1.45475753575999,0.03018810700383,                 499P   5575
-0.95285598379067,1.45146238914446,0.03321031702998,                 499P   5576
-0.96418523253014,1.44492144433501,0.03944767125969,                 499P   5577
-0.96980778964121,1.4416752594734,0.04264921589124,                  499P   5578
-0.97811005667597,1.43688194336599,0.04776711587308,                 499P   5579
-0.98085578773991,1.43529669479711,0.049528649535,                   499P   5580
-0.98626189271937,1.43217547863195,0.05317875527131,                 499P   5581
-0.98892441816712,1.43063826884796,0.05505365477416,                 499P   5582
-0.99279973282149,1.42840085488907,0.05821650825239,                 499P   5583
-0.99406932691329,1.42766785439841,0.05932055171194,                 499P   5584
-0.99652048423005,1.42625267806175,0.06154533501324,                 499P   5585
-0.99770688944514,1.42556770669145,0.06261984638155,                 499P   5586
-0.99934626156835,1.42462121475481,0.06457781313029,                 499P   5587
-0.99986922815334,1.42431927985619,0.06529154584183,                 499P   5588
-1.00085226335982,1.42375172421511,0.06691694118601,                 499P   5589
-1.00130795963463,1.42348862784818,0.06782314218696,                 499P   5590
-1.0019220037074,1.42313410933747,0.06963627212326,                  499P   5591
-1.00208035150536,1.42304268719369,0.07054320105861,                 499P   5592
-1.00187399280445,1.42316182844521,0.0721715081404,                  499P   5593
-1.00147753744397,1.4233907220543,0.07287651739319,                  499P   5594
-1.00088327847827,1.42373381762812,0.0734730099795,                  499P   5595
-1.01038587966652,1.88001723902016,-0.01401032527425,                499P   5596
-1.01522269219913,1.87722470400244,-0.01332094642926,                499P   5597
-1.02002091626248,1.87445444804783,-0.01233300436694,                499P   5598
-1.02723222790226,1.87029099533139,-0.01095144176947,                499P   5599
-1.02963735803272,1.86890239280313,-0.01050028158845,                499P   5600
-1.03444701417434,1.86612553653506,-0.00959282065338,                499P   5601
-1.03685130171323,1.86473742047727,-0.00913474295346,                499P   5602
-1.04406315457247,1.86057365528764,-0.00775402107538,                499P   5603
-1.0488707555456,1.85779798557164,-0.00683262281073,                 499P   5604
-1.05848328635099,1.85224818832356,-0.00498287388667,                499P   5605
-1.06328793122842,1.84947422531021,-0.00405198276253,                499P   5606
-1.07288495693064,1.84393337993762,-0.00212547097857,                499P   5607
-1.07767756932182,1.84116636388345,-0.00113105385892,                499P   5608
-1.08725055822543,1.835639396163,0.00091247342695,                   499P   5609
-1.09203420646979,1.83287755556141,0.00194461123149,                 499P   5610
-1.09918532892235,1.82874885308841,0.00361873477449,                 499P   5611
-1.10156503746016,1.82737492772351,0.00419970960786,                 499P   5612
-1.10630761765622,1.82463679777066,0.00544315135101,                 499P   5613
-1.10866974375559,1.82327302363134,0.00610040843973,                 499P   5614
-1.11218717541733,1.82124223351457,0.00721886907794,                 499P   5615
-1.11335566668127,1.82056760476879,0.00761488616983,                 499P   5616
-1.11566993621108,1.81923146063278,0.00846344296229,                 499P   5617
-1.11681553308644,1.81857004996841,0.0089106002366,                  499P   5618
-1.1185148518082,1.81758894784696,0.00972561426359,                  499P   5619
-1.11907656152965,1.81726464458807,0.01001829174895,                 499P   5620
-1.12016796415387,1.81663452298919,0.01061856379112,                 499P   5621
-1.12069612430338,1.81632958958469,0.01090819618156,                 499P   5622
-1.12146055702708,1.81588824414589,0.01148729754885,                 499P   5623
-1.12171093445612,1.81574368866983,0.01170572948383,                 499P   5624
-1.12220231511632,1.81545998991339,0.01222360743368,                 499P   5625
-1.12244126636546,1.81532203134538,0.01252141118083,                 499P   5626
-1.12280672737371,1.81511103233389,0.01314616840901,                 499P   5627
-1.12293323713281,1.81503799189041,0.01347312189004,                 499P   5628
-1.12297485183287,1.81501396563213,0.01410759877543,                 499P   5629
-1.12287675195673,1.81507060362203,0.01441200967299,                 499P   5630
-1.12269591589664,1.81517500937,0.01469456507772,                    499P   5631
-1.05686350421686,1.93016075577806,-0.00435778713738,                499P   5632
-1.06052645662765,1.92804594921766,-0.00435927829433,                499P   5633
-1.06418393424335,1.92593430353168,-0.004134844994,                  499P   5634
-1.069672007236,1.92276576311204,-0.00387669916574,                  499P   5635
-1.07150154538493,1.92170947876926,-0.00379813274078,                499P   5636
-1.07516054279894,1.91959695562732,-0.00363787906934,                499P   5637
-1.07698996872021,1.91854073607921,-0.00355482642859,                499P   5638
-1.08247814965119,1.91537213334135,-0.00330175690836,                499P   5639
-1.08613696303646,1.91325971644845,-0.00313377856044,                499P   5640
-1.09345445746483,1.90903495907044,-0.00279492543619,                499P   5641
-1.09711311880918,1.90692262995841,-0.00262208995876,                499P   5642
-1.10442859137411,1.90269903990379,-0.00222858320187,                499P   5643
-1.10808539618164,1.90058778266379,-0.00200877076174,                499P   5644
-1.11539688955461,1.89636648999673,-0.00152780133709,                499P   5645
-1.11905258316355,1.89425587430753,-0.00127962511119,                499P   5646
-1.12452996917369,1.89109350402012,-0.00081040077054,                499P   5647
-1.12635495533216,1.89003984777026,-0.00063638179118,                499P   5648
-1.12999953262784,1.88793565008752,-0.00022542924319,                499P   5649
-1.13181814227671,1.8868856753172,0.00000769308256,                  499P   5650
-1.1345379380649,1.88531540048674,0.00045944399183,                  499P   5651
-1.13544350219601,1.88479257279187,0.00062782838223,                 499P   5652
-1.13724236029001,1.88375400158707,0.00100936473094,                 499P   5653
-1.1381350839623,1.88323858733456,0.00121851623685,                  499P   5654
-1.13947166242629,1.88246691339858,0.00164214355444,                 499P   5655
-1.13991536725853,1.88221074029425,0.00179956568469,                 499P   5656
-1.14078009769083,1.88171148794638,0.00212903040408,                 499P   5657
-1.14119852786282,1.88146990717395,0.00228782284281,                 499P   5658
-1.14181710749069,1.88111277005929,0.00263706625109,                 499P   5659
-1.14202204408998,1.88099444985852,0.00277293115152,                 499P   5660
-1.14243146554513,1.88075807027118,0.00310618506827,                 499P   5661
-1.14263428522559,1.88064097227406,0.00330256850789,                 499P   5662
-1.14295830723869,1.88045389807758,0.00372922305766,                 499P   5663
-1.14307950957132,1.88038392187821,0.00395949416781,                 499P   5664
-1.14316246163512,1.88033602948184,0.00442829876667,                 499P   5665
-1.14311409785622,1.88036395232261,0.00466592959887,                 499P   5666
-1.14300217972428,1.88042856828621,0.004896151425,0.,1.,0.,1.;       499P   5667
126,75,3,0,0,1,0,0.,0.,0.,0.,0.00439927821327,0.00439927821327,      501P   5668
0.00879855642655,0.00879855642655,0.01319783463982,                  501P   5669
0.01319783463982,0.0175971128531,0.0175971128531,                    501P   5670
0.02639566927965,0.02639566927965,0.0351942257062,                   501P   5671
0.0351942257062,0.04399278213275,0.04399278213275,                   501P   5672
0.0527913385593,0.0527913385593,0.06158989498585,                    501P   5673
0.06158989498585,0.0703884514124,0.0703884514124,                    501P   5674
0.07478772962567,0.07478772962567,0.07918700783895,                  501P   5675
0.07918700783895,0.08798556426549,0.08798556426549,                  501P   5676
0.10558267711859,0.10558267711859,0.11438123354514,                  501P   5677
0.11438123354514,0.12317978997169,0.12317978997169,                  501P   5678
0.13197834639824,0.13197834639824,0.14077690282479,                  501P   5679
0.14077690282479,0.14517618103807,0.14517618103807,                  501P   5680
0.14957545925134,0.14957545925134,0.15837401567789,                  501P   5681
0.15837401567789,0.16717257210444,0.16717257210444,                  501P   5682
0.17157185031771,0.17157185031771,0.17377148942435,                  501P   5683
0.17377148942435,0.17597112853099,0.17597112853099,                  501P   5684
0.19356824138409,0.19356824138409,0.20236679781064,                  501P   5685
0.20236679781064,0.20676607602391,0.20676607602391,                  501P   5686
0.21116535423719,0.21116535423719,0.22876246709029,                  501P   5687
0.22876246709029,0.23316174530356,0.23316174530356,                  501P   5688
0.23756102351684,0.23756102351684,0.24635957994338,                  501P   5689
0.24635957994338,0.25515813636993,0.25515813636993,                  501P   5690
0.26395669279648,0.26395669279648,0.27275524922303,                  501P   5691
0.27275524922303,0.28155380564958,0.28155380564958,                  501P   5692
0.28155380564958,0.28155380564958,1.,1.,1.,1.,1.,1.,1.,1.,1.,1.,     501P   5693
1.,1.,1.,1.,1.,1.,1.,1.,1.,1.,1.,1.,1.,1.,1.,1.,1.,1.,1.,1.,1.,      501P   5694
1.,1.,1.,1.,1.,1.,1.,1.,1.,1.,1.,1.,1.,1.,1.,1.,1.,1.,1.,1.,1.,      501P   5695
1.,1.,1.,1.,1.,1.,1.,1.,1.,1.,1.,1.,1.,1.,1.,1.,1.,1.,1.,1.,1.,      501P   5696
1.,1.,1.,-0.16475972828761,0.18802721062281,0.08582500538286,        501P   5697
-0.16374923174586,0.18891266297357,0.08646260869623,                 501P   5698
-0.16270209760318,0.18981560330215,0.08696233307748,                 501P   5699
-0.16057930326403,0.19161477809572,0.08789965058739,                 501P   5700
-0.1594998384757,0.19251444637659,0.08831932584437,                  501P   5701
-0.1573058647068,0.194311284969,0.08906957500313,                    501P   5702
-0.15619165922975,0.19520820946343,0.0894015157182,                  501P   5703
-0.15392937000262,0.19699702664116,0.08998508353221,                 501P   5704
-0.15277826462338,0.19789118394641,0.09023727688172,                 501P   5705
-0.14930619555124,0.2005396102275,0.09087342142031,                  501P   5706
-0.14696181319404,0.20226392019795,0.09113766261532,                 501P   5707
-0.14221397090127,0.20562989673589,0.09138301888968,                 501P   5708
-0.13981051183782,0.2072715638002,0.09136420292956,                  501P   5709
-0.13494445183431,0.21047202973239,0.09105521612807,                 501P   5710
-0.13248072842204,0.21203151285243,0.09076334115648,                 501P   5711
-0.1274982644983,0.21506440522701,0.08990030861909,                  501P   5712
-0.12501674573909,0.21651527787269,0.08933338531635,                 501P   5713
-0.12007001000764,0.21929716132282,0.08795640529312,                 501P   5714
-0.11760429918603,0.22062843468655,0.08714826129187,                 501P   5715
-0.11268545784941,0.22318078987346,0.08531570438317,                 501P   5716
-0.11023187499852,0.2244020563839,0.08429295308263,                  501P   5717
-0.1065628257786,0.22615525962452,0.0825973207799,                   501P   5718
-0.10534063011007,0.22672698730695,0.08200455375776,                 501P   5719
-0.1029180988031,0.2278368716078,0.08077502537142,                   501P   5720
-0.10171558527612,0.22837609316319,0.08013731297025,                 501P   5721
-0.09813396214734,0.22994896464097,0.0781572967038,                  501P   5722
-0.09578064616393,0.23093790343338,0.07674835257128,                 501P   5723
-0.08882591103194,0.23374119708877,0.07226123090574,                 501P   5724
-0.08432953510281,0.23539211231434,0.06892307322194,                 501P   5725
-0.07782996141747,0.23758730261395,0.06337068620223,                 501P   5726
-0.07572750536621,0.23826430323408,0.06144994813213,                 501P   5727
-0.07165841836994,0.23951952810018,0.05747204662909,                 501P   5728
-0.06969109251175,0.24009795687443,0.05541429074898,                 501P   5729
-0.06590050680601,0.24116591897171,0.05115524911759,                 501P   5730
-0.06407721535886,0.24165543748648,0.04895398666856,                 501P   5731
-0.06059091699722,0.24255304733679,0.04439594050567,                 501P   5732
-0.05893017939021,0.24296059274429,0.04203709963007,                 501P   5733
-0.05656893315022,0.24351716514376,0.03837551374746,                 501P   5734
-0.05580276595616,0.24369372597676,0.03713482790132,                 501P   5735
-0.05431602611172,0.24402940412218,0.03461162800641,                 501P   5736
-0.05360071563533,0.24418733869028,0.03333803067035,                 501P   5737
-0.05154182547013,0.24463322055733,0.02948024915881,                 501P   5738
-0.05028506941915,0.24489332733592,0.02685916889451,                 501P   5739
-0.04802359620594,0.24534682428675,0.0215110444319,                  501P   5740
-0.04701884265052,0.2455402265148,0.01878401573027,                  501P   5741
-0.04572153150547,0.24578391964707,0.01460599790972,                 501P   5742
-0.04532412526735,0.24585739316195,0.01319872003692,                 501P   5743
-0.04478378027144,0.24595618827448,0.01106462916385,                 501P   5744
-0.04461296393881,0.24598721570241,0.0103494012162,                  501P   5745
-0.04429052410495,0.24604547611151,0.00891098020792,                 501P   5746
-0.04413906255646,0.24607267970162,0.00818752483712,                 501P   5747
-0.04286936872334,0.24629967867399,0.00168394466937,                 501P   5748
-0.04236963393133,0.24638348698102,-0.00411938820849,                501P   5749
-0.04250620936703,0.24635994865105,-0.01285580967616,                501P   5750
-0.04270006477534,0.24632666243422,-0.015773212476,                  501P   5751
-0.04321225752804,0.24623714349947,-0.02015718151431,                501P   5752
-0.04342040411799,0.24620058697994,-0.02162135387482,                501P   5753
-0.04390487047277,0.24611465391521,-0.02452076240083,                501P   5754
-0.04418154506873,0.24606521539376,-0.02595989722808,                501P   5755
-0.04573082826732,0.2457850234839,-0.03310455268337,                 501P   5756
-0.0475201723342,0.24545295947891,-0.03865125678554,                 501P   5757
-0.0503461326474,0.24487874460318,-0.04540103861008,                 501P   5758
-0.05094209234464,0.24475560881795,-0.04674395517892,                501P   5759
-0.05218723999918,0.24449314264732,-0.04940094499553,                501P   5760
-0.05283493198873,0.24435413382647,-0.05071211354137,                501P   5761
-0.05484985283494,0.24391265787026,-0.05459571319678,                501P   5762
-0.05628863894758,0.24358583286076,-0.05711843713042,                501P   5763
-0.05934595658231,0.24285906670818,-0.06203714624541,                501P   5764
-0.0609652712187,0.24245896049128,-0.0644326034194,                  501P   5765
-0.0643806778899,0.24157450223838,-0.06909692910134,                 501P   5766
-0.06617690741898,0.24109013178593,-0.07136658617752,                501P   5767
-0.06994546225483,0.24002388845708,-0.07577410533895,                501P   5768
-0.07190131382876,0.23944666526425,-0.07789278119858,                501P   5769
-0.07595620484451,0.23819143431721,-0.08195602802016,                501P   5770
-0.07805521868687,0.23751348115505,-0.08390064144016,                501P   5771
-0.08022962713905,0.23677670267391,-0.08575179719581,0.,             501P   5772
0.28155380564958;                                                    501P   5773
502,4,-0.14330127018922,0.14820508075689,0.0866,                     503P   5774
-0.08022962713905,0.23677670267391,-0.08575179719581,                503P   5775
-0.16475972828761,0.18802721062281,0.08582500538286,                 503P   5776
-0.05669872981078,0.19820508075689,-0.0866;                          503P   5777
126,89,3,0,0,1,0,0.,0.,0.,0.,0.00868018229303,0.00868018229303,      505P   5778
0.01736036458606,0.01736036458606,0.02170045573258,                  505P   5779
0.02170045573258,0.02387050130584,0.02387050130584,                  505P   5780
0.02604054687909,0.02604054687909,0.03472072917213,                  505P   5781
0.03472072917213,0.04340091146516,0.04340091146516,                  505P   5782
0.04774100261167,0.04774100261167,0.05208109375819,                  505P   5783
0.05208109375819,0.06076127605122,0.06076127605122,                  505P   5784
0.06944145834425,0.06944145834425,0.07812164063728,                  505P   5785
0.07812164063728,0.08680182293031,0.08680182293031,                  505P   5786
0.09114191407683,0.09114191407683,0.09548200522334,                  505P   5787
0.09548200522334,0.10416218751638,0.10416218751638,                  505P   5788
0.11284236980941,0.11284236980941,0.12152255210244,                  505P   5789
0.12152255210244,0.12586264324895,0.12586264324895,                  505P   5790
0.13020273439547,0.13020273439547,0.1388829166885,                   505P   5791
0.1388829166885,0.14756309898153,0.14756309898153,                   505P   5792
0.15624328127456,0.15624328127456,0.16058337242108,                  505P   5793
0.16058337242108,0.16492346356759,0.16492346356759,                  505P   5794
0.17360364586063,0.17360364586063,0.19096401044669,                  505P   5795
0.19096401044669,0.1953041015932,0.1953041015932,                    505P   5796
0.19964419273972,0.19964419273972,0.20832437503275,                  505P   5797
0.20832437503275,0.21700455732578,0.21700455732578,                  505P   5798
0.2213446484723,0.2213446484723,0.22568473961881,                    505P   5799
0.22568473961881,0.23436492191185,0.23436492191185,                  505P   5800
0.24304510420488,0.24304510420488,0.24738519535139,                  505P   5801
0.24738519535139,0.25172528649791,0.25172528649791,                  505P   5802
0.26040546879094,0.26040546879094,0.26474555993746,                  505P   5803
0.26474555993746,0.26908565108397,0.26908565108397,                  505P   5804
0.27125569665723,0.27125569665723,0.27342574223049,                  505P   5805
0.27342574223049,0.27559578780375,0.27559578780375,                  505P   5806
0.277765833377,0.277765833377,0.277765833377,0.277765833377,1.,      505P   5807
1.,1.,1.,1.,1.,1.,1.,1.,1.,1.,1.,1.,1.,1.,1.,1.,1.,1.,1.,1.,1.,      505P   5808
1.,1.,1.,1.,1.,1.,1.,1.,1.,1.,1.,1.,1.,1.,1.,1.,1.,1.,1.,1.,1.,      505P   5809
1.,1.,1.,1.,1.,1.,1.,1.,1.,1.,1.,1.,1.,1.,1.,1.,1.,1.,1.,1.,1.,      505P   5810
1.,1.,1.,1.,1.,1.,1.,1.,1.,1.,1.,1.,1.,1.,1.,1.,1.,1.,1.,1.,1.,      505P   5811
1.,1.,1.,1.,1.,-0.08022962713905,0.23677670267391,                   505P   5812
-0.08575179719581,-0.08285689354918,0.23588647740217,                505P   5813
-0.08671188136343,-0.08549596777062,0.2349434870613,                 505P   5814
-0.08749574375502,-0.09079042962077,0.23294870788831,                505P   5815
-0.08874347134716,-0.09344584049922,0.23189692254234,                505P   5816
-0.0892072184881,-0.09743709036746,0.23023485915153,                 505P   5817
-0.08967903891222,-0.0987688743052,0.22966676994156,                 505P   5818
-0.08979894085235,-0.10076817692778,0.2287931455603,                 505P   5819
-0.08992419828711,-0.10143488283276,0.22849835537163,                505P   5820
-0.08995684775831,-0.10276877392733,0.22790154226838,                505P   5821
-0.09000414047265,-0.10343674947586,0.22759915190943,                505P   5822
-0.09001877678182,-0.10676206803916,0.22607614270501,                505P   5823
-0.09004737448386,-0.10938372793257,0.22481894790653,                505P   5824
-0.08992986510287,-0.11455382263201,0.222229118242,                  505P   5825
-0.08943570815336,-0.11710213402968,0.22089652998833,                505P   5826
-0.08905794613767,-0.12087087391246,0.21884304541939,                505P   5827
-0.08829824030123,-0.12211815604346,0.21814945124944,                505P   5828
-0.0880127485087,-0.12459490820088,0.21674440238747,                 505P   5829
-0.08737681650782,-0.12582726765049,0.21603122414152,                505P   5830
-0.08702654883365,-0.12947312043778,0.21388004918177,                505P   5831
-0.08589393169118,-0.13183670955398,0.21243007871231,                505P   5832
-0.08503069296736,-0.13644524287297,0.2094997661695,                 505P   5833
-0.08311561474499,-0.13869042707918,0.20801919260273,                505P   5834
-0.08206453958922,-0.14306770916028,0.20503328912673,                505P   5835
-0.07977714565641,-0.14520022940264,0.20352767666739,                505P   5836
-0.07854200884686,-0.1493588966426,0.20049574005925,                 505P   5837
-0.07589412282814,-0.15138503140906,0.19896940015981,                505P   5838
-0.07448137066846,-0.15434655314784,0.19666902149309,                505P   5839
-0.07222697641319,-0.15532108482112,0.19590011779493,                505P   5840
-0.07145248416344,-0.157230172867,0.19437121258635,                  505P   5841
-0.06986947591385,-0.15816659323332,0.19360978065442,                505P   5842
-0.06905959043603,-0.16092273490295,0.19133621432362,                505P   5843
-0.06657459197965,-0.16268891673475,0.18983520575235,                505P   5844
-0.0648434557138,-0.16608810228368,0.18686848651168,                 505P   5845
-0.06123586474799,-0.16772094574224,0.18540286214629,                505P   5846
-0.05935920090104,-0.17085564431459,0.1825181792002,                 505P   5847
-0.05545367733397,-0.17235750583783,0.18109908359579,                505P   5848
-0.05342485223607,-0.17451077117344,0.17901672469052,                505P   5849
-0.0502574462436,-0.17521190505276,0.17833035451056,                 505P   5850
-0.04918089232909,-0.17658027984741,0.17697551181192,                505P   5851
-0.04698382959155,-0.17724618521271,0.17630833278536,                505P   5852
-0.04586524598774,-0.17917622920022,0.17435375653435,                505P   5853
-0.04246859756913,-0.18037572714866,0.17311050153183,                505P   5854
-0.04013983925422,-0.1826142124327,0.17074746880289,                 505P   5855
-0.03535782733375,-0.18365375938378,0.16962698144764,                505P   5856
-0.03290513449179,-0.18556870173992,0.16752991704587,                505P   5857
-0.0278644251795,-0.18644413941716,0.16655328592424,                 505P   5858
-0.025276451282,-0.18762616670273,0.16521735717603,                  505P   5859
-0.02128000798753,-0.18799925297804,0.16479247147508,                505P   5860
-0.0199245343036,-0.18869240161157,0.16399833947093,                 505P   5861
-0.01720201562022,-0.18901307420534,0.16362842507502,                505P   5862
-0.01583353285793,-0.18989745925996,0.1626031051947,                 505P   5863
-0.01170598867556,-0.19038242727992,0.16203358280086,                505P   5864
-0.00892447821097,-0.19153048155946,0.16067817811609,                505P   5865
-0.0004897593582,-0.19190511695997,0.160226174084,                   505P   5866
0.00524850580375,-0.19188278242041,0.16025291841075,                 505P   5867
0.01256950419439,-0.1918535104936,0.16028798267413,                  505P   5868
0.01403158425133,-0.19174711849441,0.16041524063365,                 505P   5869
0.01693893055953,-0.19166999417207,0.16050743836287,                 505P   5870
0.01838627263165,-0.19136868449591,0.16086679065996,                 505P   5871
0.02270989043883,-0.19107479240278,0.16121655571672,                 505P   5872
0.02556780231363,-0.19030512804751,0.16212437314527,                 505P   5873
0.03123665038008,-0.18982496064439,0.16268760042335,                 505P   5874
0.03404643307481,-0.18896434749075,0.16368466064718,                 505P   5875
0.03822595740073,-0.18865377594279,0.1640426948935,                  505P   5876
0.03961379656868,-0.18799225299918,0.16480038148526,                 505P   5877
0.04235239932596,-0.18764065924848,0.16520078156638,                 505P   5878
0.04370650344653,-0.18652478911256,0.16646250022123,                 505P   5879
0.04772525998396,-0.18570059285605,0.16738307456103,                 505P   5880
0.05034722920844,-0.18389146864645,0.16936862636168,                 505P   5881
0.05548211788518,-0.18290644062995,0.17043374976958,                 505P   5882
0.05799494846751,-0.18130206069707,0.17213416296048,                 505P   5883
0.06168234180789,-0.18074598080277,0.17271822699338,                 505P   5884
0.06289772879289,-0.17958963128054,0.17392026865381,                 505P   5885
0.06530068811979,-0.17899127498175,0.17453624249317,                 505P   5886
0.0664842807262,-0.17713907057623,0.17642237819591,                  505P   5887
0.06997289169767,-0.17582642960204,0.1777325531617,                  505P   5888
0.07221979935187,-0.17373345681721,0.17977106116485,                 505P   5889
0.07547102644607,-0.17301514968513,0.1804627553233,                  505P   5890
0.07653493426297,-0.17153137107952,0.18187368367915,                 505P   5891
0.07861763003734,-0.17076405929567,0.18259461413169,                 505P   5892
0.07963771075618,-0.16958087443624,0.18369163369544,                 505P   5893
0.0811217343436,-0.1691811746894,0.18405985837,0.08160907439625,     505P   5894
-0.16837124824946,0.18480103921621,0.08256948919091,                 505P   5895
-0.16796043620547,0.18517456395975,0.08304150422832,                 505P   5896
-0.1671112140827,0.18594130631955,0.08394177744844,                  505P   5897
-0.16667296089553,0.18633438948547,0.08437030401039,                 505P   5898
-0.1657512992277,0.18715471515015,0.08515407227539,                  505P   5899
-0.16526581769738,0.18758374739551,0.08550575628174,                 505P   5900
-0.16475972828761,0.18802721062281,0.08582500538286,0.,              505P   5901
0.277765833377;                                                      505P   5902
126,3,3,0,0,1,0,0.,0.,0.,0.,0.02263468020191,0.02263468020191,       507P   5903
0.02263468020191,0.02263468020191,1.,1.,1.,1.,-0.14330127018922,     507P   5904
0.14820508075689,0.0866,-0.150442917897,0.16148539595531,            507P   5905
0.08633217967112,-0.15758456560479,0.17476571115374,                 507P   5906
0.08606435934224,-0.16475972828761,0.1880272106228,                  507P   5907
0.08582500538286,0.,0.02263468020191;                                507P   5908
126,3,3,0,0,1,0,0.,0.,0.,0.,0.02261127718143,0.02261127718143,       509P   5909
0.02261127718143,0.02261127718143,1.,1.,1.,1.,-0.05669872981078,     509P   5910
0.19820508075689,-0.0866,-0.06455293523838,0.21105600624846,         509P   5911
-0.0863077134213,-0.07240714066599,0.22390693174003,                 509P   5912
-0.08601542684261,-0.08022962713904,0.23677670267391,                509P   5913
-0.08575179719581,0.,0.02261127718143;                               509P   5914
126,27,3,0,0,1,0,0.,0.,0.,0.,0.015625,0.015625,0.03125,0.03125,      511P   5915
0.0625,0.0625,0.09375,0.09375,0.125,0.125,0.1875,0.1875,0.25,        511P   5916
0.25,0.375,0.375,0.5,0.5,0.625,0.625,0.75,0.75,0.875,0.875,1.,       511P   5917
1.,1.,1.,1.,1.,1.,1.,1.,1.,1.,1.,1.,1.,1.,1.,1.,1.,1.,1.,1.,1.,      511P   5918
1.,1.,1.,1.,1.,1.,1.,1.,1.,1.,-0.14330127018922,                     511P   5919
0.14820508075689,0.0866,-0.14207325418739,0.14891407612612,          511P   5920
0.08742040747307,-0.14082774858013,0.14963316912375,                 511P   5921
0.08820399600876,-0.13830498532805,0.15108968716643,                 511P   5922
0.08969718665213,-0.13702772768324,0.15182711221149,                 511P   5923
0.09040678875982,-0.13315316745242,0.15406409060374,                 511P   5924
0.09242409261105,-0.13051307757003,0.15558834720803,                 511P   5925
0.09362029188276,-0.12514461573456,0.15868783009387,                 511P   5926
0.09571256207549,-0.12241624378149,0.16026305637542,                 511P   5927
0.09660863299652,-0.11689703519105,0.16344957294083,                 511P   5928
0.09809785806209,-0.11410616791517,0.16506088091383,                 511P   5929
0.09869136391913,-0.10567880685293,0.16992642009167,                 511P   5930
0.10001089334989,-0.09998800478947,0.17321200619492,                 511P   5931
0.10026724563513,-0.08867931068559,0.17974108377998,                 511P   5932
0.09940156581236,-0.08306128896908,0.18298465013032,                 511P   5933
0.09830148358196,-0.06663725734404,0.19246706921021,                 511P   5934
0.09321143981863,-0.05627110808958,0.19845196827273,                 511P   5935
0.08732579768811,-0.03830013013936,0.2088275172299,                  511P   5936
0.07136842774268,-0.03066808626262,0.21323387981659,                 511P   5937
0.06135064166262,-0.0193863508374,0.21974739280127,                  511P   5938
0.03864455623932,-0.01558084343122,0.22194450352663,                 511P   5939
0.02604907101799,-0.01267628328421,0.22362145210939,                 511P   5940
0.00007985575197,-0.01344989701679,0.22317480601263,                 511P   5941
-0.01322793670942,-0.01926043439841,0.21982009069122,                511P   5942
-0.038528994764,-0.02439704554343,0.21685446686392,                  511P   5943
-0.05048783135004,-0.03819124384915,0.20889038275886,                511P   5944
-0.07125971195429,-0.04687913596668,0.20387442590595,                511P   5945
-0.08006101312031,-0.05669872981078,0.19820508075689,-0.0866,0.,     511P   5946
1.;                                                                  511P   5947
126,35,3,0,0,1,0,0.,0.,0.,0.,0.125,0.125,0.1875,0.1875,0.25,         513P   5948
0.25,0.375,0.375,0.5,0.5,0.625,0.625,0.75,0.75,0.8125,0.8125,        513P   5949
0.875,0.875,0.90625,0.90625,0.9375,0.9375,0.953125,0.953125,         513P   5950
0.96875,0.96875,0.9765625,0.9765625,0.984375,0.984375,0.9921875,     513P   5951
0.9921875,1.,1.,1.,1.,1.,1.,1.,1.,1.,1.,1.,1.,1.,1.,1.,1.,1.,1.,     513P   5952
1.,1.,1.,1.,1.,1.,1.,1.,1.,1.,1.,1.,1.,1.,1.,1.,1.,1.,1.,1.,1.,      513P   5953
1.,-0.05669872981078,0.19820508075689,-0.0866,-0.06652703590068,     513P   5954
0.1925307055902,-0.09314478847008,-0.07746661773353,                 513P   5955
0.18621473507419,-0.09737264272902,-0.09432105439018,                513P   5956
0.17648382153343,-0.10001012892857,-0.10001199268446,                513P   5957
0.17319815677729,-0.10026723171886,-0.11132072298907,                513P   5958
0.16666905829173,-0.09940175132818,-0.11693870922382,                513P   5959
0.16342551242679,-0.09830147362635,-0.13336273162153,                513P   5960
0.1539430986743,-0.09321137903041,-0.14372889153138,                 513P   5961
0.14795819345988,-0.08732579559544,-0.16169986945629,                513P   5962
0.13758264451734,-0.07136842553244,-0.16933191368691,                513P   5963
0.13317628172632,-0.06135064140544,-0.18061364912879,                513P   5964
0.12666276873202,-0.03864455625497,-0.18441915631317,                513P   5965
0.12446565813472,-0.02604907134901,-0.18732371648966,                513P   5966
0.12278870953495,-0.00007985607705,-0.18655009618678,                513P   5967
0.12323535942506,0.01322792716413,-0.18219219883885,                 513P   5968
0.12575139263199,0.03220372869343,-0.18018109623226,                 513P   5969
0.12691250326327,0.03835613388856,-0.17515879878313,                 513P   5970
0.12981212804748,0.05009365883887,-0.17215431912374,                 513P   5971
0.1315467651876,0.0556806810347,-0.16698158226691,                   513P   5972
0.13453324620434,0.06347025918798,-0.16514555681516,                 513P   5973
0.13559327599315,0.06596774344394,-0.16126962408272,                 513P   5974
0.13783104679958,0.0707428729174,-0.15922990719995,                  513P   5975
0.13900867789092,0.07302067415275,-0.15603340837779,                 513P   5976
0.14085417734636,0.07625718762736,-0.15494508818741,                 513P   5977
0.14148251930124,0.07730599405583,-0.15272542368679,                 513P   5978
0.14276404319818,0.07934095359891,-0.15159407937656,                 513P   5979
0.14341722514024,0.08032710671353,-0.14986675760592,                 513P   5980
0.1444144948295,0.08175740350927,-0.14928593279816,                  513P   5981
0.14474983418861,0.08222601362849,-0.14811450854498,                 513P   5982
0.14542615629652,0.08314659909307,-0.14752390909956,                 513P   5983
0.14576713904531,0.08359857443842,-0.14633326270183,                 513P   5984
0.14645455906355,0.08448556654015,-0.14573321574952,                 513P   5985
0.146800996333,0.08492058329652,-0.14452400146877,                   513P   5986
0.14749913652349,0.08577333440513,-0.14391483414034,                 513P   5987
0.14785083944455,0.08619106875738,-0.14330127018922,                 513P   5988
0.14820508075689,0.0866,0.,1.;                                       513P   5989
504,6,501,503,3,503,2,505,503,2,503,3,507,503,1,503,3,509,503,4,     515P   5990
503,2,511,503,1,503,4,513,503,4,503,1;                               515P   5991
508,4,0,515,2,0,0,0,515,4,0,0,0,515,6,1,0,0,515,3,1,0;               517P   5992
510,499,1,1,517;                                                     519P   5993
128,27,7,3,3,0,0,1,0,0,0.,0.,0.,0.,0.015625,0.015625,0.03125,        521P   5994
0.03125,0.0625,0.0625,0.09375,0.09375,0.125,0.125,0.1875,0.1875,     521P   5995
0.25,0.25,0.375,0.375,0.5,0.5,0.625,0.625,0.75,0.75,0.875,0.875,     521P   5996
1.,1.,1.,1.,0.,0.,0.,0.,0.12510912366808,0.2250919717594,            521P   5997
0.40008465254659,0.89999363302674,1.,1.,1.,1.,1.,1.,1.,1.,1.,1.,     521P   5998
1.,1.,1.,1.,1.,1.,1.,1.,1.,1.,1.,1.,1.,1.,1.,1.,1.,1.,1.,1.,1.,      521P   5999
1.,1.,1.,1.,1.,1.,1.,1.,1.,1.,1.,1.,1.,1.,1.,1.,1.,1.,1.,1.,1.,      521P   6000
1.,1.,1.,1.,1.,1.,1.,1.,1.,1.,1.,1.,1.,1.,1.,1.,1.,1.,1.,1.,1.,      521P   6001
1.,1.,1.,1.,1.,1.,1.,1.,1.,1.,1.,1.,1.,1.,1.,1.,1.,1.,1.,1.,1.,      521P   6002
1.,1.,1.,1.,1.,1.,1.,1.,1.,1.,1.,1.,1.,1.,1.,1.,1.,1.,1.,1.,1.,      521P   6003
1.,1.,1.,1.,1.,1.,1.,1.,1.,1.,1.,1.,1.,1.,1.,1.,1.,1.,1.,1.,1.,      521P   6004
1.,1.,1.,1.,1.,1.,1.,1.,1.,1.,1.,1.,1.,1.,1.,1.,1.,1.,1.,1.,1.,      521P   6005
1.,1.,1.,1.,1.,1.,1.,1.,1.,1.,1.,1.,1.,1.,1.,1.,1.,1.,1.,1.,1.,      521P   6006
1.,1.,1.,1.,1.,1.,1.,1.,1.,1.,1.,1.,1.,1.,1.,1.,1.,1.,1.,1.,1.,      521P   6007
1.,1.,1.,1.,1.,1.,1.,1.,1.,1.,1.,1.,1.,1.,1.,1.,1.,1.,1.,1.,1.,      521P   6008
1.,1.,1.,1.,1.,1.,1.,1.,-0.14330127018922,0.14820508075689,          521P   6009
0.0866,-0.14207325418739,0.14891407612612,0.08742040747307,          521P   6010
-0.14082774858013,0.14963316912375,0.08820399600876,                 521P   6011
-0.13830498532805,0.15108968716643,0.08969718665213,                 521P   6012
-0.13702772768324,0.15182711221149,0.09040678875982,                 521P   6013
-0.13315316745242,0.15406409060374,0.09242409261105,                 521P   6014
-0.13051307757003,0.15558834720803,0.09362029188276,                 521P   6015
-0.12514461573456,0.15868783009387,0.09571256207549,                 521P   6016
-0.12241624378149,0.16026305637542,0.09660863299652,                 521P   6017
-0.11689703519105,0.16344957294083,0.09809785806209,                 521P   6018
-0.11410616791517,0.16506088091383,0.09869136391913,                 521P   6019
-0.10567880685293,0.16992642009167,0.10001089334989,                 521P   6020
-0.09998800478947,0.17321200619492,0.10026724563513,                 521P   6021
-0.08867931068559,0.17974108377998,0.09940156581236,                 521P   6022
-0.08306128896908,0.18298465013032,0.09830148358196,                 521P   6023
-0.06663725734404,0.19246706921021,0.09321143981863,                 521P   6024
-0.05627110808958,0.19845196827273,0.08732579768811,                 521P   6025
-0.03830013013936,0.2088275172299,0.07136842774268,                  521P   6026
-0.03066808626262,0.21323387981659,0.06135064166262,                 521P   6027
-0.0193863508374,0.21974739280127,0.03864455623932,                  521P   6028
-0.01558084343122,0.22194450352663,0.02604907101799,                 521P   6029
-0.01267628328421,0.22362145210939,0.00007985575197,                 521P   6030
-0.01344989701679,0.22317480601263,-0.01322793670942,                521P   6031
-0.01926043439841,0.21982009069122,-0.038528994764,                  521P   6032
-0.02439704554343,0.21685446686392,-0.05048783135004,                521P   6033
-0.03819124384915,0.20889038275886,-0.07125971195429,                521P   6034
-0.04687913596668,0.20387442590595,-0.08006101312031,                521P   6035
-0.05669872981078,0.19820508075689,-0.0866,-0.18277544337376,        521P   6036
0.22160963437505,0.08511967130315,-0.18170006831111,                 521P   6037
0.22223050245695,0.08561975231077,-0.18055655867516,                 521P   6038
0.22289070805309,0.08590219044591,-0.17842364532396,                 521P   6039
0.22412214615056,0.08637058647229,-0.17740506926095,                 521P   6040
0.22471022131473,0.08653430602971,-0.17432346778338,                 521P   6041
0.22648938475734,0.08691820448364,-0.17223277454561,                 521P   6042
0.22769644706096,0.08703523800434,-0.16810256994742,                 521P   6043
0.23008102179753,0.08703637385732,-0.16604221870331,                 521P   6044
0.23127056614295,0.08692210409102,-0.16190484235419,                 521P   6045
0.23365928149185,0.08649238700375,-0.15983286205268,                 521P   6046
0.23485553987668,0.0861753775486,-0.15362532442546,                  521P   6047
0.23843946339676,0.08492886409822,-0.14949504774869,                 521P   6048
0.24082407974792,0.08369795619318,-0.14134287602511,                 521P   6049
0.24553073828701,0.08039523495929,-0.13732197556567,                 521P   6050
0.24785220624966,0.07833597539678,-0.12559102994993,                 521P   6051
0.25462507085875,0.071076109344,-0.11821906358251,                   521P   6052
0.25888127762544,0.06473247136576,-0.10521110803528,                 521P   6053
0.26639142426224,0.04956275469778,-0.09956008452146,                 521P   6054
0.26965404420914,0.04076739566092,-0.09062010933615,                 521P   6055
0.27481554128893,0.02160583454166,-0.08724165327958,                 521P   6056
0.27676609380263,0.01129263872227,-0.08325494699753,                 521P   6057
0.27906781974776,-0.00982046583334,-0.08257050355848,                521P   6058
0.27946298335154,-0.02058125370681,-0.08370632018357,                521P   6059
0.27880721931729,-0.04138737710164,-0.0855957767014,                 521P   6060
0.27771634108809,-0.0514179907315,-0.0914332681997,                  521P   6061
0.27434606380016,-0.06970916498456,-0.09537831194724,                521P   6062
0.27206839173046,-0.07795544549155,-0.10015637045056,                521P   6063
0.26930977836746,-0.08498276637683,-0.25379599899088,                521P   6064
0.35367654704776,0.08245631554254,-0.25299525018223,                 521P   6065
0.35413885958799,0.08238007634584,-0.25203524814045,                 521P   6066
0.35469311702523,0.08176086215938,-0.25060373913374,                 521P   6067
0.3555195991356,0.08038548345357,-0.25005057395044,                  521P   6068
0.35583896920309,0.07956707016579,-0.24839563620498,                 521P   6069
0.35679444795593,0.07701220259866,-0.24729339824842,                 521P   6070
0.35743082533685,0.07518763873918,-0.24539102288372,                 521P   6071
0.35852916226577,0.07142647862246,-0.2445325512,                     521P   6072
0.35902480112345,0.0694944391301,-0.24288131922407,                  521P   6073
0.35997814034925,0.06561222825013,-0.24210273529357,                 521P   6074
0.36042765599111,0.06365705140214,-0.23988902656783,                 521P   6075
0.36170574131982,0.05779380309819,-0.23856639273896,                 521P   6076
0.36246936431696,0.05388706853134,-0.23609332598912,                 521P   6077
0.36389719007071,0.04619970738946,-0.23494591039114,                 521P   6078
0.36455965077507,0.04241472942512,-0.23165860143833,                 521P   6079
0.36645757948388,0.031250994788,-0.22967366449044,                   521P   6080
0.36760358336507,0.0240833466545,-0.22559500575085,                  521P   6081
0.36995839808631,0.01033074829162,-0.22350816498014,                 521P   6082
0.37116323616703,0.00373473735518,-0.21878140314278,                 521P   6083
0.37389223338623,-0.00904963926185,-0.21617128297979,                521P   6084
0.37539918696495,-0.01525661959073,-0.21023761711455,                521P   6085
0.37882499054953,-0.02763277912715,-0.20692988806627,                521P   6086
0.38073470880595,-0.0338110851802,-0.19965511015069,                 521P   6087
0.38493480379381,-0.04653007890911,-0.19570239931726,                521P   6088
0.38721690245752,-0.05309150104863,-0.18722446144092,                521P   6089
0.3921116421726,-0.06691947495646,-0.18263633782178,                 521P   6090
0.39476059657922,-0.07416718165169,-0.17834384177815,                521P   6091
0.39723887032547,-0.08207309604775,-0.41259230637328,                521P   6092
0.57013495102401,0.10537969977691,-0.41139748642944,                 521P   6093
0.57082478064022,0.10569945137947,-0.40997251566619,                 521P   6094
0.57164748789397,0.10546662326266,-0.40760472803601,                 521P   6095
0.57301453071964,0.10476699621976,-0.40657027779365,                 521P   6096
0.57361177084553,0.10424715853911,-0.40344555689032,                 521P   6097
0.57541582930021,0.10255086374829,-0.40132992992223,                 521P   6098
0.57663728709974,0.1012503260245,-0.39736755976304,                  521P   6099
0.57892496257778,0.0984011329535,-0.39546062928297,                  521P   6100
0.58002592940378,0.09686558295022,-0.39168762063162,                 521P   6101
0.58220427696429,0.09367633866649,-0.38983574831913,                 521P   6102
0.5832734559424,0.09201551223236,-0.38438064020111,                  521P   6103
0.5864229640828,0.08687997419282,-0.38086782187254,                  521P   6104
0.58845109069042,0.08324994897223,-0.3740267132995,                  521P   6105
0.59240080656662,0.07567703703219,-0.37070153556887,                 521P   6106
0.5943205988245,0.07173583900297,-0.36099864846626,                  521P   6107
0.59992256330511,0.05953459860963,-0.35489639877927,                 521P   6108
0.60344569880455,0.05088528020784,-0.34338543074665,                 521P   6109
0.61009155929682,0.03286058108427,-0.33797562539134,                 521P   6110
0.61321491187497,0.02348983124985,-0.3277713873673,                  521P   6111
0.61910633144503,0.00432693755502,-0.32296082324039,                 521P   6112
0.62188371193865,-0.00545619429094,-0.31400916269721,                521P   6113
0.62705195556295,-0.02525397458725,-0.30984644106816,                521P   6114
0.62945530401605,-0.0352567043058,-0.30211545671202,                 521P   6115
0.63391878991517,-0.05527130263045,-0.29859080605833,                521P   6116
0.63595374791887,-0.06529928801193,-0.29200485150379,                521P   6117
0.63975615055381,-0.08515737337575,-0.28888958169593,                521P   6118
0.64155475241596,-0.09495618312985,-0.28640316514386,                521P   6119
0.64299028568163,-0.10483036189092,-0.78755360209027,                521P   6120
0.95006425374686,0.18985382430593,-0.78519221274334,                 521P   6121
0.95142760252197,0.19100490309375,-0.7820426364192,                  521P   6122
0.95324601126055,0.19098408667718,-0.77680304265948,                 521P   6123
0.95627109212816,0.1901193352409,-0.77447072648185,                  521P   6124
0.95761765550115,0.18920315325248,-0.76737971043426,                 521P   6125
0.96171165552505,0.18617312921258,-0.7625230784924,                  521P   6126
0.96451563328405,0.18381048773123,-0.75338072125017,                 521P   6127
0.96979397569887,0.17842196626461,-0.74895717220463,                 521P   6128
0.97234791293109,0.17546306033686,-0.74018663248386,                 521P   6129
0.97741158639982,0.16932971563485,-0.73587037084549,                 521P   6130
0.97990358121862,0.16612971832564,-0.72312898137784,                 521P   6131
0.98725982585762,0.15624496585291,-0.71488637044745,                 521P   6132
0.9920186994971,0.14927877283098,-0.69873535170125,                  521P   6133
1.00134349451791,0.13492203922667,-0.69083427917334,                 521P   6134
1.00590518086878,0.12752686230036,-0.66755248919325,                 521P   6135
1.01934692858101,0.10485701176562,-0.65259596001239,                 521P   6136
1.02798208472971,0.0891019903541,-0.62332680929459,                  521P   6137
1.04488063677559,0.05689563532211,-0.60901992690496,                 521P   6138
1.05314071917451,0.04043779095477,-0.58055888774401,                 521P   6139
1.0695727077955,0.00719446636836,-0.56641486601233,                  521P   6140
1.07773876254971,-0.00959712576756,-0.53819204283665,                521P   6141
1.09403321710748,-0.04363533398868,-0.52410379871033,                521P   6142
1.10216706864622,-0.0608679917848,-0.49596560972635,                 521P   6143
1.11841265963063,-0.09588657023649,-0.48198025363825,                521P   6144
1.1264871087328,-0.11374215168673,-0.45398360619943,                 521P   6145
1.14265098066801,-0.15004309134877,-0.43984754753723,                521P   6146
1.15081243794193,-0.16838377844739,-0.42673636513587,                521P   6147
1.15838218263073,-0.18791876501529,-1.00088327847827,                521P   6148
1.42373381762812,0.0734730099795,-0.99967739354288,                  521P   6149
1.42443003562018,0.0746834682722,-0.99784404621843,                  521P   6150
1.42548851919147,0.07539809179958,-0.99464095487564,                 521P   6151
1.42733782484047,0.07614049101115,-0.9931238132664,                  521P   6152
1.42821374695696,0.07617817588039,-0.98847142796471,                 521P   6153
1.43089980286327,0.07614707533307,-0.98523816036472,                 521P   6154
1.43276653078248,0.07595329660299,-0.97897911427471,                 521P   6155
1.43638019272742,0.0750584908737,-0.97588638380207,                  521P   6156
1.43816578149833,0.07442380599984,-0.9697021552893,                  521P   6157
1.44173624749491,0.07300102505654,-0.96662392741878,                 521P   6158
1.44351346318458,0.07219218950449,-0.95745127465165,                 521P   6159
1.44880929672887,0.06953677830608,-0.95140532344571,                 521P   6160
1.45229992828512,0.06746783529989,-0.93941879763136,                 521P   6161
1.45922035219069,0.0629403693991,-0.93348193411197,                  521P   6162
1.46264800194174,0.06047899223853,-0.91583105572952,                 521P   6163
1.47283874132729,0.05262249415323,-0.90427793870068,                 521P   6164
1.47950893655387,0.04675031381122,-0.88152355472563,                 521P   6165
1.49264618626711,0.03418310949044,-0.8703237050884,                  521P   6166
1.49911242247005,0.02748690206008,-0.84815084517278,                 521P   6167
1.51191392911103,0.01364526699073,-0.83717487878864,                 521P   6168
1.51825090625753,0.00650274562907,-0.81545064943143,                 521P   6169
1.53079339592486,-0.00818902375808,-0.80469283047115,                521P   6170
1.53700442559747,-0.01572213282309,-0.78337943370844,                521P   6171
1.54930972095576,-0.03111428950621,-0.77285555192154,                521P   6172
1.55538568693835,-0.0390258802276,-0.75195201378187,                 521P   6173
1.5674543503103,-0.05506110063676,-0.74152056594766,                 521P   6174
1.57347694952542,-0.06309984505292,-0.7315772285295,                 521P   6175
1.57921773806044,-0.07191369628394,-1.12269591589664,                521P   6176
1.81517500937,0.01469456507772,-1.12232894429844,                    521P   6177
1.81538688052101,0.01526796935447,-1.12168849406865,                 521P   6178
1.81575664463358,0.01571468913264,-1.12053308834105,                 521P   6179
1.81642371844143,0.01630331698192,-1.11996308081144,                 521P   6180
1.81675281244209,0.01646327967922,-1.11820445936236,                 521P   6181
1.81776815300912,0.01689853645405,-1.11696975250124,                 521P   6182
1.81848101134776,0.01713616480539,-1.11454215329153,                 521P   6183
1.81988258640497,0.01739967641225,-1.11332875613492,                 521P   6184
1.82058314157997,0.01745716042765,-1.11089145573545,                 521P   6185
1.8219903176217,0.01751430481873,-1.1096710640582,                   521P   6186
1.82269491108508,0.01750482930775,-1.10601694439689,                 521P   6187
1.82480461805519,0.01738431344048,-1.10358562054339,                 521P   6188
1.82620834353649,0.01718498410339,-1.09873492823367,                 521P   6189
1.82900889204727,0.01663043837625,-1.09631674797039,                 521P   6190
1.83040502907322,0.01627375443651,-1.08908841050168,                 521P   6191
1.83457831165657,0.01501191157905,-1.08430459215331,                 521P   6192
1.83734025046776,0.01391320758707,-1.07480837213156,                 521P   6193
1.8428228956536,0.01137692082187,-1.07009643372097,                  521P   6194
1.84554333456336,0.00993867165365,-1.06072176532396,                 521P   6195
1.85095580188594,0.0068755419821,-1.05605828645008,                  521P   6196
1.85364826266913,0.0052518527646,-1.04678232906416,                  521P   6197
1.85900373916289,0.00183185571976,-1.04216754244908,                 521P   6198
1.86166808745735,0.00004243480525,-1.03298496211103,                 521P   6199
1.86696965268738,-0.00367881541331,-1.02842519998783,                521P   6200
1.86960223257665,-0.00563359419953,-1.01933922614501,                521P   6201
1.87484802202065,-0.00963948973697,-1.01479955367115,                521P   6202
1.87746900314547,-0.01165345966421,-1.01038587966652,                521P   6203
1.88001723902016,-0.01401032527425,-1.14300217972428,                521P   6204
1.88042856828621,0.004896151425,-1.14277505564859,                   521P   6205
1.88055969843245,0.00536335828911,-1.14233346231606,                 521P   6206
1.88081465246186,0.00576541829858,-1.14151940741396,                 521P   6207
1.88128464727873,0.00632841233911,-1.14110728789095,                 521P   6208
1.88152258459627,0.00650875884788,-1.13983105918446,                 521P   6209
1.88225941558351,0.00702175776033,-1.13892951399276,                 521P   6210
1.88277992294263,0.00733130201627,-1.13714062003434,                 521P   6211
1.88381274135107,0.00778790604706,-1.13624050924065,                 521P   6212
1.88433242056011,0.00796077516844,-1.13442782474661,                 521P   6213
1.8853789744407,0.00826462429331,-1.13351713584476,                  521P   6214
1.88590476092333,0.00838840273882,-1.13078296005434,                 521P   6215
1.88748333805194,0.00869045594533,-1.12895419746387,                 521P   6216
1.88853917462583,0.00880279269827,-1.12529305429163,                 521P   6217
1.89065293662186,0.00891053593329,-1.123461441334,                   521P   6218
1.891710418856,0.00890470603238,-1.11797054974968,                   521P   6219
1.8948805865903,0.00874219746195,-1.11431517889121,                  521P   6220
1.89699101593943,0.00843923578533,-1.10702910537652,                 521P   6221
1.90119763244447,0.00757511097831,-1.10339870694283,                 521P   6222
1.90329364395743,0.00701336764666,-1.09615750728109,                 521P   6223
1.90747435253139,0.00574702342295,-1.09254632511065,                 521P   6224
1.90955926952958,0.00504332792626,-1.08534550459233,                 521P   6225
1.91371666519422,0.00350234432238,-1.0817547663695,                  521P   6226
1.91578977887376,0.0026704008043,-1.0745944028062,                   521P   6227
1.91992381670453,0.00089470000326,-1.07102886418852,                 521P   6228
1.92198238138525,-0.00006707348161,-1.06391288774086,                521P   6229
1.92609079230285,-0.00206767096714,-1.06035537891944,                521P   6230
1.92814472097855,-0.00307730618111,-1.05686350421686,                521P   6231
1.93016075577806,-0.00435778713738,0.,1.,0.,1.;                      521P   6232
508,4,0,515,1,0,0,0,515,3,0,0,0,515,5,1,0,0,515,4,1,0;               523P   6233
510,521,1,1,523;                                                     525P   6234
116,-0.14330127018922,0.14820508075689,0.0866;                       527P   6235
123,0.5,-0.86602540378444,0.;                                        529P   6236
123,0.,0.,1.;                                                        531P   6237
190,527,529,531;                                                     533P   6238
508,2,0,515,6,0,0,0,515,5,0,0;                                       535P   6239
510,533,1,1,535;                                                     537P   6240
116,0.,-0.,-0.09;                                                    539P   6241
123,0.,0.,1.;                                                        541P   6242
123,-1.,0.,0.;                                                       543P   6243
192,539,541,0.25,543;                                                545P   6244
508,2,0,515,1,1,0,0,515,2,1,0;                                       547P   6245
510,545,1,1,547;                                                     549P   6246
514,4,519,1,525,1,537,1,549,1;                                       551P   6247
186,551,1,0;                                                         553P   6248
116,-0.,-0.,-0.09;                                                   555P   6249
123,0.,0.,1.;                                                        557P   6250
123,-1.,0.,0.;                                                       559P   6251
192,555,557,0.25,559;                                                561P   6252
126,35,3,0,0,1,0,0.,0.,0.,0.,0.125,0.125,0.1875,0.1875,0.25,         563P   6253
0.25,0.375,0.375,0.5,0.5,0.625,0.625,0.75,0.75,0.8125,0.8125,        563P   6254
0.875,0.875,0.90625,0.90625,0.9375,0.9375,0.953125,0.953125,         563P   6255
0.96875,0.96875,0.9765625,0.9765625,0.984375,0.984375,0.9921875,     563P   6256
0.9921875,1.,1.,1.,1.,1.,1.,1.,1.,1.,1.,1.,1.,1.,1.,1.,1.,1.,1.,     563P   6257
1.,1.,1.,1.,1.,1.,1.,1.,1.,1.,1.,1.,1.,1.,1.,1.,1.,1.,1.,1.,1.,      563P   6258
1.,0.2,-0.05,-0.0866,0.2,-0.03865124966663,-0.09314478847008,        563P   6259
0.2,-0.0260193086346,-0.09737264272902,0.2,-0.00655748155309,        563P   6260
-0.10001012892857,0.2,0.0000138479592,-0.10026723171886,0.2,         563P   6261
0.01307204493032,-0.09940175132818,0.2,0.0195591366602,              563P   6262
-0.09830147362635,0.2,0.03852396416518,-0.09321137903041,0.2,        563P   6263
0.05049377459401,-0.08732579559544,0.2,0.0712448724791,              563P   6264
-0.07136842553244,0.2,0.08005759806113,-0.06135064140544,0.2,        563P   6265
0.09308462404973,-0.03864455625497,0.2,0.09747884524434,             563P   6266
-0.02604907134901,0.2,0.10083274244388,-0.00007985607705,0.2,        563P   6267
0.09993944266365,0.01322792716413,0.2,0.09490737624979,              563P   6268
0.03220372869343,0.2,0.09258515498723,0.03835613388856,0.2,          563P   6269
0.08678590541882,0.05009365883887,0.2,0.08331663113857,              563P   6270
0.0556806810347,0.2,0.07734366910509,0.06347025918798,0.2,           563P   6271
0.07522360952748,0.06596774344394,0.2,0.07074806791461,              563P   6272
0.0707428729174,0.2,0.06839280573193,0.07302067415275,0.2,           563P   6273
0.06470180682106,0.07625718762736,0.2,0.0634451229113,               563P   6274
0.07730599405583,0.2,0.06088207511741,0.07934095359891,0.2,          563P   6275
0.05957571123329,0.08032710671353,0.2,0.05758117185478,              563P   6276
0.08175740350927,0.2,0.05691049313656,0.08222601362849,0.2,          563P   6277
0.05555784892074,0.08314659909307,0.2,0.05487588342315,              563P   6278
0.08359857443842,0.2,0.05350104338667,0.08448556654015,0.2,          563P   6279
0.05280816884778,0.08492058329652,0.2,0.05141188846679,              563P   6280
0.08577333440513,0.2,0.05070848262468,0.08619106875738,0.2,0.05,     563P   6281
0.0866,0.,1.;                                                        563P   6282
502,6,0.24516945310944,-0.04890745609839,-0.08575179719581,0.2,      565P   6283
-0.05,-0.0866,0.24521620514588,0.04867250490629,                     565P   6284
0.08582500538286,0.2,0.05,0.0866,0.25,0.,-0.08725304527306,0.25,     565P   6285
0.,0.08928802600719;                                                 565P   6286
126,27,3,0,0,1,0,0.,0.,0.,0.,0.015625,0.015625,0.03125,0.03125,      567P   6287
0.0625,0.0625,0.09375,0.09375,0.125,0.125,0.1875,0.1875,0.25,        567P   6288
0.25,0.375,0.375,0.5,0.5,0.625,0.625,0.75,0.75,0.875,0.875,1.,       567P   6289
1.,1.,1.,1.,1.,1.,1.,1.,1.,1.,1.,1.,1.,1.,1.,1.,1.,1.,1.,1.,1.,      567P   6290
1.,1.,1.,1.,1.,1.,1.,1.,1.,1.,0.2,0.05,0.0866,0.2,                   567P   6291
0.04858200926154,0.08742040747307,0.2,0.04714382326628,              567P   6292
0.08820399600876,0.2,0.04423078718091,0.08969718665213,0.2,          567P   6293
0.0427559370908,0.09040678875982,0.2,0.03828198030629,               567P   6294
0.09242409261105,0.2,0.03523346709772,0.09362029188276,0.2,          567P   6295
0.02903450132604,0.09571256207549,0.2,0.02588404876293,              567P   6296
0.09660863299652,0.2,0.01951101563211,0.09809785806209,0.2,          567P   6297
0.01628839968611,0.09869136391913,0.2,0.00655732133043,              567P   6298
0.10001089334989,0.2,-0.00001385087606,0.10026724563513,0.2,         567P   6299
-0.01307200604617,0.09940156581236,0.2,-0.01955913874686,            567P   6300
0.09830148358196,0.2,-0.03852397690665,0.09321143981863,0.2,         567P   6301
-0.05049377503169,0.08732579768811,0.2,-0.07124487294602,            567P   6302
0.07136842774268,0.2,-0.08005759811941,0.06135064166262,0.2,         567P   6303
-0.09308462408877,0.03864455623932,0.2,-0.09747884553949,            567P   6304
0.02604907101799,0.2,-0.100832742705,0.00007985575197,0.2,           567P   6305
-0.09993945051149,-0.01322793670942,0.2,-0.09323001986866,           567P   6306
-0.038528994764,0.2,-0.08729877221407,-0.05048783135004,0.2,         567P   6307
-0.07137060400394,-0.07125971195429,0.19999999999986,                567P   6308
-0.06133869029837,-0.08006101312031,0.2,-0.05,-0.0866,0.,1.;         567P   6309
126,3,3,0,0,1,0,0.,0.,0.,0.,0.02261127718143,0.02261127718143,       569P   6310
0.02261127718143,0.02261127718143,1.,1.,1.,1.,0.2,-0.05,-0.0866,     569P   6311
0.21505633065164,-0.04962352131894,-0.0863077134213,                 569P   6312
0.23011266130329,-0.04924704263787,-0.08601542684261,                569P   6313
0.24516945310944,-0.04890745609839,-0.08575179719581,0.,             569P   6314
0.02261127718143;                                                    569P   6315
126,3,3,0,0,1,0,0.,0.,0.,0.,0.02263468020191,0.02263468020191,       571P   6316
0.02263468020191,0.02263468020191,1.,1.,1.,1.,0.2,0.05,0.0866,       571P   6317
0.21507191418599,0.0495446907406,0.08633217967112,                   571P   6318
0.23014382837199,0.04908938148121,0.08606435934224,                  571P   6319
0.24521620514588,0.04867250490629,0.08582500538286,0.,               571P   6320
0.02263468020191;                                                    571P   6321
110,0.25,0.,-0.08725304527306,0.25,0.,0.08928802600719;              573P   6322
126,19,3,0,0,1,0,0.,0.,0.,0.,0.00311611934682,0.00311611934682,      575P   6323
0.00623223869364,0.00623223869364,0.01246447738728,                  575P   6324
0.01246447738728,0.01869671608093,0.01869671608093,                  575P   6325
0.02492895477457,0.02492895477457,0.03116119346821,                  575P   6326
0.03116119346821,0.03739343216185,0.03739343216185,                  575P   6327
0.04362567085549,0.04362567085549,0.04985790954914,                  575P   6328
0.04985790954914,0.04985790954914,0.04985790954914,1.,1.,1.,1.,      575P   6329
1.,1.,1.,1.,1.,1.,1.,1.,1.,1.,1.,1.,1.,1.,1.,1.,                     575P   6330
0.24521620514588,0.04867250490629,0.08582500538286,                  575P   6331
0.24540148597291,0.04773904439554,0.08627663583769,                  575P   6332
0.2455852148653,0.04678528403515,0.08665908814256,                   575P   6333
0.24594448823548,0.04485832441447,0.08736161036329,                  575P   6334
0.24611973206925,0.04388695248874,0.08768816137297,                  575P   6335
0.24663130138078,0.04095057544861,0.08859913591494,                  575P   6336
0.24695360786678,0.03896236759173,0.08911154851564,                  575P   6337
0.24755578759151,0.03493254294669,0.0899764760814,                   575P   6338
0.24783644194803,0.03288387624728,0.09032859734801,                  575P   6339
0.24834510757778,0.02879164491115,0.09087313747352,                  575P   6340
0.24857405352568,0.02674300713746,0.09106625502738,                  575P   6341
0.24898121158557,0.02264077724648,0.09130783612546,                  575P   6342
0.24915942390281,0.02058718474339,0.09135623635099,                  575P   6343
0.24946507220965,0.0164750855135,0.09131523238784,                   575P   6344
0.2495925082395,0.01441658146953,0.09122625014044,                   575P   6345
0.24979647370403,0.01029464499543,0.09090988284965,                  575P   6346
0.24987300317019,0.00823121339192,0.09068262757344,                  575P   6347
0.24997492991103,0.00409939058484,0.0900876249316,0.25,              575P   6348
0.00204326156737,0.08972157017316,0.25,0.,0.08928802600719,0.,       575P   6349
0.04985790954914;                                                    575P   6350
126,65,3,0,0,1,0,0.,0.,0.,0.,0.01436903305942,0.01436903305942,      577P   6351
0.02873806611884,0.02873806611884,0.04310709917826,                  577P   6352
0.04310709917826,0.05029161570798,0.05029161570798,                  577P   6353
0.05388387397283,0.05388387397283,0.05747613223769,                  577P   6354
0.05747613223769,0.07184516529711,0.07184516529711,                  577P   6355
0.08621419835653,0.08621419835653,0.09339871488624,                  577P   6356
0.09339871488624,0.0969909731511,0.0969909731511,                    577P   6357
0.10058323141595,0.10058323141595,0.11495226447537,                  577P   6358
0.11495226447537,0.12213678100508,0.12213678100508,                  577P   6359
0.12572903926994,0.12572903926994,0.12932129753479,                  577P   6360
0.12932129753479,0.14369033059422,0.14369033059422,                  577P   6361
0.15087484712393,0.15087484712393,0.15446710538878,                  577P   6362
0.15446710538878,0.15805936365364,0.15805936365364,                  577P   6363
0.16524388018335,0.16524388018335,0.17242839671306,                  577P   6364
0.17242839671306,0.17961291324277,0.17961291324277,                  577P   6365
0.18320517150763,0.18320517150763,0.18679742977248,                  577P   6366
0.18679742977248,0.2011664628319,0.2011664628319,                    577P   6367
0.20835097936161,0.20835097936161,0.21194323762647,                  577P   6368
0.21194323762647,0.21553549589132,0.21553549589132,                  577P   6369
0.22272001242104,0.22272001242104,0.22631227068589,                  577P   6370
0.22631227068589,0.22810839981832,0.22810839981832,                  577P   6371
0.22990452895075,0.22990452895075,0.22990452895075,                  577P   6372
0.22990452895075,1.,1.,1.,1.,1.,1.,1.,1.,1.,1.,1.,1.,1.,1.,1.,       577P   6373
1.,1.,1.,1.,1.,1.,1.,1.,1.,1.,1.,1.,1.,1.,1.,1.,1.,1.,1.,1.,1.,      577P   6374
1.,1.,1.,1.,1.,1.,1.,1.,1.,1.,1.,1.,1.,1.,1.,1.,1.,1.,1.,1.,1.,      577P   6375
1.,1.,1.,1.,1.,1.,1.,1.,1.,0.25,0.,-0.08725304527306,0.25,           577P   6376
0.00466523802012,-0.08611856355881,0.24986982099243,                 577P   6377
0.00923031859724,-0.08467288712091,0.24937777912024,                 577P   6378
0.01818926895878,-0.08126137678287,0.24901984472916,                 577P   6379
0.02251285145389,-0.07930999642563,0.24812099823849,                 577P   6380
0.03088173865983,-0.07496514696206,0.2475797606613,                  577P   6381
0.03492721867533,-0.07257205169973,0.24665801518305,                 577P   6382
0.04078891601077,-0.06864871016521,0.24633245095445,                 577P   6383
0.04270816060165,-0.06728490824753,0.24582036404928,                 577P   6384
0.04553311391152,-0.06515102196533,0.24564568201586,                 577P   6385
0.04646594919343,-0.06442532957833,0.24528892139183,                 577P   6386
0.0483138755423,-0.06294483137883,0.24510690809102,                  577P   6387
0.04922851865699,-0.06219024083539,0.24418616067419,                 577P   6388
0.05372721865876,-0.05836821625728,0.24341053351478,                 577P   6389
0.05711359433319,-0.05513608519588,0.24183671831262,                 577P   6390
0.06344802723005,-0.04829938819992,0.24103820508312,                 577P   6391
0.06639633261803,-0.04469510676119,0.23987375348208,                 577P   6392
0.07044540236328,-0.03895997385947,0.23949072910406,                 577P   6393
0.07173449868259,-0.03699498075816,0.23892880345811,                 577P   6394
0.07357607481433,-0.03396548150265,0.23874332907467,                 577P   6395
0.0741754136013,-0.03293957111149,0.2383799674528,                   577P   6396
0.07533498707626,-0.03086932251606,0.23820224603965,                 577P   6397
0.07589473551115,-0.02982605437839,0.23733628237912,                 577P   6398
0.07859149707633,-0.02456794925584,0.23671565890684,                 577P   6399
0.08042460911358,-0.02022863663748,0.23595112374681,                 577P   6400
0.08262973092845,-0.01349085287612,0.23572407343203,                 577P   6401
0.08327362121042,-0.01120663165027,0.23543308529375,                 577P   6402
0.08409129589491,-0.00771749323287,0.23534433352013,                 577P   6403
0.0843392003489,-0.00654090798987,0.23518419464261,                  577P   6404
0.08478473108899,-0.00418221294341,0.23511299542692,                 577P   6405
0.08498183838527,-0.00300196718633,0.23480140230703,                 577P   6406
0.08584193065162,0.00290366476209,0.23469457965305,                  577P   6407
0.086130502751,0.00764220475732,0.23474415678927,                    577P   6408
0.08599525079306,0.01477005365354,0.23479557719919,                  577P   6409
0.08585510750247,0.01714935392379,0.23492406547832,                  577P   6410
0.08550262626539,0.02072330918939,0.23497556683074,                  577P   6411
0.08536107820081,0.02191767051878,0.23509494697818,                  577P   6412
0.08503173868833,0.02429747125286,0.23516264793559,                  577P   6413
0.08484443696703,0.02548011569475,0.23538853724251,                  577P   6414
0.08421659223787,0.0290069630142,0.23556991940797,                   577P   6415
0.08370908918625,0.03132974816592,0.23598967817666,                  577P   6416
0.08251830303845,0.03591947731073,0.23622749517295,                  577P   6417
0.08183656101426,0.03818691677111,0.2367512797427,                   577P   6418
0.08030867782823,0.04267007776783,0.2370373551439,                   577P   6419
0.07946221560615,0.04488569694361,0.2374969893218,                   577P   6420
0.07807315751103,0.04817201245028,0.23765556599996,                  577P   6421
0.07758936197871,0.04926304831581,0.23798022837293,                  577P   6422
0.07658778000825,0.05142003233272,0.23814640118744,                  577P   6423
0.07606974795039,0.05248676017855,0.23899421197106,                  577P   6424
0.07339486271256,0.05776294697932,0.2397263538109,                   577P   6425
0.07098613031405,0.06180158252972,0.24086770776143,                  577P   6426
0.06696779979859,0.0675917778012,0.24125531328246,                   577P   6427
0.06556072606008,0.06947716452149,0.24184285851475,                  577P   6428
0.06334520923125,0.07223686071971,0.24203973948763,                  577P   6429
0.06258915670958,0.07314532024302,0.24243474701474,                  577P   6430
0.06104122761509,0.07493904479078,0.24263269626235,                  577P   6431
0.06024999800607,0.07582374409923,0.24322418623982,                  577P   6432
0.05783377429369,0.0784218887424,0.24361713188573,                   577P   6433
0.05615941895943,0.08008247744644,0.24420003422029,                  577P   6434
0.05354568244341,0.08245943458875,0.24439212236804,                  577P   6435
0.05266322796402,0.08323964077365,0.24469060040513,                  577P   6436
0.0512517447231,0.08430801492859,0.2447917777548,                    577P   6437
0.05076666553008,0.08464721575819,0.24500022923362,                  577P   6438
0.0497509443214,0.08527253471991,0.24510730976922,                   577P   6439
0.04922112904377,0.0855596371815,0.24521620514588,                   577P   6440
0.04867250490629,0.08582500538286,0.,0.22990452895075;               577P   6441
126,61,3,0,0,1,0,0.,0.,0.,0.,0.01448430925724,0.01448430925724,      579P   6442
0.01810538657155,0.01810538657155,0.02172646388586,                  579P   6443
0.02172646388586,0.02896861851448,0.02896861851448,                  579P   6444
0.04345292777172,0.04345292777172,0.05069508240034,                  579P   6445
0.05069508240034,0.05431615971465,0.05431615971465,                  579P   6446
0.05793723702897,0.05793723702897,0.07242154628621,                  579P   6447
0.07242154628621,0.08690585554345,0.08690585554345,                  579P   6448
0.09052693285776,0.09052693285776,0.09414801017207,                  579P   6449
0.09414801017207,0.10139016480069,0.10139016480069,                  579P   6450
0.11587447405793,0.11587447405793,0.11949555137224,                  579P   6451
0.11949555137224,0.12311662868655,0.12311662868655,                  579P   6452
0.13035878331517,0.13035878331517,0.14484309257241,                  579P   6453
0.14484309257241,0.15208524720103,0.15208524720103,                  579P   6454
0.15932740182965,0.15932740182965,0.16656955645827,                  579P   6455
0.16656955645827,0.17381171108689,0.17381171108689,                  579P   6456
0.1774327884012,0.1774327884012,0.18105386571551,                    579P   6457
0.18105386571551,0.18829602034414,0.18829602034414,                  579P   6458
0.20278032960138,0.20278032960138,0.21002248423,0.21002248423,       579P   6459
0.21364356154431,0.21364356154431,0.21726463885862,                  579P   6460
0.21726463885862,0.23174894811586,0.23174894811586,                  579P   6461
0.23174894811586,0.23174894811586,1.,1.,1.,1.,1.,1.,1.,1.,1.,1.,     579P   6462
1.,1.,1.,1.,1.,1.,1.,1.,1.,1.,1.,1.,1.,1.,1.,1.,1.,1.,1.,1.,1.,      579P   6463
1.,1.,1.,1.,1.,1.,1.,1.,1.,1.,1.,1.,1.,1.,1.,1.,1.,1.,1.,1.,1.,      579P   6464
1.,1.,1.,1.,1.,1.,1.,1.,1.,1.,0.25,0.,0.08928802600719,0.25,         579P   6465
-0.00474150452424,0.08828196214477,0.24986557132641,                 579P   6466
-0.00937657331567,0.08693625042763,0.24954868574265,                 579P   6467
-0.01505817669756,0.08489675122088,0.2494777427761,                  579P   6468
-0.01619021821647,0.08447053284511,0.24932181993401,                 579P   6469
-0.01843630687926,0.08358374080712,0.24923695785273,                 579P   6470
-0.01954899354881,0.08312371815243,0.24896274841049,                 579P   6471
-0.02285710256596,0.08169549683138,0.24875379085974,                 579P   6472
-0.02502264542709,0.08067926738293,0.24805644363014,                 579P   6473
-0.03140582396001,0.07744731366,0.24749755583608,                    579P   6474
-0.03551097924665,0.07505003120582,0.24654822604029,                 579P   6475
-0.04144863911345,0.07109282063759,0.2462132740358,                  579P   6476
-0.04339093357284,0.06971310509391,0.24568703117181,                 579P   6477
-0.04624737907079,0.06754885326773,0.24550740340102,                 579P   6478
-0.04719122072277,0.06681043116151,0.24514291926708,                 579P   6479
-0.04904941968292,0.06531120262527,0.24495791087133,                 579P   6480
-0.04996468644573,0.06454962806714,0.24402109244928,                 579P   6481
-0.05447269298423,0.06068225487875,0.24323370057934,                 579P   6482
-0.05786227538769,0.05739967056274,0.24163839536045,                 579P   6483
-0.06419939172754,0.05043711517603,0.24083011730081,                 579P   6484
-0.06714722674423,0.04675749942252,0.23984883176394,                 579P   6485
-0.07051972325266,0.04186749707667,0.23965420511024,                 579P   6486
-0.07117803774248,0.04087441454785,0.23926830737686,                 579P   6487
-0.07246466841781,0.03886022055443,0.23907720611101,                 579P   6488
-0.07309236287907,0.0378395421175,0.23851507961375,                  579P   6489
-0.07491443632048,0.03475709095303,0.23815377145851,                 579P   6490
-0.07605274763445,0.0326675116738,0.23712365410164,                  579P   6491
-0.07922960176683,0.02628924054945,0.23650823778637,                 579P   6492
-0.0810320097641,0.02189190667186,0.23587835761415,                  579P   6493
-0.08283445074938,0.01618264874336,0.23575938314786,                 579P   6494
-0.08317225673574,0.0150300972681,0.23553683139272,                  579P   6495
-0.08380043013166,0.01270250978056,0.23543302807328,                 579P   6496
-0.08409142514538,0.011524338407,0.23514943077913,                   579P   6497
-0.08488261993598,0.00798769532137,0.23499715180397,                 579P   6498
-0.08530214718086,0.0056222564192,0.23464469073246,                  579P   6499
-0.08626899668848,-0.00149492275176,0.23455148565202,                579P   6500
-0.08651947860687,-0.00626790848178,0.23462405161004,                579P   6501
-0.08632241485316,-0.01346851872112,0.23468360568919,                579P   6502
-0.08616078397082,-0.01587673374445,0.23487240273296,                579P   6503
-0.08564478914792,-0.02070239686533,0.23500034057967,                579P   6504
-0.08529394693731,-0.02308829069597,0.23531690011853,                579P   6505
-0.08441666882382,-0.02780937946722,0.23550560999247,                579P   6506
-0.08389001136965,-0.03014450939397,0.23594060280816,                579P   6507
-0.08265868552092,-0.03476372768994,0.23618624397751,                579P   6508
-0.08195577528925,-0.0370483267665,0.23659106870962,                 579P   6509
-0.08077647518743,-0.04043976656729,0.23673207661216,                579P   6510
-0.0803625174848,-0.04156432710324,0.23702531616126,                 579P   6511
-0.0794934576695,-0.04380183828579,0.23717782630273,                 579P   6512
-0.07903750952484,-0.04491670183571,0.23764845456867,                579P   6513
-0.07761577705228,-0.04822723967623,0.23797946873418,                579P   6514
-0.07659681079502,-0.05038866992857,0.23901219672503,                579P   6515
-0.07333734157002,-0.05674481922841,0.23975316182361,                579P   6516
-0.0708967140193,-0.06081293603556,0.24090475572657,                 579P   6517
-0.06683471653349,-0.06666823827272,0.24129530278894,                579P   6518
-0.06541369634514,-0.06857875511689,0.24188635997886,                579P   6519
-0.06317897245572,-0.071381913623,0.24208412590984,                  579P   6520
-0.06241727101299,-0.07230519148,0.24247855485149,                   579P   6521
-0.06086698756612,-0.07412107041649,0.24267546596653,                579P   6522
-0.06007747644216,-0.07501485404714,0.24365658592181,                579P   6523
-0.05605735866626,-0.07941272286937,0.24443052244199,                579P   6524
-0.05261166077552,-0.08270622134662,0.24516945310944,                579P   6525
-0.04890745609839,-0.08575179719581,0.,0.23174894811586;             579P   6526
126,11,3,0,0,1,0,0.,0.,0.,0.,0.01241227812861,0.01241227812861,      581P   6527
0.02482455625722,0.02482455625722,0.03103069532153,                  581P   6528
0.03103069532153,0.03723683438583,0.03723683438583,                  581P   6529
0.04964911251445,0.04964911251445,0.04964911251445,                  581P   6530
0.04964911251445,1.,1.,1.,1.,1.,1.,1.,1.,1.,1.,1.,1.,                581P   6531
0.24516945310944,-0.04890745609839,-0.08575179719581,                581P   6532
0.24594545516446,-0.04501741530263,-0.08712467524297,                581P   6533
0.24664003675068,-0.04105268954174,-0.08813824758957,                581P   6534
0.2478477968645,-0.03298637046418,-0.08953437347335,                 581P   6535
0.24836105138349,-0.02888469693258,-0.08991640176452,                581P   6536
0.24898211935547,-0.02263379401597,-0.09005150221162,                581P   6537
0.24916235420863,-0.02055332516499,-0.09002279674537,                581P   6538
0.24946957767282,-0.01640877039478,-0.08982995429015,                581P   6539
0.24959674374015,-0.01434287153645,-0.08966550088571,                581P   6540
0.24990070126255,-0.00816390267425,-0.08897244013035,0.25,           581P   6541
-0.00406972306543,-0.08824271104786,0.25,0.,-0.08725304527306,       581P   6542
0.,0.04964911251445;                                                 581P   6543
504,9,563,565,2,565,4,567,565,4,565,2,569,565,2,565,1,571,565,4,     583P   6544
565,3,573,565,5,565,6,575,565,3,565,6,577,565,5,565,3,579,565,6,     583P   6545
565,1,581,565,1,565,5;                                               583P   6546
508,3,0,583,7,1,0,0,583,6,1,0,0,583,5,0,0;                           585P   6547
510,561,1,1,585;                                                     587P   6548
116,0.2,0.05,0.0866;                                                 589P   6549
123,-1.,0.,0.;                                                       591P   6550
123,0.,0.,1.;                                                        593P   6551
190,589,591,593;                                                     595P   6552
508,2,0,583,1,0,0,0,583,2,0,0;                                       597P   6553
510,595,1,1,597;                                                     599P   6554
128,27,7,3,3,0,0,1,0,0,0.,0.,0.,0.,0.015625,0.015625,0.03125,        601P   6555
0.03125,0.0625,0.0625,0.09375,0.09375,0.125,0.125,0.1875,0.1875,     601P   6556
0.25,0.25,0.375,0.375,0.5,0.5,0.625,0.625,0.75,0.75,0.875,0.875,     601P   6557
1.,1.,1.,1.,0.,0.,0.,0.,0.12510912366808,0.2250919717594,            601P   6558
0.40008465254659,0.89999363302674,1.,1.,1.,1.,1.,1.,1.,1.,1.,1.,     601P   6559
1.,1.,1.,1.,1.,1.,1.,1.,1.,1.,1.,1.,1.,1.,1.,1.,1.,1.,1.,1.,1.,      601P   6560
1.,1.,1.,1.,1.,1.,1.,1.,1.,1.,1.,1.,1.,1.,1.,1.,1.,1.,1.,1.,1.,      601P   6561
1.,1.,1.,1.,1.,1.,1.,1.,1.,1.,1.,1.,1.,1.,1.,1.,1.,1.,1.,1.,1.,      601P   6562
1.,1.,1.,1.,1.,1.,1.,1.,1.,1.,1.,1.,1.,1.,1.,1.,1.,1.,1.,1.,1.,      601P   6563
1.,1.,1.,1.,1.,1.,1.,1.,1.,1.,1.,1.,1.,1.,1.,1.,1.,1.,1.,1.,1.,      601P   6564
1.,1.,1.,1.,1.,1.,1.,1.,1.,1.,1.,1.,1.,1.,1.,1.,1.,1.,1.,1.,1.,      601P   6565
1.,1.,1.,1.,1.,1.,1.,1.,1.,1.,1.,1.,1.,1.,1.,1.,1.,1.,1.,1.,1.,      601P   6566
1.,1.,1.,1.,1.,1.,1.,1.,1.,1.,1.,1.,1.,1.,1.,1.,1.,1.,1.,1.,1.,      601P   6567
1.,1.,1.,1.,1.,1.,1.,1.,1.,1.,1.,1.,1.,1.,1.,1.,1.,1.,1.,1.,1.,      601P   6568
1.,1.,1.,1.,1.,1.,1.,1.,1.,1.,1.,1.,1.,1.,1.,1.,1.,1.,1.,1.,1.,      601P   6569
1.,1.,1.,1.,1.,1.,1.,1.,0.2,0.05,0.0866,0.2,0.04858200926154,        601P   6570
0.08742040747307,0.2,0.04714382326628,0.08820399600876,0.2,          601P   6571
0.04423078718091,0.08969718665213,0.2,0.0427559370908,               601P   6572
0.09040678875982,0.2,0.03828198030629,0.09242409261105,0.2,          601P   6573
0.03523346709772,0.09362029188276,0.2,0.02903450132604,              601P   6574
0.09571256207549,0.2,0.02588404876293,0.09660863299652,0.2,          601P   6575
0.01951101563211,0.09809785806209,0.2,0.01628839968611,              601P   6576
0.09869136391913,0.2,0.00655732133043,0.10001089334989,0.2,          601P   6577
-0.00001385087606,0.10026724563513,0.2,-0.01307200604617,            601P   6578
0.09940156581236,0.2,-0.01955913874686,0.09830148358196,0.2,         601P   6579
-0.03852397690665,0.09321143981863,0.2,-0.05049377503169,            601P   6580
0.08732579768811,0.2,-0.07124487294602,0.07136842774268,0.2,         601P   6581
-0.08005759811941,0.06135064166262,0.2,-0.09308462408877,            601P   6582
0.03864455623932,0.2,-0.09747884553949,0.02604907101799,0.2,         601P   6583
-0.100832742705,0.00007985575197,0.2,-0.09993945051149,              601P   6584
-0.01322793670942,0.2,-0.09323001986866,-0.038528994764,0.2,         601P   6585
-0.08729877221407,-0.05048783135004,0.2,-0.07137060400394,           601P   6586
-0.07125971195429,0.19999999999986,-0.06133869029837,                601P   6587
-0.08006101312031,0.2,-0.05,-0.0866,0.28330729477906,                601P   6588
0.04748335996211,0.08511967130315,0.28330729477906,                  601P   6589
0.04624162379831,0.08561975231077,0.28330729477906,                  601P   6590
0.04492121260604,0.08590219044591,0.28330729477906,                  601P   6591
0.04245833641109,0.08637058647229,0.28330729477906,                  601P   6592
0.04128218608275,0.08653430602971,0.28330729477906,                  601P   6593
0.03772385919753,0.08691820448364,0.28330729477906,                  601P   6594
0.03530973459029,0.08703523800434,0.28330729477906,                  601P   6595
0.03054058511715,0.08703637385732,0.28330729477906,                  601P   6596
0.02816149642632,0.08692210409102,0.28330729477906,                  601P   6597
0.02338406572852,0.08649238700375,0.28330729477906,                  601P   6598
0.02099154895885,0.0861753775486,0.28330729477906,                   601P   6599
0.01382370191869,0.08492886409822,0.28330729477906,                  601P   6600
0.00905446921638,0.08369795619318,0.28330729477906,                  601P   6601
-0.0003588478618,0.08039523495929,0.28330729477906,                  601P   6602
-0.00500178378709,0.07833597539678,0.28330729477906,                 601P   6603
-0.01854751300528,0.071076109344,0.28330729477906,                   601P   6604
-0.02705992653866,0.06473247136576,0.28330729477906,                 601P   6605
-0.04208021981226,0.04956275469778,0.28330729477906,                 601P   6606
-0.04860545970606,0.04076739566092,0.28330729477906,                 601P   6607
-0.05892845386564,0.02160583454166,0.28330729477906,                 601P   6608
-0.06282955889304,0.01129263872227,0.28330729477906,                 601P   6609
-0.06743301078329,-0.00982046583334,0.28330729477906,                601P   6610
-0.06822333799086,-0.02058125370681,0.28330729477906,                601P   6611
-0.06691180992236,-0.04138737710164,0.28330729477906,                601P   6612
-0.06473005346397,-0.0514179907315,0.28330729477906,                 601P   6613
-0.0579894988881,-0.06970916498456,0.28330729477898,                 601P   6614
-0.05343415474885,-0.07795544549155,0.28330729477906,                601P   6615
-0.0479169280227,-0.08498276637683,0.43319087396156,                 601P   6616
0.04295550898107,0.08245631554254,0.43319087396156,                  601P   6617
0.04203088390061,0.08238007634584,0.43319087396156,                  601P   6618
0.04092236902613,0.08176086215938,0.43319087396156,                  601P   6619
0.03926940480539,0.08038548345357,0.43319087396156,                  601P   6620
0.03863066467042,0.07956707016579,0.43319087396156,                  601P   6621
0.03671970716474,0.07701220259866,0.43319087396156,                  601P   6622
0.03544695240289,0.07518763873918,0.43319087396156,                  601P   6623
0.03325027854507,0.07142647862246,0.43319087396156,                  601P   6624
0.03225900082969,0.0694944391301,0.43319087396156,                   601P   6625
0.03035232237809,0.06561222825013,0.43319087396156,                  601P   6626
0.02945329109437,0.06365705140214,0.43319087396156,                  601P   6627
0.02689712043695,0.05779380309819,0.43319087396156,                  601P   6628
0.02536987444267,0.05388706853134,0.43319087396156,                  601P   6629
0.02251422293518,0.04619970738946,0.43319087396156,                  601P   6630
0.02118930152646,0.04241472942512,0.43319087396156,                  601P   6631
0.01739344410883,0.031250994788,0.43319087396156,                    601P   6632
0.01510143634645,0.0240833466545,0.43319087396156,                   601P   6633
0.01039180690397,0.01033074829162,0.43319087396156,                  601P   6634
0.00798213074253,0.00373473735518,0.43319087396156,                  601P   6635
0.00252413630414,-0.00904963926185,0.43319087396156,                 601P   6636
-0.0004897708533,-0.01525661959073,0.43319087396156,                 601P   6637
-0.00734137802245,-0.02763277912715,0.43319087396156,                601P   6638
-0.01116081453531,-0.0338110851802,0.43319087396156,                 601P   6639
-0.01956100451102,-0.04653007890911,0.43319087396156,                601P   6640
-0.02412520183844,-0.05309150104863,0.43319087396156,                601P   6641
-0.03391468126861,-0.06691947495646,0.43319087396159,                601P   6642
-0.03921259008179,-0.07416718165169,0.43319087396156,                601P   6643
-0.04416913757434,-0.08207309604775,0.70004750435883,                601P   6644
0.07224794321326,0.10537969977691,0.70004750435883,                  601P   6645
0.07086828398085,0.10569945137947,0.70004750435883,                  601P   6646
0.06922286947335,0.10546662326266,0.70004750435883,                  601P   6647
0.06648878382201,0.10476699621976,0.70004750435883,                  601P   6648
0.06529430357023,0.10424715853911,0.70004750435883,                  601P   6649
0.06168618666087,0.10255086374829,0.70004750435883,                  601P   6650
0.05924327106181,0.1012503260245,0.70004750435883,                   601P   6651
0.05466792010574,0.0984011329535,0.70004750435883,                   601P   6652
0.05246598645374,0.09686558295022,0.70004750435883,                  601P   6653
0.04810929133272,0.09367633866649,0.70004750435883,                  601P   6654
0.04597093337648,0.09201551223236,0.70004750435883,                  601P   6655
0.03967191709569,0.08687997419282,0.70004750435883,                  601P   6656
0.03561566388046,0.08324994897223,0.70004750435883,                  601P   6657
0.02771623212806,0.07567703703219,0.70004750435883,                  601P   6658
0.02387664761229,0.07173583900297,0.70004750435883,                  601P   6659
0.01267271865107,0.05953459860963,0.70004750435883,                  601P   6660
0.00562644765219,0.05088528020784,0.70004750435883,                  601P   6661
-0.00766527333235,0.03286058108427,0.70004750435883,                 601P   6662
-0.01391197848865,0.02348983124985,0.70004750435883,                 601P   6663
-0.02569481762876,0.00432693755502,0.70004750435883,                 601P   6664
-0.03124957861601,-0.00545619429094,0.70004750435883,                601P   6665
-0.04158606586461,-0.02525397458725,0.70004750435883,                601P   6666
-0.0463927627708,-0.0352567043058,0.70004750435883,                  601P   6667
-0.05531973456904,-0.05527130263045,0.70004750435883,                601P   6668
-0.05938965057645,-0.06529928801193,0.70004750435883,                601P   6669
-0.06699445584632,-0.08515737337575,0.70004750435882,                601P   6670
-0.07059165957064,-0.09495618312985,0.70004750435883,                601P   6671
-0.07346272610197,-0.10483036189092,1.21655658001742,                601P   6672
0.20700929937868,0.18985382430593,1.21655658001742,                  601P   6673
0.20428260182846,0.19100490309375,1.21655658001742,                  601P   6674
0.20064578435131,0.19098408667718,1.21655658001742,                  601P   6675
0.19459562261608,0.1901193352409,1.21655658001742,                   601P   6676
0.1919024958701,0.18920315325248,1.21655658001742,                   601P   6677
0.18371449582229,0.18617312921258,1.21655658001742,                  601P   6678
0.17810654030431,0.18381048773123,1.21655658001742,                  601P   6679
0.16754985547465,0.17842196626461,1.21655658001742,                  601P   6680
0.16244198101022,0.17546306033686,1.21655658001742,                  601P   6681
0.15231463407277,0.16932971563485,1.21655658001742,                  601P   6682
0.14733064443516,0.16612971832564,1.21655658001742,                  601P   6683
0.13261815515716,0.15624496585291,1.21655658001742,                  601P   6684
0.12310040787819,0.14927877283098,1.21655658001742,                  601P   6685
0.10445081783659,0.13492203922667,1.21655658001742,                  601P   6686
0.09532744513484,0.12752686230036,1.21655658001742,                  601P   6687
0.06844394971039,0.10485701176562,1.21655658001742,                  601P   6688
0.05117363741297,0.0891019903541,1.21655658001742,                   601P   6689
0.01737653332121,0.05689563532211,1.21655658001742,                  601P   6690
0.00085636852338,0.04043779095477,1.21655658001742,                  601P   6691
-0.03200760871859,0.00719446636836,1.21655658001742,                 601P   6692
-0.04833971822702,-0.00959712576756,1.21655658001742,                601P   6693
-0.08092862734256,-0.04363533398868,1.21655658001742,                601P   6694
-0.09719633042003,-0.0608679917848,1.21655658001742,                 601P   6695
-0.12968751238886,-0.09588657023649,1.21655658001742,                601P   6696
-0.14583641059321,-0.11374215168673,1.21655658001742,                601P   6697
-0.17816415446363,-0.15004309134877,1.21655658001743,                601P   6698
-0.19448706901144,-0.16838377844739,1.21655658001742,                601P   6699
-0.20962655838907,-0.18791876501529,1.73343129353209,                601P   6700
0.15492343657117,0.0734730099795,1.73343129353209,                   601P   6701
0.15353100058706,0.0746834682722,1.73343129353209,                   601P   6702
0.15141403344448,0.07539809179958,1.73343129353209,                  601P   6703
0.14771542214648,0.07614049101115,1.73343129353209,                  601P   6704
0.14596357791349,0.07617817588039,1.73343129353209,                  601P   6705
0.14059146610088,0.07614707533307,1.73343129353209,                  601P   6706
0.13685801026245,0.07595329660299,1.73343129353209,                  601P   6707
0.12963068637258,0.0750584908737,1.73343129353209,                   601P   6708
0.12605950883076,0.07442380599984,1.73343129353209,                  601P   6709
0.1189185768376,0.07300102505654,1.73343129353209,                   601P   6710
0.11536414545826,0.07219218950449,1.73343129353209,                  601P   6711
0.10477247836968,0.06953677830608,1.73343129353209,                  601P   6712
0.09779121525718,0.06746783529989,1.73343129353209,                  601P   6713
0.08395036744604,0.0629403693991,1.73343129353209,                   601P   6714
0.07709506794393,0.06047899223853,1.73343129353209,                  601P   6715
0.05671358917284,0.05262249415323,1.73343129353209,                  601P   6716
0.04337319871968,0.04675031381122,1.73343129353209,                  601P   6717
0.01709869929321,0.03418310949044,1.73343129353209,                  601P   6718
0.00416622688732,0.02748690206008,1.73343129353209,                  601P   6719
-0.02143678639464,0.01364526699073,1.73343129353209,                 601P   6720
-0.03411074068765,0.00650274562907,1.73343129353209,                 601P   6721
-0.05919572002229,-0.00818902375808,1.73343129353209,                601P   6722
-0.07161777936751,-0.01572213282309,1.73343129353209,                601P   6723
-0.0962283700841,-0.03111428950621,1.73343129353209,                 601P   6724
-0.10838030204928,-0.0390258802276,1.73343129353209,                 601P   6725
-0.13251762879319,-0.05506110063676,1.73343129353209,                601P   6726
-0.14456282722342,-0.06309984505292,1.73343129353209,                601P   6727
-0.15604440429345,-0.07191369628394,2.1333356283774,                 601P   6728
0.06469567920652,0.01469456507772,2.1333356283774,                   601P   6729
0.06427193690451,0.01526796935447,2.1333356283774,                   601P   6730
0.06353240867937,0.01571468913264,2.1333356283774,                   601P   6731
0.06219826106367,0.01630331698192,2.1333356283774,                   601P   6732
0.06154007306235,0.01646327967922,2.1333356283774,                   601P   6733
0.05950939192829,0.01689853645405,2.1333356283774,                   601P   6734
0.05808367525101,0.01713616480539,2.1333356283774,                   601P   6735
0.05528052513659,0.01739967641225,2.1333356283774,                   601P   6736
0.05387941478658,0.01745716042765,2.1333356283774,                   601P   6737
0.05106506270313,0.01751430481873,2.1333356283774,                   601P   6738
0.04965587577637,0.01750482930775,2.1333356283774,                   601P   6739
0.04543646183616,0.01738431344048,2.1333356283774,                   601P   6740
0.04262901087354,0.01718498410339,2.1333356283774,                   601P   6741
0.037027913852,0.01663043837625,2.1333356283774,                     601P   6742
0.03423563980009,0.01627375443651,2.1333356283774,                   601P   6743
0.02588907463339,0.01501191157905,2.1333356283774,                   601P   6744
0.02036519701101,0.01391320758707,2.1333356283774,                   601P   6745
0.00939990663932,0.01137692082187,2.1333356283774,                   601P   6746
0.00395902881982,0.00993867165365,2.1333356283774,                   601P   6747
-0.00686590582535,0.0068755419821,2.1333356283774,                   601P   6748
-0.01225082739173,0.0052518527646,2.1333356283774,                   601P   6749
-0.02296178037924,0.00183185571976,2.1333356283774,                  601P   6750
-0.02829047696818,0.00004243480525,2.1333356283774,                  601P   6751
-0.03889360742823,-0.00367881541331,2.1333356283774,                 601P   6752
-0.04415876720677,-0.00563359419953,2.1333356283774,                 601P   6753
-0.05465034609477,-0.00963948973697,2.1333356283774,                 601P   6754
-0.05989230834441,-0.01165345966421,2.1333356283774,                 601P   6755
-0.06498878009379,-0.01401032527425,2.2,0.04965464007911,            601P   6756
0.004896151425,2.2,0.04939237978663,0.00536335828911,2.2,            601P   6757
0.04888247172781,0.00576541829858,2.2,0.04794248209408,              601P   6758
0.00632841233911,2.2,0.04746660745899,0.00650875884788,2.2,          601P   6759
0.04599294548451,0.00702175776033,2.2,0.04495193076628,              601P   6760
0.00733130201627,2.2,0.04288629394939,0.00778790604706,2.2,          601P   6761
0.04184693553132,0.00796077516844,2.2,0.03975382777013,              601P   6762
0.00826462429331,2.2,0.03870225480488,0.00838840273882,2.2,          601P   6763
0.03554510054765,0.00869045594533,2.2,0.03343342739987,              601P   6764
0.00880279269827,2.2,0.0292059034078,0.00891053593329,2.2,           601P   6765
0.02709093893952,0.00890470603238,2.2,0.02075060347093,              601P   6766
0.00874219746195,2.2,0.01652974477268,0.00843923578533,2.2,          601P   6767
0.00811651176259,0.00757511097831,2.2,0.00392448873668,              601P   6768
0.00701336764666,2.2,-0.00443692841125,0.00574702342295,2.2,         601P   6769
-0.00860676240763,0.00504332792626,2.2,-0.01692155373691,            601P   6770
0.00350234432238,2.2,-0.021067781096,0.0026704008043,2.2,            601P   6771
-0.02933585675753,0.00089470000326,2.2,-0.03345298611897,            601P   6772
-0.00006707348161,2.2,-0.04166980795418,-0.00206767096714,2.2,       601P   6773
-0.04577766530557,-0.00307730618111,2.2,-0.04980973490459,           601P   6774
-0.00435778713738,0.,1.,0.,1.;                                       601P   6775
508,5,0,583,6,0,0,0,583,4,0,0,0,583,2,1,0,0,583,3,1,0,0,583,8,0,     603P   6776
0;                                                                   603P   6777
510,601,1,1,603;                                                     605P   6778
128,35,7,3,3,0,0,1,0,0,0.,0.,0.,0.,0.125,0.125,0.1875,0.1875,        607P   6779
0.25,0.25,0.375,0.375,0.5,0.5,0.625,0.625,0.75,0.75,0.8125,          607P   6780
0.8125,0.875,0.875,0.90625,0.90625,0.9375,0.9375,0.953125,           607P   6781
0.953125,0.96875,0.96875,0.9765625,0.9765625,0.984375,0.984375,      607P   6782
0.9921875,0.9921875,1.,1.,1.,1.,0.,0.,0.,0.,0.12510912366808,        607P   6783
0.2250919717594,0.40008465254659,0.89999363302674,1.,1.,1.,1.,       607P   6784
1.,1.,1.,1.,1.,1.,1.,1.,1.,1.,1.,1.,1.,1.,1.,1.,1.,1.,1.,1.,1.,      607P   6785
1.,1.,1.,1.,1.,1.,1.,1.,1.,1.,1.,1.,1.,1.,1.,1.,1.,1.,1.,1.,1.,      607P   6786
1.,1.,1.,1.,1.,1.,1.,1.,1.,1.,1.,1.,1.,1.,1.,1.,1.,1.,1.,1.,1.,      607P   6787
1.,1.,1.,1.,1.,1.,1.,1.,1.,1.,1.,1.,1.,1.,1.,1.,1.,1.,1.,1.,1.,      607P   6788
1.,1.,1.,1.,1.,1.,1.,1.,1.,1.,1.,1.,1.,1.,1.,1.,1.,1.,1.,1.,1.,      607P   6789
1.,1.,1.,1.,1.,1.,1.,1.,1.,1.,1.,1.,1.,1.,1.,1.,1.,1.,1.,1.,1.,      607P   6790
1.,1.,1.,1.,1.,1.,1.,1.,1.,1.,1.,1.,1.,1.,1.,1.,1.,1.,1.,1.,1.,      607P   6791
1.,1.,1.,1.,1.,1.,1.,1.,1.,1.,1.,1.,1.,1.,1.,1.,1.,1.,1.,1.,1.,      607P   6792
1.,1.,1.,1.,1.,1.,1.,1.,1.,1.,1.,1.,1.,1.,1.,1.,1.,1.,1.,1.,1.,      607P   6793
1.,1.,1.,1.,1.,1.,1.,1.,1.,1.,1.,1.,1.,1.,1.,1.,1.,1.,1.,1.,1.,      607P   6794
1.,1.,1.,1.,1.,1.,1.,1.,1.,1.,1.,1.,1.,1.,1.,1.,1.,1.,1.,1.,1.,      607P   6795
1.,1.,1.,1.,1.,1.,1.,1.,1.,1.,1.,1.,1.,1.,1.,1.,1.,1.,1.,1.,1.,      607P   6796
1.,1.,1.,1.,1.,1.,1.,1.,1.,1.,1.,1.,1.,1.,1.,1.,1.,1.,1.,1.,1.,      607P   6797
1.,1.,1.,1.,1.,1.,1.,1.,1.,1.,1.,1.,1.,1.,1.,0.2,-0.05,-0.0866,      607P   6798
0.2,-0.03865124966663,-0.09314478847008,0.2,-0.0260193086346,        607P   6799
-0.09737264272902,0.2,-0.00655748155309,-0.10001012892857,0.2,       607P   6800
0.0000138479592,-0.10026723171886,0.2,0.01307204493032,              607P   6801
-0.09940175132818,0.2,0.0195591366602,-0.09830147362635,0.2,         607P   6802
0.03852396416518,-0.09321137903041,0.2,0.05049377459401,             607P   6803
-0.08732579559544,0.2,0.0712448724791,-0.07136842553244,0.2,         607P   6804
0.08005759806113,-0.06135064140544,0.2,0.09308462404973,             607P   6805
-0.03864455625497,0.2,0.09747884524434,-0.02604907134901,0.2,        607P   6806
0.10083274244388,-0.00007985607705,0.2,0.09993944266365,             607P   6807
0.01322792716413,0.2,0.09490737624979,0.03220372869343,0.2,          607P   6808
0.09258515498723,0.03835613388856,0.2,0.08678590541882,              607P   6809
0.05009365883887,0.2,0.08331663113857,0.0556806810347,0.2,           607P   6810
0.07734366910509,0.06347025918798,0.2,0.07522360952748,              607P   6811
0.06596774344394,0.2,0.07074806791461,0.0707428729174,0.2,           607P   6812
0.06839280573193,0.07302067415275,0.2,0.06470180682106,              607P   6813
0.07625718762736,0.2,0.0634451229113,0.07730599405583,0.2,           607P   6814
0.06088207511741,0.07934095359891,0.2,0.05957571123329,              607P   6815
0.08032710671353,0.2,0.05758117185478,0.08175740350927,0.2,          607P   6816
0.05691049313656,0.08222601362849,0.2,0.05555784892074,              607P   6817
0.08314659909307,0.2,0.05487588342315,0.08359857443842,0.2,          607P   6818
0.05350104338667,0.08448556654015,0.2,0.05280816884778,              607P   6819
0.08492058329652,0.2,0.05141188846679,0.08577333440513,0.2,          607P   6820
0.05070848262468,0.08619106875738,0.2,0.05,0.0866,                   607P   6821
0.28330729477906,-0.0479169280227,-0.08498276637683,                 607P   6822
0.28330729477906,-0.03954872922747,-0.08585432997218,                607P   6823
0.28330729477906,-0.03060476802401,-0.08530824036098,                607P   6824
0.28330729477906,-0.01684190309686,-0.08241173913382,                607P   6825
0.28330729477906,-0.01220122571047,-0.08109493073945,                607P   6826
0.28330729477906,-0.0029701584618,-0.07767365715672,                 607P   6827
0.28330729477906,0.0016194189473,-0.07558131732232,                  607P   6828
0.28330729477906,0.01510251904023,-0.06828287277544,                 607P   6829
0.28330729477906,0.02370797084416,-0.06199719385679,                 607P   6830
0.28330729477906,0.03909963016489,-0.04703881846126,                 607P   6831
0.28330729477906,0.04590241943107,-0.03839603428504,                 607P   6832
0.28330729477906,0.05685394682062,-0.01956843662887,                 607P   6833
0.28330729477906,0.06110580346486,-0.00943691199672,                 607P   6834
0.28330729477906,0.06648319022098,0.01128659195347,                  607P   6835
0.28330729477906,0.06770180893041,0.02183594201632,                  607P   6836
0.28330729477906,0.06735677447634,0.03713682853039,                  607P   6837
0.28330729477906,0.0668619139126,0.04214588208171,                   607P   6838
0.28330729477906,0.06516871335295,0.05186471919238,                  607P   6839
0.28330729477906,0.06397685999195,0.05657310949785,                  607P   6840
0.28330729477906,0.0616775737644,0.0633383901689,                    607P   6841
0.28330729477906,0.06082501421569,0.06554422313189,                  607P   6842
0.28330729477906,0.05894909785534,0.06984112217211,                  607P   6843
0.28330729477906,0.05792827487822,0.07193003566695,                  607P   6844
0.28330729477906,0.05623134174917,0.07500810457038,                  607P   6845
0.28330729477906,0.05563877524765,0.07602287053084,                  607P   6846
0.28330729477906,0.05440368594616,0.07800555750632,                  607P   6847
0.28330729477906,0.05376877426642,0.07896550281654,                  607P   6848
0.28330729477906,0.05271669148197,0.08042032433763,                  607P   6849
0.28330729477906,0.05234887357434,0.08090836997084,                  607P   6850
0.28330729477906,0.05156498172371,0.08190225474794,                  607P   6851
0.28330729477906,0.05114872413087,0.0824063425855,                   607P   6852
0.28330729477906,0.05024476516978,0.08335636304002,                  607P   6853
0.28330729477906,0.04975706380152,0.08380229565699,                  607P   6854
0.28330729477906,0.0486873968492,0.08456355955173,                   607P   6855
0.28330729477906,0.04810079754057,0.08487059133402,                  607P   6856
0.28330729477906,0.04748335996211,0.08511967130315,                  607P   6857
0.43319087396156,-0.04416913757434,-0.08207309604775,                607P   6858
0.43319087396156,-0.04116344315113,-0.07273759131868,                607P   6859
0.43319087396156,-0.03885476662622,-0.0636023884015,                 607P   6860
0.43319087396156,-0.03534527563932,-0.05074933001009,                607P   6861
0.43319087396156,-0.03417816022076,-0.04660079550702,                607P   6862
0.43319087396156,-0.03183273128645,-0.03858122795386,                607P   6863
0.43319087396156,-0.03065709546195,-0.03470400453158,                607P   6864
0.43319087396156,-0.02703652813764,-0.0234323737756,                 607P   6865
0.43319087396156,-0.02448411302984,-0.0164268570172,                 607P   6866
0.43319087396156,-0.01873496864811,-0.00326583798454,                607P   6867
0.43319087396156,-0.01554838669905,0.00290309423736,                 607P   6868
0.43319087396156,-0.00833102399987,0.0147526524673,                  607P   6869
0.43319087396156,-0.00433530468926,0.02045110571259,                 607P   6870
0.43319087396156,0.00468267390199,0.0317367088121,                   607P   6871
0.43319087396156,0.00970098269872,0.03732318210885,                  607P   6872
0.43319087396156,0.01778869267284,0.04601228970087,                  607P   6873
0.43319087396156,0.02058155574391,0.04896426485236,                  607P   6874
0.43319087396156,0.02627581535042,0.05505114920954,                  607P   6875
0.43319087396156,0.02918141827567,0.05817873566272,                  607P   6876
0.43319087396156,0.03349168142802,0.06310113602908,                  607P   6877
0.43319087396156,0.03491956372355,0.06478224015795,                  607P   6878
0.43319087396156,0.03772080244807,0.06821872368237,                  607P   6879
0.43319087396156,0.03910085594715,0.06996779694248,                  607P   6880
0.43319087396156,0.0409915764239,0.07276079789966,                   607P   6881
0.43319087396156,0.04159386680027,0.07371431943733,                  607P   6882
0.43319087396156,0.04274799410189,0.07560295943235,                  607P   6883
0.43319087396156,0.04332113580944,0.07651575257496,                  607P   6884
0.43319087396156,0.04396468805809,0.07801469812653,                  607P   6885
0.43319087396156,0.04414176675774,0.07853771145864,                  607P   6886
0.43319087396156,0.04438115432566,0.07966347380232,                  607P   6887
0.43319087396156,0.04444294912772,0.08026132061827,                  607P   6888
0.43319087396156,0.0443861829741,0.08132473948685,                   607P   6889
0.43319087396156,0.04426762201843,0.08179031153948,                  607P   6890
0.43319087396156,0.04378558655541,0.08238697482989,                  607P   6891
0.43319087396156,0.04340914148782,0.08249483440939,                  607P   6892
0.43319087396156,0.04295550898107,0.08245631554254,                  607P   6893
0.70004750435883,-0.07346272610197,-0.10483036189092,                607P   6894
0.70004750435883,-0.06590754906372,-0.09776145869731,                607P   6895
0.70004750435883,-0.05865520961711,-0.09014553578701,                607P   6896
0.70004750435883,-0.0475845567662,-0.07850309821927,                 607P   6897
0.70004750435883,-0.04387284076852,-0.07457706569575,                607P   6898
0.70004750435883,-0.03646286004172,-0.06659529834135,                607P   6899
0.70004750435883,-0.03276710858152,-0.06253954902334,                607P   6900
0.70004750435883,-0.02173211247534,-0.05020429297748,                607P   6901
0.70004750435883,-0.01443510785973,-0.04175597744364,                607P   6902
0.70004750435883,-0.00013558835823,-0.02447572131277,                607P   6903
0.70004750435883,0.00686618801601,-0.01564569246082,                 607P   6904
0.70004750435883,0.02036296512026,0.00232633057602,                  607P   6905
0.70004750435883,0.02687581861018,0.01145857386594,                  607P   6906
0.70004750435883,0.03933025336866,0.02985294258016,                  607P   6907
0.70004750435883,0.04531047305791,0.03909117181412,                  607P   6908
0.70004750435883,0.05375949082063,0.05299583211273,                  607P   6909
0.70004750435883,0.05648402634313,0.05764052097519,                  607P   6910
0.70004750435883,0.06170481122156,0.06696423233446,                  607P   6911
0.70004750435883,0.06420692163128,0.07163549505534,                  607P   6912
0.70004750435883,0.06769096658184,0.07872926837003,                  607P   6913
0.70004750435883,0.06880651699138,0.08111017407381,                  607P   6914
0.70004750435883,0.07091330310039,0.08589543545021,                  607P   6915
0.70004750435883,0.0719107921813,0.08829244160867,                   607P   6916
0.70004750435883,0.07318908185734,0.09203588477339,                  607P   6917
0.70004750435883,0.07358016677674,0.09330217343814,                  607P   6918
0.70004750435883,0.07429094772636,0.09580416840259,                  607P   6919
0.70004750435883,0.0746300316161,0.09701400671529,                   607P   6920
0.70004750435883,0.07491809885269,0.09897665274779,                  607P   6921
0.70004750435883,0.07497610873895,0.09965750023393,                  607P   6922
0.70004750435883,0.07497881399416,0.10111163812381,                  607P   6923
0.70004750435883,0.0749223658243,0.10187989326908,                   607P   6924
0.70004750435883,0.07460171032247,0.10329635800728,                  607P   6925
0.70004750435883,0.07433750299051,0.10394456760022,                  607P   6926
0.70004750435883,0.07350917159729,0.1049185232808,                   607P   6927
0.70004750435883,0.07292867074998,0.10522171543006,                  607P   6928
0.70004750435883,0.07224794321326,0.10537969977691,                  607P   6929
1.21655658001742,-0.20962655838907,-0.18791876501529,                607P   6930
1.21655658001742,-0.19118185080564,-0.17236729249274,                607P   6931
1.21655658001742,-0.17368519829682,-0.15601419075597,                607P   6932
1.21655658001742,-0.14720134941705,-0.13218760129081,                607P   6933
1.21655658001742,-0.13835391468212,-0.12433771192303,                607P   6934
1.21655658001742,-0.12066254287903,-0.10875368799065,                607P   6935
1.21655658001742,-0.11182362819219,-0.10101129321699,                607P   6936
1.21655658001742,-0.08527450379676,-0.0779348302694,                 607P   6937
1.21655658001742,-0.06750898636414,-0.06278831480486,                607P   6938
1.21655658001742,-0.03168885336068,-0.03287638099163,                607P   6939
1.21655658001742,-0.0136442277996,-0.0180969185191,                  607P   6940
1.21655658001742,0.02269888002585,0.01142379008145,                  607P   6941
1.21655658001742,0.04098343197565,0.026169782873,                    607P   6942
1.21655658001742,0.07790658555491,0.05577058835491,                  607P   6943
1.21655658001742,0.09658256363487,0.07057583812928,                  607P   6944
1.21655658001742,0.12456863499787,0.09329856397,                     607P   6945
1.21655658001742,0.13389148091727,0.10096699389207,                  607P   6946
1.21655658001742,0.15239484045696,0.11662539379264,                  607P   6947
1.21655658001742,0.16158286190551,0.12459360313038,                  607P   6948
1.21655658001742,0.17503343734843,0.13703914991855,                  607P   6949
1.21655658001742,0.17946071188982,0.14127486386968,                  607P   6950
1.21655658001742,0.18811391204368,0.14992339579552,                  607P   6951
1.21655658001742,0.19235091275012,0.15431542223758,                  607P   6952
1.21655658001742,0.19831968189092,0.16141705880352,                  607P   6953
1.21655658001742,0.20024477377304,0.16385444294659,                  607P   6954
1.21655658001742,0.20392720075659,0.16871002093152,                  607P   6955
1.21655658001742,0.20571752420055,0.17105651625488,                  607P   6956
1.21655658001742,0.20796568518432,0.17505607590219,                  607P   6957
1.21655658001742,0.2086402137891,0.17647461077588,                   607P   6958
1.21655658001742,0.20977057317111,0.17959515754478,                  607P   6959
1.21655658001742,0.21022108845522,0.18128573878673,                  607P   6960
1.21655658001742,0.21056876664526,0.18449184352622,                  607P   6961
1.21655658001742,0.2104659295512,0.18600736702376,                   607P   6962
1.21655658001742,0.20938287942055,0.18842768281499,                  607P   6963
1.21655658001742,0.20835199502106,0.18928705534992,                  607P   6964
1.21655658001742,0.20700929937868,0.18985382430593,                  607P   6965
1.73343129353209,-0.15604440429345,-0.07191369628394,                607P   6966
1.73343129353209,-0.14232825790234,-0.06707994613744,                607P   6967
1.73343129353209,-0.12888604092974,-0.06151188944744,                607P   6968
1.73343129353209,-0.10862263236643,-0.05339120631356,                607P   6969
1.73343129353209,-0.10185842556719,-0.05070494131481,                607P   6970
1.73343129353209,-0.08833434773829,-0.04531515471648,                607P   6971
1.73343129353209,-0.08157617295351,-0.04260738736694,                607P   6972
1.73343129353209,-0.06130913819867,-0.03446213662394,                607P   6973
1.73343129353209,-0.0478003944562,-0.02902114440944,                 607P   6974
1.73343129353209,-0.02080357705108,-0.01810787677009,                607P   6975
1.73343129353209,-0.00731766979765,-0.01262958301094,                607P   6976
1.73343129353209,0.01956784835747,-0.00150692430859,                 607P   6977
1.73343129353209,0.03296937508154,0.00413416931289,                  607P   6978
1.73343129353209,0.05968820320915,0.01555112421745,                  607P   6979
1.73343129353209,0.07302498334619,0.02128606842401,                  607P   6980
1.73343129353209,0.09287600030743,0.03018810700383,                  607P   6981
1.73343129353209,0.09946629353851,0.03321031702998,                  607P   6982
1.73343129353209,0.1125481831574,0.03944767125969,                   607P   6983
1.73343129353209,0.11904055288063,0.04264921589124,                  607P   6984
1.73343129353209,0.12862718509544,0.04776711587308,                  607P   6985
1.73343129353209,0.13179768223321,0.049528649535,                    607P   6986
1.73343129353209,0.13804011456352,0.05317875527131,                  607P   6987
1.73343129353209,0.14111453413149,0.05505365477416,                  607P   6988
1.73343129353209,0.14558936204927,0.05821650825239,                  607P   6989
1.73343129353209,0.1470553630306,0.05932055171194,                   607P   6990
1.73343129353209,0.14988571570392,0.06154533501324,                  607P   6991
1.73343129353209,0.15125565844452,0.06261984638155,                  607P   6992
1.73343129353209,0.1531486423178,0.06457781313029,                   607P   6993
1.73343129353209,0.15375251211504,0.06529154584183,                  607P   6994
1.73343129353209,0.15488762339721,0.06691694118601,                  607P   6995
1.73343129353209,0.15541381613107,0.06782314218696,                  607P   6996
1.73343129353209,0.15612285315248,0.06963627212326,                  607P   6997
1.73343129353209,0.15630569744003,0.07054320105861,                  607P   6998
1.73343129353209,0.15606741493699,0.0721715081404,                   607P   6999
1.73343129353209,0.15560962771881,0.07287651739319,                  607P   7000
1.73343129353209,0.15492343657117,0.0734730099795,                   607P   7001
2.1333356283774,-0.06498878009379,-0.01401032527425,                 607P   7002
2.1333356283774,-0.05940371005834,-0.01332094642926,                 607P   7003
2.1333356283774,-0.05386319814912,-0.01233300436694,                 607P   7004
2.1333356283774,-0.04553629271625,-0.01095144176947,                 607P   7005
2.1333356283774,-0.04275908765974,-0.01050028158845,                 607P   7006
2.1333356283774,-0.03720537512359,-0.00959282065338,                 607P   7007
2.1333356283774,-0.03442914300802,-0.00913474295346,                 607P   7008
2.1333356283774,-0.02610161262874,-0.00775402107538,                 607P   7009
2.1333356283774,-0.02055027319675,-0.00683262281073,                 607P   7010
2.1333356283774,-0.00945067870059,-0.00498287388667,                 607P   7011
2.1333356283774,-0.00390275267389,-0.00405198276253,                 607P   7012
2.1333356283774,0.0071789380713,-0.00212547097857,                   607P   7013
2.1333356283774,0.01271297017964,-0.00113105385892,                  607P   7014
2.1333356283774,0.02376690562053,0.00091247342695,                   607P   7015
2.1333356283774,0.02929058682371,0.00194461123149,                   607P   7016
2.1333356283774,0.03754799176971,0.00361873477449,                   607P   7017
2.1333356283774,0.0402958424995,0.00419970960786,                    607P   7018
2.1333356283774,0.0457721024052,0.00544315135101,                    607P   7019
2.1333356283774,0.04849965068386,0.00610040843973,                   607P   7020
2.1333356283774,0.05256123091738,0.00721886907794,                   607P   7021
2.1333356283774,0.05391048840894,0.00761488616983,                   607P   7022
2.1333356283774,0.05658277668097,0.00846344296229,                   607P   7023
2.1333356283774,0.05790559800972,0.0089106002366,                    607P   7024
2.1333356283774,0.0598678022526,0.00972561426359,                    607P   7025
2.1333356283774,0.06051640877038,0.01001829174895,                   607P   7026
2.1333356283774,0.06177665196816,0.01061856379112,                   607P   7027
2.1333356283774,0.06238651877715,0.01090819618156,                   607P   7028
2.1333356283774,0.06326920965476,0.01148729754885,                   607P   7029
2.1333356283774,0.06355832060687,0.01170572948383,                   607P   7030
2.1333356283774,0.06412571811975,0.01222360743368,                   607P   7031
2.1333356283774,0.06440163525578,0.01252141118083,                   607P   7032
2.1333356283774,0.06482363327876,0.01314616840901,                   607P   7033
2.1333356283774,0.0649697141657,0.01347312189004,                    607P   7034
2.1333356283774,0.06501776668226,0.01410759877543,                   607P   7035
2.1333356283774,0.06490449070247,0.01441200967299,                   607P   7036
2.1333356283774,0.06469567920652,0.01469456507772,2.2,               607P   7037
-0.04980973490459,-0.00435778713738,2.2,-0.04558012178379,           607P   7038
-0.00435927829433,2.2,-0.04135683041184,-0.004134844994,2.2,         607P   7039
-0.03501974957256,-0.00387669916574,2.2,-0.032907180887,             607P   7040
-0.00379813274078,2.2,-0.02868213460311,-0.00363787906934,2.2,       607P   7041
-0.02656969550689,-0.00355482642859,2.2,-0.02023249003118,           607P   7042
-0.00330175690836,2.2,-0.01600765624537,-0.00313377856044,2.2,       607P   7043
-0.00755814148935,-0.00279492543619,2.2,-0.00333348326528,           607P   7044
-0.00262208995876,2.2,0.00511369684395,-0.00222858320187,2.2,        607P   7045
0.00933621132395,-0.00200877076174,2.2,0.01777879665807,             607P   7046
-0.00152780133709,2.2,0.02200002803646,-0.00127962511119,2.2,        607P   7047
0.02832476861129,-0.00081040077054,2.2,0.030432081111,               607P   7048
-0.00063638179118,2.2,0.03464047647649,-0.00022542924319,2.2,        607P   7049
0.03674042601714,0.00000769308256,2.2,0.03988097567805,              607P   7050
0.00045944399183,2.2,0.04092663106778,0.00062782838223,2.2,          607P   7051
0.04300377347739,0.00100936473094,2.2,0.04403460198241,              607P   7052
0.00121851623685,2.2,0.04557794985437,0.00164214355444,2.2,          607P   7053
0.04609029606303,0.00179956568469,2.2,0.04708880075876,              607P   7054
0.00212903040408,2.2,0.04757196230364,0.00228782284281,2.2,          607P   7055
0.04828623653296,0.00263706625109,2.2,0.0485228769345,               607P   7056
0.00277293115152,2.2,0.04899563610918,0.00310618506827,2.2,          607P   7057
0.04922983210341,0.00330256850789,2.2,0.04960398049637,              607P   7058
0.00372922305766,2.2,0.04974393289511,0.00395949416781,2.2,          607P   7059
0.04983971768785,0.00442829876667,2.2,0.04978387200632,              607P   7060
0.00466592959887,2.2,0.04965464007911,0.004896151425,0.,1.,0.,       607P   7061
1.;                                                                  607P   7062
508,5,0,583,7,0,0,0,583,9,0,0,0,583,3,0,0,0,583,1,1,0,0,583,4,1,     609P   7063
0;                                                                   609P   7064
510,607,1,1,609;                                                     611P   7065
116,-0.,0.,-0.09;                                                    613P   7066
123,0.,0.,1.;                                                        615P   7067
123,-1.,0.,0.;                                                       617P   7068
192,613,615,0.25,617;                                                619P   7069
508,3,0,583,5,1,0,0,583,8,1,0,0,583,9,1,0;                           621P   7070
510,619,1,1,621;                                                     623P   7071
514,5,587,1,599,1,605,1,611,1,623,1;                                 625P   7072
186,625,1,0;                                                         627P   7073
128,35,7,3,3,0,0,1,0,0,0.,0.,0.,0.,0.125,0.125,0.1875,0.1875,        629P   7074
0.25,0.25,0.375,0.375,0.5,0.5,0.625,0.625,0.75,0.75,0.8125,          629P   7075
0.8125,0.875,0.875,0.90625,0.90625,0.9375,0.9375,0.953125,           629P   7076
0.953125,0.96875,0.96875,0.9765625,0.9765625,0.984375,0.984375,      629P   7077
0.9921875,0.9921875,1.,1.,1.,1.,0.,0.,0.,0.,0.12510912366808,        629P   7078
0.2250919717594,0.40008465254659,0.89999363302674,1.,1.,1.,1.,       629P   7079
1.,1.,1.,1.,1.,1.,1.,1.,1.,1.,1.,1.,1.,1.,1.,1.,1.,1.,1.,1.,1.,      629P   7080
1.,1.,1.,1.,1.,1.,1.,1.,1.,1.,1.,1.,1.,1.,1.,1.,1.,1.,1.,1.,1.,      629P   7081
1.,1.,1.,1.,1.,1.,1.,1.,1.,1.,1.,1.,1.,1.,1.,1.,1.,1.,1.,1.,1.,      629P   7082
1.,1.,1.,1.,1.,1.,1.,1.,1.,1.,1.,1.,1.,1.,1.,1.,1.,1.,1.,1.,1.,      629P   7083
1.,1.,1.,1.,1.,1.,1.,1.,1.,1.,1.,1.,1.,1.,1.,1.,1.,1.,1.,1.,1.,      629P   7084
1.,1.,1.,1.,1.,1.,1.,1.,1.,1.,1.,1.,1.,1.,1.,1.,1.,1.,1.,1.,1.,      629P   7085
1.,1.,1.,1.,1.,1.,1.,1.,1.,1.,1.,1.,1.,1.,1.,1.,1.,1.,1.,1.,1.,      629P   7086
1.,1.,1.,1.,1.,1.,1.,1.,1.,1.,1.,1.,1.,1.,1.,1.,1.,1.,1.,1.,1.,      629P   7087
1.,1.,1.,1.,1.,1.,1.,1.,1.,1.,1.,1.,1.,1.,1.,1.,1.,1.,1.,1.,1.,      629P   7088
1.,1.,1.,1.,1.,1.,1.,1.,1.,1.,1.,1.,1.,1.,1.,1.,1.,1.,1.,1.,1.,      629P   7089
1.,1.,1.,1.,1.,1.,1.,1.,1.,1.,1.,1.,1.,1.,1.,1.,1.,1.,1.,1.,1.,      629P   7090
1.,1.,1.,1.,1.,1.,1.,1.,1.,1.,1.,1.,1.,1.,1.,1.,1.,1.,1.,1.,1.,      629P   7091
1.,1.,1.,1.,1.,1.,1.,1.,1.,1.,1.,1.,1.,1.,1.,1.,1.,1.,1.,1.,1.,      629P   7092
1.,1.,1.,1.,1.,1.,1.,1.,1.,1.,1.,1.,1.,1.,1.,0.2,-0.05,-0.0866,      629P   7093
0.2,-0.03865124966663,-0.09314478847008,0.2,-0.0260193086346,        629P   7094
-0.09737264272902,0.2,-0.00655748155309,-0.10001012892857,0.2,       629P   7095
0.0000138479592,-0.10026723171886,0.2,0.01307204493032,              629P   7096
-0.09940175132818,0.2,0.0195591366602,-0.09830147362635,0.2,         629P   7097
0.03852396416518,-0.09321137903041,0.2,0.05049377459401,             629P   7098
-0.08732579559544,0.2,0.0712448724791,-0.07136842553244,0.2,         629P   7099
0.08005759806113,-0.06135064140544,0.2,0.09308462404973,             629P   7100
-0.03864455625497,0.2,0.09747884524434,-0.02604907134901,0.2,        629P   7101
0.10083274244388,-0.00007985607705,0.2,0.09993944266365,             629P   7102
0.01322792716413,0.2,0.09490737624979,0.03220372869343,0.2,          629P   7103
0.09258515498723,0.03835613388856,0.2,0.08678590541882,              629P   7104
0.05009365883887,0.2,0.08331663113857,0.0556806810347,0.2,           629P   7105
0.07734366910509,0.06347025918798,0.2,0.07522360952748,              629P   7106
0.06596774344394,0.2,0.07074806791461,0.0707428729174,0.2,           629P   7107
0.06839280573193,0.07302067415275,0.2,0.06470180682106,              629P   7108
0.07625718762736,0.2,0.0634451229113,0.07730599405583,0.2,           629P   7109
0.06088207511741,0.07934095359891,0.2,0.05957571123329,              629P   7110
0.08032710671353,0.2,0.05758117185478,0.08175740350927,0.2,          629P   7111
0.05691049313656,0.08222601362849,0.2,0.05555784892074,              629P   7112
0.08314659909307,0.2,0.05487588342315,0.08359857443842,0.2,          629P   7113
0.05350104338667,0.08448556654015,0.2,0.05280816884778,              629P   7114
0.08492058329652,0.2,0.05141188846679,0.08577333440513,0.2,          629P   7115
0.05070848262468,0.08619106875738,0.2,0.05,0.0866,                   629P   7116
0.28330729477906,-0.0479169280227,-0.08498276637683,                 629P   7117
0.28330729477906,-0.03954872922747,-0.08585432997218,                629P   7118
0.28330729477906,-0.03060476802401,-0.08530824036098,                629P   7119
0.28330729477906,-0.01684190309686,-0.08241173913382,                629P   7120
0.28330729477906,-0.01220122571047,-0.08109493073945,                629P   7121
0.28330729477906,-0.0029701584618,-0.07767365715672,                 629P   7122
0.28330729477906,0.0016194189473,-0.07558131732232,                  629P   7123
0.28330729477906,0.01510251904023,-0.06828287277544,                 629P   7124
0.28330729477906,0.02370797084416,-0.06199719385679,                 629P   7125
0.28330729477906,0.03909963016489,-0.04703881846126,                 629P   7126
0.28330729477906,0.04590241943107,-0.03839603428504,                 629P   7127
0.28330729477906,0.05685394682062,-0.01956843662887,                 629P   7128
0.28330729477906,0.06110580346486,-0.00943691199672,                 629P   7129
0.28330729477906,0.06648319022098,0.01128659195347,                  629P   7130
0.28330729477906,0.06770180893041,0.02183594201632,                  629P   7131
0.28330729477906,0.06735677447634,0.03713682853039,                  629P   7132
0.28330729477906,0.0668619139126,0.04214588208171,                   629P   7133
0.28330729477906,0.06516871335295,0.05186471919238,                  629P   7134
0.28330729477906,0.06397685999195,0.05657310949785,                  629P   7135
0.28330729477906,0.0616775737644,0.0633383901689,                    629P   7136
0.28330729477906,0.06082501421569,0.06554422313189,                  629P   7137
0.28330729477906,0.05894909785534,0.06984112217211,                  629P   7138
0.28330729477906,0.05792827487822,0.07193003566695,                  629P   7139
0.28330729477906,0.05623134174917,0.07500810457038,                  629P   7140
0.28330729477906,0.05563877524765,0.07602287053084,                  629P   7141
0.28330729477906,0.05440368594616,0.07800555750632,                  629P   7142
0.28330729477906,0.05376877426642,0.07896550281654,                  629P   7143
0.28330729477906,0.05271669148197,0.08042032433763,                  629P   7144
0.28330729477906,0.05234887357434,0.08090836997084,                  629P   7145
0.28330729477906,0.05156498172371,0.08190225474794,                  629P   7146
0.28330729477906,0.05114872413087,0.0824063425855,                   629P   7147
0.28330729477906,0.05024476516978,0.08335636304002,                  629P   7148
0.28330729477906,0.04975706380152,0.08380229565699,                  629P   7149
0.28330729477906,0.0486873968492,0.08456355955173,                   629P   7150
0.28330729477906,0.04810079754057,0.08487059133402,                  629P   7151
0.28330729477906,0.04748335996211,0.08511967130315,                  629P   7152
0.43319087396156,-0.04416913757434,-0.08207309604775,                629P   7153
0.43319087396156,-0.04116344315113,-0.07273759131868,                629P   7154
0.43319087396156,-0.03885476662622,-0.0636023884015,                 629P   7155
0.43319087396156,-0.03534527563932,-0.05074933001009,                629P   7156
0.43319087396156,-0.03417816022076,-0.04660079550702,                629P   7157
0.43319087396156,-0.03183273128645,-0.03858122795386,                629P   7158
0.43319087396156,-0.03065709546195,-0.03470400453158,                629P   7159
0.43319087396156,-0.02703652813764,-0.0234323737756,                 629P   7160
0.43319087396156,-0.02448411302984,-0.0164268570172,                 629P   7161
0.43319087396156,-0.01873496864811,-0.00326583798454,                629P   7162
0.43319087396156,-0.01554838669905,0.00290309423736,                 629P   7163
0.43319087396156,-0.00833102399987,0.0147526524673,                  629P   7164
0.43319087396156,-0.00433530468926,0.02045110571259,                 629P   7165
0.43319087396156,0.00468267390199,0.0317367088121,                   629P   7166
0.43319087396156,0.00970098269872,0.03732318210885,                  629P   7167
0.43319087396156,0.01778869267284,0.04601228970087,                  629P   7168
0.43319087396156,0.02058155574391,0.04896426485236,                  629P   7169
0.43319087396156,0.02627581535042,0.05505114920954,                  629P   7170
0.43319087396156,0.02918141827567,0.05817873566272,                  629P   7171
0.43319087396156,0.03349168142802,0.06310113602908,                  629P   7172
0.43319087396156,0.03491956372355,0.06478224015795,                  629P   7173
0.43319087396156,0.03772080244807,0.06821872368237,                  629P   7174
0.43319087396156,0.03910085594715,0.06996779694248,                  629P   7175
0.43319087396156,0.0409915764239,0.07276079789966,                   629P   7176
0.43319087396156,0.04159386680027,0.07371431943733,                  629P   7177
0.43319087396156,0.04274799410189,0.07560295943235,                  629P   7178
0.43319087396156,0.04332113580944,0.07651575257496,                  629P   7179
0.43319087396156,0.04396468805809,0.07801469812653,                  629P   7180
0.43319087396156,0.04414176675774,0.07853771145864,                  629P   7181
0.43319087396156,0.04438115432566,0.07966347380232,                  629P   7182
0.43319087396156,0.04444294912772,0.08026132061827,                  629P   7183
0.43319087396156,0.0443861829741,0.08132473948685,                   629P   7184
0.43319087396156,0.04426762201843,0.08179031153948,                  629P   7185
0.43319087396156,0.04378558655541,0.08238697482989,                  629P   7186
0.43319087396156,0.04340914148782,0.08249483440939,                  629P   7187
0.43319087396156,0.04295550898107,0.08245631554254,                  629P   7188
0.70004750435883,-0.07346272610197,-0.10483036189092,                629P   7189
0.70004750435883,-0.06590754906372,-0.09776145869731,                629P   7190
0.70004750435883,-0.05865520961711,-0.09014553578701,                629P   7191
0.70004750435883,-0.0475845567662,-0.07850309821927,                 629P   7192
0.70004750435883,-0.04387284076852,-0.07457706569575,                629P   7193
0.70004750435883,-0.03646286004172,-0.06659529834135,                629P   7194
0.70004750435883,-0.03276710858152,-0.06253954902334,                629P   7195
0.70004750435883,-0.02173211247534,-0.05020429297748,                629P   7196
0.70004750435883,-0.01443510785973,-0.04175597744364,                629P   7197
0.70004750435883,-0.00013558835823,-0.02447572131277,                629P   7198
0.70004750435883,0.00686618801601,-0.01564569246082,                 629P   7199
0.70004750435883,0.02036296512026,0.00232633057602,                  629P   7200
0.70004750435883,0.02687581861018,0.01145857386594,                  629P   7201
0.70004750435883,0.03933025336866,0.02985294258016,                  629P   7202
0.70004750435883,0.04531047305791,0.03909117181412,                  629P   7203
0.70004750435883,0.05375949082063,0.05299583211273,                  629P   7204
0.70004750435883,0.05648402634313,0.05764052097519,                  629P   7205
0.70004750435883,0.06170481122156,0.06696423233446,                  629P   7206
0.70004750435883,0.06420692163128,0.07163549505534,                  629P   7207
0.70004750435883,0.06769096658184,0.07872926837003,                  629P   7208
0.70004750435883,0.06880651699138,0.08111017407381,                  629P   7209
0.70004750435883,0.07091330310039,0.08589543545021,                  629P   7210
0.70004750435883,0.0719107921813,0.08829244160867,                   629P   7211
0.70004750435883,0.07318908185734,0.09203588477339,                  629P   7212
0.70004750435883,0.07358016677674,0.09330217343814,                  629P   7213
0.70004750435883,0.07429094772636,0.09580416840259,                  629P   7214
0.70004750435883,0.0746300316161,0.09701400671529,                   629P   7215
0.70004750435883,0.07491809885269,0.09897665274779,                  629P   7216
0.70004750435883,0.07497610873895,0.09965750023393,                  629P   7217
0.70004750435883,0.07497881399416,0.10111163812381,                  629P   7218
0.70004750435883,0.0749223658243,0.10187989326908,                   629P   7219
0.70004750435883,0.07460171032247,0.10329635800728,                  629P   7220
0.70004750435883,0.07433750299051,0.10394456760022,                  629P   7221
0.70004750435883,0.07350917159729,0.1049185232808,                   629P   7222
0.70004750435883,0.07292867074998,0.10522171543006,                  629P   7223
0.70004750435883,0.07224794321326,0.10537969977691,                  629P   7224
1.21655658001742,-0.20962655838907,-0.18791876501529,                629P   7225
1.21655658001742,-0.19118185080564,-0.17236729249274,                629P   7226
1.21655658001742,-0.17368519829682,-0.15601419075597,                629P   7227
1.21655658001742,-0.14720134941705,-0.13218760129081,                629P   7228
1.21655658001742,-0.13835391468212,-0.12433771192303,                629P   7229
1.21655658001742,-0.12066254287903,-0.10875368799065,                629P   7230
1.21655658001742,-0.11182362819219,-0.10101129321699,                629P   7231
1.21655658001742,-0.08527450379676,-0.0779348302694,                 629P   7232
1.21655658001742,-0.06750898636414,-0.06278831480486,                629P   7233
1.21655658001742,-0.03168885336068,-0.03287638099163,                629P   7234
1.21655658001742,-0.0136442277996,-0.0180969185191,                  629P   7235
1.21655658001742,0.02269888002585,0.01142379008145,                  629P   7236
1.21655658001742,0.04098343197565,0.026169782873,                    629P   7237
1.21655658001742,0.07790658555491,0.05577058835491,                  629P   7238
1.21655658001742,0.09658256363487,0.07057583812928,                  629P   7239
1.21655658001742,0.12456863499787,0.09329856397,                     629P   7240
1.21655658001742,0.13389148091727,0.10096699389207,                  629P   7241
1.21655658001742,0.15239484045696,0.11662539379264,                  629P   7242
1.21655658001742,0.16158286190551,0.12459360313038,                  629P   7243
1.21655658001742,0.17503343734843,0.13703914991855,                  629P   7244
1.21655658001742,0.17946071188982,0.14127486386968,                  629P   7245
1.21655658001742,0.18811391204368,0.14992339579552,                  629P   7246
1.21655658001742,0.19235091275012,0.15431542223758,                  629P   7247
1.21655658001742,0.19831968189092,0.16141705880352,                  629P   7248
1.21655658001742,0.20024477377304,0.16385444294659,                  629P   7249
1.21655658001742,0.20392720075659,0.16871002093152,                  629P   7250
1.21655658001742,0.20571752420055,0.17105651625488,                  629P   7251
1.21655658001742,0.20796568518432,0.17505607590219,                  629P   7252
1.21655658001742,0.2086402137891,0.17647461077588,                   629P   7253
1.21655658001742,0.20977057317111,0.17959515754478,                  629P   7254
1.21655658001742,0.21022108845522,0.18128573878673,                  629P   7255
1.21655658001742,0.21056876664526,0.18449184352622,                  629P   7256
1.21655658001742,0.2104659295512,0.18600736702376,                   629P   7257
1.21655658001742,0.20938287942055,0.18842768281499,                  629P   7258
1.21655658001742,0.20835199502106,0.18928705534992,                  629P   7259
1.21655658001742,0.20700929937868,0.18985382430593,                  629P   7260
1.73343129353209,-0.15604440429345,-0.07191369628394,                629P   7261
1.73343129353209,-0.14232825790234,-0.06707994613744,                629P   7262
1.73343129353209,-0.12888604092974,-0.06151188944744,                629P   7263
1.73343129353209,-0.10862263236643,-0.05339120631356,                629P   7264
1.73343129353209,-0.10185842556719,-0.05070494131481,                629P   7265
1.73343129353209,-0.08833434773829,-0.04531515471648,                629P   7266
1.73343129353209,-0.08157617295351,-0.04260738736694,                629P   7267
1.73343129353209,-0.06130913819867,-0.03446213662394,                629P   7268
1.73343129353209,-0.0478003944562,-0.02902114440944,                 629P   7269
1.73343129353209,-0.02080357705108,-0.01810787677009,                629P   7270
1.73343129353209,-0.00731766979765,-0.01262958301094,                629P   7271
1.73343129353209,0.01956784835747,-0.00150692430859,                 629P   7272
1.73343129353209,0.03296937508154,0.00413416931289,                  629P   7273
1.73343129353209,0.05968820320915,0.01555112421745,                  629P   7274
1.73343129353209,0.07302498334619,0.02128606842401,                  629P   7275
1.73343129353209,0.09287600030743,0.03018810700383,                  629P   7276
1.73343129353209,0.09946629353851,0.03321031702998,                  629P   7277
1.73343129353209,0.1125481831574,0.03944767125969,                   629P   7278
1.73343129353209,0.11904055288063,0.04264921589124,                  629P   7279
1.73343129353209,0.12862718509544,0.04776711587308,                  629P   7280
1.73343129353209,0.13179768223321,0.049528649535,                    629P   7281
1.73343129353209,0.13804011456352,0.05317875527131,                  629P   7282
1.73343129353209,0.14111453413149,0.05505365477416,                  629P   7283
1.73343129353209,0.14558936204927,0.05821650825239,                  629P   7284
1.73343129353209,0.1470553630306,0.05932055171194,                   629P   7285
1.73343129353209,0.14988571570392,0.06154533501324,                  629P   7286
1.73343129353209,0.15125565844452,0.06261984638155,                  629P   7287
1.73343129353209,0.1531486423178,0.06457781313029,                   629P   7288
1.73343129353209,0.15375251211504,0.06529154584183,                  629P   7289
1.73343129353209,0.15488762339721,0.06691694118601,                  629P   7290
1.73343129353209,0.15541381613107,0.06782314218696,                  629P   7291
1.73343129353209,0.15612285315248,0.06963627212326,                  629P   7292
1.73343129353209,0.15630569744003,0.07054320105861,                  629P   7293
1.73343129353209,0.15606741493699,0.0721715081404,                   629P   7294
1.73343129353209,0.15560962771881,0.07287651739319,                  629P   7295
1.73343129353209,0.15492343657117,0.0734730099795,                   629P   7296
2.1333356283774,-0.06498878009379,-0.01401032527425,                 629P   7297
2.1333356283774,-0.05940371005834,-0.01332094642926,                 629P   7298
2.1333356283774,-0.05386319814912,-0.01233300436694,                 629P   7299
2.1333356283774,-0.04553629271625,-0.01095144176947,                 629P   7300
2.1333356283774,-0.04275908765974,-0.01050028158845,                 629P   7301
2.1333356283774,-0.03720537512359,-0.00959282065338,                 629P   7302
2.1333356283774,-0.03442914300802,-0.00913474295346,                 629P   7303
2.1333356283774,-0.02610161262874,-0.00775402107538,                 629P   7304
2.1333356283774,-0.02055027319675,-0.00683262281073,                 629P   7305
2.1333356283774,-0.00945067870059,-0.00498287388667,                 629P   7306
2.1333356283774,-0.00390275267389,-0.00405198276253,                 629P   7307
2.1333356283774,0.0071789380713,-0.00212547097857,                   629P   7308
2.1333356283774,0.01271297017964,-0.00113105385892,                  629P   7309
2.1333356283774,0.02376690562053,0.00091247342695,                   629P   7310
2.1333356283774,0.02929058682371,0.00194461123149,                   629P   7311
2.1333356283774,0.03754799176971,0.00361873477449,                   629P   7312
2.1333356283774,0.0402958424995,0.00419970960786,                    629P   7313
2.1333356283774,0.0457721024052,0.00544315135101,                    629P   7314
2.1333356283774,0.04849965068386,0.00610040843973,                   629P   7315
2.1333356283774,0.05256123091738,0.00721886907794,                   629P   7316
2.1333356283774,0.05391048840894,0.00761488616983,                   629P   7317
2.1333356283774,0.05658277668097,0.00846344296229,                   629P   7318
2.1333356283774,0.05790559800972,0.0089106002366,                    629P   7319
2.1333356283774,0.0598678022526,0.00972561426359,                    629P   7320
2.1333356283774,0.06051640877038,0.01001829174895,                   629P   7321
2.1333356283774,0.06177665196816,0.01061856379112,                   629P   7322
2.1333356283774,0.06238651877715,0.01090819618156,                   629P   7323
2.1333356283774,0.06326920965476,0.01148729754885,                   629P   7324
2.1333356283774,0.06355832060687,0.01170572948383,                   629P   7325
2.1333356283774,0.06412571811975,0.01222360743368,                   629P   7326
2.1333356283774,0.06440163525578,0.01252141118083,                   629P   7327
2.1333356283774,0.06482363327876,0.01314616840901,                   629P   7328
2.1333356283774,0.0649697141657,0.01347312189004,                    629P   7329
2.1333356283774,0.06501776668226,0.01410759877543,                   629P   7330
2.1333356283774,0.06490449070247,0.01441200967299,                   629P   7331
2.1333356283774,0.06469567920652,0.01469456507772,2.2,               629P   7332
-0.04980973490459,-0.00435778713738,2.2,-0.04558012178379,           629P   7333
-0.00435927829433,2.2,-0.04135683041184,-0.004134844994,2.2,         629P   7334
-0.03501974957256,-0.00387669916574,2.2,-0.032907180887,             629P   7335
-0.00379813274078,2.2,-0.02868213460311,-0.00363787906934,2.2,       629P   7336
-0.02656969550689,-0.00355482642859,2.2,-0.02023249003118,           629P   7337
-0.00330175690836,2.2,-0.01600765624537,-0.00313377856044,2.2,       629P   7338
-0.00755814148935,-0.00279492543619,2.2,-0.00333348326528,           629P   7339
-0.00262208995876,2.2,0.00511369684395,-0.00222858320187,2.2,        629P   7340
0.00933621132395,-0.00200877076174,2.2,0.01777879665807,             629P   7341
-0.00152780133709,2.2,0.02200002803646,-0.00127962511119,2.2,        629P   7342
0.02832476861129,-0.00081040077054,2.2,0.030432081111,               629P   7343
-0.00063638179118,2.2,0.03464047647649,-0.00022542924319,2.2,        629P   7344
0.03674042601714,0.00000769308256,2.2,0.03988097567805,              629P   7345
0.00045944399183,2.2,0.04092663106778,0.00062782838223,2.2,          629P   7346
0.04300377347739,0.00100936473094,2.2,0.04403460198241,              629P   7347
0.00121851623685,2.2,0.04557794985437,0.00164214355444,2.2,          629P   7348
0.04609029606303,0.00179956568469,2.2,0.04708880075876,              629P   7349
0.00212903040408,2.2,0.04757196230364,0.00228782284281,2.2,          629P   7350
0.04828623653296,0.00263706625109,2.2,0.0485228769345,               629P   7351
0.00277293115152,2.2,0.04899563610918,0.00310618506827,2.2,          629P   7352
0.04922983210341,0.00330256850789,2.2,0.04960398049637,              629P   7353
0.00372922305766,2.2,0.04974393289511,0.00395949416781,2.2,          629P   7354
0.04983971768785,0.00442829876667,2.2,0.04978387200632,              629P   7355
0.00466592959887,2.2,0.04965464007911,0.004896151425,0.,1.,0.,       629P   7356
1.;                                                                  629P   7357
126,7,3,0,0,1,0,0.02261127718143,0.02261127718143,                   631P   7358
0.02261127718143,0.02261127718143,0.12510912366808,                  631P   7359
0.2250919717594,0.40008465254659,0.89999363302674,1.,1.,1.,1.,       631P   7360
1.,1.,1.,1.,1.,1.,1.,1.,0.24516945310944,-0.04890745609839,          631P   7361
-0.08575179719581,0.31342250766914,-0.04736809639244,                631P   7362
-0.08455675319851,0.44827260528819,-0.04582470082982,                631P   7363
-0.08335925097171,0.70004750435883,-0.07346272610197,                631P   7364
-0.10483036189092,1.21655658001742,-0.20962655838907,                631P   7365
-0.18791876501529,1.73343129353209,-0.15604440429345,                631P   7366
-0.07191369628394,2.1333356283774,-0.06498878009379,                 631P   7367
-0.01401032527425,2.2,-0.04980973490459,-0.00435778713738,           631P   7368
0.02261127718143,1.;                                                 631P   7369
502,6,2.2,0.04965464007911,0.004896151425,0.24516945310944,          633P   7370
-0.04890745609839,-0.08575179719581,2.2,-0.04980973490459,           633P   7371
-0.00435778713738,0.24521620514588,0.04867250490629,                 633P   7372
0.08582500538286,0.25,0.,0.08928802600719,0.25,0.,                   633P   7373
-0.08725304527306;                                                   633P   7374
126,38,2,0,0,1,0,0.,0.,0.,0.07142857142857,0.07142857142857,         635P   7375
0.10714285714286,0.10714285714286,0.14285714285714,                  635P   7376
0.14285714285714,0.19642857142857,0.19642857142857,0.25,0.25,        635P   7377
0.375,0.375,0.5,0.5,0.625,0.625,0.75,0.75,0.875,0.875,0.90625,       635P   7378
0.90625,0.9375,0.9375,0.953125,0.953125,0.959375,0.959375,           635P   7379
0.96875,0.96875,0.9765625,0.9765625,0.984375,0.984375,0.9921875,     635P   7380
0.9921875,1.,1.,1.,1.,1.,1.,1.,1.,1.,1.,1.,1.,1.,1.,1.,1.,1.,1.,     635P   7381
1.,1.,1.,1.,1.,1.,1.,1.,1.,1.,1.,1.,1.,1.,1.,1.,1.,1.,1.,1.,1.,      635P   7382
1.,1.,1.,2.2,-0.04980973490459,-0.00435778713738,2.2,                635P   7383
-0.046852685539,-0.00435882964992,2.2,-0.04256372474994,             635P   7384
-0.00419023228771,2.2,-0.04173004755799,-0.00415746076509,2.2,       635P   7385
-0.03894265080086,-0.0040384270646,2.2,-0.03719466473131,            635P   7386
-0.00396378062263,2.2,-0.03532147021167,-0.00389061328992,2.2,       635P   7387
-0.03260547950864,-0.00378452617868,2.2,-0.02988929421298,           635P   7388
-0.003683543934,2.2,-0.02849362808908,-0.00363165590625,2.2,         635P   7389
-0.02445729368165,-0.00347046992185,2.2,-0.01812009663804,           635P   7390
-0.00321740185545,2.2,-0.01178289886736,-0.00296435199831,2.2,       635P   7391
-0.00406609046499,-0.00265621308037,2.2,0.00089010678934,            635P   7392
-0.00242533658032,2.2,0.00710982628465,-0.00213560092317,2.2,        635P   7393
0.01355750399101,-0.00176828604941,2.2,0.02155186877019,             635P   7394
-0.00131285865007,2.2,0.02621652175301,-0.00096680888409,2.2,        635P   7395
0.03395770741147,-0.00039252490298,2.2,0.03883412579108,             635P   7396
0.00030886035541,2.2,0.04047436193758,0.00054477888493,2.2,          635P   7397
0.04196520227259,0.00081859655659,2.2,0.04381549281675,              635P   7398
0.00115843324922,2.2,0.04506350056371,0.00150093444858,2.2,          635P   7399
0.04578650421875,0.00169935438595,2.2,0.0465895484109,               635P   7400
0.00196429804438,2.2,0.04693692261519,0.00207890517738,2.2,          635P   7401
0.04718181290692,0.00216557981688,2.2,0.04768865081326,              635P   7402
0.00234496623725,2.2,0.04804814512318,0.00252065178167,2.2,          635P   7403
0.04842857682835,0.00270656947045,2.2,0.04875925652184,              635P   7404
0.0029395581099,2.2,0.04915699243658,0.00321979288529,2.2,           635P   7405
0.04941690629989,0.00351589578278,2.2,0.04972446014555,              635P   7406
0.00386627180226,2.2,0.04979182529148,0.00419389646724,2.2,          635P   7407
0.04986073019636,0.00452900961906,2.2,0.04965464007911,              635P   7408
0.004896151425,0.,1.;                                                635P   7409
126,7,3,0,0,1,0,0.02263468020191,0.02263468020191,                   637P   7410
0.02263468020191,0.02263468020191,0.12510912366808,                  637P   7411
0.2250919717594,0.40008465254659,0.89999363302674,1.,1.,1.,1.,       637P   7412
1.,1.,1.,1.,1.,1.,1.,1.,0.24521620514588,0.04867250490629,           637P   7413
0.08582500538286,0.31345368002243,0.04678517119413,                  637P   7414
0.08474137338278,0.44828821511263,0.0446127204661,                   637P   7415
0.08375319975939,0.70004750435883,0.07224794321326,                  637P   7416
0.10537969977691,1.21655658001742,0.20700929937868,                  637P   7417
0.18985382430593,1.73343129353209,0.15492343657117,                  637P   7418
0.0734730099795,2.1333356283774,0.06469567920652,                    637P   7419
0.01469456507772,2.2,0.04965464007911,0.004896151425,                637P   7420
0.02263468020191,1.;                                                 637P   7421
126,24,2,0,0,1,0,0.,0.,0.,0.0125,0.0125,0.021875,0.021875,           639P   7422
0.03125,0.03125,0.0625,0.0625,0.125,0.125,0.25,0.25,0.375,0.375,     639P   7423
0.5,0.5,0.75,0.75,0.875,0.875,0.9375,0.9375,1.,1.,1.,1.,1.,1.,       639P   7424
1.,1.,1.,1.,1.,1.,1.,1.,1.,1.,1.,1.,1.,1.,1.,1.,1.,1.,1.,1.,1.,      639P   7425
1.,2.2,0.04965464007911,0.004896151425,2.2,0.04937809059558,         639P   7426
0.00538881394646,2.2,0.04869384395252,0.00586514461619,2.2,          639P   7427
0.04831241113226,0.00613067482021,2.2,0.04784505498085,              639P   7428
0.00634203493062,2.2,0.04750934991895,0.00649385631723,2.2,          639P   7429
0.04697538680083,0.00667975848536,2.2,0.04536888468422,              639P   7430
0.00723907094806,2.2,0.04391911235783,0.00755960403167,2.2,          639P   7431
0.04129089247756,0.00814068245846,2.2,0.03764987005247,              639P   7432
0.00848908714099,2.2,0.03199378008704,0.00903031100579,2.2,          639P   7433
0.02497749378333,0.0088505365089,2.2,0.01905786486213,               639P   7434
0.00869886106907,2.2,0.01232312826764,0.00800717338182,2.2,          639P   7435
0.00661698841853,0.00742112719873,2.2,-0.00025621983728,             639P   7436
0.00638019553481,2.2,-0.01225565148061,0.00456290906804,2.2,         639P   7437
-0.02520181892676,0.00178255040378,2.2,-0.0307507934569,             639P   7438
0.00059083559886,2.2,-0.03756139703658,-0.00106737222437,2.2,        639P   7439
-0.04150389172175,-0.00202726886988,2.2,-0.04371401738906,           639P   7440
-0.00260808487382,2.2,-0.04711219416631,-0.0035011180102,2.2,        639P   7441
-0.04980973490459,-0.00435778713738,0.,1.;                           639P   7442
126,11,3,0,0,1,0,0.,0.,0.,0.,0.01241227812861,0.01241227812861,      641P   7443
0.02482455625722,0.02482455625722,0.03103069532153,                  641P   7444
0.03103069532153,0.03723683438583,0.03723683438583,                  641P   7445
0.04964911251445,0.04964911251445,0.04964911251445,                  641P   7446
0.04964911251445,1.,1.,1.,1.,1.,1.,1.,1.,1.,1.,1.,1.,                641P   7447
0.24516945310944,-0.04890745609839,-0.08575179719581,                641P   7448
0.24594545516446,-0.04501741530263,-0.08712467524297,                641P   7449
0.24664003675068,-0.04105268954174,-0.08813824758957,                641P   7450
0.2478477968645,-0.03298637046418,-0.08953437347335,                 641P   7451
0.24836105138349,-0.02888469693258,-0.08991640176452,                641P   7452
0.24898211935547,-0.02263379401597,-0.09005150221162,                641P   7453
0.24916235420863,-0.02055332516499,-0.09002279674537,                641P   7454
0.24946957767282,-0.01640877039478,-0.08982995429015,                641P   7455
0.24959674374015,-0.01434287153645,-0.08966550088571,                641P   7456
0.24990070126255,-0.00816390267425,-0.08897244013035,0.25,           641P   7457
-0.00406972306543,-0.08824271104786,0.25,0.,-0.08725304527306,       641P   7458
0.,0.04964911251445;                                                 641P   7459
126,61,3,0,0,1,0,0.,0.,0.,0.,0.01448430925724,0.01448430925724,      643P   7460
0.01810538657155,0.01810538657155,0.02172646388586,                  643P   7461
0.02172646388586,0.02896861851448,0.02896861851448,                  643P   7462
0.04345292777172,0.04345292777172,0.05069508240034,                  643P   7463
0.05069508240034,0.05431615971465,0.05431615971465,                  643P   7464
0.05793723702897,0.05793723702897,0.07242154628621,                  643P   7465
0.07242154628621,0.08690585554345,0.08690585554345,                  643P   7466
0.09052693285776,0.09052693285776,0.09414801017207,                  643P   7467
0.09414801017207,0.10139016480069,0.10139016480069,                  643P   7468
0.11587447405793,0.11587447405793,0.11949555137224,                  643P   7469
0.11949555137224,0.12311662868655,0.12311662868655,                  643P   7470
0.13035878331517,0.13035878331517,0.14484309257241,                  643P   7471
0.14484309257241,0.15208524720103,0.15208524720103,                  643P   7472
0.15932740182965,0.15932740182965,0.16656955645827,                  643P   7473
0.16656955645827,0.17381171108689,0.17381171108689,                  643P   7474
0.1774327884012,0.1774327884012,0.18105386571551,                    643P   7475
0.18105386571551,0.18829602034414,0.18829602034414,                  643P   7476
0.20278032960138,0.20278032960138,0.21002248423,0.21002248423,       643P   7477
0.21364356154431,0.21364356154431,0.21726463885862,                  643P   7478
0.21726463885862,0.23174894811586,0.23174894811586,                  643P   7479
0.23174894811586,0.23174894811586,1.,1.,1.,1.,1.,1.,1.,1.,1.,1.,     643P   7480
1.,1.,1.,1.,1.,1.,1.,1.,1.,1.,1.,1.,1.,1.,1.,1.,1.,1.,1.,1.,1.,      643P   7481
1.,1.,1.,1.,1.,1.,1.,1.,1.,1.,1.,1.,1.,1.,1.,1.,1.,1.,1.,1.,1.,      643P   7482
1.,1.,1.,1.,1.,1.,1.,1.,1.,1.,0.25,0.,0.08928802600719,0.25,         643P   7483
-0.00474150452424,0.08828196214477,0.24986557132641,                 643P   7484
-0.00937657331567,0.08693625042763,0.24954868574265,                 643P   7485
-0.01505817669756,0.08489675122088,0.2494777427761,                  643P   7486
-0.01619021821647,0.08447053284511,0.24932181993401,                 643P   7487
-0.01843630687926,0.08358374080712,0.24923695785273,                 643P   7488
-0.01954899354881,0.08312371815243,0.24896274841049,                 643P   7489
-0.02285710256596,0.08169549683138,0.24875379085974,                 643P   7490
-0.02502264542709,0.08067926738293,0.24805644363014,                 643P   7491
-0.03140582396001,0.07744731366,0.24749755583608,                    643P   7492
-0.03551097924665,0.07505003120582,0.24654822604029,                 643P   7493
-0.04144863911345,0.07109282063759,0.2462132740358,                  643P   7494
-0.04339093357284,0.06971310509391,0.24568703117181,                 643P   7495
-0.04624737907079,0.06754885326773,0.24550740340102,                 643P   7496
-0.04719122072277,0.06681043116151,0.24514291926708,                 643P   7497
-0.04904941968292,0.06531120262527,0.24495791087133,                 643P   7498
-0.04996468644573,0.06454962806714,0.24402109244928,                 643P   7499
-0.05447269298423,0.06068225487875,0.24323370057934,                 643P   7500
-0.05786227538769,0.05739967056274,0.24163839536045,                 643P   7501
-0.06419939172754,0.05043711517603,0.24083011730081,                 643P   7502
-0.06714722674423,0.04675749942252,0.23984883176394,                 643P   7503
-0.07051972325266,0.04186749707667,0.23965420511024,                 643P   7504
-0.07117803774248,0.04087441454785,0.23926830737686,                 643P   7505
-0.07246466841781,0.03886022055443,0.23907720611101,                 643P   7506
-0.07309236287907,0.0378395421175,0.23851507961375,                  643P   7507
-0.07491443632048,0.03475709095303,0.23815377145851,                 643P   7508
-0.07605274763445,0.0326675116738,0.23712365410164,                  643P   7509
-0.07922960176683,0.02628924054945,0.23650823778637,                 643P   7510
-0.0810320097641,0.02189190667186,0.23587835761415,                  643P   7511
-0.08283445074938,0.01618264874336,0.23575938314786,                 643P   7512
-0.08317225673574,0.0150300972681,0.23553683139272,                  643P   7513
-0.08380043013166,0.01270250978056,0.23543302807328,                 643P   7514
-0.08409142514538,0.011524338407,0.23514943077913,                   643P   7515
-0.08488261993598,0.00798769532137,0.23499715180397,                 643P   7516
-0.08530214718086,0.0056222564192,0.23464469073246,                  643P   7517
-0.08626899668848,-0.00149492275176,0.23455148565202,                643P   7518
-0.08651947860687,-0.00626790848178,0.23462405161004,                643P   7519
-0.08632241485316,-0.01346851872112,0.23468360568919,                643P   7520
-0.08616078397082,-0.01587673374445,0.23487240273296,                643P   7521
-0.08564478914792,-0.02070239686533,0.23500034057967,                643P   7522
-0.08529394693731,-0.02308829069597,0.23531690011853,                643P   7523
-0.08441666882382,-0.02780937946722,0.23550560999247,                643P   7524
-0.08389001136965,-0.03014450939397,0.23594060280816,                643P   7525
-0.08265868552092,-0.03476372768994,0.23618624397751,                643P   7526
-0.08195577528925,-0.0370483267665,0.23659106870962,                 643P   7527
-0.08077647518743,-0.04043976656729,0.23673207661216,                643P   7528
-0.0803625174848,-0.04156432710324,0.23702531616126,                 643P   7529
-0.0794934576695,-0.04380183828579,0.23717782630273,                 643P   7530
-0.07903750952484,-0.04491670183571,0.23764845456867,                643P   7531
-0.07761577705228,-0.04822723967623,0.23797946873418,                643P   7532
-0.07659681079502,-0.05038866992857,0.23901219672503,                643P   7533
-0.07333734157002,-0.05674481922841,0.23975316182361,                643P   7534
-0.0708967140193,-0.06081293603556,0.24090475572657,                 643P   7535
-0.06683471653349,-0.06666823827272,0.24129530278894,                643P   7536
-0.06541369634514,-0.06857875511689,0.24188635997886,                643P   7537
-0.06317897245572,-0.071381913623,0.24208412590984,                  643P   7538
-0.06241727101299,-0.07230519148,0.24247855485149,                   643P   7539
-0.06086698756612,-0.07412107041649,0.24267546596653,                643P   7540
-0.06007747644216,-0.07501485404714,0.24365658592181,                643P   7541
-0.05605735866626,-0.07941272286937,0.24443052244199,                643P   7542
-0.05261166077552,-0.08270622134662,0.24516945310944,                643P   7543
-0.04890745609839,-0.08575179719581,0.,0.23174894811586;             643P   7544
126,65,3,0,0,1,0,0.,0.,0.,0.,0.01436903305942,0.01436903305942,      645P   7545
0.02873806611884,0.02873806611884,0.04310709917826,                  645P   7546
0.04310709917826,0.05029161570798,0.05029161570798,                  645P   7547
0.05388387397283,0.05388387397283,0.05747613223769,                  645P   7548
0.05747613223769,0.07184516529711,0.07184516529711,                  645P   7549
0.08621419835653,0.08621419835653,0.09339871488624,                  645P   7550
0.09339871488624,0.0969909731511,0.0969909731511,                    645P   7551
0.10058323141595,0.10058323141595,0.11495226447537,                  645P   7552
0.11495226447537,0.12213678100508,0.12213678100508,                  645P   7553
0.12572903926994,0.12572903926994,0.12932129753479,                  645P   7554
0.12932129753479,0.14369033059422,0.14369033059422,                  645P   7555
0.15087484712393,0.15087484712393,0.15446710538878,                  645P   7556
0.15446710538878,0.15805936365364,0.15805936365364,                  645P   7557
0.16524388018335,0.16524388018335,0.17242839671306,                  645P   7558
0.17242839671306,0.17961291324277,0.17961291324277,                  645P   7559
0.18320517150763,0.18320517150763,0.18679742977248,                  645P   7560
0.18679742977248,0.2011664628319,0.2011664628319,                    645P   7561
0.20835097936161,0.20835097936161,0.21194323762647,                  645P   7562
0.21194323762647,0.21553549589132,0.21553549589132,                  645P   7563
0.22272001242104,0.22272001242104,0.22631227068589,                  645P   7564
0.22631227068589,0.22810839981832,0.22810839981832,                  645P   7565
0.22990452895075,0.22990452895075,0.22990452895075,                  645P   7566
0.22990452895075,1.,1.,1.,1.,1.,1.,1.,1.,1.,1.,1.,1.,1.,1.,1.,       645P   7567
1.,1.,1.,1.,1.,1.,1.,1.,1.,1.,1.,1.,1.,1.,1.,1.,1.,1.,1.,1.,1.,      645P   7568
1.,1.,1.,1.,1.,1.,1.,1.,1.,1.,1.,1.,1.,1.,1.,1.,1.,1.,1.,1.,1.,      645P   7569
1.,1.,1.,1.,1.,1.,1.,1.,1.,0.25,0.,-0.08725304527306,0.25,           645P   7570
0.00466523802012,-0.08611856355881,0.24986982099243,                 645P   7571
0.00923031859724,-0.08467288712091,0.24937777912024,                 645P   7572
0.01818926895878,-0.08126137678287,0.24901984472916,                 645P   7573
0.02251285145389,-0.07930999642563,0.24812099823849,                 645P   7574
0.03088173865983,-0.07496514696206,0.2475797606613,                  645P   7575
0.03492721867533,-0.07257205169973,0.24665801518305,                 645P   7576
0.04078891601077,-0.06864871016521,0.24633245095445,                 645P   7577
0.04270816060165,-0.06728490824753,0.24582036404928,                 645P   7578
0.04553311391152,-0.06515102196533,0.24564568201586,                 645P   7579
0.04646594919343,-0.06442532957833,0.24528892139183,                 645P   7580
0.0483138755423,-0.06294483137883,0.24510690809102,                  645P   7581
0.04922851865699,-0.06219024083539,0.24418616067419,                 645P   7582
0.05372721865876,-0.05836821625728,0.24341053351478,                 645P   7583
0.05711359433319,-0.05513608519588,0.24183671831262,                 645P   7584
0.06344802723005,-0.04829938819992,0.24103820508312,                 645P   7585
0.06639633261803,-0.04469510676119,0.23987375348208,                 645P   7586
0.07044540236328,-0.03895997385947,0.23949072910406,                 645P   7587
0.07173449868259,-0.03699498075816,0.23892880345811,                 645P   7588
0.07357607481433,-0.03396548150265,0.23874332907467,                 645P   7589
0.0741754136013,-0.03293957111149,0.2383799674528,                   645P   7590
0.07533498707626,-0.03086932251606,0.23820224603965,                 645P   7591
0.07589473551115,-0.02982605437839,0.23733628237912,                 645P   7592
0.07859149707633,-0.02456794925584,0.23671565890684,                 645P   7593
0.08042460911358,-0.02022863663748,0.23595112374681,                 645P   7594
0.08262973092845,-0.01349085287612,0.23572407343203,                 645P   7595
0.08327362121042,-0.01120663165027,0.23543308529375,                 645P   7596
0.08409129589491,-0.00771749323287,0.23534433352013,                 645P   7597
0.0843392003489,-0.00654090798987,0.23518419464261,                  645P   7598
0.08478473108899,-0.00418221294341,0.23511299542692,                 645P   7599
0.08498183838527,-0.00300196718633,0.23480140230703,                 645P   7600
0.08584193065162,0.00290366476209,0.23469457965305,                  645P   7601
0.086130502751,0.00764220475732,0.23474415678927,                    645P   7602
0.08599525079306,0.01477005365354,0.23479557719919,                  645P   7603
0.08585510750247,0.01714935392379,0.23492406547832,                  645P   7604
0.08550262626539,0.02072330918939,0.23497556683074,                  645P   7605
0.08536107820081,0.02191767051878,0.23509494697818,                  645P   7606
0.08503173868833,0.02429747125286,0.23516264793559,                  645P   7607
0.08484443696703,0.02548011569475,0.23538853724251,                  645P   7608
0.08421659223787,0.0290069630142,0.23556991940797,                   645P   7609
0.08370908918625,0.03132974816592,0.23598967817666,                  645P   7610
0.08251830303845,0.03591947731073,0.23622749517295,                  645P   7611
0.08183656101426,0.03818691677111,0.2367512797427,                   645P   7612
0.08030867782823,0.04267007776783,0.2370373551439,                   645P   7613
0.07946221560615,0.04488569694361,0.2374969893218,                   645P   7614
0.07807315751103,0.04817201245028,0.23765556599996,                  645P   7615
0.07758936197871,0.04926304831581,0.23798022837293,                  645P   7616
0.07658778000825,0.05142003233272,0.23814640118744,                  645P   7617
0.07606974795039,0.05248676017855,0.23899421197106,                  645P   7618
0.07339486271256,0.05776294697932,0.2397263538109,                   645P   7619
0.07098613031405,0.06180158252972,0.24086770776143,                  645P   7620
0.06696779979859,0.0675917778012,0.24125531328246,                   645P   7621
0.06556072606008,0.06947716452149,0.24184285851475,                  645P   7622
0.06334520923125,0.07223686071971,0.24203973948763,                  645P   7623
0.06258915670958,0.07314532024302,0.24243474701474,                  645P   7624
0.06104122761509,0.07493904479078,0.24263269626235,                  645P   7625
0.06024999800607,0.07582374409923,0.24322418623982,                  645P   7626
0.05783377429369,0.0784218887424,0.24361713188573,                   645P   7627
0.05615941895943,0.08008247744644,0.24420003422029,                  645P   7628
0.05354568244341,0.08245943458875,0.24439212236804,                  645P   7629
0.05266322796402,0.08323964077365,0.24469060040513,                  645P   7630
0.0512517447231,0.08430801492859,0.2447917777548,                    645P   7631
0.05076666553008,0.08464721575819,0.24500022923362,                  645P   7632
0.0497509443214,0.08527253471991,0.24510730976922,                   645P   7633
0.04922112904377,0.0855596371815,0.24521620514588,                   645P   7634
0.04867250490629,0.08582500538286,0.,0.22990452895075;               645P   7635
126,19,3,0,0,1,0,0.,0.,0.,0.,0.00311611934682,0.00311611934682,      647P   7636
0.00623223869364,0.00623223869364,0.01246447738728,                  647P   7637
0.01246447738728,0.01869671608093,0.01869671608093,                  647P   7638
0.02492895477457,0.02492895477457,0.03116119346821,                  647P   7639
0.03116119346821,0.03739343216185,0.03739343216185,                  647P   7640
0.04362567085549,0.04362567085549,0.04985790954914,                  647P   7641
0.04985790954914,0.04985790954914,0.04985790954914,1.,1.,1.,1.,      647P   7642
1.,1.,1.,1.,1.,1.,1.,1.,1.,1.,1.,1.,1.,1.,1.,1.,                     647P   7643
0.24521620514588,0.04867250490629,0.08582500538286,                  647P   7644
0.24540148597291,0.04773904439554,0.08627663583769,                  647P   7645
0.2455852148653,0.04678528403515,0.08665908814256,                   647P   7646
0.24594448823548,0.04485832441447,0.08736161036329,                  647P   7647
0.24611973206925,0.04388695248874,0.08768816137297,                  647P   7648
0.24663130138078,0.04095057544861,0.08859913591494,                  647P   7649
0.24695360786678,0.03896236759173,0.08911154851564,                  647P   7650
0.24755578759151,0.03493254294669,0.0899764760814,                   647P   7651
0.24783644194803,0.03288387624728,0.09032859734801,                  647P   7652
0.24834510757778,0.02879164491115,0.09087313747352,                  647P   7653
0.24857405352568,0.02674300713746,0.09106625502738,                  647P   7654
0.24898121158557,0.02264077724648,0.09130783612546,                  647P   7655
0.24915942390281,0.02058718474339,0.09135623635099,                  647P   7656
0.24946507220965,0.0164750855135,0.09131523238784,                   647P   7657
0.2495925082395,0.01441658146953,0.09122625014044,                   647P   7658
0.24979647370403,0.01029464499543,0.09090988284965,                  647P   7659
0.24987300317019,0.00823121339192,0.09068262757344,                  647P   7660
0.24997492991103,0.00409939058484,0.0900876249316,0.25,              647P   7661
0.00204326156737,0.08972157017316,0.25,0.,0.08928802600719,0.,       647P   7662
0.04985790954914;                                                    647P   7663
110,0.25,0.,-0.08725304527306,0.25,0.,0.08928802600719;              649P   7664
504,9,631,633,2,633,3,635,633,3,633,1,637,633,4,633,1,639,633,1,     651P   7665
633,3,641,633,2,633,6,643,633,5,633,2,645,633,6,633,4,647,633,4,     651P   7666
633,5,649,633,6,633,5;                                               651P   7667
508,5,0,651,5,1,0,0,651,7,1,0,0,651,3,1,0,0,651,2,0,0,0,651,1,0,     653P   7668
0;                                                                   653P   7669
510,629,1,1,653;                                                     655P   7670
128,27,7,3,3,0,0,1,0,0,0.,0.,0.,0.,0.015625,0.015625,0.03125,        657P   7671
0.03125,0.0625,0.0625,0.09375,0.09375,0.125,0.125,0.1875,0.1875,     657P   7672
0.25,0.25,0.375,0.375,0.5,0.5,0.625,0.625,0.75,0.75,0.875,0.875,     657P   7673
1.,1.,1.,1.,0.,0.,0.,0.,0.12510912366808,0.2250919717594,            657P   7674
0.40008465254659,0.89999363302674,1.,1.,1.,1.,1.,1.,1.,1.,1.,1.,     657P   7675
1.,1.,1.,1.,1.,1.,1.,1.,1.,1.,1.,1.,1.,1.,1.,1.,1.,1.,1.,1.,1.,      657P   7676
1.,1.,1.,1.,1.,1.,1.,1.,1.,1.,1.,1.,1.,1.,1.,1.,1.,1.,1.,1.,1.,      657P   7677
1.,1.,1.,1.,1.,1.,1.,1.,1.,1.,1.,1.,1.,1.,1.,1.,1.,1.,1.,1.,1.,      657P   7678
1.,1.,1.,1.,1.,1.,1.,1.,1.,1.,1.,1.,1.,1.,1.,1.,1.,1.,1.,1.,1.,      657P   7679
1.,1.,1.,1.,1.,1.,1.,1.,1.,1.,1.,1.,1.,1.,1.,1.,1.,1.,1.,1.,1.,      657P   7680
1.,1.,1.,1.,1.,1.,1.,1.,1.,1.,1.,1.,1.,1.,1.,1.,1.,1.,1.,1.,1.,      657P   7681
1.,1.,1.,1.,1.,1.,1.,1.,1.,1.,1.,1.,1.,1.,1.,1.,1.,1.,1.,1.,1.,      657P   7682
1.,1.,1.,1.,1.,1.,1.,1.,1.,1.,1.,1.,1.,1.,1.,1.,1.,1.,1.,1.,1.,      657P   7683
1.,1.,1.,1.,1.,1.,1.,1.,1.,1.,1.,1.,1.,1.,1.,1.,1.,1.,1.,1.,1.,      657P   7684
1.,1.,1.,1.,1.,1.,1.,1.,1.,1.,1.,1.,1.,1.,1.,1.,1.,1.,1.,1.,1.,      657P   7685
1.,1.,1.,1.,1.,1.,1.,1.,0.2,0.05,0.0866,0.2,0.04858200926154,        657P   7686
0.08742040747307,0.2,0.04714382326628,0.08820399600876,0.2,          657P   7687
0.04423078718091,0.08969718665213,0.2,0.0427559370908,               657P   7688
0.09040678875982,0.2,0.03828198030629,0.09242409261105,0.2,          657P   7689
0.03523346709772,0.09362029188276,0.2,0.02903450132604,              657P   7690
0.09571256207549,0.2,0.02588404876293,0.09660863299652,0.2,          657P   7691
0.01951101563211,0.09809785806209,0.2,0.01628839968611,              657P   7692
0.09869136391913,0.2,0.00655732133043,0.10001089334989,0.2,          657P   7693
-0.00001385087606,0.10026724563513,0.2,-0.01307200604617,            657P   7694
0.09940156581236,0.2,-0.01955913874686,0.09830148358196,0.2,         657P   7695
-0.03852397690665,0.09321143981863,0.2,-0.05049377503169,            657P   7696
0.08732579768811,0.2,-0.07124487294602,0.07136842774268,0.2,         657P   7697
-0.08005759811941,0.06135064166262,0.2,-0.09308462408877,            657P   7698
0.03864455623932,0.2,-0.09747884553949,0.02604907101799,0.2,         657P   7699
-0.100832742705,0.00007985575197,0.2,-0.09993945051149,              657P   7700
-0.01322793670942,0.2,-0.09323001986866,-0.038528994764,0.2,         657P   7701
-0.08729877221407,-0.05048783135004,0.2,-0.07137060400394,           657P   7702
-0.07125971195429,0.19999999999986,-0.06133869029837,                657P   7703
-0.08006101312031,0.2,-0.05,-0.0866,0.28330729477906,                657P   7704
0.04748335996211,0.08511967130315,0.28330729477906,                  657P   7705
0.04624162379831,0.08561975231077,0.28330729477906,                  657P   7706
0.04492121260604,0.08590219044591,0.28330729477906,                  657P   7707
0.04245833641109,0.08637058647229,0.28330729477906,                  657P   7708
0.04128218608275,0.08653430602971,0.28330729477906,                  657P   7709
0.03772385919753,0.08691820448364,0.28330729477906,                  657P   7710
0.03530973459029,0.08703523800434,0.28330729477906,                  657P   7711
0.03054058511715,0.08703637385732,0.28330729477906,                  657P   7712
0.02816149642632,0.08692210409102,0.28330729477906,                  657P   7713
0.02338406572852,0.08649238700375,0.28330729477906,                  657P   7714
0.02099154895885,0.0861753775486,0.28330729477906,                   657P   7715
0.01382370191869,0.08492886409822,0.28330729477906,                  657P   7716
0.00905446921638,0.08369795619318,0.28330729477906,                  657P   7717
-0.0003588478618,0.08039523495929,0.28330729477906,                  657P   7718
-0.00500178378709,0.07833597539678,0.28330729477906,                 657P   7719
-0.01854751300528,0.071076109344,0.28330729477906,                   657P   7720
-0.02705992653866,0.06473247136576,0.28330729477906,                 657P   7721
-0.04208021981226,0.04956275469778,0.28330729477906,                 657P   7722
-0.04860545970606,0.04076739566092,0.28330729477906,                 657P   7723
-0.05892845386564,0.02160583454166,0.28330729477906,                 657P   7724
-0.06282955889304,0.01129263872227,0.28330729477906,                 657P   7725
-0.06743301078329,-0.00982046583334,0.28330729477906,                657P   7726
-0.06822333799086,-0.02058125370681,0.28330729477906,                657P   7727
-0.06691180992236,-0.04138737710164,0.28330729477906,                657P   7728
-0.06473005346397,-0.0514179907315,0.28330729477906,                 657P   7729
-0.0579894988881,-0.06970916498456,0.28330729477898,                 657P   7730
-0.05343415474885,-0.07795544549155,0.28330729477906,                657P   7731
-0.0479169280227,-0.08498276637683,0.43319087396156,                 657P   7732
0.04295550898107,0.08245631554254,0.43319087396156,                  657P   7733
0.04203088390061,0.08238007634584,0.43319087396156,                  657P   7734
0.04092236902613,0.08176086215938,0.43319087396156,                  657P   7735
0.03926940480539,0.08038548345357,0.43319087396156,                  657P   7736
0.03863066467042,0.07956707016579,0.43319087396156,                  657P   7737
0.03671970716474,0.07701220259866,0.43319087396156,                  657P   7738
0.03544695240289,0.07518763873918,0.43319087396156,                  657P   7739
0.03325027854507,0.07142647862246,0.43319087396156,                  657P   7740
0.03225900082969,0.0694944391301,0.43319087396156,                   657P   7741
0.03035232237809,0.06561222825013,0.43319087396156,                  657P   7742
0.02945329109437,0.06365705140214,0.43319087396156,                  657P   7743
0.02689712043695,0.05779380309819,0.43319087396156,                  657P   7744
0.02536987444267,0.05388706853134,0.43319087396156,                  657P   7745
0.02251422293518,0.04619970738946,0.43319087396156,                  657P   7746
0.02118930152646,0.04241472942512,0.43319087396156,                  657P   7747
0.01739344410883,0.031250994788,0.43319087396156,                    657P   7748
0.01510143634645,0.0240833466545,0.43319087396156,                   657P   7749
0.01039180690397,0.01033074829162,0.43319087396156,                  657P   7750
0.00798213074253,0.00373473735518,0.43319087396156,                  657P   7751
0.00252413630414,-0.00904963926185,0.43319087396156,                 657P   7752
-0.0004897708533,-0.01525661959073,0.43319087396156,                 657P   7753
-0.00734137802245,-0.02763277912715,0.43319087396156,                657P   7754
-0.01116081453531,-0.0338110851802,0.43319087396156,                 657P   7755
-0.01956100451102,-0.04653007890911,0.43319087396156,                657P   7756
-0.02412520183844,-0.05309150104863,0.43319087396156,                657P   7757
-0.03391468126861,-0.06691947495646,0.43319087396159,                657P   7758
-0.03921259008179,-0.07416718165169,0.43319087396156,                657P   7759
-0.04416913757434,-0.08207309604775,0.70004750435883,                657P   7760
0.07224794321326,0.10537969977691,0.70004750435883,                  657P   7761
0.07086828398085,0.10569945137947,0.70004750435883,                  657P   7762
0.06922286947335,0.10546662326266,0.70004750435883,                  657P   7763
0.06648878382201,0.10476699621976,0.70004750435883,                  657P   7764
0.06529430357023,0.10424715853911,0.70004750435883,                  657P   7765
0.06168618666087,0.10255086374829,0.70004750435883,                  657P   7766
0.05924327106181,0.1012503260245,0.70004750435883,                   657P   7767
0.05466792010574,0.0984011329535,0.70004750435883,                   657P   7768
0.05246598645374,0.09686558295022,0.70004750435883,                  657P   7769
0.04810929133272,0.09367633866649,0.70004750435883,                  657P   7770
0.04597093337648,0.09201551223236,0.70004750435883,                  657P   7771
0.03967191709569,0.08687997419282,0.70004750435883,                  657P   7772
0.03561566388046,0.08324994897223,0.70004750435883,                  657P   7773
0.02771623212806,0.07567703703219,0.70004750435883,                  657P   7774
0.02387664761229,0.07173583900297,0.70004750435883,                  657P   7775
0.01267271865107,0.05953459860963,0.70004750435883,                  657P   7776
0.00562644765219,0.05088528020784,0.70004750435883,                  657P   7777
-0.00766527333235,0.03286058108427,0.70004750435883,                 657P   7778
-0.01391197848865,0.02348983124985,0.70004750435883,                 657P   7779
-0.02569481762876,0.00432693755502,0.70004750435883,                 657P   7780
-0.03124957861601,-0.00545619429094,0.70004750435883,                657P   7781
-0.04158606586461,-0.02525397458725,0.70004750435883,                657P   7782
-0.0463927627708,-0.0352567043058,0.70004750435883,                  657P   7783
-0.05531973456904,-0.05527130263045,0.70004750435883,                657P   7784
-0.05938965057645,-0.06529928801193,0.70004750435883,                657P   7785
-0.06699445584632,-0.08515737337575,0.70004750435882,                657P   7786
-0.07059165957064,-0.09495618312985,0.70004750435883,                657P   7787
-0.07346272610197,-0.10483036189092,1.21655658001742,                657P   7788
0.20700929937868,0.18985382430593,1.21655658001742,                  657P   7789
0.20428260182846,0.19100490309375,1.21655658001742,                  657P   7790
0.20064578435131,0.19098408667718,1.21655658001742,                  657P   7791
0.19459562261608,0.1901193352409,1.21655658001742,                   657P   7792
0.1919024958701,0.18920315325248,1.21655658001742,                   657P   7793
0.18371449582229,0.18617312921258,1.21655658001742,                  657P   7794
0.17810654030431,0.18381048773123,1.21655658001742,                  657P   7795
0.16754985547465,0.17842196626461,1.21655658001742,                  657P   7796
0.16244198101022,0.17546306033686,1.21655658001742,                  657P   7797
0.15231463407277,0.16932971563485,1.21655658001742,                  657P   7798
0.14733064443516,0.16612971832564,1.21655658001742,                  657P   7799
0.13261815515716,0.15624496585291,1.21655658001742,                  657P   7800
0.12310040787819,0.14927877283098,1.21655658001742,                  657P   7801
0.10445081783659,0.13492203922667,1.21655658001742,                  657P   7802
0.09532744513484,0.12752686230036,1.21655658001742,                  657P   7803
0.06844394971039,0.10485701176562,1.21655658001742,                  657P   7804
0.05117363741297,0.0891019903541,1.21655658001742,                   657P   7805
0.01737653332121,0.05689563532211,1.21655658001742,                  657P   7806
0.00085636852338,0.04043779095477,1.21655658001742,                  657P   7807
-0.03200760871859,0.00719446636836,1.21655658001742,                 657P   7808
-0.04833971822702,-0.00959712576756,1.21655658001742,                657P   7809
-0.08092862734256,-0.04363533398868,1.21655658001742,                657P   7810
-0.09719633042003,-0.0608679917848,1.21655658001742,                 657P   7811
-0.12968751238886,-0.09588657023649,1.21655658001742,                657P   7812
-0.14583641059321,-0.11374215168673,1.21655658001742,                657P   7813
-0.17816415446363,-0.15004309134877,1.21655658001743,                657P   7814
-0.19448706901144,-0.16838377844739,1.21655658001742,                657P   7815
-0.20962655838907,-0.18791876501529,1.73343129353209,                657P   7816
0.15492343657117,0.0734730099795,1.73343129353209,                   657P   7817
0.15353100058706,0.0746834682722,1.73343129353209,                   657P   7818
0.15141403344448,0.07539809179958,1.73343129353209,                  657P   7819
0.14771542214648,0.07614049101115,1.73343129353209,                  657P   7820
0.14596357791349,0.07617817588039,1.73343129353209,                  657P   7821
0.14059146610088,0.07614707533307,1.73343129353209,                  657P   7822
0.13685801026245,0.07595329660299,1.73343129353209,                  657P   7823
0.12963068637258,0.0750584908737,1.73343129353209,                   657P   7824
0.12605950883076,0.07442380599984,1.73343129353209,                  657P   7825
0.1189185768376,0.07300102505654,1.73343129353209,                   657P   7826
0.11536414545826,0.07219218950449,1.73343129353209,                  657P   7827
0.10477247836968,0.06953677830608,1.73343129353209,                  657P   7828
0.09779121525718,0.06746783529989,1.73343129353209,                  657P   7829
0.08395036744604,0.0629403693991,1.73343129353209,                   657P   7830
0.07709506794393,0.06047899223853,1.73343129353209,                  657P   7831
0.05671358917284,0.05262249415323,1.73343129353209,                  657P   7832
0.04337319871968,0.04675031381122,1.73343129353209,                  657P   7833
0.01709869929321,0.03418310949044,1.73343129353209,                  657P   7834
0.00416622688732,0.02748690206008,1.73343129353209,                  657P   7835
-0.02143678639464,0.01364526699073,1.73343129353209,                 657P   7836
-0.03411074068765,0.00650274562907,1.73343129353209,                 657P   7837
-0.05919572002229,-0.00818902375808,1.73343129353209,                657P   7838
-0.07161777936751,-0.01572213282309,1.73343129353209,                657P   7839
-0.0962283700841,-0.03111428950621,1.73343129353209,                 657P   7840
-0.10838030204928,-0.0390258802276,1.73343129353209,                 657P   7841
-0.13251762879319,-0.05506110063676,1.73343129353209,                657P   7842
-0.14456282722342,-0.06309984505292,1.73343129353209,                657P   7843
-0.15604440429345,-0.07191369628394,2.1333356283774,                 657P   7844
0.06469567920652,0.01469456507772,2.1333356283774,                   657P   7845
0.06427193690451,0.01526796935447,2.1333356283774,                   657P   7846
0.06353240867937,0.01571468913264,2.1333356283774,                   657P   7847
0.06219826106367,0.01630331698192,2.1333356283774,                   657P   7848
0.06154007306235,0.01646327967922,2.1333356283774,                   657P   7849
0.05950939192829,0.01689853645405,2.1333356283774,                   657P   7850
0.05808367525101,0.01713616480539,2.1333356283774,                   657P   7851
0.05528052513659,0.01739967641225,2.1333356283774,                   657P   7852
0.05387941478658,0.01745716042765,2.1333356283774,                   657P   7853
0.05106506270313,0.01751430481873,2.1333356283774,                   657P   7854
0.04965587577637,0.01750482930775,2.1333356283774,                   657P   7855
0.04543646183616,0.01738431344048,2.1333356283774,                   657P   7856
0.04262901087354,0.01718498410339,2.1333356283774,                   657P   7857
0.037027913852,0.01663043837625,2.1333356283774,                     657P   7858
0.03423563980009,0.01627375443651,2.1333356283774,                   657P   7859
0.02588907463339,0.01501191157905,2.1333356283774,                   657P   7860
0.02036519701101,0.01391320758707,2.1333356283774,                   657P   7861
0.00939990663932,0.01137692082187,2.1333356283774,                   657P   7862
0.00395902881982,0.00993867165365,2.1333356283774,                   657P   7863
-0.00686590582535,0.0068755419821,2.1333356283774,                   657P   7864
-0.01225082739173,0.0052518527646,2.1333356283774,                   657P   7865
-0.02296178037924,0.00183185571976,2.1333356283774,                  657P   7866
-0.02829047696818,0.00004243480525,2.1333356283774,                  657P   7867
-0.03889360742823,-0.00367881541331,2.1333356283774,                 657P   7868
-0.04415876720677,-0.00563359419953,2.1333356283774,                 657P   7869
-0.05465034609477,-0.00963948973697,2.1333356283774,                 657P   7870
-0.05989230834441,-0.01165345966421,2.1333356283774,                 657P   7871
-0.06498878009379,-0.01401032527425,2.2,0.04965464007911,            657P   7872
0.004896151425,2.2,0.04939237978663,0.00536335828911,2.2,            657P   7873
0.04888247172781,0.00576541829858,2.2,0.04794248209408,              657P   7874
0.00632841233911,2.2,0.04746660745899,0.00650875884788,2.2,          657P   7875
0.04599294548451,0.00702175776033,2.2,0.04495193076628,              657P   7876
0.00733130201627,2.2,0.04288629394939,0.00778790604706,2.2,          657P   7877
0.04184693553132,0.00796077516844,2.2,0.03975382777013,              657P   7878
0.00826462429331,2.2,0.03870225480488,0.00838840273882,2.2,          657P   7879
0.03554510054765,0.00869045594533,2.2,0.03343342739987,              657P   7880
0.00880279269827,2.2,0.0292059034078,0.00891053593329,2.2,           657P   7881
0.02709093893952,0.00890470603238,2.2,0.02075060347093,              657P   7882
0.00874219746195,2.2,0.01652974477268,0.00843923578533,2.2,          657P   7883
0.00811651176259,0.00757511097831,2.2,0.00392448873668,              657P   7884
0.00701336764666,2.2,-0.00443692841125,0.00574702342295,2.2,         657P   7885
-0.00860676240763,0.00504332792626,2.2,-0.01692155373691,            657P   7886
0.00350234432238,2.2,-0.021067781096,0.0026704008043,2.2,            657P   7887
-0.02933585675753,0.00089470000326,2.2,-0.03345298611897,            657P   7888
-0.00006707348161,2.2,-0.04166980795418,-0.00206767096714,2.2,       657P   7889
-0.04577766530557,-0.00307730618111,2.2,-0.04980973490459,           657P   7890
-0.00435778713738,0.,1.,0.,1.;                                       657P   7891
508,5,0,651,3,0,0,0,651,8,1,0,0,651,6,1,0,0,651,1,1,0,0,651,4,0,     659P   7892
0;                                                                   659P   7893
510,657,1,1,659;                                                     661P   7894
116,2.2,0.04965464007911,0.004896151425;                             663P   7895
123,-1.,0.,0.;                                                       665P   7896
123,0.,0.,1.;                                                        667P   7897
190,663,665,667;                                                     669P   7898
508,2,0,651,2,1,0,0,651,4,1,0;                                       671P   7899
510,669,1,1,671;                                                     673P   7900
116,-0.,-0.,-0.09;                                                   675P   7901
123,0.,0.,1.;                                                        677P   7902
123,-1.,0.,0.;                                                       679P   7903
192,675,677,0.25,679;                                                681P   7904
508,3,0,651,7,0,0,0,651,9,1,0,0,651,8,0,0;                           683P   7905
510,681,1,1,683;                                                     685P   7906
116,-0.,0.,-0.09;                                                    687P   7907
123,0.,0.,1.;                                                        689P   7908
123,-1.,0.,0.;                                                       691P   7909
192,687,689,0.25,691;                                                693P   7910
508,3,0,651,9,0,0,0,651,5,0,0,0,651,6,0,0;                           695P   7911
510,693,1,1,695;                                                     697P   7912
514,5,655,1,661,1,673,0,685,0,697,0;                                 699P   7913
186,699,1,0;                                                         701P   7914
S      2G      3D    702P   7914                                        T      1
